Running 32 processes.
Start training banknote_877.banknote with seed 1.
Any[]
(4, 1345)
(4, 672)
(4, 336)
(4, 337)
dimension: 4, class: 2
cart cost: 177.92703604806408
size of X: (4, 1008)
ngroups: 33
UB: 143.80821094793055
Iter	left	lev	LB	UB	gap	
0      0      1          30.5616    143.8082   370.5523   % 
UB: 143.80821094793055
branching on 1 with d.
1      1      2          30.5616    143.8082   370.5523   % 
LB close or above UB, fathomed
2      0      2          30.5616    143.8082   370.5523   % 
UB: 143.80821094793055
branching on 2 with d.
3      1      3          30.5616    143.8082   370.5523   % 
LB close or above UB, fathomed
4      0      3          30.5616    143.8082   370.5523   % 
UB: 143.80821094793055
branching on 3 with d.
5      1      4          30.5616    143.8082   370.5523   % 
UB: 143.80821094793055
branching on CartesianIndex(1, 1) with a.
6      2      4          30.5616    143.8082   370.5523   % 
UB: 143.80821094793055
branching on CartesianIndex(1, 1) with a.
7      3      5          30.5874    143.8082   370.1549   % 
UB: 143.80821094793055
branching on 1 with b.
8      4      5          30.5874    143.8082   370.1549   % 
UB: 143.80821094793055
branching on CartesianIndex(1, 2) with a.
9      5      6          34.2026    143.8082   320.4601   % 
UB: 143.80821094793055
branching on CartesianIndex(2, 1) with a.
10     6      6          34.2026    143.8082   320.4601   % 
UB: 143.80821094793055
branching on CartesianIndex(2, 1) with a.
11     7      7          55.7786    143.8082   157.8198   % 
UB: 143.80821094793055
branching on 1 with b.
12     8      7          55.7786    143.8082   157.8198   % 
UB: 143.80821094793055
branching on 1 with b.
13     9      7          55.7903    143.8082   157.7656   % 
UB: 143.80821094793055
branching on CartesianIndex(3, 1) with a.
14     10     8          55.7903    143.8082   157.7656   % 
UB: 143.80821094793055
branching on 1 with b.
15     11     8          55.7903    143.8082   157.7656   % 
UB: 143.80821094793055
branching on 1 with b.
16     12     7          55.7903    143.8082   157.7656   % 
LB close or above UB, fathomed
17     11     8          66.5529    143.8082   116.0809   % 
UB: 143.80821094793055
branching on 2 with b.
18     12     9          66.5529    143.8082   116.0809   % 
UB: 143.80821094793055
branching on 3 with b.
19     13     9          66.5529    143.8082   116.0809   % 
UB: 143.80821094793055
branching on 3 with b.
20     14     8          66.5529    143.8082   116.0809   % 
UB: 143.80821094793055
branching on CartesianIndex(1, 2) with a.
21     15     6          66.5682    143.8082   116.0314   % 
UB: 143.80821094793055
branching on 1 with b.
22     16     6          66.5682    143.8082   116.0314   % 
UB: 143.80821094793055
branching on CartesianIndex(1, 3) with a.
23     17     10         66.8170    143.8082   115.2268   % 
UB: 143.80821094793055
branching on CartesianIndex(1, 2) with a.
24     18     10         66.8170    143.8082   115.2268   % 
UB: 143.80821094793055
branching on 1 with b.
25     19     11         68.3562    143.8082   110.3805   % 
LB close or above UB, fathomed
26     18     11         68.3562    143.8082   110.3805   % 
UB: 143.80821094793055
branching on CartesianIndex(1, 3) with a.
27     19     9          68.3604    143.8082   110.3678   % 
UB: 143.80821094793055
branching on CartesianIndex(1, 2) with a.
28     20     10         68.3604    143.8082   110.3678   % 
UB: 143.80821094793055
branching on 2 with b.
29     21     10         68.3604    143.8082   110.3678   % 
UB: 143.80821094793055
branching on CartesianIndex(1, 3) with a.
30     22     9          68.3604    143.8082   110.3678   % 
UB: 143.80821094793055
branching on CartesianIndex(1, 2) with a.
31     23     8          68.3877    143.8082   110.2839   % 
UB: 143.80821094793055
branching on CartesianIndex(3, 1) with a.
32     24     8          68.3877    143.8082   110.2839   % 
UB: 143.80821094793055
branching on CartesianIndex(3, 1) with a.
33     25     9          70.1834    143.8082   104.9035   % 
UB: 143.80821094793055
branching on 2 with b.
34     26     9          70.1834    143.8082   104.9035   % 
LB close or above UB, fathomed
35     25     12         71.9477    143.8082   99.8788    % 
UB: 143.80821094793055
branching on CartesianIndex(2, 3) with a.
36     26     12         71.9477    143.8082   99.8788    % 
UB: 134.82957276368492
branching on 1 with b.
37     27     7          71.9554    134.8296   87.3794    % 
UB: 134.82957276368492
branching on CartesianIndex(2, 2) with a.
38     28     7          71.9554    134.8296   87.3794    % 
UB: 134.82957276368492
branching on 1 with b.
39     29     10         71.9791    134.8296   87.3177    % 
UB: 134.82957276368492
branching on 3 with b.
40     30     10         71.9791    134.8296   87.3177    % 
UB: 134.82957276368492
branching on 3 with b.
41     31     11         71.9791    134.8296   87.3177    % 
UB: 134.82957276368492
branching on CartesianIndex(1, 2) with a.
42     32     11         71.9791    134.8296   87.3177    % 
UB: 134.82957276368492
branching on CartesianIndex(1, 2) with a.
43     33     12         71.9791    134.8296   87.3177    % 
UB: 134.82957276368492
branching on CartesianIndex(2, 2) with a.
44     34     12         71.9791    134.8296   87.3177    % 
LB close or above UB, fathomed
45     33     13         75.5392    134.8296   78.4896    % 
LB close or above UB, fathomed
46     32     13         75.5392    134.8296   78.4896    % 
UB: 134.82957276368492
branching on CartesianIndex(1, 4) with c.
47     33     11         75.5493    134.8296   78.4657    % 
LB close or above UB, fathomed
48     32     11         75.5493    134.8296   78.4657    % 
UB: 134.82957276368492
branching on CartesianIndex(2, 2) with a.
49     33     13         75.6107    134.8296   78.3207    % 
LB close or above UB, fathomed
50     32     13         75.6107    134.8296   78.3207    % 
UB: 134.82957276368492
branching on CartesianIndex(1, 3) with a.
51     33     8          77.3426    134.8296   74.3277    % 
UB: 134.82957276368492
branching on 2 with b.
52     34     9          77.3426    134.8296   74.3277    % 
UB: 134.82957276368492
branching on 3 with b.
53     35     9          77.3426    134.8296   74.3277    % 
UB: 134.82957276368492
branching on 3 with b.
54     36     10         77.3426    134.8296   74.3277    % 
UB: 134.82957276368492
branching on CartesianIndex(2, 2) with a.
55     37     11         77.3426    134.8296   74.3277    % 
LB close or above UB, fathomed
56     36     11         77.3426    134.8296   74.3277    % 
UB: 134.82957276368492
branching on CartesianIndex(1, 3) with a.
57     37     12         77.3426    134.8296   74.3277    % 
UB: 134.82957276368492
branching on CartesianIndex(2, 3) with a.
58     38     13         77.3426    134.8296   74.3277    % 
UB: 134.82957276368492
branching on CartesianIndex(3, 3) with a.
59     39     13         77.3426    134.8296   74.3277    % 
UB: 134.82957276368492
branching on CartesianIndex(1, 4) with c.
60     40     12         77.3426    134.8296   74.3277    % 
UB: 134.82957276368492
branching on 1 with b.
61     41     10         77.3426    134.8296   74.3277    % 
UB: 134.82957276368492
branching on CartesianIndex(2, 2) with a.
62     42     8          77.3426    134.8296   74.3277    % 
LB close or above UB, fathomed
63     41     14         77.3426    134.8296   74.3277    % 
UB: 134.82957276368492
branching on CartesianIndex(1, 4) with c.
64     42     14         77.3426    134.8296   74.3277    % 
UB: 134.82957276368492
branching on CartesianIndex(1, 4) with c.
65     43     15         77.3426    134.8296   74.3277    % 
UB: 134.82957276368492
branching on CartesianIndex(1, 5) with c.
66     44     16         77.3426    134.8296   74.3277    % 
LB close or above UB, fathomed
67     43     16         77.3426    134.8296   74.3277    % 
UB: 134.82957276368492
branching on CartesianIndex(1, 6) with c.
68     44     17         77.3426    134.8296   74.3277    % 
UB: 134.82957276368492
branching on CartesianIndex(1, 7) with c.
69     45     18         77.3426    134.8296   74.3277    % 
LB close or above UB, fathomed
70     44     18         77.3426    134.8296   74.3277    % 
UB: 134.82957276368492
branching on 1 with b.
71     45     19         77.3426    134.8296   74.3277    % 
UB: 134.82957276368492
branching on 2 with b.
72     46     20         77.3426    134.8296   74.3277    % 
UB: 134.82957276368492
branching on 3 with b.
73     47     20         77.3426    134.8296   74.3277    % 
UB: 134.82957276368492
branching on 3 with b.
74     48     19         77.3426    134.8296   74.3277    % 
LB close or above UB, fathomed
75     47     17         77.3426    134.8296   74.3277    % 
UB: 134.82957276368492
branching on CartesianIndex(1, 7) with c.
76     48     15         77.3426    134.8296   74.3277    % 
LB close or above UB, fathomed
77     47     12         77.3450    134.8296   74.3223    % 
LB close or above UB, fathomed
78     46     12         77.3450    134.8296   74.3223    % 
UB: 134.82957276368492
branching on 3 with b.
79     47     13         77.3450    134.8296   74.3223    % 
UB: 134.82957276368492
branching on CartesianIndex(1, 3) with a.
80     48     13         77.3450    134.8296   74.3223    % 
UB: 134.82957276368492
branching on CartesianIndex(1, 3) with a.
81     49     14         79.1374    134.8296   70.3741    % 
UB: 134.82957276368492
branching on CartesianIndex(1, 5) with c.
82     50     15         79.1374    134.8296   70.3741    % 
LB close or above UB, fathomed
83     49     15         79.1374    134.8296   70.3741    % 
UB: 134.82957276368492
branching on CartesianIndex(1, 6) with c.
84     50     14         79.1374    134.8296   70.3741    % 
LB close or above UB, fathomed
85     49     16         79.1374    134.8296   70.3741    % 
UB: 134.82957276368492
branching on CartesianIndex(1, 7) with c.
86     50     17         79.1374    134.8296   70.3741    % 
LB close or above UB, fathomed
87     49     17         79.1374    134.8296   70.3741    % 
UB: 134.82957276368492
branching on 2 with b.
88     50     18         79.1374    134.8296   70.3741    % 
UB: 134.82957276368492
branching on 3 with b.
89     51     19         79.1374    134.8296   70.3741    % 
UB: 134.82957276368492
branching on 1 with b.
90     52     19         79.1374    134.8296   70.3741    % 
UB: 134.82957276368492
branching on 1 with b.
91     53     18         79.1374    134.8296   70.3741    % 
LB close or above UB, fathomed
92     52     16         79.1374    134.8296   70.3741    % 
UB: 134.82957276368492
branching on CartesianIndex(1, 7) with c.
93     53     21         79.1383    134.8296   70.3721    % 
UB: 134.82957276368492
branching on 1 with b.
94     54     22         79.1383    134.8296   70.3721    % 
UB: 134.82957276368492
branching on 2 with b.
95     55     22         79.1383    134.8296   70.3721    % 
UB: 134.82957276368492
branching on 2 with b.
96     56     21         79.1383    134.8296   70.3721    % 
LB close or above UB, fathomed
97     55     20         79.1531    134.8296   70.3403    % 
UB: 134.82957276368492
branching on 2 with b.
98     56     20         79.1531    134.8296   70.3403    % 
UB: 134.82957276368492
branching on 2 with b.
99     57     14         79.1620    134.8296   70.3210    % 
LB close or above UB, fathomed
100    56     14         79.1620    134.8296   70.3210    % 
UB: 134.82957276368492
branching on CartesianIndex(1, 4) with c.
101    57     13         80.0599    134.8296   68.4109    % 
UB: 134.82957276368492
branching on CartesianIndex(3, 3) with a.
102    58     13         80.0599    134.8296   68.4109    % 
UB: 134.82957276368492
branching on CartesianIndex(1, 4) with c.
103    59     14         80.6530    134.8296   67.1724    % 
LB close or above UB, fathomed
104    58     14         80.6530    134.8296   67.1724    % 
UB: 134.82957276368492
branching on CartesianIndex(1, 4) with c.
105    59     23         80.9420    134.8296   66.5756    % 
UB: 134.82957276368492
branching on 3 with b.
106    60     24         80.9420    134.8296   66.5756    % 
UB: 134.82957276368492
branching on 1 with b.
107    61     25         80.9420    134.8296   66.5756    % 
UB: 134.82957276368492
branching on 2 with b.
108    62     25         80.9420    134.8296   66.5756    % 
UB: 134.82957276368492
branching on 2 with b.
109    63     24         80.9420    134.8296   66.5756    % 
LB close or above UB, fathomed
110    62     23         80.9420    134.8296   66.5756    % 
UB: 134.82957276368492
branching on 3 with b.
111    63     20         80.9420    134.8296   66.5755    % 
UB: 134.82957276368492
branching on 2 with b.
112    64     20         80.9420    134.8296   66.5755    % 
UB: 134.82957276368492
branching on 2 with b.
113    65     15         80.9577    134.8296   66.5431    % 
UB: 134.82957276368492
branching on CartesianIndex(1, 5) with c.
114    66     16         80.9577    134.8296   66.5431    % 
LB close or above UB, fathomed
115    65     16         80.9577    134.8296   66.5431    % 
UB: 134.82957276368492
branching on CartesianIndex(1, 6) with c.
116    66     17         80.9577    134.8296   66.5431    % 
UB: 134.82957276368492
branching on CartesianIndex(1, 7) with c.
117    67     18         80.9577    134.8296   66.5431    % 
LB close or above UB, fathomed
118    66     18         80.9577    134.8296   66.5431    % 
UB: 134.82957276368492
branching on 1 with b.
119    67     17         80.9577    134.8296   66.5431    % 
LB close or above UB, fathomed
120    66     15         80.9577    134.8296   66.5431    % 
LB close or above UB, fathomed
121    65     21         80.9577    134.8296   66.5431    % 
UB: 134.82957276368492
branching on 3 with b.
122    66     21         80.9577    134.8296   66.5431    % 
UB: 134.82957276368492
branching on 3 with b.
123    67     19         80.9577    134.8296   66.5431    % 
UB: 134.82957276368492
branching on 2 with b.
124    68     19         80.9577    134.8296   66.5431    % 
UB: 134.82957276368492
branching on 2 with b.
125    69     21         82.7459    134.8296   62.9441    % 
UB: 134.82957276368492
branching on 3 with b.
126    70     21         82.7459    134.8296   62.9441    % 
UB: 134.82957276368492
branching on 3 with b.
127    71     22         82.7535    134.8296   62.9292    % 
UB: 134.82957276368492
branching on 1 with b.
128    72     22         82.7535    134.8296   62.9292    % 
UB: 134.82957276368492
branching on 1 with b.
129    73     23         82.7535    134.8296   62.9292    % 
UB: 134.82957276368492
branching on 2 with b.
130    74     24         82.7535    134.8296   62.9292    % 
UB: 134.82957276368492
branching on 3 with b.
131    75     24         82.7535    134.8296   62.9292    % 
UB: 134.82957276368492
branching on 3 with b.
132    76     23         82.7535    134.8296   62.9292    % 
UB: 134.82957276368492
branching on 2 with b.
133    77     14         84.2239    134.8296   60.0847    % 
UB: 134.82957276368492
branching on CartesianIndex(1, 4) with c.
134    78     14         84.2239    134.8296   60.0847    % 
UB: 134.82957276368492
branching on 1 with b.
135    79     22         84.5416    134.8296   59.4831    % 
UB: 134.82957276368492
branching on 1 with b.
136    80     23         84.5416    134.8296   59.4831    % 
UB: 134.82957276368492
branching on 2 with b.
137    81     24         84.5416    134.8296   59.4831    % 
UB: 134.8295727636849
branching on 3 with b.
138    82     24         84.5416    134.8296   59.4831    % 
UB: 134.8295727636849
branching on 3 with b.
139    83     23         84.5416    134.8296   59.4831    % 
UB: 131.23811748998665
branching on 2 with b.
140    84     22         84.5416    131.2381   55.2349    % 
UB: 131.23811748998665
branching on 1 with b.
141    83     24         84.5492    131.2381   55.2210    % 
UB: 131.23811748998665
branching on 3 with b.
142    84     24         84.5492    131.2381   55.2210    % 
UB: 131.23811748998665
branching on 3 with b.
143    85     11         84.5887    131.2381   55.1485    % 
LB close or above UB, fathomed
144    84     11         84.5887    131.2381   55.1485    % 
UB: 131.23811748998665
branching on CartesianIndex(1, 2) with a.
145    85     15         86.3449    131.2381   51.9929    % 
UB: 131.23811748998665
branching on CartesianIndex(1, 5) with c.
146    86     16         86.3449    131.2381   51.9929    % 
LB close or above UB, fathomed
147    85     16         86.3449    131.2381   51.9929    % 
UB: 131.23811748998665
branching on CartesianIndex(1, 6) with c.
148    86     17         86.3449    131.2381   51.9929    % 
UB: 131.23811748998665
branching on CartesianIndex(1, 7) with c.
149    87     18         86.3449    131.2381   51.9929    % 
LB close or above UB, fathomed
150    86     18         86.3449    131.2381   51.9929    % 
UB: 131.23811748998665
branching on 1 with b.
151    87     17         86.3449    131.2381   51.9929    % 
LB close or above UB, fathomed
152    86     15         86.3449    131.2381   51.9929    % 
LB close or above UB, fathomed
153    85     19         86.3449    131.2381   51.9929    % 
LB close or above UB, fathomed
154    84     19         86.3449    131.2381   51.9929    % 
UB: 131.23811748998665
branching on 2 with b.
155    85     20         86.3449    131.2381   51.9929    % 
UB: 131.23811748998665
branching on 3 with b.
156    86     20         86.3449    131.2381   51.9929    % 
UB: 131.23811748998665
branching on 3 with b.
157    87     24         86.3449    131.2381   51.9929    % 
UB: 131.23811748998665
branching on 3 with b.
158    88     24         86.3449    131.2381   51.9929    % 
UB: 131.23811748998665
branching on 3 with b.
159    89     26         88.1249    131.2381   48.9229    % 
UB: 131.23811748998665
branching on 3 with b.
160    90     26         88.1249    131.2381   48.9229    % 
UB: 131.23811748998665
branching on 3 with b.
161    91     9          88.1331    131.2381   48.9090    % 
LB close or above UB, fathomed
162    90     9          88.1331    131.2381   48.9090    % 
UB: 131.23811748998665
branching on 2 with b.
163    91     21         88.1407    131.2381   48.8962    % 
LB close or above UB, fathomed
164    90     21         88.1407    131.2381   48.8962    % 
UB: 131.23811748998665
branching on 1 with b.
165    91     22         88.1407    131.2381   48.8962    % 
UB: 131.23811748998665
branching on 2 with b.
166    92     22         88.1407    131.2381   48.8962    % 
UB: 131.23811748998665
branching on 2 with b.
167    93     20         88.1407    131.2381   48.8962    % 
UB: 131.23811748998665
branching on 3 with b.
168    94     20         88.1407    131.2381   48.8962    % 
UB: 131.23811748998665
branching on 3 with b.
169    95     21         88.1407    131.2381   48.8962    % 
UB: 131.23811748998665
branching on 1 with b.
170    96     22         88.1407    131.2381   48.8962    % 
UB: 131.23811748998665
branching on 2 with b.
171    97     22         88.1407    131.2381   48.8962    % 
UB: 131.23811748998665
branching on 2 with b.
172    98     21         88.1407    131.2381   48.8962    % 
LB close or above UB, fathomed
173    97     12         88.4367    131.2381   48.3978    % 
LB close or above UB, fathomed
174    96     12         88.4367    131.2381   48.3978    % 
UB: 131.23811748998665
branching on CartesianIndex(1, 3) with a.
175    97     11         89.9364    131.2381   45.9233    % 
LB close or above UB, fathomed
176    96     11         89.9364    131.2381   45.9233    % 
UB: 131.23811748998665
branching on CartesianIndex(1, 3) with a.
177    97     10         91.7245    131.2381   43.0785    % 
LB close or above UB, fathomed
178    96     10         91.7245    131.2381   43.0785    % 
UB: 131.23811748998665
branching on 3 with b.
179    97     8          91.7321    131.2381   43.0667    % 
LB close or above UB, fathomed
180    96     8          91.7321    131.2381   43.0667    % 
UB: 131.23811748998665
branching on CartesianIndex(1, 3) with a.
181    97     9          91.7321    131.2381   43.0667    % 
UB: 131.23811748998665
branching on CartesianIndex(2, 3) with a.
182    98     9          91.7321    131.2381   43.0667    % 
UB: 131.23811748998665
branching on CartesianIndex(1, 4) with c.
183    99     23         91.7321    131.2381   43.0667    % 
LB close or above UB, fathomed
184    98     23         91.7321    131.2381   43.0667    % 
UB: 131.23811748998665
branching on 3 with b.
185    99     24         91.7321    131.2381   43.0667    % 
LB close or above UB, fathomed
186    98     24         91.7321    131.2381   43.0667    % 
UB: 131.23811748998665
branching on 1 with b.
187    99     23         91.7321    131.2381   43.0667    % 
UB: 131.23811748998665
branching on 3 with b.
188    100    24         91.7321    131.2381   43.0667    % 
UB: 131.23811748998665
branching on 1 with b.
189    101    25         91.7321    131.2381   43.0667    % 
UB: 131.23811748998665
branching on 2 with b.
190    102    25         91.7321    131.2381   43.0667    % 
UB: 131.23811748998665
branching on 2 with b.
191    103    24         91.7321    131.2381   43.0667    % 
LB close or above UB, fathomed
192    102    23         91.7321    131.2381   43.0667    % 
LB close or above UB, fathomed
193    101    21         93.5189    131.2381   40.3332    % 
UB: 131.23811748998665
branching on 3 with b.
194    102    21         93.5189    131.2381   40.3332    % 
LB close or above UB, fathomed
195    101    21         93.5197    131.2381   40.3320    % 
UB: 131.23811748998665
branching on 3 with b.
196    102    21         93.5197    131.2381   40.3320    % 
LB close or above UB, fathomed
197    101    11         93.5203    131.2381   40.3312    % 
UB: 131.23811748998665
branching on CartesianIndex(1, 3) with a.
198    102    12         93.5203    131.2381   40.3312    % 
UB: 131.23811748998665
branching on 1 with b.
199    103    12         93.5203    131.2381   40.3312    % 
UB: 131.23811748998665
branching on CartesianIndex(1, 4) with c.
200    104    11         93.5203    131.2381   40.3312    % 
UB: 131.23811748998665
branching on 1 with b.
201    105    13         93.5203    131.2381   40.3312    % 
UB: 131.23811748998665
branching on 1 with b.
202    106    14         93.5203    131.2381   40.3312    % 
UB: 131.23811748998665
branching on CartesianIndex(1, 5) with c.
203    107    15         93.5203    131.2381   40.3312    % 
LB close or above UB, fathomed
204    106    15         93.5203    131.2381   40.3312    % 
UB: 131.23811748998665
branching on 2 with b.
205    107    16         93.5203    131.2381   40.3312    % 
UB: 131.23811748998665
branching on 3 with b.
206    108    17         93.5203    131.2381   40.3312    % 
UB: 131.23811748998665
branching on CartesianIndex(1, 6) with c.
207    109    17         93.5203    131.2381   40.3312    % 
UB: 131.23811748998665
branching on CartesianIndex(1, 6) with c.
208    110    16         93.5203    131.2381   40.3312    % 
LB close or above UB, fathomed
209    109    14         93.5203    131.2381   40.3312    % 
LB close or above UB, fathomed
210    108    13         93.5203    131.2381   40.3312    % 
LB close or above UB, fathomed
211    107    18         93.5203    131.2381   40.3312    % 
UB: 131.23811748998665
branching on 1 with b.
212    108    19         93.5203    131.2381   40.3312    % 
UB: 131.23811748998665
branching on 2 with b.
213    109    19         93.5203    131.2381   40.3312    % 
UB: 131.23811748998665
branching on CartesianIndex(1, 7) with c.
214    110    18         93.5203    131.2381   40.3312    % 
UB: 131.23811748998665
branching on CartesianIndex(1, 7) with c.
215    111    20         93.5203    131.2381   40.3312    % 
UB: 131.23811748998665
branching on CartesianIndex(1, 7) with c.
216    112    20         93.5203    131.2381   40.3312    % 
LB close or above UB, fathomed
217    111    10         93.5219    131.2381   40.3288    % 
LB close or above UB, fathomed
218    110    10         93.5219    131.2381   40.3288    % 
UB: 131.23811748998665
branching on CartesianIndex(1, 3) with a.
219    111    18         93.5278    131.2381   40.3198    % 
UB: 131.23811748998665
branching on CartesianIndex(1, 7) with c.
220    112    18         93.5278    131.2381   40.3198    % 
UB: 131.23811748998665
branching on CartesianIndex(1, 7) with c.
221    113    21         93.5278    131.2381   40.3198    % 
LB close or above UB, fathomed
222    112    21         93.5278    131.2381   40.3198    % 
UB: 131.23811748998665
branching on 3 with b.
223    113    22         93.5278    131.2381   40.3198    % 
UB: 131.23811748998665
branching on 1 with b.
224    114    22         93.5278    131.2381   40.3198    % 
UB: 131.23811748998665
branching on 1 with b.
225    115    23         93.5278    131.2381   40.3198    % 
UB: 131.23811748998665
branching on 2 with b.
226    116    24         93.5278    131.2381   40.3198    % 
UB: 131.23811748998665
branching on 3 with b.
227    117    24         93.5278    131.2381   40.3198    % 
UB: 131.23811748998665
branching on 3 with b.
228    118    23         93.5278    131.2381   40.3198    % 
UB: 131.23811748998665
branching on 2 with b.
229    119    25         93.5278    131.2381   40.3198    % 
UB: 131.23811748998665
branching on 2 with b.
230    120    25         93.5278    131.2381   40.3198    % 
UB: 131.23811748998665
branching on 2 with b.
231    121    5          95.2736    131.2381   37.7487    % 
UB: 131.23811748998665
branching on CartesianIndex(2, 1) with a.
232    122    6          95.2736    131.2381   37.7487    % 
LB close or above UB, fathomed
233    121    6          95.2736    131.2381   37.7487    % 
UB: 131.23811748998665
branching on CartesianIndex(1, 2) with a.
234    122    5          95.2736    131.2381   37.7487    % 
UB: 131.23811748998665
branching on CartesianIndex(1, 2) with a.
235    123    6          95.2736    131.2381   37.7487    % 
UB: 131.23811748998665
branching on 1 with b.
236    124    6          95.2736    131.2381   37.7487    % 
LB close or above UB, fathomed
237    123    22         95.3154    131.2381   37.6882    % 
UB: 131.23811748998665
branching on 1 with b.
238    124    23         95.3154    131.2381   37.6882    % 
UB: 131.23811748998665
branching on 2 with b.
239    125    23         95.3154    131.2381   37.6882    % 
UB: 131.23811748998665
branching on 2 with b.
240    126    22         95.3154    131.2381   37.6882    % 
LB close or above UB, fathomed
241    125    24         95.3236    131.2381   37.6765    % 
UB: 131.23811748998665
branching on 3 with b.
242    126    24         95.3236    131.2381   37.6765    % 
UB: 131.23811748998665
branching on 3 with b.
243    127    19         95.3236    131.2381   37.6765    % 
LB close or above UB, fathomed
244    126    19         95.3236    131.2381   37.6765    % 
UB: 131.23811748998665
branching on 1 with b.
245    127    20         95.3236    131.2381   37.6765    % 
UB: 131.23811748998665
branching on 2 with b.
246    128    21         95.3236    131.2381   37.6765    % 
UB: 131.23811748998665
branching on 3 with b.
247    129    22         95.3236    131.2381   37.6765    % 
UB: 131.23811748998665
branching on 1 with b.
248    130    23         95.3236    131.2381   37.6765    % 
UB: 131.23811748998665
branching on 2 with b.
249    131    24         95.3236    131.2381   37.6765    % 
UB: 131.23811748998665
branching on 3 with b.
250    132    24         95.3236    131.2381   37.6765    % 
UB: 131.23811748998665
branching on 3 with b.
251    133    23         95.3236    131.2381   37.6765    % 
UB: 131.23811748998665
branching on 2 with b.
252    134    22         95.3236    131.2381   37.6765    % 
LB close or above UB, fathomed
253    133    21         95.3236    131.2381   37.6765    % 
LB close or above UB, fathomed
254    132    20         95.3236    131.2381   37.6765    % 
UB: 131.23811748998665
branching on 2 with b.
255    133    22         95.3236    131.2381   37.6765    % 
UB: 131.23811748998665
branching on 1 with b.
256    134    22         95.3236    131.2381   37.6765    % 
UB: 131.23811748998665
branching on 1 with b.
257    135    23         95.3236    131.2381   37.6765    % 
LB close or above UB, fathomed
258    134    23         95.3236    131.2381   37.6765    % 
UB: 131.23811748998665
branching on 2 with b.
259    135    24         95.3236    131.2381   37.6765    % 
UB: 131.23811748998665
branching on 3 with b.
260    136    24         95.3236    131.2381   37.6765    % 
UB: 131.23811748998665
branching on 3 with b.
261    137    23         95.3236    131.2381   37.6765    % 
UB: 131.23811748998665
branching on 2 with b.
262    138    23         95.3236    131.2381   37.6765    % 
UB: 131.23811748998665
branching on 2 with b.
263    139    11         95.9221    131.2381   36.8173    % 
LB close or above UB, fathomed
264    138    11         95.9221    131.2381   36.8173    % 
UB: 131.23811748998665
branching on CartesianIndex(1, 4) with c.
265    139    7          97.0693    131.2381   35.2004    % 
LB close or above UB, fathomed
266    138    7          97.0693    131.2381   35.2004    % 
UB: 131.23811748998665
branching on CartesianIndex(2, 2) with a.
267    139    8          97.0693    131.2381   35.2004    % 
LB close or above UB, fathomed
268    138    8          97.0693    131.2381   35.2004    % 
UB: 131.23811748998665
branching on 1 with b.
269    139    7          97.0693    131.2381   35.2004    % 
LB close or above UB, fathomed
270    138    7          97.0693    131.2381   35.2004    % 
UB: 131.23811748998665
branching on CartesianIndex(1, 4) with c.
271    139    8          97.0693    131.2381   35.2004    % 
UB: 131.23811748998665
branching on 1 with b.
272    140    9          97.0693    131.2381   35.2004    % 
LB close or above UB, fathomed
273    139    9          97.0693    131.2381   35.2004    % 
UB: 131.23811748998665
branching on CartesianIndex(1, 5) with c.
274    140    10         97.0693    131.2381   35.2004    % 
LB close or above UB, fathomed
275    139    10         97.0693    131.2381   35.2004    % 
UB: 131.23811748998665
branching on CartesianIndex(1, 7) with c.
276    140    11         97.0693    131.2381   35.2004    % 
LB close or above UB, fathomed
277    139    11         97.0693    131.2381   35.2004    % 
UB: 131.23811748998665
branching on 1 with b.
278    140    12         97.0693    131.2381   35.2004    % 
UB: 131.23811748998665
branching on 2 with b.
279    141    12         97.0693    131.2381   35.2004    % 
UB: 131.23811748998665
branching on 2 with b.
280    142    8          97.0693    131.2381   35.2004    % 
LB close or above UB, fathomed
281    141    13         97.1193    131.2381   35.1308    % 
UB: 131.23811748998665
branching on 2 with b.
282    142    14         97.1193    131.2381   35.1308    % 
UB: 131.23811748998665
branching on CartesianIndex(2, 3) with a.
283    143    14         97.1193    131.2381   35.1308    % 
LB close or above UB, fathomed
284    142    13         97.1193    131.2381   35.1308    % 
UB: 131.23811748998665
branching on CartesianIndex(1, 4) with c.
285    143    25         97.1193    131.2381   35.1308    % 
UB: 131.23811748998665
branching on 1 with b.
286    144    25         97.1193    131.2381   35.1308    % 
UB: 131.23811748998665
branching on 1 with b.
287    145    26         97.1193    131.2381   35.1308    % 
UB: 131.23811748998665
branching on 2 with b.
288    146    26         97.1193    131.2381   35.1308    % 
UB: 129.4423898531375
branching on 2 with b.
289    147    11         97.1193    129.4424   33.2819    % 
LB close or above UB, fathomed
290    138    11         97.1193    129.4424   33.2819    % 
UB: 129.4423898531375
branching on CartesianIndex(1, 2) with a.
291    139    20         97.1193    129.4424   33.2819    % 
UB: 129.4423898531375
branching on 3 with b.
292    140    20         97.1193    129.4424   33.2819    % 
UB: 129.4423898531375
branching on 3 with b.
293    141    15         97.1193    129.4424   33.2819    % 
UB: 129.4423898531375
branching on CartesianIndex(1, 5) with c.
294    142    16         97.1193    129.4424   33.2819    % 
LB close or above UB, fathomed
295    141    16         97.1193    129.4424   33.2819    % 
UB: 129.4423898531375
branching on CartesianIndex(1, 6) with c.
296    142    17         97.1193    129.4424   33.2819    % 
UB: 129.4423898531375
branching on CartesianIndex(1, 7) with c.
297    143    18         97.1193    129.4424   33.2819    % 
LB close or above UB, fathomed
298    142    18         97.1193    129.4424   33.2819    % 
UB: 129.4423898531375
branching on 1 with b.
299    143    19         97.1193    129.4424   33.2819    % 
UB: 129.4423898531375
branching on 2 with b.
300    144    19         97.1193    129.4424   33.2819    % 
LB close or above UB, fathomed
301    143    17         97.1193    129.4424   33.2819    % 
UB: 129.4423898531375
branching on CartesianIndex(1, 7) with c.
302    144    15         97.1193    129.4424   33.2819    % 
LB close or above UB, fathomed
303    143    9          97.9672    129.4424   32.1284    % 
UB: 129.4423898531375
branching on CartesianIndex(1, 4) with c.
304    144    9          97.9672    129.4424   32.1284    % 
LB close or above UB, fathomed
305    143    27         98.8992    129.4424   30.8831    % 
UB: 129.4423898531375
branching on 1 with b.
306    144    27         98.8992    129.4424   30.8831    % 
LB close or above UB, fathomed
307    143    28         98.9068    129.4424   30.8731    % 
UB: 129.4423898531375
branching on 2 with b.
308    144    28         98.9068    129.4424   30.8731    % 
UB: 129.4423898531375
branching on 2 with b.
309    145    25         98.9074    129.4424   30.8723    % 
UB: 129.4423898531375
branching on 1 with b.
310    146    25         98.9074    129.4424   30.8723    % 
UB: 129.4423898531375
branching on 1 with b.
311    147    15         98.9150    129.4424   30.8622    % 
UB: 129.4423898531375
branching on 1 with b.
312    148    16         98.9150    129.4424   30.8622    % 
LB close or above UB, fathomed
313    147    16         98.9150    129.4424   30.8622    % 
UB: 129.4423898531375
branching on CartesianIndex(1, 5) with c.
314    148    17         98.9150    129.4424   30.8622    % 
LB close or above UB, fathomed
315    147    17         98.9150    129.4424   30.8622    % 
UB: 129.4423898531375
branching on CartesianIndex(1, 6) with c.
316    148    18         98.9150    129.4424   30.8622    % 
UB: 129.4423898531375
branching on CartesianIndex(1, 7) with c.
317    149    19         98.9150    129.4424   30.8622    % 
LB close or above UB, fathomed
318    148    19         98.9150    129.4424   30.8622    % 
UB: 129.4423898531375
branching on 2 with b.
319    149    20         98.9150    129.4424   30.8622    % 
UB: 129.4423898531375
branching on 3 with b.
320    150    21         98.9150    129.4424   30.8622    % 
UB: 129.4423898531375
branching on 1 with b.
321    151    21         98.9150    129.4424   30.8622    % 
UB: 129.4423898531375
branching on 1 with b.
322    152    20         98.9150    129.4424   30.8622    % 
LB close or above UB, fathomed
323    151    18         98.9150    129.4424   30.8622    % 
LB close or above UB, fathomed
324    150    15         98.9150    129.4424   30.8622    % 
LB close or above UB, fathomed
325    149    13         98.9150    129.4424   30.8622    % 
UB: 129.4423898531375
branching on 2 with b.
326    150    14         98.9150    129.4424   30.8622    % 
UB: 129.4423898531375
branching on CartesianIndex(2, 3) with a.
327    151    15         98.9150    129.4424   30.8622    % 
UB: 129.4423898531375
branching on CartesianIndex(3, 3) with a.
328    152    15         98.9150    129.4424   30.8622    % 
UB: 129.4423898531375
branching on CartesianIndex(1, 4) with c.
329    153    14         98.9150    129.4424   30.8622    % 
LB close or above UB, fathomed
330    152    13         98.9150    129.4424   30.8622    % 
LB close or above UB, fathomed
331    151    27         98.9150    129.4424   30.8622    % 
UB: 129.4423898531375
branching on 3 with b.
332    152    27         98.9150    129.4424   30.8622    % 
UB: 129.4423898531375
branching on 3 with b.
333    153    16         98.9150    129.4424   30.8622    % 
UB: 129.4423898531375
branching on CartesianIndex(1, 4) with c.
334    154    17         98.9150    129.4424   30.8622    % 
UB: 129.4423898531375
branching on CartesianIndex(1, 5) with c.
335    155    18         98.9150    129.4424   30.8622    % 
LB close or above UB, fathomed
336    154    18         98.9150    129.4424   30.8622    % 
UB: 129.4423898531375
branching on 3 with b.
337    155    19         98.9150    129.4424   30.8622    % 
UB: 129.4423898531375
branching on CartesianIndex(1, 6) with c.
338    156    19         98.9150    129.4424   30.8622    % 
UB: 129.4423898531375
branching on CartesianIndex(1, 6) with c.
339    157    17         98.9150    129.4424   30.8622    % 
LB close or above UB, fathomed
340    156    16         98.9150    129.4424   30.8622    % 
UB: 129.4423898531375
branching on 3 with b.
341    157    26         98.9150    129.4424   30.8622    % 
UB: 129.4423898531375
branching on 2 with b.
342    158    26         98.9150    129.4424   30.8622    % 
UB: 129.4423898531375
branching on 2 with b.
343    159    20         98.9150    129.4424   30.8622    % 
UB: 129.4423898531375
branching on 3 with b.
344    160    20         98.9150    129.4424   30.8622    % 
UB: 129.4423898531375
branching on 3 with b.
345    161    15         98.9150    129.4424   30.8622    % 
LB close or above UB, fathomed
346    160    15         98.9150    129.4424   30.8622    % 
UB: 129.4423898531375
branching on CartesianIndex(1, 4) with c.
347    161    16         98.9150    129.4424   30.8622    % 
UB: 129.4423898531375
branching on 3 with b.
348    162    17         98.9150    129.4424   30.8622    % 
UB: 129.4423898531375
branching on CartesianIndex(1, 5) with c.
349    163    17         98.9150    129.4424   30.8622    % 
UB: 129.4423898531375
branching on CartesianIndex(1, 5) with c.
350    164    16         98.9150    129.4424   30.8622    % 
LB close or above UB, fathomed
351    163    12         98.9150    129.4424   30.8622    % 
UB: 129.4423898531375
branching on 1 with b.
352    164    13         98.9150    129.4424   30.8622    % 
UB: 129.4423898531375
branching on 2 with b.
353    165    13         98.9150    129.4424   30.8622    % 
LB close or above UB, fathomed
354    164    12         98.9150    129.4424   30.8622    % 
UB: 129.4423898531375
branching on 1 with b.
355    165    13         98.9150    129.4424   30.8622    % 
UB: 129.4423898531375
branching on CartesianIndex(1, 4) with c.
356    166    14         98.9150    129.4424   30.8622    % 
UB: 129.4423898531375
branching on 2 with b.
357    167    14         98.9150    129.4424   30.8622    % 
LB close or above UB, fathomed
358    166    13         98.9150    129.4424   30.8622    % 
LB close or above UB, fathomed
359    165    25         98.9150    129.4424   30.8622    % 
UB: 129.4423898531375
branching on 1 with b.
360    166    25         98.9150    129.4424   30.8622    % 
UB: 129.4423898531375
branching on 1 with b.
361    167    26         98.9150    129.4424   30.8622    % 
UB: 129.4423898531375
branching on 2 with b.
362    168    27         98.9150    129.4424   30.8622    % 
LB close or above UB, fathomed
363    167    27         98.9150    129.4424   30.8622    % 
UB: 129.4423898531375
branching on 3 with b.
364    168    26         98.9150    129.4424   30.8622    % 
UB: 129.4423898531375
branching on 2 with b.
365    169    25         98.9150    129.4424   30.8622    % 
UB: 129.4423898531375
branching on 1 with b.
366    170    25         98.9150    129.4424   30.8622    % 
UB: 129.4423898531375
branching on 1 with b.
367    171    26         98.9150    129.4424   30.8622    % 
UB: 129.4423898531375
branching on 2 with b.
368    172    26         98.9150    129.4424   30.8622    % 
UB: 129.4423898531375
branching on 2 with b.
369    173    27         98.9150    129.4424   30.8622    % 
LB close or above UB, fathomed
370    172    27         98.9150    129.4424   30.8622    % 
UB: 129.4423898531375
branching on 3 with b.
371    173    26         98.9150    129.4424   30.8622    % 
UB: 129.4423898531375
branching on 3 with b.
372    174    26         98.9150    129.4424   30.8622    % 
UB: 129.4423898531375
branching on 3 with b.
373    175    10         100.6607   129.4424   28.5927    % 
UB: 129.4423898531375
branching on 2 with b.
374    176    11         100.6607   129.4424   28.5927    % 
LB close or above UB, fathomed
375    175    11         100.6607   129.4424   28.5927    % 
UB: 129.4423898531375
branching on CartesianIndex(1, 5) with c.
376    176    12         100.6607   129.4424   28.5927    % 
LB close or above UB, fathomed
377    175    12         100.6607   129.4424   28.5927    % 
UB: 129.4423898531375
branching on CartesianIndex(1, 7) with c.
378    176    13         100.6607   129.4424   28.5927    % 
LB close or above UB, fathomed
379    175    13         100.6607   129.4424   28.5927    % 
UB: 129.4423898531375
branching on 1 with b.
380    176    14         100.6607   129.4424   28.5927    % 
UB: 129.4423898531375
branching on 2 with b.
381    177    14         100.6607   129.4424   28.5927    % 
LB close or above UB, fathomed
382    176    10         100.6607   129.4424   28.5927    % 
LB close or above UB, fathomed
383    175    26         100.7032   129.4424   28.5386    % 
UB: 129.4423898531375
branching on 2 with b.
384    176    26         100.7032   129.4424   28.5386    % 
UB: 129.4423898531375
branching on 2 with b.
385    177    26         100.7107   129.4424   28.5289    % 
UB: 129.4423898531375
branching on 2 with b.
386    178    26         100.7107   129.4424   28.5289    % 
UB: 129.4423898531375
branching on 2 with b.
387    179    27         100.7107   129.4424   28.5289    % 
UB: 129.4423898531375
branching on 3 with b.
388    180    27         100.7107   129.4424   28.5289    % 
UB: 129.4423898531375
branching on 3 with b.
389    181    26         100.7107   129.4424   28.5289    % 
UB: 129.4423898531375
branching on 3 with b.
390    182    26         100.7107   129.4424   28.5289    % 
LB close or above UB, fathomed
391    181    26         100.7107   129.4424   28.5289    % 
UB: 129.4423898531375
branching on 3 with b.
392    182    26         100.7107   129.4424   28.5289    % 
UB: 129.4423898531375
branching on 3 with b.
393    183    25         100.7107   129.4424   28.5289    % 
UB: 129.4423898531375
branching on 1 with b.
394    184    25         100.7107   129.4424   28.5289    % 
UB: 129.4423898531375
branching on 1 with b.
395    185    26         100.7107   129.4424   28.5289    % 
UB: 129.4423898531375
branching on 2 with b.
396    186    27         100.7107   129.4424   28.5289    % 
UB: 129.4423898531375
branching on 3 with b.
397    187    27         100.7107   129.4424   28.5289    % 
UB: 129.4423898531375
branching on 3 with b.
398    188    26         100.7107   129.4424   28.5289    % 
UB: 129.4423898531375
branching on 2 with b.
399    189    27         100.7107   129.4424   28.5289    % 
LB close or above UB, fathomed
400    188    27         100.7107   129.4424   28.5289    % 
UB: 129.4423898531375
branching on 3 with b.
401    189    26         100.7107   129.4424   28.5289    % 
UB: 129.4423898531375
branching on 2 with b.
402    190    26         100.7107   129.4424   28.5289    % 
UB: 129.4423898531375
branching on 2 with b.
403    191    27         100.7107   129.4424   28.5289    % 
LB close or above UB, fathomed
404    190    27         100.7107   129.4424   28.5289    % 
UB: 129.4423898531375
branching on 3 with b.
405    191    27         100.7107   129.4424   28.5289    % 
UB: 129.4423898531375
branching on 3 with b.
406    192    27         100.7107   129.4424   28.5289    % 
UB: 129.4423898531375
branching on 3 with b.
407    193    25         100.7107   129.4424   28.5289    % 
UB: 129.4423898531375
branching on 1 with b.
408    194    26         100.7107   129.4424   28.5289    % 
UB: 129.4423898531375
branching on 2 with b.
409    195    27         100.7107   129.4424   28.5289    % 
LB close or above UB, fathomed
410    194    27         100.7107   129.4424   28.5289    % 
UB: 129.4423898531375
branching on 3 with b.
411    195    26         100.7107   129.4424   28.5289    % 
UB: 129.4423898531375
branching on 2 with b.
412    196    25         100.7107   129.4424   28.5289    % 
UB: 129.4423898531375
branching on 1 with b.
413    197    25         100.7107   129.4424   28.5289    % 
UB: 129.4423898531375
branching on 1 with b.
414    198    26         100.7107   129.4424   28.5289    % 
UB: 129.4423898531375
branching on 2 with b.
415    199    26         100.7107   129.4424   28.5289    % 
UB: 129.4423898531375
branching on 2 with b.
416    200    27         100.7107   129.4424   28.5289    % 
LB close or above UB, fathomed
417    199    27         100.7107   129.4424   28.5289    % 
UB: 129.4423898531375
branching on 3 with b.
418    200    25         100.7107   129.4424   28.5289    % 
UB: 129.4423898531375
branching on 1 with b.
419    201    18         100.7107   129.4424   28.5289    % 
LB close or above UB, fathomed
420    200    18         100.7107   129.4424   28.5289    % 
UB: 129.4423898531375
branching on 1 with b.
421    201    19         100.7107   129.4424   28.5289    % 
UB: 129.4423898531375
branching on 2 with b.
422    202    19         100.7107   129.4424   28.5289    % 
LB close or above UB, fathomed
423    201    15         100.7107   129.4424   28.5289    % 
UB: 129.4423898531375
branching on CartesianIndex(1, 5) with c.
424    202    15         100.7107   129.4424   28.5289    % 
UB: 129.4423898531375
branching on CartesianIndex(1, 5) with c.
425    203    14         100.7107   129.4424   28.5289    % 
LB close or above UB, fathomed
426    202    14         100.7107   129.4424   28.5289    % 
UB: 129.4423898531375
branching on CartesianIndex(2, 3) with a.
427    203    20         100.7107   129.4424   28.5289    % 
LB close or above UB, fathomed
428    202    20         100.7107   129.4424   28.5289    % 
UB: 129.4423898531375
branching on CartesianIndex(1, 7) with c.
429    203    20         100.7107   129.4424   28.5289    % 
UB: 129.4423898531375
branching on 1 with b.
430    204    21         100.7107   129.4424   28.5289    % 
UB: 129.4423898531375
branching on CartesianIndex(1, 7) with c.
431    205    21         100.7107   129.4424   28.5289    % 
UB: 129.4423898531375
branching on CartesianIndex(1, 7) with c.
432    206    20         100.7107   129.4424   28.5289    % 
UB: 129.4423898531375
branching on CartesianIndex(1, 7) with c.
433    207    23         100.7107   129.4424   28.5289    % 
UB: 129.4423898531375
branching on 3 with b.
434    208    24         100.7107   129.4424   28.5289    % 
UB: 129.4423898531375
branching on 1 with b.
435    209    25         100.7107   129.4424   28.5289    % 
UB: 129.4423898531375
branching on 2 with b.
436    210    25         100.7107   129.4424   28.5289    % 
UB: 129.4423898531375
branching on 2 with b.
437    211    26         100.7107   129.4424   28.5289    % 
UB: 129.4423898531375
branching on 3 with b.
438    212    26         100.7107   129.4424   28.5289    % 
UB: 129.4423898531375
branching on 3 with b.
439    213    24         100.7107   129.4424   28.5289    % 
LB close or above UB, fathomed
440    212    23         100.7107   129.4424   28.5289    % 
LB close or above UB, fathomed
441    211    27         100.7107   129.4424   28.5289    % 
UB: 129.4423898531375
branching on 1 with b.
442    212    28         100.7107   129.4424   28.5289    % 
UB: 129.4423898531375
branching on 2 with b.
443    213    28         100.7107   129.4424   28.5289    % 
UB: 129.4423898531375
branching on 2 with b.
444    214    27         100.7107   129.4424   28.5289    % 
LB close or above UB, fathomed
445    213    18         100.7107   129.4424   28.5289    % 
LB close or above UB, fathomed
446    212    18         100.7107   129.4424   28.5289    % 
UB: 129.4423898531375
branching on 1 with b.
447    213    19         100.7107   129.4424   28.5289    % 
UB: 129.4423898531375
branching on 2 with b.
448    214    19         100.7107   129.4424   28.5289    % 
LB close or above UB, fathomed
449    213    23         100.7107   129.4424   28.5289    % 
UB: 129.4423898531375
branching on 2 with b.
450    214    23         100.7107   129.4424   28.5289    % 
UB: 129.4423898531375
branching on 2 with b.
451    215    21         100.7107   129.4424   28.5289    % 
UB: 129.4423898531375
branching on 1 with b.
452    216    22         100.7107   129.4424   28.5289    % 
UB: 129.4423898531375
branching on 2 with b.
453    217    22         100.7107   129.4424   28.5289    % 
LB close or above UB, fathomed
454    216    21         100.7107   129.4424   28.5289    % 
LB close or above UB, fathomed
455    215    14         100.7107   129.4424   28.5289    % 
UB: 129.4423898531375
branching on CartesianIndex(1, 5) with c.
456    216    15         100.7107   129.4424   28.5289    % 
LB close or above UB, fathomed
457    215    15         100.7107   129.4424   28.5289    % 
UB: 129.4423898531375
branching on CartesianIndex(1, 6) with c.
458    216    16         100.7107   129.4424   28.5289    % 
UB: 129.4423898531375
branching on 1 with b.
459    217    17         100.7107   129.4424   28.5289    % 
UB: 129.4423898531375
branching on CartesianIndex(1, 7) with c.
460    218    17         100.7107   129.4424   28.5289    % 
LB close or above UB, fathomed
461    217    16         100.7107   129.4424   28.5289    % 
UB: 129.4423898531375
branching on CartesianIndex(1, 7) with c.
462    218    17         100.7107   129.4424   28.5289    % 
LB close or above UB, fathomed
463    217    17         100.7107   129.4424   28.5289    % 
UB: 129.4423898531375
branching on 1 with b.
464    218    18         100.7107   129.4424   28.5289    % 
UB: 129.4423898531375
branching on 2 with b.
465    219    18         100.7107   129.4424   28.5289    % 
LB close or above UB, fathomed
466    218    14         100.7107   129.4424   28.5289    % 
LB close or above UB, fathomed
467    217    13         100.7107   129.4424   28.5289    % 
UB: 129.4423898531375
branching on CartesianIndex(1, 4) with c.
468    218    13         100.7107   129.4424   28.5289    % 
LB close or above UB, fathomed
469    217    12         101.8129   129.4424   27.1375    % 
UB: 129.4423898531375
branching on 1 with b.
470    218    12         101.8129   129.4424   27.1375    % 
LB close or above UB, fathomed
471    217    15         102.4565   129.4424   26.3389    % 
LB close or above UB, fathomed
472    216    15         102.4565   129.4424   26.3389    % 
UB: 129.4423898531375
branching on 1 with b.
473    217    26         102.5065   129.4424   26.2773    % 
UB: 129.4423898531375
branching on 2 with b.
474    218    26         102.5065   129.4424   26.2773    % 
UB: 129.4423898531375
branching on 2 with b.
475    219    27         102.5065   129.4424   26.2773    % 
LB close or above UB, fathomed
476    218    27         102.5065   129.4424   26.2773    % 
UB: 129.4423898531375
branching on 3 with b.
477    219    26         102.5065   129.4424   26.2773    % 
UB: 129.4423898531375
branching on 2 with b.
478    220    27         102.5065   129.4424   26.2773    % 
LB close or above UB, fathomed
479    219    27         102.5065   129.4424   26.2773    % 
UB: 129.4423898531375
branching on 3 with b.
480    220    26         102.5065   129.4424   26.2773    % 
UB: 129.4423898531375
branching on 2 with b.
481    221    27         102.5065   129.4424   26.2773    % 
LB close or above UB, fathomed
482    220    27         102.5065   129.4424   26.2773    % 
UB: 129.4423898531375
branching on 3 with b.
483    221    26         102.5065   129.4424   26.2773    % 
UB: 129.4423898531375
branching on 2 with b.
484    222    26         102.5065   129.4424   26.2773    % 
UB: 129.4423898531375
branching on 2 with b.
485    223    27         102.5065   129.4424   26.2773    % 
UB: 129.4423898531375
branching on 3 with b.
486    224    27         102.5065   129.4424   26.2773    % 
UB: 129.4423898531375
branching on 3 with b.
487    225    28         102.5065   129.4424   26.2773    % 
UB: 129.4423898531375
branching on 1 with b.
488    226    28         102.5065   129.4424   26.2773    % 
UB: 129.4423898531375
branching on 1 with b.
489    227    27         102.5065   129.4424   26.2773    % 
LB close or above UB, fathomed
490    226    27         102.5065   129.4424   26.2773    % 
UB: 129.4423898531375
branching on 3 with b.
491    227    26         102.5065   129.4424   26.2773    % 
UB: 129.4423898531375
branching on 2 with b.
492    228    26         102.5065   129.4424   26.2773    % 
UB: 129.4423898531375
branching on 2 with b.
493    229    27         102.5065   129.4424   26.2773    % 
LB close or above UB, fathomed
494    228    27         102.5065   129.4424   26.2773    % 
UB: 129.4423898531375
branching on 3 with b.
495    229    28         102.5065   129.4424   26.2773    % 
UB: 129.4423898531375
branching on 1 with b.
496    230    28         102.5065   129.4424   26.2773    % 
UB: 129.4423898531375
branching on 1 with b.
497    231    25         102.5065   129.4424   26.2773    % 
UB: 129.4423898531375
branching on 1 with b.
498    232    26         102.5065   129.4424   26.2773    % 
UB: 129.4423898531375
branching on 2 with b.
499    233    27         102.5065   129.4424   26.2773    % 
UB: 129.4423898531375
branching on 3 with b.
500    234    27         102.5065   129.4424   26.2773    % 
UB: 129.4423898531375
branching on 3 with b.
501    235    26         102.5065   129.4424   26.2773    % 
UB: 129.4423898531375
branching on 2 with b.
502    236    25         102.5065   129.4424   26.2773    % 
UB: 129.4423898531375
branching on 1 with b.
503    237    9          102.5065   129.4424   26.2773    % 
LB close or above UB, fathomed
504    236    9          102.5065   129.4424   26.2773    % 
UB: 129.4423898531375
branching on 2 with b.
505    237    18         102.5065   129.4424   26.2773    % 
LB close or above UB, fathomed
506    236    18         102.5065   129.4424   26.2773    % 
UB: 129.4423898531375
branching on 2 with b.
507    237    19         102.5065   129.4424   26.2773    % 
LB close or above UB, fathomed
508    236    19         102.5065   129.4424   26.2773    % 
UB: 129.4423898531375
branching on 3 with b.
509    237    24         102.5065   129.4424   26.2773    % 
UB: 129.4423898531375
branching on 3 with b.
510    238    24         102.5065   129.4424   26.2773    % 
UB: 129.4423898531375
branching on 3 with b.
511    239    20         102.5065   129.4424   26.2773    % 
LB close or above UB, fathomed
512    238    20         102.5065   129.4424   26.2773    % 
UB: 129.4423898531375
branching on 3 with b.
513    239    27         102.5065   129.4424   26.2773    % 
LB close or above UB, fathomed
514    238    27         102.5065   129.4424   26.2773    % 
UB: 129.4423898531375
branching on 3 with b.
515    239    27         102.5065   129.4424   26.2773    % 
UB: 129.4423898531375
branching on 3 with b.
516    240    27         102.5065   129.4424   26.2773    % 
UB: 129.4423898531375
branching on 3 with b.
517    241    24         102.5065   129.4424   26.2773    % 
UB: 129.4423898531375
branching on 3 with b.
518    242    24         102.5065   129.4424   26.2773    % 
UB: 129.4423898531375
branching on 3 with b.
519    243    26         102.5065   129.4424   26.2773    % 
UB: 129.4423898531375
branching on 3 with b.
520    244    26         102.5065   129.4424   26.2773    % 
UB: 129.4423898531375
branching on 3 with b.
521    245    24         102.5065   129.4424   26.2773    % 
UB: 129.4423898531375
branching on 3 with b.
522    246    24         102.5065   129.4424   26.2773    % 
UB: 129.4423898531375
branching on 3 with b.
523    247    20         102.5065   129.4424   26.2773    % 
LB close or above UB, fathomed
524    246    20         102.5065   129.4424   26.2773    % 
UB: 129.4423898531375
branching on 3 with b.
525    247    27         102.5065   129.4424   26.2773    % 
UB: 129.4423898531375
branching on 3 with b.
526    248    27         102.5065   129.4424   26.2773    % 
UB: 129.4423898531375
branching on 3 with b.
527    249    19         102.5065   129.4424   26.2773    % 
LB close or above UB, fathomed
528    248    19         102.5065   129.4424   26.2773    % 
UB: 129.4423898531375
branching on 3 with b.
529    249    14         102.5065   129.4424   26.2773    % 
UB: 129.4423898531375
branching on CartesianIndex(1, 5) with c.
530    250    15         102.5065   129.4424   26.2773    % 
LB close or above UB, fathomed
531    249    15         102.5065   129.4424   26.2773    % 
UB: 129.4423898531375
branching on CartesianIndex(1, 6) with c.
532    250    16         102.5065   129.4424   26.2773    % 
UB: 129.4423898531375
branching on CartesianIndex(1, 7) with c.
533    251    17         102.5065   129.4424   26.2773    % 
LB close or above UB, fathomed
534    250    17         102.5065   129.4424   26.2773    % 
UB: 129.4423898531375
branching on 2 with b.
535    251    18         102.5065   129.4424   26.2773    % 
LB close or above UB, fathomed
536    250    18         102.5065   129.4424   26.2773    % 
UB: 129.4423898531375
branching on 3 with b.
537    251    16         102.5065   129.4424   26.2773    % 
UB: 129.4423898531375
branching on CartesianIndex(1, 7) with c.
538    252    17         102.5065   129.4424   26.2773    % 
LB close or above UB, fathomed
539    251    17         102.5065   129.4424   26.2773    % 
UB: 129.4423898531375
branching on 2 with b.
540    252    18         102.5065   129.4424   26.2773    % 
LB close or above UB, fathomed
541    251    18         102.5065   129.4424   26.2773    % 
UB: 129.4423898531375
branching on 3 with b.
542    252    14         102.5065   129.4424   26.2773    % 
LB close or above UB, fathomed
543    251    13         103.0029   129.4424   25.6687    % 
UB: 129.4423898531375
branching on CartesianIndex(2, 2) with a.
544    252    13         103.0029   129.4424   25.6687    % 
UB: 129.4423898531375
branching on CartesianIndex(2, 2) with a.
545    253    13         104.2522   129.4424   24.1627    % 
LB close or above UB, fathomed
546    252    13         104.2522   129.4424   24.1627    % 
UB: 129.4423898531375
branching on 1 with b.
547    253    27         104.2946   129.4424   24.1122    % 
UB: 129.4423898531375
branching on 3 with b.
548    254    27         104.2946   129.4424   24.1122    % 
UB: 129.4423898531375
branching on 3 with b.
549    255    22         104.3022   129.4424   24.1032    % 
UB: 129.4423898531375
branching on 2 with b.
550    256    22         104.3022   129.4424   24.1032    % 
UB: 129.4423898531375
branching on 2 with b.
551    257    10         104.3022   129.4424   24.1032    % 
UB: 129.4423898531375
branching on 3 with b.
552    258    10         104.3022   129.4424   24.1032    % 
UB: 129.4423898531375
branching on CartesianIndex(1, 2) with a.
553    259    29         104.3022   129.4424   24.1032    % 
UB: 129.4423898531375
branching on 2 with b.
554    260    30         104.3022   129.4424   24.1032    % 
LB close or above UB, fathomed
555    259    30         104.3022   129.4424   24.1032    % 
UB: 129.4423898531375
branching on 3 with b.
556    260    29         104.3022   129.4424   24.1032    % 
UB: 129.4423898531375
branching on 2 with b.
557    261    29         104.3022   129.4424   24.1032    % 
UB: 129.4423898531375
branching on 2 with b.
558    262    30         104.3022   129.4424   24.1032    % 
LB close or above UB, fathomed
559    261    30         104.3022   129.4424   24.1032    % 
UB: 129.4423898531375
branching on 3 with b.
560    262    29         104.3022   129.4424   24.1032    % 
UB: 129.4423898531375
branching on 2 with b.
561    263    29         104.3022   129.4424   24.1032    % 
UB: 129.4423898531375
branching on 2 with b.
562    264    30         104.3022   129.4424   24.1032    % 
LB close or above UB, fathomed
563    263    30         104.3022   129.4424   24.1032    % 
UB: 129.4423898531375
branching on 3 with b.
564    264    29         104.3022   129.4424   24.1032    % 
UB: 129.4423898531375
branching on 2 with b.
565    265    30         104.3022   129.4424   24.1032    % 
LB close or above UB, fathomed
566    264    30         104.3022   129.4424   24.1032    % 
UB: 129.4423898531375
branching on 3 with b.
567    265    29         104.3022   129.4424   24.1032    % 
UB: 129.4423898531375
branching on 2 with b.
568    266    30         104.3022   129.4424   24.1032    % 
LB close or above UB, fathomed
569    265    30         104.3022   129.4424   24.1032    % 
UB: 129.4423898531375
branching on 3 with b.
570    266    29         104.3022   129.4424   24.1032    % 
UB: 129.4423898531375
branching on 2 with b.
571    267    30         104.3022   129.4424   24.1032    % 
LB close or above UB, fathomed
572    266    30         104.3022   129.4424   24.1032    % 
UB: 129.4423898531375
branching on 3 with b.
573    267    27         104.3022   129.4424   24.1032    % 
UB: 129.4423898531375
branching on 3 with b.
574    268    27         104.3022   129.4424   24.1032    % 
UB: 129.4423898531375
branching on 3 with b.
575    269    27         104.3022   129.4424   24.1032    % 
LB close or above UB, fathomed
576    268    27         104.3022   129.4424   24.1032    % 
UB: 129.4423898531375
branching on 3 with b.
577    269    28         104.3022   129.4424   24.1032    % 
UB: 129.4423898531375
branching on 1 with b.
578    270    29         104.3022   129.4424   24.1032    % 
UB: 129.4423898531375
branching on 2 with b.
579    271    30         104.3022   129.4424   24.1032    % 
LB close or above UB, fathomed
580    270    30         104.3022   129.4424   24.1032    % 
UB: 129.4423898531375
branching on 3 with b.
581    271    29         104.3022   129.4424   24.1032    % 
UB: 129.4423898531375
branching on 2 with b.
582    272    30         104.3022   129.4424   24.1032    % 
LB close or above UB, fathomed
583    271    30         104.3022   129.4424   24.1032    % 
UB: 129.4423898531375
branching on 3 with b.
584    272    28         104.3022   129.4424   24.1032    % 
UB: 129.4423898531375
branching on 1 with b.
585    273    29         104.3022   129.4424   24.1032    % 
UB: 129.4423898531375
branching on 2 with b.
586    274    30         104.3022   129.4424   24.1032    % 
LB close or above UB, fathomed
587    273    30         104.3022   129.4424   24.1032    % 
UB: 129.4423898531375
branching on 3 with b.
588    274    29         104.3022   129.4424   24.1032    % 
UB: 129.4423898531375
branching on 2 with b.
589    275    30         104.3022   129.4424   24.1032    % 
LB close or above UB, fathomed
590    274    30         104.3022   129.4424   24.1032    % 
UB: 129.4423898531375
branching on 3 with b.
591    275    27         104.3022   129.4424   24.1032    % 
LB close or above UB, fathomed
592    274    27         104.3022   129.4424   24.1032    % 
UB: 129.4423898531375
branching on 3 with b.
593    275    28         104.3022   129.4424   24.1032    % 
UB: 129.4423898531375
branching on 1 with b.
594    276    29         104.3022   129.4424   24.1032    % 
UB: 129.4423898531375
branching on 2 with b.
595    277    30         104.3022   129.4424   24.1032    % 
LB close or above UB, fathomed
596    276    30         104.3022   129.4424   24.1032    % 
UB: 129.4423898531375
branching on 3 with b.
597    277    29         104.3022   129.4424   24.1032    % 
UB: 129.4423898531375
branching on 2 with b.
598    278    28         104.3022   129.4424   24.1032    % 
UB: 129.4423898531375
branching on 1 with b.
599    279    29         104.3022   129.4424   24.1032    % 
UB: 129.4423898531375
branching on 2 with b.
600    280    30         104.3022   129.4424   24.1032    % 
LB close or above UB, fathomed
601    279    30         104.3022   129.4424   24.1032    % 
UB: 129.4423898531375
branching on 3 with b.
602    280    29         104.3022   129.4424   24.1032    % 
UB: 129.4423898531375
branching on 2 with b.
603    281    28         104.3022   129.4424   24.1032    % 
UB: 129.4423898531375
branching on 1 with b.
604    282    28         104.3022   129.4424   24.1032    % 
UB: 129.4423898531375
branching on 1 with b.
605    283    29         104.3022   129.4424   24.1032    % 
UB: 129.4423898531375
branching on 2 with b.
606    284    29         104.3022   129.4424   24.1032    % 
UB: 129.4423898531375
branching on 2 with b.
607    285    28         104.3022   129.4424   24.1032    % 
UB: 129.4423898531375
branching on 1 with b.
608    286    29         104.3022   129.4424   24.1032    % 
UB: 129.4423898531375
branching on 2 with b.
609    287    30         104.3022   129.4424   24.1032    % 
UB: 129.4423898531375
branching on 3 with b.
610    288    30         104.3022   129.4424   24.1032    % 
UB: 129.4423898531375
branching on 3 with b.
611    289    29         104.3022   129.4424   24.1032    % 
UB: 129.4423898531375
branching on 2 with b.
612    290    28         104.3022   129.4424   24.1032    % 
UB: 129.4423898531375
branching on 1 with b.
613    291    11         104.3022   129.4424   24.1032    % 
UB: 129.4423898531375
branching on 3 with b.
614    292    12         104.3022   129.4424   24.1032    % 
LB close or above UB, fathomed
615    291    12         104.3022   129.4424   24.1032    % 
UB: 129.4423898531375
branching on CartesianIndex(2, 2) with a.
616    292    11         104.3022   129.4424   24.1032    % 
LB close or above UB, fathomed
617    291    26         104.3022   129.4424   24.1032    % 
UB: 129.4423898531375
branching on 2 with b.
618    292    27         104.3022   129.4424   24.1032    % 
UB: 129.4423898531375
branching on 3 with b.
619    293    27         104.3022   129.4424   24.1032    % 
UB: 129.4423898531375
branching on 3 with b.
620    294    26         104.3022   129.4424   24.1032    % 
UB: 129.4423898531375
branching on 2 with b.
621    295    28         104.3022   129.4424   24.1032    % 
UB: 129.4423898531375
branching on 1 with b.
622    296    28         104.3022   129.4424   24.1032    % 
UB: 129.4423898531375
branching on 1 with b.
623    297    27         104.3022   129.4424   24.1032    % 
UB: 129.4423898531375
branching on 1 with b.
624    298    28         104.3022   129.4424   24.1032    % 
UB: 129.4423898531375
branching on 2 with b.
625    299    28         104.3022   129.4424   24.1032    % 
UB: 129.4423898531375
branching on 2 with b.
626    300    27         104.3022   129.4424   24.1032    % 
LB close or above UB, fathomed
627    299    21         104.3022   129.4424   24.1032    % 
UB: 129.4423898531375
branching on 1 with b.
628    300    21         104.3022   129.4424   24.1032    % 
UB: 129.4423898531375
branching on 1 with b.
629    301    22         104.3022   129.4424   24.1032    % 
UB: 129.4423898531375
branching on 2 with b.
630    302    22         104.3022   129.4424   24.1032    % 
LB close or above UB, fathomed
631    301    14         106.0766   129.4424   22.0272    % 
LB close or above UB, fathomed
632    300    14         106.0766   129.4424   22.0272    % 
UB: 129.4423898531375
branching on 1 with b.
633    301    23         106.0979   129.4424   22.0028    % 
UB: 129.4423898531375
branching on 3 with b.
634    302    23         106.0979   129.4424   22.0028    % 
LB close or above UB, fathomed
635    301    29         106.0979   129.4424   22.0027    % 
UB: 129.4423898531375
branching on 2 with b.
636    302    29         106.0979   129.4424   22.0027    % 
UB: 129.4423898531375
branching on 2 with b.
637    303    29         106.0979   129.4424   22.0027    % 
UB: 129.4423898531375
branching on 2 with b.
638    304    30         106.0979   129.4424   22.0027    % 
LB close or above UB, fathomed
639    303    30         106.0979   129.4424   22.0027    % 
UB: 129.4423898531375
branching on 3 with b.
640    304    29         106.0979   129.4424   22.0027    % 
UB: 129.4423898531375
branching on 2 with b.
641    305    30         106.0979   129.4424   22.0027    % 
LB close or above UB, fathomed
642    304    30         106.0979   129.4424   22.0027    % 
UB: 129.4423898531375
branching on 3 with b.
643    305    30         106.0979   129.4424   22.0027    % 
LB close or above UB, fathomed
644    304    30         106.0979   129.4424   22.0027    % 
UB: 129.4423898531375
branching on 3 with b.
645    305    30         106.0979   129.4424   22.0027    % 
LB close or above UB, fathomed
646    304    30         106.0979   129.4424   22.0027    % 
UB: 129.4423898531375
branching on 3 with b.
647    305    30         106.0979   129.4424   22.0027    % 
LB close or above UB, fathomed
648    304    30         106.0979   129.4424   22.0027    % 
UB: 129.4423898531375
branching on 3 with b.
649    305    30         106.0979   129.4424   22.0027    % 
LB close or above UB, fathomed
650    304    30         106.0979   129.4424   22.0027    % 
UB: 129.4423898531375
branching on 3 with b.
651    305    28         106.0979   129.4424   22.0027    % 
UB: 129.4423898531375
branching on 1 with b.
652    306    29         106.0979   129.4424   22.0027    % 
UB: 129.4423898531375
branching on 2 with b.
653    307    29         106.0979   129.4424   22.0027    % 
UB: 129.4423898531375
branching on 2 with b.
654    308    28         106.0979   129.4424   22.0027    % 
UB: 129.4423898531375
branching on 1 with b.
655    309    29         106.0979   129.4424   22.0027    % 
UB: 129.4423898531375
branching on 2 with b.
656    310    29         106.0979   129.4424   22.0027    % 
UB: 129.4423898531375
branching on 2 with b.
657    311    30         106.0979   129.4424   22.0027    % 
LB close or above UB, fathomed
658    310    30         106.0979   129.4424   22.0027    % 
UB: 129.4423898531375
branching on 3 with b.
659    311    30         106.0979   129.4424   22.0027    % 
LB close or above UB, fathomed
660    310    30         106.0979   129.4424   22.0027    % 
UB: 129.4423898531375
branching on 3 with b.
661    311    28         106.0979   129.4424   22.0027    % 
UB: 129.4423898531375
branching on 1 with b.
662    312    29         106.0979   129.4424   22.0027    % 
UB: 129.4423898531375
branching on 2 with b.
663    313    30         106.0979   129.4424   22.0027    % 
LB close or above UB, fathomed
664    312    30         106.0979   129.4424   22.0027    % 
UB: 129.4423898531375
branching on 3 with b.
665    313    29         106.0979   129.4424   22.0027    % 
UB: 129.4423898531375
branching on 2 with b.
666    314    28         106.0979   129.4424   22.0027    % 
UB: 129.4423898531375
branching on 1 with b.
667    315    29         106.0979   129.4424   22.0027    % 
UB: 129.4423898531375
branching on 2 with b.
668    316    30         106.0979   129.4424   22.0027    % 
LB close or above UB, fathomed
669    315    30         106.0979   129.4424   22.0027    % 
UB: 129.4423898531375
branching on 3 with b.
670    316    29         106.0979   129.4424   22.0027    % 
UB: 129.4423898531375
branching on 2 with b.
671    317    28         106.0979   129.4424   22.0027    % 
UB: 129.4423898531375
branching on 1 with b.
672    318    28         106.0979   129.4424   22.0027    % 
UB: 129.4423898531375
branching on 1 with b.
673    319    29         106.0979   129.4424   22.0027    % 
UB: 129.4423898531375
branching on 2 with b.
674    320    30         106.0979   129.4424   22.0027    % 
LB close or above UB, fathomed
675    319    30         106.0979   129.4424   22.0027    % 
UB: 129.4423898531375
branching on 3 with b.
676    320    29         106.0979   129.4424   22.0027    % 
UB: 129.4423898531375
branching on 2 with b.
677    321    30         106.0979   129.4424   22.0027    % 
LB close or above UB, fathomed
678    320    30         106.0979   129.4424   22.0027    % 
UB: 129.4423898531375
branching on 3 with b.
679    321    28         106.0979   129.4424   22.0027    % 
UB: 129.4423898531375
branching on 1 with b.
680    322    28         106.0979   129.4424   22.0027    % 
UB: 129.4423898531375
branching on 1 with b.
681    323    29         106.0979   129.4424   22.0027    % 
UB: 129.4423898531375
branching on 2 with b.
682    324    30         106.0979   129.4424   22.0027    % 
LB close or above UB, fathomed
683    323    30         106.0979   129.4424   22.0027    % 
UB: 129.4423898531375
branching on 3 with b.
684    324    29         106.0979   129.4424   22.0027    % 
UB: 129.4423898531375
branching on 2 with b.
685    325    28         106.0979   129.4424   22.0027    % 
UB: 129.4423898531375
branching on 1 with b.
686    326    29         106.0979   129.4424   22.0027    % 
UB: 129.4423898531375
branching on 2 with b.
687    327    30         106.0979   129.4424   22.0027    % 
LB close or above UB, fathomed
688    326    30         106.0979   129.4424   22.0027    % 
UB: 129.4423898531375
branching on 3 with b.
689    327    29         106.0979   129.4424   22.0027    % 
UB: 129.4423898531375
branching on 2 with b.
690    328    28         106.0979   129.4424   22.0027    % 
LB close or above UB, fathomed
691    327    28         106.0979   129.4424   22.0027    % 
UB: 129.4423898531375
branching on 1 with b.
692    328    29         106.0979   129.4424   22.0027    % 
UB: 129.4423898531375
branching on 2 with b.
693    329    30         106.0979   129.4424   22.0027    % 
LB close or above UB, fathomed
694    328    30         106.0979   129.4424   22.0027    % 
UB: 129.4423898531375
branching on 3 with b.
695    329    29         106.0979   129.4424   22.0027    % 
UB: 129.4423898531375
branching on 2 with b.
696    330    30         106.0979   129.4424   22.0027    % 
LB close or above UB, fathomed
697    329    30         106.0979   129.4424   22.0027    % 
UB: 129.4423898531375
branching on 3 with b.
698    330    28         106.0979   129.4424   22.0027    % 
LB close or above UB, fathomed
699    329    27         106.0979   129.4424   22.0027    % 
LB close or above UB, fathomed
700    328    27         106.0979   129.4424   22.0027    % 
UB: 129.4423898531375
branching on 3 with b.
701    329    23         106.0979   129.4424   22.0027    % 
UB: 129.4423898531375
branching on 3 with b.
702    330    24         106.0979   129.4424   22.0027    % 
UB: 129.4423898531375
branching on 1 with b.
703    331    25         106.0979   129.4424   22.0027    % 
UB: 129.4423898531375
branching on 2 with b.
704    332    25         106.0979   129.4424   22.0027    % 
UB: 129.4423898531375
branching on 2 with b.
705    333    24         106.0979   129.4424   22.0027    % 
LB close or above UB, fathomed
706    332    23         106.0979   129.4424   22.0027    % 
LB close or above UB, fathomed
707    331    28         106.0979   129.4424   22.0027    % 
UB: 129.4423898531375
branching on 1 with b.
708    332    28         106.0979   129.4424   22.0027    % 
UB: 129.4423898531375
branching on 1 with b.
709    333    25         106.0979   129.4424   22.0027    % 
UB: 129.4423898531375
branching on 1 with b.
710    334    26         106.0979   129.4424   22.0027    % 
UB: 129.4423898531375
branching on 2 with b.
711    335    27         106.0979   129.4424   22.0027    % 
LB close or above UB, fathomed
712    334    27         106.0979   129.4424   22.0027    % 
UB: 129.4423898531375
branching on 3 with b.
713    335    26         106.0979   129.4424   22.0027    % 
UB: 129.4423898531375
branching on 2 with b.
714    336    25         106.0979   129.4424   22.0027    % 
UB: 129.4423898531375
branching on 1 with b.
715    337    26         106.0979   129.4424   22.0027    % 
UB: 129.4423898531375
branching on 2 with b.
716    338    27         106.0979   129.4424   22.0027    % 
LB close or above UB, fathomed
717    337    27         106.0979   129.4424   22.0027    % 
UB: 129.4423898531375
branching on 3 with b.
718    338    26         106.0979   129.4424   22.0027    % 
UB: 129.4423898531375
branching on 2 with b.
719    339    22         106.0979   129.4424   22.0027    % 
LB close or above UB, fathomed
720    338    22         106.0979   129.4424   22.0027    % 
UB: 129.4423898531375
branching on 2 with b.
721    339    23         106.0979   129.4424   22.0027    % 
UB: 129.4423898531375
branching on 3 with b.
722    340    24         106.0979   129.4424   22.0027    % 
UB: 129.4423898531375
branching on 1 with b.
723    341    24         106.0979   129.4424   22.0027    % 
UB: 129.4423898531375
branching on 1 with b.
724    342    23         106.0979   129.4424   22.0027    % 
LB close or above UB, fathomed
725    341    15         107.8724   129.4424   19.9959    % 
LB close or above UB, fathomed
726    340    15         107.8724   129.4424   19.9959    % 
UB: 129.4423898531375
branching on CartesianIndex(1, 4) with c.
727    341    16         107.8724   129.4424   19.9959    % 
UB: 129.4423898531375
branching on 2 with b.
728    342    17         107.8724   129.4424   19.9959    % 
UB: 129.4423898531375
branching on 3 with b.
729    343    17         107.8724   129.4424   19.9959    % 
LB close or above UB, fathomed
730    342    16         107.8724   129.4424   19.9959    % 
LB close or above UB, fathomed
731    341    29         107.8854   129.4424   19.9814    % 
UB: 129.4423898531375
branching on 3 with b.
732    342    29         107.8854   129.4424   19.9814    % 
UB: 129.4423898531375
branching on 3 with b.
733    343    18         107.8937   129.4424   19.9722    % 
LB close or above UB, fathomed
734    342    18         107.8937   129.4424   19.9722    % 
UB: 129.4423898531375
branching on CartesianIndex(1, 6) with c.
735    343    12         107.8937   129.4424   19.9722    % 
UB: 129.4423898531375
branching on CartesianIndex(1, 3) with a.
736    344    13         107.8937   129.4424   19.9722    % 
UB: 129.4423898531375
branching on CartesianIndex(2, 3) with a.
737    345    13         107.8937   129.4424   19.9722    % 
UB: 129.4423898531375
branching on CartesianIndex(1, 4) with c.
738    346    12         107.8937   129.4424   19.9722    % 
LB close or above UB, fathomed
739    345    14         107.8937   129.4424   19.9722    % 
UB: 129.4423898531375
branching on CartesianIndex(1, 5) with c.
740    346    15         107.8937   129.4424   19.9722    % 
LB close or above UB, fathomed
741    345    15         107.8937   129.4424   19.9722    % 
UB: 129.4423898531375
branching on CartesianIndex(1, 6) with c.
742    346    16         107.8937   129.4424   19.9722    % 
LB close or above UB, fathomed
743    345    16         107.8937   129.4424   19.9722    % 
UB: 129.4423898531375
branching on CartesianIndex(1, 7) with c.
744    346    14         107.8937   129.4424   19.9722    % 
LB close or above UB, fathomed
745    345    19         107.8937   129.4424   19.9722    % 
UB: 129.4423898531375
branching on CartesianIndex(1, 7) with c.
746    346    19         107.8937   129.4424   19.9722    % 
LB close or above UB, fathomed
747    345    29         107.8937   129.4424   19.9722    % 
UB: 129.4423898531375
branching on 2 with b.
748    346    30         107.8937   129.4424   19.9722    % 
UB: 129.4423898531375
branching on 3 with b.
749    347    30         107.8937   129.4424   19.9722    % 
UB: 129.4423898531375
branching on 3 with b.
750    348    29         107.8937   129.4424   19.9722    % 
UB: 129.4423898531375
branching on 2 with b.
751    349    29         107.8937   129.4424   19.9722    % 
UB: 129.4423898531375
branching on 2 with b.
752    350    30         107.8937   129.4424   19.9722    % 
UB: 129.4423898531375
branching on 3 with b.
753    351    30         107.8937   129.4424   19.9722    % 
UB: 129.4423898531375
branching on 3 with b.
754    352    29         107.8937   129.4424   19.9722    % 
UB: 129.4423898531375
branching on 2 with b.
755    353    26         107.8937   129.4424   19.9722    % 
UB: 129.4423898531375
branching on 3 with b.
756    354    26         107.8937   129.4424   19.9722    % 
LB close or above UB, fathomed
757    353    28         107.8937   129.4424   19.9722    % 
UB: 129.4423898531375
branching on 1 with b.
758    354    29         107.8937   129.4424   19.9722    % 
UB: 129.4423898531375
branching on 2 with b.
759    355    29         107.8937   129.4424   19.9722    % 
UB: 129.4423898531375
branching on 2 with b.
760    356    28         107.8937   129.4424   19.9722    % 
LB close or above UB, fathomed
761    355    30         107.8937   129.4424   19.9722    % 
LB close or above UB, fathomed
762    354    30         107.8937   129.4424   19.9722    % 
UB: 129.4423898531375
branching on 3 with b.
763    355    30         107.8937   129.4424   19.9722    % 
LB close or above UB, fathomed
764    354    30         107.8937   129.4424   19.9722    % 
UB: 129.4423898531375
branching on 3 with b.
765    355    30         107.8937   129.4424   19.9722    % 
LB close or above UB, fathomed
766    354    30         107.8937   129.4424   19.9722    % 
UB: 129.4423898531375
branching on 3 with b.
767    355    30         107.8937   129.4424   19.9722    % 
LB close or above UB, fathomed
768    354    30         107.8937   129.4424   19.9722    % 
UB: 129.4423898531375
branching on 3 with b.
769    355    30         107.8937   129.4424   19.9722    % 
LB close or above UB, fathomed
770    354    30         107.8937   129.4424   19.9722    % 
UB: 129.4423898531375
branching on 3 with b.
771    355    30         107.8937   129.4424   19.9722    % 
LB close or above UB, fathomed
772    354    30         107.8937   129.4424   19.9722    % 
UB: 129.4423898531375
branching on 3 with b.
773    355    30         107.8937   129.4424   19.9722    % 
LB close or above UB, fathomed
774    354    30         107.8937   129.4424   19.9722    % 
UB: 129.4423898531375
branching on 3 with b.
775    355    30         107.8937   129.4424   19.9722    % 
LB close or above UB, fathomed
776    354    30         107.8937   129.4424   19.9722    % 
UB: 129.4423898531375
branching on 3 with b.
777    355    24         107.8937   129.4424   19.9722    % 
UB: 129.4423898531375
branching on 1 with b.
778    356    24         107.8937   129.4424   19.9722    % 
UB: 129.4423898531375
branching on 1 with b.
779    357    29         107.8937   129.4424   19.9722    % 
UB: 129.4423898531375
branching on 2 with b.
780    358    29         107.8937   129.4424   19.9722    % 
UB: 129.4423898531375
branching on 2 with b.
781    359    29         107.8937   129.4424   19.9722    % 
UB: 129.4423898531375
branching on 2 with b.
782    360    29         107.8937   129.4424   19.9722    % 
UB: 129.4423898531375
branching on 2 with b.
783    361    28         107.8937   129.4424   19.9722    % 
UB: 129.4423898531375
branching on 1 with b.
784    362    29         107.8937   129.4424   19.9722    % 
UB: 129.4423898531375
branching on 2 with b.
785    363    30         107.8937   129.4424   19.9722    % 
LB close or above UB, fathomed
786    362    30         107.8937   129.4424   19.9722    % 
UB: 129.4423898531375
branching on 3 with b.
787    363    29         107.8937   129.4424   19.9722    % 
UB: 129.4423898531375
branching on 2 with b.
788    364    28         107.8937   129.4424   19.9722    % 
LB close or above UB, fathomed
789    363    11         107.8937   129.4424   19.9722    % 
LB close or above UB, fathomed
790    362    11         107.8937   129.4424   19.9722    % 
UB: 129.4423898531375
branching on 1 with b.
791    363    27         107.8937   129.4424   19.9722    % 
LB close or above UB, fathomed
792    362    27         107.8937   129.4424   19.9722    % 
UB: 129.4423898531375
branching on 1 with b.
793    363    27         107.8937   129.4424   19.9722    % 
UB: 129.4423898531375
branching on 3 with b.
794    364    27         107.8937   129.4424   19.9722    % 
UB: 129.4423898531375
branching on 3 with b.
795    365    15         107.8937   129.4424   19.9722    % 
UB: 129.4423898531375
branching on CartesianIndex(3, 3) with a.
796    366    16         107.8937   129.4424   19.9722    % 
UB: 129.4423898531375
branching on CartesianIndex(1, 4) with c.
797    367    17         107.8937   129.4424   19.9722    % 
UB: 129.4423898531375
branching on CartesianIndex(1, 5) with c.
798    368    18         107.8937   129.4424   19.9722    % 
LB close or above UB, fathomed
799    367    18         107.8937   129.4424   19.9722    % 
UB: 129.4423898531375
branching on CartesianIndex(1, 6) with c.
800    368    19         107.8937   129.4424   19.9722    % 
LB close or above UB, fathomed
801    367    19         107.8937   129.4424   19.9722    % 
UB: 129.4423898531375
branching on CartesianIndex(1, 7) with c.
802    368    20         107.8937   129.4424   19.9722    % 
UB: 129.4423898531375
branching on 3 with b.
803    369    20         107.8937   129.4424   19.9722    % 
UB: 129.4423898531375
branching on 3 with b.
804    370    17         107.8937   129.4424   19.9722    % 
LB close or above UB, fathomed
805    369    16         107.8937   129.4424   19.9722    % 
UB: 129.4423898531375
branching on CartesianIndex(1, 4) with c.
806    370    15         107.8937   129.4424   19.9722    % 
UB: 129.4423898531375
branching on 3 with b.
807    371    28         107.8937   129.4424   19.9722    % 
UB: 129.4423898531375
branching on 1 with b.
808    372    28         107.8937   129.4424   19.9722    % 
UB: 129.4423898531375
branching on 1 with b.
809    373    27         107.8937   129.4424   19.9722    % 
UB: 129.4423898531375
branching on 3 with b.
810    374    27         107.8937   129.4424   19.9722    % 
UB: 129.4423898531375
branching on 3 with b.
811    375    28         107.8937   129.4424   19.9722    % 
UB: 129.4423898531375
branching on 1 with b.
812    376    28         107.8937   129.4424   19.9722    % 
UB: 129.4423898531375
branching on 1 with b.
813    377    28         107.8937   129.4424   19.9722    % 
UB: 129.4423898531375
branching on 1 with b.
814    378    29         107.8937   129.4424   19.9722    % 
UB: 129.4423898531375
branching on 2 with b.
815    379    30         107.8937   129.4424   19.9722    % 
UB: 129.4423898531375
branching on 3 with b.
816    380    30         107.8937   129.4424   19.9722    % 
UB: 129.4423898531375
branching on 3 with b.
817    381    29         107.8937   129.4424   19.9722    % 
UB: 129.4423898531375
branching on 2 with b.
818    382    28         107.8937   129.4424   19.9722    % 
UB: 129.4423898531375
branching on 1 with b.
819    383    29         107.8937   129.4424   19.9722    % 
UB: 129.4423898531375
branching on 2 with b.
820    384    30         107.8937   129.4424   19.9722    % 
UB: 129.4423898531375
branching on 3 with b.
821    385    30         107.8937   129.4424   19.9722    % 
UB: 129.4423898531375
branching on 3 with b.
822    386    29         107.8937   129.4424   19.9722    % 
UB: 129.4423898531375
branching on 2 with b.
823    387    27         107.8937   129.4424   19.9722    % 
UB: 129.4423898531375
branching on 3 with b.
824    388    27         107.8937   129.4424   19.9722    % 
UB: 129.4423898531375
branching on 3 with b.
825    389    25         107.8937   129.4424   19.9722    % 
UB: 129.4423898531375
branching on 1 with b.
826    390    25         107.8937   129.4424   19.9722    % 
UB: 129.4423898531375
branching on 1 with b.
827    391    26         107.8937   129.4424   19.9722    % 
UB: 129.4423898531375
branching on 2 with b.
828    392    26         107.8937   129.4424   19.9722    % 
UB: 129.4423898531375
branching on 2 with b.
829    393    25         107.8937   129.4424   19.9722    % 
UB: 129.4423898531375
branching on 1 with b.
830    394    26         107.8937   129.4424   19.9722    % 
UB: 129.4423898531375
branching on 2 with b.
831    395    27         107.8937   129.4424   19.9722    % 
LB close or above UB, fathomed
832    394    27         107.8937   129.4424   19.9722    % 
UB: 129.4423898531375
branching on 3 with b.
833    395    26         107.8937   129.4424   19.9722    % 
UB: 129.4423898531375
branching on 2 with b.
834    396    25         107.8937   129.4424   19.9722    % 
UB: 129.4423898531375
branching on 1 with b.
835    397    25         107.8937   129.4424   19.9722    % 
UB: 129.4423898531375
branching on 1 with b.
836    398    26         107.8937   129.4424   19.9722    % 
UB: 129.4423898531375
branching on 2 with b.
837    399    27         107.8937   129.4424   19.9722    % 
LB close or above UB, fathomed
838    398    27         107.8937   129.4424   19.9722    % 
UB: 129.4423898531375
branching on 3 with b.
839    399    26         107.8937   129.4424   19.9722    % 
UB: 129.4423898531375
branching on 2 with b.
840    400    25         107.8937   129.4424   19.9722    % 
UB: 129.4423898531375
branching on 1 with b.
841    401    18         107.8937   129.4424   19.9722    % 
LB close or above UB, fathomed
842    400    18         107.8937   129.4424   19.9722    % 
UB: 129.4423898531375
branching on CartesianIndex(1, 6) with c.
843    401    19         107.8937   129.4424   19.9722    % 
UB: 129.4423898531375
branching on CartesianIndex(1, 7) with c.
844    402    20         107.8937   129.4424   19.9722    % 
LB close or above UB, fathomed
845    401    20         107.8937   129.4424   19.9722    % 
UB: 129.4423898531375
branching on 1 with b.
846    402    21         107.8937   129.4424   19.9722    % 
UB: 129.4423898531375
branching on 2 with b.
847    403    21         107.8937   129.4424   19.9722    % 
UB: 129.4423898531375
branching on 2 with b.
848    404    19         107.8937   129.4424   19.9722    % 
LB close or above UB, fathomed
849    403    21         107.8937   129.4424   19.9722    % 
UB: 129.4423898531375
branching on 1 with b.
850    404    22         107.8937   129.4424   19.9722    % 
UB: 129.4423898531375
branching on 2 with b.
851    405    22         107.8937   129.4424   19.9722    % 
UB: 129.4423898531375
branching on 2 with b.
852    406    21         107.8937   129.4424   19.9722    % 
LB close or above UB, fathomed
853    405    15         108.2925   129.4424   19.5304    % 
LB close or above UB, fathomed
854    404    15         108.2925   129.4424   19.5304    % 
UB: 129.4423898531375
branching on CartesianIndex(1, 4) with c.
855    405    16         109.6394   129.4424   18.0619    % 
UB: 129.4423898531375
branching on 2 with b.
856    406    16         109.6394   129.4424   18.0619    % 
LB close or above UB, fathomed
857    405    14         109.6394   129.4424   18.0619    % 
UB: 129.4423898531375
branching on 2 with b.
858    406    15         109.6394   129.4424   18.0619    % 
UB: 129.4423898531375
branching on 1 with b.
859    407    16         109.6394   129.4424   18.0619    % 
UB: 129.4423898531375
branching on 2 with b.
860    408    16         109.6394   129.4424   18.0619    % 
UB: 129.4423898531375
branching on 2 with b.
861    409    15         109.6394   129.4424   18.0619    % 
LB close or above UB, fathomed
862    408    14         109.6394   129.4424   18.0619    % 
LB close or above UB, fathomed
863    407    18         109.6758   129.4424   18.0227    % 
UB: 129.4423898531375
branching on CartesianIndex(1, 5) with c.
864    408    18         109.6758   129.4424   18.0227    % 
LB close or above UB, fathomed
865    407    19         109.6758   129.4424   18.0227    % 
LB close or above UB, fathomed
866    406    19         109.6758   129.4424   18.0227    % 
UB: 129.4423898531375
branching on CartesianIndex(1, 6) with c.
867    407    20         109.6758   129.4424   18.0227    % 
UB: 129.4423898531375
branching on CartesianIndex(1, 7) with c.
868    408    21         109.6758   129.4424   18.0227    % 
LB close or above UB, fathomed
869    407    21         109.6758   129.4424   18.0227    % 
UB: 129.4423898531375
branching on 1 with b.
870    408    22         109.6758   129.4424   18.0227    % 
UB: 129.4423898531375
branching on 2 with b.
871    409    22         109.6758   129.4424   18.0227    % 
UB: 129.4423898531375
branching on 2 with b.
872    410    20         109.6758   129.4424   18.0227    % 
LB close or above UB, fathomed
873    409    25         109.6894   129.4424   18.0081    % 
UB: 129.4423898531375
branching on 1 with b.
874    410    26         109.6894   129.4424   18.0081    % 
UB: 129.4423898531375
branching on 2 with b.
875    411    26         109.6894   129.4424   18.0081    % 
UB: 129.4423898531375
branching on 2 with b.
876    412    25         109.6894   129.4424   18.0081    % 
UB: 129.4423898531375
branching on 1 with b.
877    413    27         109.6894   129.4424   18.0081    % 
UB: 129.4423898531375
branching on 3 with b.
878    414    27         109.6894   129.4424   18.0081    % 
UB: 129.4423898531375
branching on 3 with b.
879    415    17         109.6894   129.4424   18.0081    % 
UB: 129.4423898531375
branching on CartesianIndex(1, 5) with c.
880    416    17         109.6894   129.4424   18.0081    % 
LB close or above UB, fathomed
881    415    25         109.6894   129.4424   18.0081    % 
UB: 129.4423898531375
branching on 1 with b.
882    416    25         109.6894   129.4424   18.0081    % 
UB: 129.4423898531375
branching on 1 with b.
883    417    26         109.6894   129.4424   18.0081    % 
UB: 129.4423898531375
branching on 2 with b.
884    418    26         109.6894   129.4424   18.0081    % 
UB: 129.4423898531375
branching on 2 with b.
885    419    18         109.6894   129.4424   18.0081    % 
LB close or above UB, fathomed
886    418    18         109.6894   129.4424   18.0081    % 
UB: 129.4423898531375
branching on 3 with b.
887    419    19         109.6894   129.4424   18.0081    % 
UB: 129.4423898531375
branching on CartesianIndex(1, 6) with c.
888    420    20         109.6894   129.4424   18.0081    % 
LB close or above UB, fathomed
889    419    20         109.6894   129.4424   18.0081    % 
UB: 129.4423898531375
branching on CartesianIndex(1, 7) with c.
890    420    21         109.6894   129.4424   18.0081    % 
UB: 129.4423898531375
branching on 1 with b.
891    421    21         109.6894   129.4424   18.0081    % 
UB: 129.4423898531375
branching on 1 with b.
892    422    19         109.6894   129.4424   18.0081    % 
UB: 129.4423898531375
branching on CartesianIndex(1, 6) with c.
893    423    22         109.6894   129.4424   18.0081    % 
UB: 129.4423898531375
branching on 2 with b.
894    424    22         109.6894   129.4424   18.0081    % 
LB close or above UB, fathomed
895    423    22         109.6894   129.4424   18.0081    % 
UB: 129.4423898531375
branching on 2 with b.
896    424    22         109.6894   129.4424   18.0081    % 
LB close or above UB, fathomed
897    423    14         109.6894   129.4424   18.0081    % 
UB: 129.4423898531375
branching on CartesianIndex(3, 3) with a.
898    424    14         109.6894   129.4424   18.0081    % 
UB: 129.4423898531375
branching on CartesianIndex(1, 4) with c.
899    425    26         109.6894   129.4424   18.0081    % 
UB: 129.4423898531375
branching on 2 with b.
900    426    27         109.6894   129.4424   18.0081    % 
LB close or above UB, fathomed
901    425    27         109.6894   129.4424   18.0081    % 
UB: 129.4423898531375
branching on 3 with b.
902    426    26         109.6894   129.4424   18.0081    % 
UB: 129.4423898531375
branching on 2 with b.
903    427    27         109.6894   129.4424   18.0081    % 
LB close or above UB, fathomed
904    426    27         109.6894   129.4424   18.0081    % 
UB: 129.4423898531375
branching on 3 with b.
905    427    27         109.6894   129.4424   18.0081    % 
LB close or above UB, fathomed
906    426    27         109.6894   129.4424   18.0081    % 
UB: 129.4423898531375
branching on 3 with b.
907    427    30         109.6894   129.4424   18.0081    % 
LB close or above UB, fathomed
908    426    30         109.6894   129.4424   18.0081    % 
UB: 129.4423898531375
branching on 3 with b.
909    427    30         109.6894   129.4424   18.0081    % 
LB close or above UB, fathomed
910    426    30         109.6894   129.4424   18.0081    % 
UB: 129.4423898531375
branching on 3 with b.
911    427    28         109.6894   129.4424   18.0081    % 
UB: 129.4423898531375
branching on 1 with b.
912    428    28         109.6894   129.4424   18.0081    % 
UB: 129.4423898531375
branching on 1 with b.
913    429    29         109.6894   129.4424   18.0081    % 
UB: 129.4423898531375
branching on 2 with b.
914    430    30         109.6894   129.4424   18.0081    % 
UB: 129.4423898531375
branching on 3 with b.
915    431    30         109.6894   129.4424   18.0081    % 
UB: 129.4423898531375
branching on 3 with b.
916    432    29         109.6894   129.4424   18.0081    % 
UB: 129.4423898531375
branching on 2 with b.
917    433    15         109.6894   129.4424   18.0081    % 
UB: 129.4423898531375
branching on CartesianIndex(1, 5) with c.
918    434    16         109.6894   129.4424   18.0081    % 
LB close or above UB, fathomed
919    433    16         109.6894   129.4424   18.0081    % 
UB: 129.4423898531375
branching on CartesianIndex(1, 6) with c.
920    434    17         109.6894   129.4424   18.0081    % 
UB: 129.4423898531375
branching on CartesianIndex(1, 7) with c.
921    435    17         109.6894   129.4424   18.0081    % 
UB: 129.4423898531375
branching on 2 with b.
922    436    18         109.6894   129.4424   18.0081    % 
UB: 129.4423898531375
branching on CartesianIndex(1, 7) with c.
923    437    19         109.6894   129.4424   18.0081    % 
UB: 129.4423898531375
branching on 3 with b.
924    438    19         109.6894   129.4424   18.0081    % 
UB: 129.4423898531375
branching on 3 with b.
925    439    20         109.6894   129.4424   18.0081    % 
UB: 129.4423898531375
branching on 1 with b.
926    440    21         109.6894   129.4424   18.0081    % 
UB: 129.4423898531375
branching on 2 with b.
927    441    21         109.6894   129.4424   18.0081    % 
UB: 129.4423898531375
branching on 2 with b.
928    442    20         109.6894   129.4424   18.0081    % 
UB: 129.4423898531375
branching on 1 with b.
929    443    21         109.6894   129.4424   18.0081    % 
UB: 129.4423898531375
branching on 2 with b.
930    444    21         109.6894   129.4424   18.0081    % 
UB: 129.4423898531375
branching on 2 with b.
931    445    18         109.6894   129.4424   18.0081    % 
LB close or above UB, fathomed
932    444    15         109.6894   129.4424   18.0081    % 
LB close or above UB, fathomed
933    443    15         109.6894   129.4424   18.0081    % 
UB: 129.4423898531375
branching on 2 with b.
934    444    15         109.6894   129.4424   18.0081    % 
UB: 129.4423898531375
branching on CartesianIndex(1, 4) with c.
935    445    16         109.6894   129.4424   18.0081    % 
UB: 129.4423898531375
branching on 2 with b.
936    446    17         109.6894   129.4424   18.0081    % 
UB: 129.4423898531375
branching on CartesianIndex(1, 5) with c.
937    447    18         109.6894   129.4424   18.0081    % 
LB close or above UB, fathomed
938    446    18         109.6894   129.4424   18.0081    % 
UB: 129.4423898531375
branching on CartesianIndex(1, 6) with c.
939    447    19         109.6894   129.4424   18.0081    % 
LB close or above UB, fathomed
940    446    19         109.6894   129.4424   18.0081    % 
UB: 129.4423898531375
branching on CartesianIndex(1, 7) with c.
941    447    20         109.6894   129.4424   18.0081    % 
UB: 129.4423898531375
branching on 3 with b.
942    448    21         109.6894   129.4424   18.0081    % 
UB: 129.4423898531375
branching on 1 with b.
943    449    22         109.6894   129.4424   18.0081    % 
UB: 129.4423898531375
branching on 2 with b.
944    450    22         109.6894   129.4424   18.0081    % 
UB: 129.4423898531375
branching on 2 with b.
945    451    21         109.6894   129.4424   18.0081    % 
UB: 129.4423898531375
branching on 1 with b.
946    452    22         109.6894   129.4424   18.0081    % 
UB: 129.4423898531375
branching on 2 with b.
947    453    22         109.6894   129.4424   18.0081    % 
UB: 129.4423898531375
branching on 2 with b.
948    454    20         109.6894   129.4424   18.0081    % 
UB: 129.4423898531375
branching on 3 with b.
949    455    17         109.6894   129.4424   18.0081    % 
LB close or above UB, fathomed
950    454    16         109.6894   129.4424   18.0081    % 
LB close or above UB, fathomed
951    453    20         109.6894   129.4424   18.0081    % 
LB close or above UB, fathomed
952    452    20         109.6894   129.4424   18.0081    % 
UB: 129.4423898531375
branching on CartesianIndex(1, 7) with c.
953    453    21         109.6894   129.4424   18.0081    % 
UB: 129.4423898531375
branching on 1 with b.
954    454    22         109.6894   129.4424   18.0081    % 
UB: 129.4423898531375
branching on 2 with b.
955    455    22         109.6894   129.4424   18.0081    % 
LB close or above UB, fathomed
956    454    21         109.6894   129.4424   18.0081    % 
UB: 129.4423898531375
branching on 1 with b.
957    455    22         109.6894   129.4424   18.0081    % 
UB: 129.4423898531375
branching on 2 with b.
958    456    22         109.6894   129.4424   18.0081    % 
LB close or above UB, fathomed
959    455    22         109.6894   129.4424   18.0081    % 
UB: 129.4423898531375
branching on 3 with b.
960    456    23         109.6894   129.4424   18.0081    % 
LB close or above UB, fathomed
961    455    23         109.6894   129.4424   18.0081    % 
UB: 129.4423898531375
branching on 1 with b.
962    456    24         109.6894   129.4424   18.0081    % 
UB: 129.4423898531375
branching on 2 with b.
963    457    24         109.6894   129.4424   18.0081    % 
UB: 129.4423898531375
branching on 2 with b.
964    458    22         109.6894   129.4424   18.0081    % 
LB close or above UB, fathomed
965    457    28         109.6894   129.4424   18.0081    % 
UB: 129.4423898531375
branching on 1 with b.
966    458    28         109.6894   129.4424   18.0081    % 
UB: 129.4423898531375
branching on 1 with b.
967    459    29         109.6894   129.4424   18.0081    % 
UB: 129.4423898531375
branching on 2 with b.
968    460    29         109.6894   129.4424   18.0081    % 
UB: 129.4423898531375
branching on 2 with b.
969    461    30         109.6894   129.4424   18.0081    % 
LB close or above UB, fathomed
970    460    30         109.6894   129.4424   18.0081    % 
UB: 129.4423898531375
branching on 3 with b.
971    461    26         109.6894   129.4424   18.0081    % 
UB: 129.4423898531375
branching on 2 with b.
972    462    27         109.6894   129.4424   18.0081    % 
LB close or above UB, fathomed
973    461    27         109.6894   129.4424   18.0081    % 
UB: 129.4423898531375
branching on 3 with b.
974    462    26         109.6894   129.4424   18.0081    % 
UB: 129.4423898531375
branching on 2 with b.
975    463    30         109.6894   129.4424   18.0081    % 
UB: 129.4423898531375
branching on 3 with b.
976    464    30         109.6894   129.4424   18.0081    % 
UB: 129.4423898531375
branching on 3 with b.
977    465    30         109.6894   129.4424   18.0081    % 
UB: 129.4423898531375
branching on 3 with b.
978    466    30         109.6894   129.4424   18.0081    % 
UB: 129.4423898531375
branching on 3 with b.
979    467    29         109.6894   129.4424   18.0081    % 
UB: 129.4423898531375
branching on 2 with b.
980    468    30         109.6894   129.4424   18.0081    % 
UB: 129.4423898531375
branching on 3 with b.
981    469    30         109.6894   129.4424   18.0081    % 
UB: 129.4423898531375
branching on 3 with b.
982    470    29         109.6894   129.4424   18.0081    % 
UB: 129.4423898531375
branching on 2 with b.
983    471    29         109.6894   129.4424   18.0081    % 
UB: 129.4423898531375
branching on 2 with b.
984    472    30         109.6894   129.4424   18.0081    % 
UB: 129.4423898531375
branching on 3 with b.
985    473    30         109.6894   129.4424   18.0081    % 
UB: 129.4423898531375
branching on 3 with b.
986    474    29         109.6894   129.4424   18.0081    % 
UB: 129.4423898531375
branching on 2 with b.
987    475    29         109.6894   129.4424   18.0081    % 
UB: 129.4423898531375
branching on 2 with b.
988    476    29         109.6894   129.4424   18.0081    % 
UB: 129.4423898531375
branching on 2 with b.
989    477    16         109.6894   129.4424   18.0081    % 
UB: 129.4423898531375
branching on CartesianIndex(1, 4) with c.
990    478    16         109.6894   129.4424   18.0081    % 
UB: 129.4423898531375
branching on CartesianIndex(1, 4) with c.
991    479    17         109.6894   129.4424   18.0081    % 
UB: 129.4423898531375
branching on CartesianIndex(1, 5) with c.
992    480    18         109.6894   129.4424   18.0081    % 
LB close or above UB, fathomed
993    479    18         109.6894   129.4424   18.0081    % 
UB: 129.4423898531375
branching on CartesianIndex(1, 6) with c.
994    480    19         109.6894   129.4424   18.0081    % 
LB close or above UB, fathomed
995    479    19         109.6894   129.4424   18.0081    % 
UB: 129.4423898531375
branching on CartesianIndex(1, 7) with c.
996    480    20         109.6894   129.4424   18.0081    % 
UB: 129.4423898531375
branching on 1 with b.
997    481    21         109.6894   129.4424   18.0081    % 
UB: 129.4423898531375
branching on 2 with b.
998    482    21         109.6894   129.4424   18.0081    % 
LB close or above UB, fathomed
999    481    20         109.6894   129.4424   18.0081    % 
UB: 129.4423898531375
branching on 1 with b.
1000   482    21         109.6894   129.4424   18.0081    % 
UB: 129.4423898531375
branching on 2 with b.
1001   483    21         109.6894   129.4424   18.0081    % 
LB close or above UB, fathomed
1002   482    17         109.6894   129.4424   18.0081    % 
LB close or above UB, fathomed
1003   481    21         109.6894   129.4424   18.0081    % 
UB: 129.4423898531375
branching on 1 with b.
1004   482    22         109.6894   129.4424   18.0081    % 
UB: 129.4423898531375
branching on 2 with b.
1005   483    22         109.6894   129.4424   18.0081    % 
LB close or above UB, fathomed
1006   482    21         109.6894   129.4424   18.0081    % 
UB: 129.4423898531375
branching on 1 with b.
1007   483    22         109.6894   129.4424   18.0081    % 
UB: 129.4423898531375
branching on 2 with b.
1008   484    22         109.6894   129.4424   18.0081    % 
LB close or above UB, fathomed
1009   483    21         109.6894   129.4424   18.0081    % 
LB close or above UB, fathomed
1010   482    21         109.6894   129.4424   18.0081    % 
UB: 129.4423898531375
branching on 1 with b.
1011   483    22         109.6894   129.4424   18.0081    % 
UB: 129.4423898531375
branching on 2 with b.
1012   484    22         109.6894   129.4424   18.0081    % 
LB close or above UB, fathomed
1013   483    30         109.6894   129.4424   18.0081    % 
LB close or above UB, fathomed
1014   482    30         109.6894   129.4424   18.0081    % 
UB: 129.4423898531375
branching on 3 with b.
1015   483    30         109.6894   129.4424   18.0081    % 
LB close or above UB, fathomed
1016   482    30         109.6894   129.4424   18.0081    % 
UB: 129.4423898531375
branching on 3 with b.
1017   483    30         109.6894   129.4424   18.0081    % 
LB close or above UB, fathomed
1018   482    30         109.6894   129.4424   18.0081    % 
UB: 129.4423898531375
branching on 3 with b.
1019   483    30         109.6894   129.4424   18.0081    % 
UB: 129.4423898531375
branching on 3 with b.
1020   484    30         109.6894   129.4424   18.0081    % 
UB: 129.4423898531375
branching on 3 with b.
1021   485    30         109.6894   129.4424   18.0081    % 
UB: 129.4423898531375
branching on 3 with b.
1022   486    30         109.6894   129.4424   18.0081    % 
UB: 129.4423898531375
branching on 3 with b.
1023   487    17         109.6894   129.4424   18.0081    % 
UB: 129.4423898531375
branching on 2 with b.
1024   488    17         109.6894   129.4424   18.0081    % 
UB: 129.4423898531375
branching on 2 with b.
1025   489    18         109.6894   129.4424   18.0081    % 
UB: 129.4423898531375
branching on 3 with b.
1026   490    19         109.6894   129.4424   18.0081    % 
UB: 129.4423898531375
branching on 1 with b.
1027   491    20         109.6894   129.4424   18.0081    % 
UB: 129.4423898531375
branching on 2 with b.
1028   492    20         109.6894   129.4424   18.0081    % 
UB: 129.4423898531375
branching on 2 with b.
1029   493    19         109.6894   129.4424   18.0081    % 
UB: 129.4423898531375
branching on 1 with b.
1030   494    20         109.6894   129.4424   18.0081    % 
UB: 129.4423898531375
branching on 2 with b.
1031   495    20         109.6894   129.4424   18.0081    % 
UB: 129.4423898531375
branching on 2 with b.
1032   496    18         109.6894   129.4424   18.0081    % 
LB close or above UB, fathomed
1033   495    28         109.6894   129.4424   18.0081    % 
UB: 129.4423898531375
branching on 1 with b.
1034   496    29         109.6894   129.4424   18.0081    % 
UB: 129.4423898531375
branching on 2 with b.
1035   497    30         109.6894   129.4424   18.0081    % 
LB close or above UB, fathomed
1036   496    30         109.6894   129.4424   18.0081    % 
UB: 129.4423898531375
branching on 3 with b.
1037   497    29         109.6894   129.4424   18.0081    % 
UB: 129.4423898531375
branching on 2 with b.
1038   498    28         109.6894   129.4424   18.0081    % 
UB: 129.4423898531375
branching on 1 with b.
1039   499    28         109.6894   129.4424   18.0081    % 
UB: 129.4423898531375
branching on 1 with b.
1040   500    28         109.6894   129.4424   18.0081    % 
UB: 129.4423898531375
branching on 1 with b.
1041   501    29         109.6894   129.4424   18.0081    % 
UB: 129.4423898531375
branching on 2 with b.
1042   502    30         109.6894   129.4424   18.0081    % 
LB close or above UB, fathomed
1043   501    30         109.6894   129.4424   18.0081    % 
UB: 129.4423898531375
branching on 3 with b.
1044   502    29         109.6894   129.4424   18.0081    % 
UB: 129.4423898531375
branching on 2 with b.
1045   503    29         109.6894   129.4424   18.0081    % 
UB: 129.4423898531375
branching on 2 with b.
1046   504    30         109.6894   129.4424   18.0081    % 
LB close or above UB, fathomed
1047   503    30         109.6894   129.4424   18.0081    % 
UB: 129.4423898531375
branching on 3 with b.
1048   504    29         109.6894   129.4424   18.0081    % 
UB: 129.4423898531375
branching on 2 with b.
1049   505    29         109.6894   129.4424   18.0081    % 
UB: 129.4423898531375
branching on 2 with b.
1050   506    30         109.6894   129.4424   18.0081    % 
LB close or above UB, fathomed
1051   505    30         109.6894   129.4424   18.0081    % 
UB: 129.4423898531375
branching on 3 with b.
1052   506    29         109.6894   129.4424   18.0081    % 
UB: 129.4423898531375
branching on 2 with b.
1053   507    30         109.6894   129.4424   18.0081    % 
LB close or above UB, fathomed
1054   506    30         109.6894   129.4424   18.0081    % 
UB: 129.4423898531375
branching on 3 with b.
1055   507    23         109.6894   129.4424   18.0081    % 
UB: 129.4423898531375
branching on 3 with b.
1056   508    24         109.6894   129.4424   18.0081    % 
UB: 129.4423898531375
branching on 1 with b.
1057   509    24         109.6894   129.4424   18.0081    % 
UB: 129.4423898531375
branching on 1 with b.
1058   510    23         109.6894   129.4424   18.0081    % 
LB close or above UB, fathomed
1059   509    22         109.6894   129.4424   18.0081    % 
UB: 129.4423898531375
branching on 2 with b.
1060   510    22         109.6894   129.4424   18.0081    % 
LB close or above UB, fathomed
1061   509    19         109.6894   129.4424   18.0081    % 
UB: 129.4423898531375
branching on 1 with b.
1062   510    20         109.6894   129.4424   18.0081    % 
UB: 129.4423898531375
branching on 2 with b.
1063   511    20         109.6894   129.4424   18.0081    % 
LB close or above UB, fathomed
1064   510    19         109.6894   129.4424   18.0081    % 
UB: 129.4423898531375
branching on 1 with b.
1065   511    20         109.6894   129.4424   18.0081    % 
UB: 129.4423898531375
branching on 2 with b.
1066   512    20         109.6894   129.4424   18.0081    % 
LB close or above UB, fathomed
1067   511    19         109.6894   129.4424   18.0081    % 
UB: 129.4423898531375
branching on 1 with b.
1068   512    20         109.6894   129.4424   18.0081    % 
UB: 129.4423898531375
branching on 2 with b.
1069   513    20         109.6894   129.4424   18.0081    % 
LB close or above UB, fathomed
1070   512    19         109.6894   129.4424   18.0081    % 
UB: 129.4423898531375
branching on 1 with b.
1071   513    20         109.6894   129.4424   18.0081    % 
UB: 129.4423898531375
branching on 2 with b.
1072   514    20         109.6894   129.4424   18.0081    % 
LB close or above UB, fathomed
1073   513    28         109.6894   129.4424   18.0081    % 
UB: 129.4423898531375
branching on 1 with b.
1074   514    29         109.6894   129.4424   18.0081    % 
UB: 129.4423898531375
branching on 2 with b.
1075   515    29         109.6894   129.4424   18.0081    % 
UB: 129.4423898531375
branching on 2 with b.
1076   516    28         109.6894   129.4424   18.0081    % 
UB: 129.4423898531375
branching on 1 with b.
1077   517    29         109.6894   129.4424   18.0081    % 
UB: 129.4423898531375
branching on 2 with b.
1078   518    29         109.6894   129.4424   18.0081    % 
UB: 129.4423898531375
branching on 2 with b.
1079   519    28         109.6894   129.4424   18.0081    % 
UB: 129.4423898531375
branching on 1 with b.
1080   520    29         109.6894   129.4424   18.0081    % 
UB: 129.4423898531375
branching on 2 with b.
1081   521    30         109.6894   129.4424   18.0081    % 
UB: 129.4423898531375
branching on 3 with b.
1082   522    30         109.6894   129.4424   18.0081    % 
UB: 129.4423898531375
branching on 3 with b.
1083   523    29         109.6894   129.4424   18.0081    % 
UB: 129.4423898531375
branching on 2 with b.
1084   524    28         109.6894   129.4424   18.0081    % 
LB close or above UB, fathomed
1085   523    21         109.6894   129.4424   18.0081    % 
UB: 129.4423898531375
branching on 1 with b.
1086   524    22         109.6894   129.4424   18.0081    % 
UB: 129.4423898531375
branching on 2 with b.
1087   525    22         109.6894   129.4424   18.0081    % 
LB close or above UB, fathomed
1088   524    21         109.6894   129.4424   18.0081    % 
UB: 129.4423898531375
branching on 1 with b.
1089   525    22         109.6894   129.4424   18.0081    % 
UB: 129.4423898531375
branching on 2 with b.
1090   526    22         109.6894   129.4424   18.0081    % 
LB close or above UB, fathomed
1091   525    20         109.6894   129.4424   18.0081    % 
UB: 129.4423898531375
branching on 1 with b.
1092   526    21         109.6894   129.4424   18.0081    % 
UB: 129.4423898531375
branching on 2 with b.
1093   527    21         109.6894   129.4424   18.0081    % 
LB close or above UB, fathomed
1094   526    20         109.6894   129.4424   18.0081    % 
UB: 129.4423898531375
branching on 1 with b.
1095   527    21         109.6894   129.4424   18.0081    % 
UB: 129.4423898531375
branching on 2 with b.
1096   528    21         109.6894   129.4424   18.0081    % 
LB close or above UB, fathomed
1097   527    27         109.6894   129.4424   18.0081    % 
UB: 129.4423898531375
branching on 3 with b.
1098   528    27         109.6894   129.4424   18.0081    % 
UB: 129.4423898531375
branching on 3 with b.
1099   529    28         109.6894   129.4424   18.0081    % 
UB: 129.4423898531375
branching on 1 with b.
1100   530    29         109.6894   129.4424   18.0081    % 
UB: 129.4423898531375
branching on 2 with b.
1101   531    30         109.6894   129.4424   18.0081    % 
UB: 129.4423898531375
branching on 3 with b.
1102   532    30         109.6894   129.4424   18.0081    % 
UB: 129.4423898531375
branching on 3 with b.
1103   533    29         109.6894   129.4424   18.0081    % 
UB: 129.4423898531375
branching on 2 with b.
1104   534    28         109.6894   129.4424   18.0081    % 
UB: 129.4423898531375
branching on 1 with b.
1105   535    29         109.6894   129.4424   18.0081    % 
UB: 129.4423898531375
branching on 2 with b.
1106   536    30         109.6894   129.4424   18.0081    % 
UB: 129.4423898531375
branching on 3 with b.
1107   537    30         109.6894   129.4424   18.0081    % 
UB: 129.4423898531375
branching on 3 with b.
1108   538    29         109.6894   129.4424   18.0081    % 
UB: 129.4423898531375
branching on 2 with b.
1109   539    27         109.6894   129.4424   18.0081    % 
LB close or above UB, fathomed
1110   538    27         109.6894   129.4424   18.0081    % 
UB: 129.4423898531375
branching on 3 with b.
1111   539    21         109.6894   129.4424   18.0081    % 
LB close or above UB, fathomed
1112   538    21         109.6894   129.4424   18.0081    % 
UB: 129.4423898531375
branching on 1 with b.
1113   539    22         109.6894   129.4424   18.0081    % 
UB: 129.4423898531375
branching on 2 with b.
1114   540    22         109.6894   129.4424   18.0081    % 
UB: 129.4423898531375
branching on 2 with b.
1115   541    16         109.6894   129.4424   18.0081    % 
LB close or above UB, fathomed
1116   540    16         109.6894   129.4424   18.0081    % 
UB: 129.4423898531375
branching on 3 with b.
1117   541    17         109.6894   129.4424   18.0081    % 
UB: 129.4423898531375
branching on CartesianIndex(1, 6) with c.
1118   542    18         109.6894   129.4424   18.0081    % 
UB: 129.4423898531375
branching on CartesianIndex(1, 7) with c.
1119   543    19         109.6894   129.4424   18.0081    % 
LB close or above UB, fathomed
1120   542    19         109.6894   129.4424   18.0081    % 
UB: 129.4423898531375
branching on 1 with b.
1121   543    20         109.6894   129.4424   18.0081    % 
UB: 129.4423898531375
branching on 2 with b.
1122   544    20         109.6894   129.4424   18.0081    % 
LB close or above UB, fathomed
1123   543    18         109.6894   129.4424   18.0081    % 
UB: 129.4423898531375
branching on CartesianIndex(1, 7) with c.
1124   544    19         109.6894   129.4424   18.0081    % 
LB close or above UB, fathomed
1125   543    19         109.6894   129.4424   18.0081    % 
UB: 129.4423898531375
branching on 1 with b.
1126   544    20         109.6894   129.4424   18.0081    % 
UB: 129.4423898531375
branching on 2 with b.
1127   545    20         109.6894   129.4424   18.0081    % 
LB close or above UB, fathomed
1128   544    17         109.6894   129.4424   18.0081    % 
UB: 129.4423898531375
branching on CartesianIndex(1, 6) with c.
1129   545    18         109.6894   129.4424   18.0081    % 
LB close or above UB, fathomed
1130   544    18         109.6894   129.4424   18.0081    % 
UB: 129.4423898531375
branching on 1 with b.
1131   545    19         109.6894   129.4424   18.0081    % 
UB: 129.4423898531375
branching on CartesianIndex(1, 7) with c.
1132   546    19         109.6894   129.4424   18.0081    % 
LB close or above UB, fathomed
1133   545    16         109.6894   129.4424   18.0081    % 
UB: 129.4423898531375
branching on CartesianIndex(1, 5) with c.
1134   546    17         109.6894   129.4424   18.0081    % 
LB close or above UB, fathomed
1135   545    17         109.6894   129.4424   18.0081    % 
UB: 129.4423898531375
branching on CartesianIndex(1, 6) with c.
1136   546    18         109.6894   129.4424   18.0081    % 
UB: 129.4423898531375
branching on CartesianIndex(1, 7) with c.
1137   547    19         109.6894   129.4424   18.0081    % 
LB close or above UB, fathomed
1138   546    19         109.6894   129.4424   18.0081    % 
UB: 129.4423898531375
branching on 3 with b.
1139   547    20         109.6894   129.4424   18.0081    % 
UB: 129.4423898531375
branching on 1 with b.
1140   548    21         109.6894   129.4424   18.0081    % 
UB: 129.4423898531375
branching on 2 with b.
1141   549    21         109.6894   129.4424   18.0081    % 
UB: 129.4423898531375
branching on 2 with b.
1142   550    20         109.6894   129.4424   18.0081    % 
UB: 129.4423898531375
branching on 1 with b.
1143   551    21         109.6894   129.4424   18.0081    % 
UB: 129.4423898531375
branching on 2 with b.
1144   552    21         109.6894   129.4424   18.0081    % 
UB: 129.4423898531375
branching on 2 with b.
1145   553    18         109.6894   129.4424   18.0081    % 
UB: 129.4423898531375
branching on CartesianIndex(1, 7) with c.
1146   554    16         109.6894   129.4424   18.0081    % 
LB close or above UB, fathomed
1147   553    12         109.6894   129.4424   18.0081    % 
UB: 129.4423898531375
branching on 2 with b.
1148   554    13         109.6894   129.4424   18.0081    % 
LB close or above UB, fathomed
1149   553    13         109.6894   129.4424   18.0081    % 
UB: 129.4423898531375
branching on CartesianIndex(1, 5) with c.
1150   554    14         109.6894   129.4424   18.0081    % 
LB close or above UB, fathomed
1151   553    14         109.6894   129.4424   18.0081    % 
UB: 129.4423898531375
branching on CartesianIndex(1, 6) with c.
1152   554    15         109.6894   129.4424   18.0081    % 
UB: 129.4423898531375
branching on 3 with b.
1153   555    16         109.6894   129.4424   18.0081    % 
UB: 129.4423898531375
branching on CartesianIndex(1, 7) with c.
1154   556    16         109.6894   129.4424   18.0081    % 
LB close or above UB, fathomed
1155   555    15         109.6894   129.4424   18.0081    % 
LB close or above UB, fathomed
1156   554    12         109.6894   129.4424   18.0081    % 
LB close or above UB, fathomed
1157   553    24         109.6894   129.4424   18.0081    % 
UB: 129.4423898531375
branching on 3 with b.
1158   554    24         109.6894   129.4424   18.0081    % 
LB close or above UB, fathomed
1159   553    19         109.6894   129.4424   18.0081    % 
LB close or above UB, fathomed
1160   552    19         109.6894   129.4424   18.0081    % 
UB: 129.4423898531375
branching on 1 with b.
1161   553    20         109.6894   129.4424   18.0081    % 
UB: 129.4423898531375
branching on 2 with b.
1162   554    20         109.6894   129.4424   18.0081    % 
UB: 129.4423898531375
branching on 2 with b.
1163   555    23         109.6894   129.4424   18.0081    % 
LB close or above UB, fathomed
1164   554    23         109.6894   129.4424   18.0081    % 
UB: 129.4423898531375
branching on 3 with b.
1165   555    24         109.6894   129.4424   18.0081    % 
LB close or above UB, fathomed
1166   554    24         109.6894   129.4424   18.0081    % 
UB: 129.4423898531375
branching on 1 with b.
1167   555    19         109.6894   129.4424   18.0081    % 
LB close or above UB, fathomed
1168   554    19         109.6894   129.4424   18.0081    % 
UB: 129.4423898531375
branching on 3 with b.
1169   555    20         109.6894   129.4424   18.0081    % 
UB: 129.4423898531375
branching on 1 with b.
1170   556    21         109.6894   129.4424   18.0081    % 
UB: 129.4423898531375
branching on 2 with b.
1171   557    21         109.6894   129.4424   18.0081    % 
UB: 129.4423898531375
branching on 2 with b.
1172   558    20         109.6894   129.4424   18.0081    % 
UB: 129.4423898531375
branching on 1 with b.
1173   559    21         109.6894   129.4424   18.0081    % 
UB: 129.4423898531375
branching on 2 with b.
1174   560    21         109.6894   129.4424   18.0081    % 
UB: 129.4423898531375
branching on 2 with b.
1175   561    21         109.6894   129.4424   18.0081    % 
UB: 129.4423898531375
branching on 1 with b.
1176   562    22         109.6894   129.4424   18.0081    % 
UB: 129.4423898531375
branching on 2 with b.
1177   563    22         109.6894   129.4424   18.0081    % 
UB: 129.4423898531375
branching on 2 with b.
1178   564    21         109.6894   129.4424   18.0081    % 
UB: 129.4423898531375
branching on 1 with b.
1179   565    22         109.6894   129.4424   18.0081    % 
UB: 129.4423898531375
branching on 2 with b.
1180   566    22         109.6894   129.4424   18.0081    % 
UB: 129.4423898531375
branching on 2 with b.
1181   567    16         109.6894   129.4424   18.0081    % 
UB: 129.4423898531375
branching on 3 with b.
1182   568    17         109.6894   129.4424   18.0081    % 
UB: 129.4423898531375
branching on CartesianIndex(1, 4) with c.
1183   569    17         109.6894   129.4424   18.0081    % 
UB: 129.4423898531375
branching on CartesianIndex(1, 4) with c.
1184   570    16         109.6894   129.4424   18.0081    % 
LB close or above UB, fathomed
1185   569    21         109.6894   129.4424   18.0081    % 
UB: 129.4423898531375
branching on 1 with b.
1186   570    22         109.6894   129.4424   18.0081    % 
UB: 129.4423898531375
branching on 2 with b.
1187   571    22         109.6894   129.4424   18.0081    % 
LB close or above UB, fathomed
1188   570    21         109.6894   129.4424   18.0081    % 
UB: 129.4423898531375
branching on 1 with b.
1189   571    22         109.6894   129.4424   18.0081    % 
UB: 129.4423898531375
branching on 2 with b.
1190   572    22         109.6894   129.4424   18.0081    % 
LB close or above UB, fathomed
1191   571    21         109.6894   129.4424   18.0081    % 
LB close or above UB, fathomed
1192   570    21         109.6894   129.4424   18.0081    % 
UB: 129.4423898531375
branching on 1 with b.
1193   571    22         109.6894   129.4424   18.0081    % 
UB: 129.4423898531375
branching on 2 with b.
1194   572    22         109.6894   129.4424   18.0081    % 
UB: 129.4423898531375
branching on 2 with b.
1195   573    17         109.6894   129.4424   18.0081    % 
UB: 129.4423898531375
branching on CartesianIndex(1, 4) with c.
1196   574    17         109.6894   129.4424   18.0081    % 
UB: 129.4423898531375
branching on CartesianIndex(1, 4) with c.
1197   575    19         109.6894   129.4424   18.0081    % 
LB close or above UB, fathomed
1198   574    19         109.6894   129.4424   18.0081    % 
UB: 129.4423898531375
branching on 1 with b.
1199   575    20         109.6894   129.4424   18.0081    % 
UB: 129.4423898531375
branching on 2 with b.
1200   576    20         109.6894   129.4424   18.0081    % 
UB: 129.4423898531375
branching on 2 with b.
1201   577    18         109.6894   129.4424   18.0081    % 
UB: 129.4423898531375
branching on CartesianIndex(1, 5) with c.
1202   578    19         109.6894   129.4424   18.0081    % 
LB close or above UB, fathomed
1203   577    19         109.6894   129.4424   18.0081    % 
UB: 129.4423898531375
branching on CartesianIndex(1, 6) with c.
1204   578    20         109.6894   129.4424   18.0081    % 
UB: 129.4423898531375
branching on CartesianIndex(1, 7) with c.
1205   579    21         109.6894   129.4424   18.0081    % 
LB close or above UB, fathomed
1206   578    21         109.6894   129.4424   18.0081    % 
UB: 129.4423898531375
branching on 1 with b.
1207   579    22         109.6894   129.4424   18.0081    % 
UB: 129.4423898531375
branching on 2 with b.
1208   580    22         109.6894   129.4424   18.0081    % 
UB: 129.4423898531375
branching on 2 with b.
1209   581    20         109.6894   129.4424   18.0081    % 
UB: 129.4423898531375
branching on CartesianIndex(1, 7) with c.
1210   582    21         109.6894   129.4424   18.0081    % 
LB close or above UB, fathomed
1211   581    21         109.6894   129.4424   18.0081    % 
UB: 129.4423898531375
branching on 1 with b.
1212   582    22         109.6894   129.4424   18.0081    % 
UB: 129.4423898531375
branching on 2 with b.
1213   583    22         109.6894   129.4424   18.0081    % 
UB: 129.4423898531375
branching on 2 with b.
1214   584    18         109.6894   129.4424   18.0081    % 
LB close or above UB, fathomed
1215   583    18         109.6894   129.4424   18.0081    % 
UB: 129.4423898531375
branching on CartesianIndex(1, 5) with c.
1216   584    19         109.6894   129.4424   18.0081    % 
LB close or above UB, fathomed
1217   583    19         109.6894   129.4424   18.0081    % 
UB: 129.4423898531375
branching on CartesianIndex(1, 6) with c.
1218   584    20         109.6894   129.4424   18.0081    % 
LB close or above UB, fathomed
1219   583    20         109.6894   129.4424   18.0081    % 
UB: 129.4423898531375
branching on CartesianIndex(1, 7) with c.
1220   584    21         109.6894   129.4424   18.0081    % 
UB: 129.4423898531375
branching on 1 with b.
1221   585    22         109.6894   129.4424   18.0081    % 
UB: 129.4423898531375
branching on 2 with b.
1222   586    22         109.6894   129.4424   18.0081    % 
UB: 129.4423898531375
branching on 2 with b.
1223   587    21         109.6894   129.4424   18.0081    % 
UB: 129.4423898531375
branching on 1 with b.
1224   588    22         109.6894   129.4424   18.0081    % 
UB: 129.4423898531375
branching on 2 with b.
1225   589    22         109.6894   129.4424   18.0081    % 
UB: 129.4423898531375
branching on 2 with b.
1226   590    18         109.6894   129.4424   18.0081    % 
LB close or above UB, fathomed
1227   589    18         109.6894   129.4424   18.0081    % 
UB: 129.4423898531375
branching on CartesianIndex(1, 5) with c.
1228   590    19         109.6894   129.4424   18.0081    % 
LB close or above UB, fathomed
1229   589    19         109.6894   129.4424   18.0081    % 
UB: 129.4423898531375
branching on CartesianIndex(1, 6) with c.
1230   590    20         109.6894   129.4424   18.0081    % 
LB close or above UB, fathomed
1231   589    20         109.6894   129.4424   18.0081    % 
UB: 129.4423898531375
branching on 1 with b.
1232   590    21         109.6894   129.4424   18.0081    % 
UB: 129.4423898531375
branching on CartesianIndex(1, 7) with c.
1233   591    21         109.6894   129.4424   18.0081    % 
UB: 129.4423898531375
branching on 2 with b.
1234   592    18         109.6894   129.4424   18.0081    % 
LB close or above UB, fathomed
1235   591    18         109.6894   129.4424   18.0081    % 
UB: 129.4423898531375
branching on 3 with b.
1236   592    19         109.6894   129.4424   18.0081    % 
LB close or above UB, fathomed
1237   591    19         109.6894   129.4424   18.0081    % 
UB: 129.4423898531375
branching on 1 with b.
1238   592    20         109.6894   129.4424   18.0081    % 
UB: 129.4423898531375
branching on 2 with b.
1239   593    20         109.6894   129.4424   18.0081    % 
UB: 129.4423898531375
branching on 2 with b.
1240   594    18         109.6894   129.4424   18.0081    % 
LB close or above UB, fathomed
1241   593    17         109.6894   129.4424   18.0081    % 
UB: 129.4423898531375
branching on 1 with b.
1242   594    18         109.6894   129.4424   18.0081    % 
UB: 129.4423898531375
branching on CartesianIndex(1, 5) with c.
1243   595    18         109.6894   129.4424   18.0081    % 
LB close or above UB, fathomed
1244   594    17         109.6894   129.4424   18.0081    % 
LB close or above UB, fathomed
1245   593    18         109.6894   129.4424   18.0081    % 
LB close or above UB, fathomed
1246   592    18         109.6894   129.4424   18.0081    % 
UB: 129.4423898531375
branching on 2 with b.
1247   593    19         109.6894   129.4424   18.0081    % 
UB: 129.4423898531375
branching on 3 with b.
1248   594    20         109.6894   129.4424   18.0081    % 
UB: 129.4423898531375
branching on 1 with b.
1249   595    21         109.6894   129.4424   18.0081    % 
UB: 129.4423898531375
branching on 2 with b.
1250   596    21         109.6894   129.4424   18.0081    % 
UB: 129.4423898531375
branching on 2 with b.
1251   597    20         109.6894   129.4424   18.0081    % 
UB: 129.4423898531375
branching on 1 with b.
1252   598    21         109.6894   129.4424   18.0081    % 
UB: 129.4423898531375
branching on 2 with b.
1253   599    21         109.6894   129.4424   18.0081    % 
UB: 129.4423898531375
branching on 2 with b.
1254   600    19         109.6894   129.4424   18.0081    % 
LB close or above UB, fathomed
1255   599    20         109.6894   129.4424   18.0081    % 
UB: 129.4423898531375
branching on 1 with b.
1256   600    21         109.6894   129.4424   18.0081    % 
UB: 129.4423898531375
branching on 2 with b.
1257   601    21         109.6894   129.4424   18.0081    % 
LB close or above UB, fathomed
1258   600    20         109.6894   129.4424   18.0081    % 
UB: 129.4423898531375
branching on 1 with b.
1259   601    21         109.6894   129.4424   18.0081    % 
UB: 129.4423898531375
branching on 2 with b.
1260   602    21         109.6894   129.4424   18.0081    % 
LB close or above UB, fathomed
1261   601    18         109.6894   129.4424   18.0081    % 
UB: 129.4423898531375
branching on CartesianIndex(1, 5) with c.
1262   602    19         109.6894   129.4424   18.0081    % 
LB close or above UB, fathomed
1263   601    19         109.6894   129.4424   18.0081    % 
UB: 129.4423898531375
branching on 1 with b.
1264   602    18         109.6894   129.4424   18.0081    % 
LB close or above UB, fathomed
1265   601    20         109.6894   129.4424   18.0081    % 
UB: 129.4423898531375
branching on CartesianIndex(1, 6) with c.
1266   602    20         109.6894   129.4424   18.0081    % 
UB: 129.4423898531375
branching on CartesianIndex(1, 6) with c.
1267   603    12         109.7378   129.4424   17.9561    % 
LB close or above UB, fathomed
1268   602    12         109.7378   129.4424   17.9561    % 
UB: 129.4423898531375
branching on CartesianIndex(1, 2) with a.
1269   603    13         109.7378   129.4424   17.9561    % 
UB: 129.4423898531375
branching on CartesianIndex(2, 2) with a.
1270   604    13         109.7378   129.4424   17.9561    % 
LB close or above UB, fathomed
1271   603    13         109.9570   129.4424   17.7209    % 
LB close or above UB, fathomed
1272   602    13         109.9570   129.4424   17.7209    % 
UB: 129.4423898531375
branching on CartesianIndex(1, 3) with a.
1273   603    14         109.9570   129.4424   17.7209    % 
LB close or above UB, fathomed
1274   602    14         109.9570   129.4424   17.7209    % 
UB: 129.4423898531375
branching on CartesianIndex(1, 4) with c.
1275   603    28         111.4775   129.4424   16.1152    % 
UB: 129.4423898531375
branching on 1 with b.
1276   604    29         111.4775   129.4424   16.1152    % 
UB: 129.4423898531375
branching on 2 with b.
1277   605    29         111.4775   129.4424   16.1152    % 
UB: 129.4423898531375
branching on 2 with b.
1278   606    28         111.4775   129.4424   16.1152    % 
LB close or above UB, fathomed
1279   605    27         111.4851   129.4424   16.1073    % 
UB: 129.4423898531375
branching on 3 with b.
1280   606    27         111.4851   129.4424   16.1073    % 
UB: 129.4423898531375
branching on 3 with b.
1281   607    26         111.4851   129.4424   16.1073    % 
UB: 129.4423898531375
branching on 2 with b.
1282   608    27         111.4851   129.4424   16.1073    % 
UB: 129.4423898531375
branching on 3 with b.
1283   609    27         111.4851   129.4424   16.1073    % 
UB: 129.4423898531375
branching on 3 with b.
1284   610    26         111.4851   129.4424   16.1073    % 
UB: 129.4423898531375
branching on 2 with b.
1285   611    17         111.4851   129.4424   16.1073    % 
LB close or above UB, fathomed
1286   610    17         111.4851   129.4424   16.1073    % 
UB: 129.4423898531375
branching on 1 with b.
1287   611    30         111.4851   129.4424   16.1073    % 
UB: 129.4423898531375
branching on 3 with b.
1288   612    30         111.4851   129.4424   16.1073    % 
UB: 129.4423898531375
branching on 3 with b.
1289   613    27         111.4851   129.4424   16.1073    % 
UB: 129.4423898531375
branching on 3 with b.
1290   614    27         111.4851   129.4424   16.1073    % 
UB: 129.4423898531375
branching on 3 with b.
1291   615    27         111.4851   129.4424   16.1073    % 
LB close or above UB, fathomed
1292   614    27         111.4851   129.4424   16.1073    % 
UB: 129.4423898531375
branching on 3 with b.
1293   615    28         111.4851   129.4424   16.1073    % 
UB: 129.4423898531375
branching on 1 with b.
1294   616    28         111.4851   129.4424   16.1073    % 
UB: 129.4423898531375
branching on 1 with b.
1295   617    29         111.4851   129.4424   16.1073    % 
UB: 129.4423898531375
branching on 2 with b.
1296   618    30         111.4851   129.4424   16.1073    % 
UB: 129.4423898531375
branching on 3 with b.
1297   619    30         111.4851   129.4424   16.1073    % 
UB: 129.4423898531375
branching on 3 with b.
1298   620    29         111.4851   129.4424   16.1073    % 
UB: 129.4423898531375
branching on 2 with b.
1299   621    27         111.4851   129.4424   16.1073    % 
UB: 129.4423898531375
branching on 1 with b.
1300   622    27         111.4851   129.4424   16.1073    % 
LB close or above UB, fathomed
1301   621    27         111.4851   129.4424   16.1073    % 
UB: 129.4423898531375
branching on 1 with b.
1302   622    27         111.4851   129.4424   16.1073    % 
LB close or above UB, fathomed
1303   621    21         111.4851   129.4424   16.1073    % 
UB: 129.4423898531375
branching on 3 with b.
1304   622    22         111.4851   129.4424   16.1073    % 
UB: 129.4423898531375
branching on 1 with b.
1305   623    23         111.4851   129.4424   16.1073    % 
UB: 129.4423898531375
branching on 2 with b.
1306   624    23         111.4851   129.4424   16.1073    % 
UB: 129.4423898531375
branching on 2 with b.
1307   625    22         111.4851   129.4424   16.1073    % 
LB close or above UB, fathomed
1308   624    21         111.4851   129.4424   16.1073    % 
LB close or above UB, fathomed
1309   623    30         111.4851   129.4424   16.1073    % 
UB: 129.4423898531375
branching on 3 with b.
1310   624    30         111.4851   129.4424   16.1073    % 
UB: 129.4423898531375
branching on 3 with b.
1311   625    30         111.4851   129.4424   16.1073    % 
UB: 129.4423898531375
branching on 3 with b.
1312   626    30         111.4851   129.4424   16.1073    % 
UB: 129.4423898531375
branching on 3 with b.
1313   627    29         111.4851   129.4424   16.1073    % 
UB: 129.4423898531375
branching on 2 with b.
1314   628    29         111.4851   129.4424   16.1073    % 
UB: 129.4423898531375
branching on 2 with b.
1315   629    29         111.4851   129.4424   16.1073    % 
UB: 129.4423898531375
branching on 2 with b.
1316   630    30         111.4851   129.4424   16.1073    % 
LB close or above UB, fathomed
1317   629    30         111.4851   129.4424   16.1073    % 
UB: 129.4423898531375
branching on 3 with b.
1318   630    29         111.4851   129.4424   16.1073    % 
UB: 129.4423898531375
branching on 2 with b.
1319   631    30         111.4851   129.4424   16.1073    % 
UB: 129.4423898531375
branching on 3 with b.
1320   632    30         111.4851   129.4424   16.1073    % 
UB: 129.4423898531375
branching on 3 with b.
1321   633    30         111.4851   129.4424   16.1073    % 
LB close or above UB, fathomed
1322   632    30         111.4851   129.4424   16.1073    % 
UB: 129.4423898531375
branching on 3 with b.
1323   633    28         111.4851   129.4424   16.1073    % 
UB: 129.4423898531375
branching on 1 with b.
1324   634    28         111.4851   129.4424   16.1073    % 
UB: 129.4423898531375
branching on 1 with b.
1325   635    27         111.4851   129.4424   16.1073    % 
LB close or above UB, fathomed
1326   634    27         111.4851   129.4424   16.1073    % 
UB: 129.4423898531375
branching on 3 with b.
1327   635    28         111.4851   129.4424   16.1073    % 
UB: 129.4423898531375
branching on 1 with b.
1328   636    29         111.4851   129.4424   16.1073    % 
UB: 129.4423898531375
branching on 2 with b.
1329   637    29         111.4851   129.4424   16.1073    % 
UB: 129.4423898531375
branching on 2 with b.
1330   638    30         111.4851   129.4424   16.1073    % 
LB close or above UB, fathomed
1331   637    30         111.4851   129.4424   16.1073    % 
UB: 129.4423898531375
branching on 3 with b.
1332   638    28         111.4851   129.4424   16.1073    % 
LB close or above UB, fathomed
1333   637    28         111.4851   129.4424   16.1073    % 
UB: 129.4423898531375
branching on 1 with b.
1334   638    29         111.4851   129.4424   16.1073    % 
UB: 129.4423898531375
branching on 2 with b.
1335   639    30         111.4851   129.4424   16.1073    % 
LB close or above UB, fathomed
1336   638    30         111.4851   129.4424   16.1073    % 
UB: 129.4423898531375
branching on 3 with b.
1337   639    29         111.4851   129.4424   16.1073    % 
UB: 129.4423898531375
branching on 2 with b.
1338   640    28         111.4851   129.4424   16.1073    % 
UB: 129.4423898531375
branching on 1 with b.
1339   641    29         111.4851   129.4424   16.1073    % 
UB: 129.4423898531375
branching on 2 with b.
1340   642    30         111.4851   129.4424   16.1073    % 
LB close or above UB, fathomed
1341   641    30         111.4851   129.4424   16.1073    % 
UB: 129.4423898531375
branching on 3 with b.
1342   642    29         111.4851   129.4424   16.1073    % 
UB: 129.4423898531375
branching on 2 with b.
1343   643    27         111.4851   129.4424   16.1073    % 
UB: 129.4423898531375
branching on 3 with b.
1344   644    27         111.4851   129.4424   16.1073    % 
LB close or above UB, fathomed
1345   643    24         111.4851   129.4424   16.1073    % 
UB: 129.4423898531375
branching on 3 with b.
1346   644    24         111.4851   129.4424   16.1073    % 
LB close or above UB, fathomed
1347   643    24         111.4851   129.4424   16.1073    % 
UB: 129.4423898531375
branching on 3 with b.
1348   644    24         111.4851   129.4424   16.1073    % 
LB close or above UB, fathomed
1349   643    18         111.4851   129.4424   16.1073    % 
LB close or above UB, fathomed
1350   642    18         111.4851   129.4424   16.1073    % 
UB: 129.4423898531375
branching on 2 with b.
1351   643    25         111.4851   129.4424   16.1073    % 
LB close or above UB, fathomed
1352   642    25         111.4851   129.4424   16.1073    % 
UB: 129.4423898531375
branching on 2 with b.
1353   643    28         111.4851   129.4424   16.1073    % 
UB: 129.4423898531375
branching on 1 with b.
1354   644    28         111.4851   129.4424   16.1073    % 
UB: 129.4423898531375
branching on 1 with b.
1355   645    29         111.4851   129.4424   16.1073    % 
UB: 129.4423898531375
branching on 2 with b.
1356   646    29         111.4851   129.4424   16.1073    % 
UB: 129.4423898531375
branching on 2 with b.
1357   647    30         111.4851   129.4424   16.1073    % 
UB: 129.4423898531375
branching on 3 with b.
1358   648    30         111.4851   129.4424   16.1073    % 
UB: 129.4423898531375
branching on 3 with b.
1359   649    30         111.4851   129.4424   16.1073    % 
LB close or above UB, fathomed
1360   648    30         111.4851   129.4424   16.1073    % 
UB: 129.4423898531375
branching on 3 with b.
1361   649    30         111.4851   129.4424   16.1073    % 
LB close or above UB, fathomed
1362   648    30         111.4851   129.4424   16.1073    % 
UB: 129.4423898531375
branching on 3 with b.
1363   649    30         111.4851   129.4424   16.1073    % 
LB close or above UB, fathomed
1364   648    30         111.4851   129.4424   16.1073    % 
UB: 129.4423898531375
branching on 3 with b.
1365   649    20         111.4851   129.4424   16.1073    % 
LB close or above UB, fathomed
1366   648    20         111.4851   129.4424   16.1073    % 
UB: 129.4423898531375
branching on 1 with b.
1367   649    21         111.4851   129.4424   16.1073    % 
UB: 129.4423898531375
branching on 2 with b.
1368   650    21         111.4851   129.4424   16.1073    % 
UB: 129.4423898531375
branching on 2 with b.
1369   651    28         111.4851   129.4424   16.1073    % 
UB: 129.4423898531375
branching on 1 with b.
1370   652    29         111.4851   129.4424   16.1073    % 
UB: 129.4423898531375
branching on 2 with b.
1371   653    29         111.4851   129.4424   16.1073    % 
UB: 129.4423898531375
branching on 2 with b.
1372   654    30         111.4851   129.4424   16.1073    % 
LB close or above UB, fathomed
1373   653    30         111.4851   129.4424   16.1073    % 
UB: 129.4423898531375
branching on 3 with b.
1374   654    28         111.4851   129.4424   16.1073    % 
UB: 129.4423898531375
branching on 1 with b.
1375   655    29         111.4851   129.4424   16.1073    % 
UB: 129.4423898531375
branching on 2 with b.
1376   656    30         111.4851   129.4424   16.1073    % 
LB close or above UB, fathomed
1377   655    30         111.4851   129.4424   16.1073    % 
UB: 129.4423898531375
branching on 3 with b.
1378   656    29         111.4851   129.4424   16.1073    % 
UB: 129.4423898531375
branching on 2 with b.
1379   657    30         111.4851   129.4424   16.1073    % 
LB close or above UB, fathomed
1380   656    30         111.4851   129.4424   16.1073    % 
UB: 129.4423898531375
branching on 3 with b.
1381   657    29         111.4851   129.4424   16.1073    % 
UB: 129.4423898531375
branching on 2 with b.
1382   658    29         111.4851   129.4424   16.1073    % 
UB: 129.4423898531375
branching on 2 with b.
1383   659    27         111.4851   129.4424   16.1073    % 
LB close or above UB, fathomed
1384   658    27         111.4851   129.4424   16.1073    % 
UB: 129.4423898531375
branching on 3 with b.
1385   659    27         111.4851   129.4424   16.1073    % 
LB close or above UB, fathomed
1386   658    27         111.4851   129.4424   16.1073    % 
UB: 129.4423898531375
branching on 3 with b.
1387   659    30         111.4851   129.4424   16.1073    % 
LB close or above UB, fathomed
1388   658    30         111.4851   129.4424   16.1073    % 
UB: 129.4423898531375
branching on 3 with b.
1389   659    30         111.4851   129.4424   16.1073    % 
LB close or above UB, fathomed
1390   658    30         111.4851   129.4424   16.1073    % 
UB: 129.4423898531375
branching on 3 with b.
1391   659    28         111.4851   129.4424   16.1073    % 
UB: 129.4423898531375
branching on 1 with b.
1392   660    29         111.4851   129.4424   16.1073    % 
UB: 129.4423898531375
branching on 2 with b.
1393   661    30         111.4851   129.4424   16.1073    % 
UB: 129.4423898531375
branching on 3 with b.
1394   662    30         111.4851   129.4424   16.1073    % 
UB: 129.4423898531375
branching on 3 with b.
1395   663    29         111.4851   129.4424   16.1073    % 
UB: 129.4423898531375
branching on 2 with b.
1396   664    28         111.4851   129.4424   16.1073    % 
LB close or above UB, fathomed
1397   663    29         111.4851   129.4424   16.1073    % 
UB: 129.4423898531375
branching on 3 with b.
1398   664    29         111.4851   129.4424   16.1073    % 
UB: 129.4423898531375
branching on 3 with b.
1399   665    26         111.4851   129.4424   16.1073    % 
UB: 129.4423898531375
branching on 3 with b.
1400   666    26         111.4851   129.4424   16.1073    % 
UB: 129.4423898531375
branching on 3 with b.
1401   667    26         111.4851   129.4424   16.1073    % 
LB close or above UB, fathomed
1402   666    26         111.4851   129.4424   16.1073    % 
UB: 129.4423898531375
branching on 3 with b.
1403   667    14         112.3830   129.4424   15.1797    % 
LB close or above UB, fathomed
1404   666    14         112.3830   129.4424   15.1797    % 
UB: 129.4423898531375
branching on 2 with b.
1405   667    15         112.3830   129.4424   15.1797    % 
LB close or above UB, fathomed
1406   666    15         112.3830   129.4424   15.1797    % 
UB: 129.4423898531375
branching on CartesianIndex(1, 3) with a.
1407   667    12         112.3830   129.4424   15.1797    % 
LB close or above UB, fathomed
1408   666    12         112.3830   129.4424   15.1797    % 
LB close or above UB, fathomed
1409   665    23         113.2729   129.4424   14.2748    % 
UB: 129.4423898531375
branching on 3 with b.
1410   666    23         113.2729   129.4424   14.2748    % 
LB close or above UB, fathomed
1411   665    24         113.2729   129.4424   14.2748    % 
UB: 129.4423898531375
branching on 1 with b.
1412   666    25         113.2729   129.4424   14.2748    % 
UB: 129.4423898531375
branching on 2 with b.
1413   667    25         113.2729   129.4424   14.2748    % 
LB close or above UB, fathomed
1414   666    24         113.2729   129.4424   14.2748    % 
LB close or above UB, fathomed
1415   665    27         113.2808   129.4424   14.2668    % 
UB: 129.4423898531375
branching on 3 with b.
1416   666    27         113.2808   129.4424   14.2668    % 
LB close or above UB, fathomed
1417   665    28         113.2808   129.4424   14.2668    % 
UB: 129.4423898531375
branching on 2 with b.
1418   666    28         113.2808   129.4424   14.2668    % 
UB: 129.4423898531375
branching on 2 with b.
1419   667    28         113.2808   129.4424   14.2668    % 
UB: 129.4423898531375
branching on 2 with b.
1420   668    28         113.2808   129.4424   14.2668    % 
UB: 129.4423898531375
branching on 2 with b.
1421   669    30         113.2808   129.4424   14.2668    % 
UB: 129.4423898531375
branching on 3 with b.
1422   670    30         113.2808   129.4424   14.2668    % 
UB: 129.4423898531375
branching on 3 with b.
1423   671    30         113.2808   129.4424   14.2668    % 
LB close or above UB, fathomed
1424   670    30         113.2808   129.4424   14.2668    % 
LB close or above UB, fathomed
1425   669    30         113.2808   129.4424   14.2668    % 
LB close or above UB, fathomed
1426   668    30         113.2808   129.4424   14.2668    % 
LB close or above UB, fathomed
1427   667    30         113.2808   129.4424   14.2668    % 
LB close or above UB, fathomed
1428   666    30         113.2808   129.4424   14.2668    % 
LB close or above UB, fathomed
1429   665    30         113.2808   129.4424   14.2668    % 
LB close or above UB, fathomed
1430   664    30         113.2808   129.4424   14.2668    % 
LB close or above UB, fathomed
1431   663    24         113.2808   129.4424   14.2668    % 
UB: 129.4423898531375
branching on 3 with b.
1432   664    24         113.2808   129.4424   14.2668    % 
UB: 129.4423898531375
branching on 3 with b.
1433   665    27         113.2808   129.4424   14.2668    % 
UB: 129.4423898531375
branching on 3 with b.
1434   666    27         113.2808   129.4424   14.2668    % 
LB close or above UB, fathomed
1435   665    28         113.2808   129.4424   14.2668    % 
UB: 129.4423898531375
branching on 1 with b.
1436   666    29         113.2808   129.4424   14.2668    % 
UB: 129.4423898531375
branching on 2 with b.
1437   667    30         113.2808   129.4424   14.2668    % 
LB close or above UB, fathomed
1438   666    30         113.2808   129.4424   14.2668    % 
LB close or above UB, fathomed
1439   665    29         113.2808   129.4424   14.2668    % 
UB: 129.4423898531375
branching on 2 with b.
1440   666    28         113.2808   129.4424   14.2668    % 
LB close or above UB, fathomed
1441   665    29         113.2808   129.4424   14.2668    % 
UB: 129.4423898531375
branching on 2 with b.
1442   666    30         113.2808   129.4424   14.2668    % 
UB: 129.4423898531375
branching on 3 with b.
1443   667    30         113.2808   129.4424   14.2668    % 
UB: 129.4423898531375
branching on 3 with b.
1444   668    29         113.2808   129.4424   14.2668    % 
UB: 129.4423898531375
branching on 2 with b.
1445   669    27         113.2808   129.4424   14.2668    % 
LB close or above UB, fathomed
1446   668    27         113.2808   129.4424   14.2668    % 
UB: 129.4423898531375
branching on 3 with b.
1447   669    16         113.2808   129.4424   14.2668    % 
LB close or above UB, fathomed
1448   668    16         113.2808   129.4424   14.2668    % 
UB: 129.4423898531375
branching on CartesianIndex(1, 4) with c.
1449   669    30         113.2808   129.4424   14.2668    % 
LB close or above UB, fathomed
1450   668    30         113.2808   129.4424   14.2668    % 
UB: 129.4423898531375
branching on 3 with b.
1451   669    30         113.2808   129.4424   14.2668    % 
LB close or above UB, fathomed
1452   668    30         113.2808   129.4424   14.2668    % 
UB: 129.4423898531375
branching on 3 with b.
1453   669    26         113.2808   129.4424   14.2668    % 
UB: 129.4423898531375
branching on 3 with b.
1454   670    26         113.2808   129.4424   14.2668    % 
UB: 129.4423898531375
branching on 3 with b.
1455   671    30         113.2808   129.4424   14.2668    % 
LB close or above UB, fathomed
1456   670    30         113.2808   129.4424   14.2668    % 
UB: 129.4423898531375
branching on 3 with b.
1457   671    28         113.2808   129.4424   14.2668    % 
UB: 129.4423898531375
branching on 1 with b.
1458   672    29         113.2808   129.4424   14.2668    % 
UB: 129.4423898531375
branching on 2 with b.
1459   673    30         113.2808   129.4424   14.2668    % 
LB close or above UB, fathomed
1460   672    30         113.2808   129.4424   14.2668    % 
UB: 129.4423898531375
branching on 3 with b.
1461   673    29         113.2808   129.4424   14.2668    % 
UB: 129.4423898531375
branching on 2 with b.
1462   674    30         113.2808   129.4424   14.2668    % 
LB close or above UB, fathomed
1463   673    30         113.2808   129.4424   14.2668    % 
UB: 129.4423898531375
branching on 3 with b.
1464   674    28         113.2808   129.4424   14.2668    % 
LB close or above UB, fathomed
1465   673    29         113.2808   129.4424   14.2668    % 
UB: 129.4423898531375
branching on 2 with b.
1466   674    29         113.2808   129.4424   14.2668    % 
UB: 129.4423898531375
branching on 2 with b.
1467   675    30         113.2808   129.4424   14.2668    % 
LB close or above UB, fathomed
1468   674    30         113.2808   129.4424   14.2668    % 
UB: 129.4423898531375
branching on 3 with b.
1469   675    30         113.2808   129.4424   14.2668    % 
LB close or above UB, fathomed
1470   674    30         113.2808   129.4424   14.2668    % 
LB close or above UB, fathomed
1471   673    28         113.2808   129.4424   14.2668    % 
UB: 129.4423898531375
branching on 1 with b.
1472   674    28         113.2808   129.4424   14.2668    % 
UB: 129.4423898531375
branching on 1 with b.
1473   675    30         113.2808   129.4424   14.2668    % 
UB: 129.4423898531375
branching on 3 with b.
1474   676    30         113.2808   129.4424   14.2668    % 
UB: 129.4423898531375
branching on 3 with b.
1475   677    30         113.2808   129.4424   14.2668    % 
UB: 129.4423898531375
branching on 3 with b.
1476   678    30         113.2808   129.4424   14.2668    % 
UB: 129.4423898531375
branching on 3 with b.
1477   679    30         113.2808   129.4424   14.2668    % 
UB: 129.4423898531375
branching on 3 with b.
1478   680    30         113.2808   129.4424   14.2668    % 
UB: 129.4423898531375
branching on 3 with b.
1479   681    25         113.2808   129.4424   14.2668    % 
LB close or above UB, fathomed
1480   680    25         113.2808   129.4424   14.2668    % 
UB: 129.4423898531375
branching on 2 with b.
1481   681    30         113.2808   129.4424   14.2668    % 
UB: 129.4423898531375
branching on 3 with b.
1482   682    30         113.2808   129.4424   14.2668    % 
UB: 129.4423898531375
branching on 3 with b.
1483   683    30         113.2808   129.4424   14.2668    % 
UB: 129.4423898531375
branching on 3 with b.
1484   684    30         113.2808   129.4424   14.2668    % 
UB: 129.4423898531375
branching on 3 with b.
1485   685    29         113.2808   129.4424   14.2668    % 
UB: 129.4423898531375
branching on 2 with b.
1486   686    29         113.2808   129.4424   14.2668    % 
UB: 129.4423898531375
branching on 2 with b.
1487   687    30         113.2808   129.4424   14.2668    % 
LB close or above UB, fathomed
1488   686    30         113.2808   129.4424   14.2668    % 
UB: 129.4423898531375
branching on 3 with b.
1489   687    30         113.2808   129.4424   14.2668    % 
LB close or above UB, fathomed
1490   686    30         113.2808   129.4424   14.2668    % 
UB: 129.4423898531375
branching on 3 with b.
1491   687    29         113.2808   129.4424   14.2668    % 
UB: 129.4423898531375
branching on 3 with b.
1492   688    29         113.2808   129.4424   14.2668    % 
UB: 129.4423898531375
branching on 3 with b.
1493   689    10         113.2808   129.4424   14.2668    % 
UB: 129.4423898531375
branching on CartesianIndex(3, 3) with a.
1494   690    10         113.2808   129.4424   14.2668    % 
LB close or above UB, fathomed
1495   689    30         113.2808   129.4424   14.2668    % 
LB close or above UB, fathomed
1496   688    30         113.2808   129.4424   14.2668    % 
UB: 129.4423898531375
branching on 3 with b.
1497   689    27         113.2808   129.4424   14.2668    % 
LB close or above UB, fathomed
1498   688    27         113.2808   129.4424   14.2668    % 
UB: 129.4423898531375
branching on 1 with b.
1499   689    23         113.2808   129.4424   14.2668    % 
LB close or above UB, fathomed
1500   688    23         113.2808   129.4424   14.2668    % 
UB: 129.4423898531375
branching on 3 with b.
1501   689    24         113.2808   129.4424   14.2668    % 
UB: 129.4423898531375
branching on 1 with b.
1502   690    25         113.2808   129.4424   14.2668    % 
LB close or above UB, fathomed
1503   689    25         113.2808   129.4424   14.2668    % 
UB: 129.4423898531375
branching on 2 with b.
1504   690    24         113.2808   129.4424   14.2668    % 
LB close or above UB, fathomed
1505   689    26         115.0686   129.4424   12.4915    % 
UB: 129.4423898531375
branching on 3 with b.
1506   690    26         115.0686   129.4424   12.4915    % 
LB close or above UB, fathomed
1507   689    29         115.0766   129.4424   12.4837    % 
UB: 129.4423898531375
branching on 2 with b.
1508   690    29         115.0766   129.4424   12.4837    % 
UB: 129.4423898531375
branching on 2 with b.
1509   691    30         115.0766   129.4424   12.4837    % 
LB close or above UB, fathomed
1510   690    30         115.0766   129.4424   12.4837    % 
UB: 129.4423898531375
branching on 3 with b.
1511   691    27         115.0766   129.4424   12.4837    % 
LB close or above UB, fathomed
1512   690    27         115.0766   129.4424   12.4837    % 
UB: 129.4423898531375
branching on 1 with b.
1513   691    17         115.0766   129.4424   12.4837    % 
UB: 129.4423898531375
branching on CartesianIndex(1, 5) with c.
1514   692    18         115.0766   129.4424   12.4837    % 
LB close or above UB, fathomed
1515   691    18         115.0766   129.4424   12.4837    % 
UB: 129.4423898531375
branching on CartesianIndex(1, 6) with c.
1516   692    17         115.0766   129.4424   12.4837    % 
LB close or above UB, fathomed
1517   691    30         115.0766   129.4424   12.4837    % 
UB: 129.4423898531375
branching on 3 with b.
1518   692    30         115.0766   129.4424   12.4837    % 
UB: 129.4423898531375
branching on 3 with b.
1519   693    30         115.0766   129.4424   12.4837    % 
LB close or above UB, fathomed
1520   692    30         115.0766   129.4424   12.4837    % 
LB close or above UB, fathomed
1521   691    29         115.0766   129.4424   12.4837    % 
UB: 129.4423898531375
branching on 3 with b.
1522   692    29         115.0766   129.4424   12.4837    % 
UB: 129.4423898531375
branching on 3 with b.
1523   693    28         115.0766   129.4424   12.4837    % 
UB: 129.4423898531375
branching on 1 with b.
1524   694    28         115.0766   129.4424   12.4837    % 
UB: 129.4423898531375
branching on 1 with b.
1525   695    29         115.0766   129.4424   12.4837    % 
UB: 129.4423898531375
branching on 2 with b.
1526   696    30         115.0766   129.4424   12.4837    % 
LB close or above UB, fathomed
1527   695    30         115.0766   129.4424   12.4837    % 
LB close or above UB, fathomed
1528   694    29         115.0766   129.4424   12.4837    % 
UB: 129.4423898531375
branching on 2 with b.
1529   695    28         115.0766   129.4424   12.4837    % 
UB: 129.4423898531375
branching on 1 with b.
1530   696    29         115.0766   129.4424   12.4837    % 
UB: 129.4423898531375
branching on 2 with b.
1531   697    30         115.0766   129.4424   12.4837    % 
LB close or above UB, fathomed
1532   696    30         115.0766   129.4424   12.4837    % 
LB close or above UB, fathomed
1533   695    29         115.0766   129.4424   12.4837    % 
UB: 129.4423898531375
branching on 2 with b.
1534   696    28         115.0766   129.4424   12.4837    % 
UB: 129.4423898531375
branching on 1 with b.
1535   697    29         115.0766   129.4424   12.4837    % 
UB: 129.4423898531375
branching on 2 with b.
1536   698    29         115.0766   129.4424   12.4837    % 
UB: 129.4423898531375
branching on 2 with b.
1537   699    30         115.0766   129.4424   12.4837    % 
LB close or above UB, fathomed
1538   698    30         115.0766   129.4424   12.4837    % 
UB: 129.4423898531375
branching on 3 with b.
1539   699    24         115.0766   129.4424   12.4837    % 
UB: 129.4423898531375
branching on 3 with b.
1540   700    24         115.0766   129.4424   12.4837    % 
UB: 129.4423898531375
branching on 3 with b.
1541   701    30         115.0766   129.4424   12.4837    % 
UB: 129.4423898531375
branching on 3 with b.
1542   702    30         115.0766   129.4424   12.4837    % 
UB: 129.4423898531375
branching on 3 with b.
1543   703    29         115.0766   129.4424   12.4837    % 
UB: 129.4423898531375
branching on 2 with b.
1544   704    30         115.0766   129.4424   12.4837    % 
UB: 129.4423898531375
branching on 3 with b.
1545   705    30         115.0766   129.4424   12.4837    % 
UB: 129.4423898531375
branching on 3 with b.
1546   706    29         115.0766   129.4424   12.4837    % 
UB: 129.4423898531375
branching on 2 with b.
1547   707    15         115.0766   129.4424   12.4837    % 
UB: 129.4423898531375
branching on CartesianIndex(1, 5) with c.
1548   708    16         115.0766   129.4424   12.4837    % 
LB close or above UB, fathomed
1549   707    16         115.0766   129.4424   12.4837    % 
UB: 129.4423898531375
branching on CartesianIndex(1, 6) with c.
1550   708    17         115.0766   129.4424   12.4837    % 
UB: 129.4423898531375
branching on 1 with b.
1551   709    18         115.0766   129.4424   12.4837    % 
LB close or above UB, fathomed
1552   708    18         115.0766   129.4424   12.4837    % 
UB: 129.4423898531375
branching on CartesianIndex(1, 7) with c.
1553   709    19         115.0766   129.4424   12.4837    % 
LB close or above UB, fathomed
1554   708    19         115.0766   129.4424   12.4837    % 
UB: 129.4423898531375
branching on 2 with b.
1555   709    17         115.0766   129.4424   12.4837    % 
LB close or above UB, fathomed
1556   708    15         115.0766   129.4424   12.4837    % 
LB close or above UB, fathomed
1557   707    27         115.0766   129.4424   12.4837    % 
LB close or above UB, fathomed
1558   706    27         115.0766   129.4424   12.4837    % 
UB: 129.4423898531375
branching on 3 with b.
1559   707    16         115.0766   129.4424   12.4837    % 
UB: 129.4423898531375
branching on CartesianIndex(1, 5) with c.
1560   708    17         115.0766   129.4424   12.4837    % 
LB close or above UB, fathomed
1561   707    17         115.0766   129.4424   12.4837    % 
UB: 129.4423898531375
branching on CartesianIndex(1, 6) with c.
1562   708    18         115.0766   129.4424   12.4837    % 
UB: 129.4423898531375
branching on 2 with b.
1563   709    19         115.0766   129.4424   12.4837    % 
UB: 129.4423898531375
branching on 3 with b.
1564   710    20         115.0766   129.4424   12.4837    % 
UB: 129.4423898531375
branching on CartesianIndex(1, 7) with c.
1565   711    21         115.0766   129.4424   12.4837    % 
LB close or above UB, fathomed
1566   710    21         115.0766   129.4424   12.4837    % 
UB: 129.4423898531375
branching on 1 with b.
1567   711    22         115.0766   129.4424   12.4837    % 
UB: 129.4423898531375
branching on 2 with b.
1568   712    22         115.0766   129.4424   12.4837    % 
LB close or above UB, fathomed
1569   711    20         115.0766   129.4424   12.4837    % 
LB close or above UB, fathomed
1570   710    19         115.0766   129.4424   12.4837    % 
LB close or above UB, fathomed
1571   709    18         115.0766   129.4424   12.4837    % 
LB close or above UB, fathomed
1572   708    16         115.0766   129.4424   12.4837    % 
LB close or above UB, fathomed
1573   707    26         115.0766   129.4424   12.4837    % 
UB: 129.4423898531375
branching on 2 with b.
1574   708    26         115.0766   129.4424   12.4837    % 
UB: 129.4423898531375
branching on 2 with b.
1575   709    28         115.0766   129.4424   12.4837    % 
UB: 129.4423898531375
branching on 1 with b.
1576   710    28         115.0766   129.4424   12.4837    % 
UB: 129.4423898531375
branching on 1 with b.
1577   711    29         115.0766   129.4424   12.4837    % 
UB: 129.4423898531375
branching on 2 with b.
1578   712    29         115.0766   129.4424   12.4837    % 
UB: 129.4423898531375
branching on 2 with b.
1579   713    28         115.0766   129.4424   12.4837    % 
UB: 129.4423898531375
branching on 1 with b.
1580   714    29         115.0766   129.4424   12.4837    % 
UB: 129.4423898531375
branching on 2 with b.
1581   715    30         115.0766   129.4424   12.4837    % 
UB: 129.4423898531375
branching on 3 with b.
1582   716    30         115.0766   129.4424   12.4837    % 
UB: 129.4423898531375
branching on 3 with b.
1583   717    29         115.0766   129.4424   12.4837    % 
UB: 129.4423898531375
branching on 2 with b.
1584   718    28         115.0766   129.4424   12.4837    % 
UB: 129.4423898531375
branching on 1 with b.
1585   719    30         115.0766   129.4424   12.4837    % 
LB close or above UB, fathomed
1586   718    30         115.0766   129.4424   12.4837    % 
UB: 129.4423898531375
branching on 3 with b.
1587   719    25         115.0766   129.4424   12.4837    % 
UB: 129.4423898531375
branching on 2 with b.
1588   720    25         115.0766   129.4424   12.4837    % 
UB: 129.4423898531375
branching on 2 with b.
1589   721    27         115.0766   129.4424   12.4837    % 
UB: 129.4423898531375
branching on 1 with b.
1590   722    27         115.0766   129.4424   12.4837    % 
LB close or above UB, fathomed
1591   721    27         115.0766   129.4424   12.4837    % 
UB: 129.4423898531375
branching on 1 with b.
1592   722    27         115.0766   129.4424   12.4837    % 
LB close or above UB, fathomed
1593   721    27         115.0766   129.4424   12.4837    % 
UB: 129.4423898531375
branching on 1 with b.
1594   722    28         115.0766   129.4424   12.4837    % 
LB close or above UB, fathomed
1595   721    28         115.0766   129.4424   12.4837    % 
UB: 129.4423898531375
branching on 2 with b.
1596   722    27         115.0766   129.4424   12.4837    % 
LB close or above UB, fathomed
1597   721    20         115.0766   129.4424   12.4837    % 
LB close or above UB, fathomed
1598   720    20         115.0766   129.4424   12.4837    % 
UB: 129.4423898531375
branching on 3 with b.
1599   721    21         115.0766   129.4424   12.4837    % 
UB: 129.4423898531375
branching on 1 with b.
1600   722    22         115.0766   129.4424   12.4837    % 
LB close or above UB, fathomed
1601   721    22         115.0766   129.4424   12.4837    % 
UB: 129.4423898531375
branching on 2 with b.
1602   722    23         115.0766   129.4424   12.4837    % 
UB: 129.4423898531375
branching on 3 with b.
1603   723    24         115.0766   129.4424   12.4837    % 
UB: 129.4423898531375
branching on 1 with b.
1604   724    25         115.0766   129.4424   12.4837    % 
UB: 129.4423898531375
branching on 2 with b.
1605   725    25         115.0766   129.4424   12.4837    % 
UB: 129.4423898531375
branching on 2 with b.
1606   726    26         115.0766   129.4424   12.4837    % 
LB close or above UB, fathomed
1607   725    26         115.0766   129.4424   12.4837    % 
UB: 129.4423898531375
branching on 3 with b.
1608   726    24         115.0766   129.4424   12.4837    % 
LB close or above UB, fathomed
1609   725    23         115.0766   129.4424   12.4837    % 
LB close or above UB, fathomed
1610   724    21         115.0766   129.4424   12.4837    % 
LB close or above UB, fathomed
1611   723    11         115.0766   129.4424   12.4837    % 
LB close or above UB, fathomed
1612   722    11         115.0766   129.4424   12.4837    % 
UB: 129.4423898531375
branching on CartesianIndex(1, 4) with c.
1613   723    12         115.0766   129.4424   12.4837    % 
UB: 129.4423898531375
branching on CartesianIndex(1, 5) with c.
1614   724    13         115.0766   129.4424   12.4837    % 
LB close or above UB, fathomed
1615   723    13         115.0766   129.4424   12.4837    % 
UB: 129.4423898531375
branching on 1 with b.
1616   724    14         115.0766   129.4424   12.4837    % 
LB close or above UB, fathomed
1617   723    14         115.0766   129.4424   12.4837    % 
UB: 129.4423898531375
branching on CartesianIndex(1, 6) with c.
1618   724    12         115.0766   129.4424   12.4837    % 
LB close or above UB, fathomed
1619   723    30         115.0766   129.4424   12.4837    % 
LB close or above UB, fathomed
1620   722    30         115.0766   129.4424   12.4837    % 
UB: 129.4423898531375
branching on 3 with b.
1621   723    29         115.0766   129.4424   12.4837    % 
UB: 129.4423898531375
branching on 3 with b.
1622   724    29         115.0766   129.4424   12.4837    % 
UB: 129.4423898531375
branching on 3 with b.
1623   725    30         115.0766   129.4424   12.4837    % 
UB: 129.4423898531375
branching on 3 with b.
1624   726    30         115.0766   129.4424   12.4837    % 
UB: 129.4423898531375
branching on 3 with b.
1625   727    29         115.0766   129.4424   12.4837    % 
UB: 129.4423898531375
branching on 2 with b.
1626   728    29         115.0766   129.4424   12.4837    % 
UB: 129.4423898531375
branching on 2 with b.
1627   729    28         115.0766   129.4424   12.4837    % 
UB: 129.4423898531375
branching on 1 with b.
1628   730    28         115.0766   129.4424   12.4837    % 
UB: 129.4423898531375
branching on 1 with b.
1629   731    29         115.0766   129.4424   12.4837    % 
UB: 129.4423898531375
branching on 2 with b.
1630   732    29         115.0766   129.4424   12.4837    % 
UB: 129.4423898531375
branching on 2 with b.
1631   733    25         115.0766   129.4424   12.4837    % 
UB: 129.4423898531375
branching on 1 with b.
1632   734    25         115.0766   129.4424   12.4837    % 
UB: 129.4423898531375
branching on 1 with b.
1633   735    26         115.0766   129.4424   12.4837    % 
UB: 129.4423898531375
branching on 2 with b.
1634   736    26         115.0766   129.4424   12.4837    % 
UB: 129.4423898531375
branching on 2 with b.
1635   737    27         115.0766   129.4424   12.4837    % 
UB: 129.4423898531375
branching on 1 with b.
1636   738    27         115.0766   129.4424   12.4837    % 
LB close or above UB, fathomed
1637   737    28         115.0766   129.4424   12.4837    % 
UB: 129.4423898531375
branching on 1 with b.
1638   738    28         115.0766   129.4424   12.4837    % 
UB: 129.4423898531375
branching on 1 with b.
1639   739    7          115.0766   129.4424   12.4837    % 
LB close or above UB, fathomed
1640   738    7          115.0766   129.4424   12.4837    % 
UB: 129.4423898531375
branching on CartesianIndex(1, 4) with c.
1641   739    27         115.0766   129.4424   12.4837    % 
UB: 129.4423898531375
branching on 1 with b.
1642   740    27         115.0766   129.4424   12.4837    % 
LB close or above UB, fathomed
1643   739    19         115.0766   129.4424   12.4837    % 
UB: 129.4423898531375
branching on 3 with b.
1644   740    20         115.0766   129.4424   12.4837    % 
LB close or above UB, fathomed
1645   739    20         115.0766   129.4424   12.4837    % 
UB: 129.4423898531375
branching on CartesianIndex(1, 7) with c.
1646   740    21         115.0766   129.4424   12.4837    % 
LB close or above UB, fathomed
1647   739    21         115.0766   129.4424   12.4837    % 
UB: 129.4423898531375
branching on 1 with b.
1648   740    22         115.0766   129.4424   12.4837    % 
LB close or above UB, fathomed
1649   739    22         115.0766   129.4424   12.4837    % 
UB: 129.4423898531375
branching on 2 with b.
1650   740    19         115.0766   129.4424   12.4837    % 
LB close or above UB, fathomed
1651   739    26         115.0766   129.4424   12.4837    % 
UB: 129.4423898531375
branching on 3 with b.
1652   740    26         115.0766   129.4424   12.4837    % 
UB: 129.4423898531375
branching on 3 with b.
1653   741    22         115.0766   129.4424   12.4837    % 
UB: 129.4423898531375
branching on 3 with b.
1654   742    23         115.0766   129.4424   12.4837    % 
UB: 129.4423898531375
branching on 1 with b.
1655   743    24         115.0766   129.4424   12.4837    % 
UB: 129.4423898531375
branching on 2 with b.
1656   744    24         115.0766   129.4424   12.4837    % 
LB close or above UB, fathomed
1657   743    23         115.0766   129.4424   12.4837    % 
LB close or above UB, fathomed
1658   742    22         115.0766   129.4424   12.4837    % 
LB close or above UB, fathomed
1659   741    23         116.8587   129.4424   10.7683    % 
LB close or above UB, fathomed
1660   740    23         116.8587   129.4424   10.7683    % 
UB: 129.4423898531375
branching on 3 with b.
1661   741    24         116.8587   129.4424   10.7683    % 
UB: 129.4423898531375
branching on 1 with b.
1662   742    25         116.8587   129.4424   10.7683    % 
UB: 129.4423898531375
branching on 2 with b.
1663   743    25         116.8587   129.4424   10.7683    % 
LB close or above UB, fathomed
1664   742    24         116.8587   129.4424   10.7683    % 
LB close or above UB, fathomed
1665   741    24         116.8642   129.4424   10.7631    % 
UB: 129.4423898531375
branching on 3 with b.
1666   742    24         116.8642   129.4424   10.7631    % 
LB close or above UB, fathomed
1667   741    26         116.8723   129.4424   10.7554    % 
UB: 129.4423898531375
branching on 2 with b.
1668   742    26         116.8723   129.4424   10.7554    % 
UB: 129.4423898531375
branching on 2 with b.
1669   743    27         116.8723   129.4424   10.7554    % 
LB close or above UB, fathomed
1670   742    27         116.8723   129.4424   10.7554    % 
UB: 129.4423898531375
branching on 3 with b.
1671   743    30         116.8723   129.4424   10.7554    % 
UB: 129.4423898531375
branching on 3 with b.
1672   744    30         116.8723   129.4424   10.7554    % 
UB: 129.4423898531375
branching on 3 with b.
1673   745    30         116.8723   129.4424   10.7554    % 
LB close or above UB, fathomed
1674   744    30         116.8723   129.4424   10.7554    % 
LB close or above UB, fathomed
1675   743    28         116.8723   129.4424   10.7554    % 
UB: 129.4423898531375
branching on 2 with b.
1676   744    28         116.8723   129.4424   10.7554    % 
UB: 129.4423898531375
branching on 2 with b.
1677   745    29         116.8723   129.4424   10.7554    % 
UB: 129.4423898531375
branching on 3 with b.
1678   746    29         116.8723   129.4424   10.7554    % 
UB: 129.4423898531375
branching on 3 with b.
1679   747    28         116.8723   129.4424   10.7554    % 
UB: 129.4423898531375
branching on 2 with b.
1680   748    28         116.8723   129.4424   10.7554    % 
UB: 129.4423898531375
branching on 2 with b.
1681   749    26         116.8723   129.4424   10.7554    % 
LB close or above UB, fathomed
1682   748    26         116.8723   129.4424   10.7554    % 
LB close or above UB, fathomed
1683   747    26         116.8723   129.4424   10.7554    % 
LB close or above UB, fathomed
1684   746    26         116.8723   129.4424   10.7554    % 
LB close or above UB, fathomed
1685   745    29         116.8723   129.4424   10.7554    % 
UB: 129.4423898531375
branching on 2 with b.
1686   746    30         116.8723   129.4424   10.7554    % 
UB: 129.4423898531375
branching on 3 with b.
1687   747    30         116.8723   129.4424   10.7554    % 
UB: 129.4423898531375
branching on 3 with b.
1688   748    29         116.8723   129.4424   10.7554    % 
UB: 129.4423898531375
branching on 2 with b.
1689   749    30         116.8723   129.4424   10.7554    % 
LB close or above UB, fathomed
1690   748    30         116.8723   129.4424   10.7554    % 
UB: 129.4423898531375
branching on 3 with b.
1691   749    27         116.8723   129.4424   10.7554    % 
LB close or above UB, fathomed
1692   748    27         116.8723   129.4424   10.7554    % 
UB: 129.4423898531375
branching on 3 with b.
1693   749    30         116.8723   129.4424   10.7554    % 
LB close or above UB, fathomed
1694   748    30         116.8723   129.4424   10.7554    % 
LB close or above UB, fathomed
1695   747    29         116.8723   129.4424   10.7554    % 
UB: 129.4423898531375
branching on 2 with b.
1696   748    30         116.8723   129.4424   10.7554    % 
LB close or above UB, fathomed
1697   747    30         116.8723   129.4424   10.7554    % 
LB close or above UB, fathomed
1698   746    29         116.8723   129.4424   10.7554    % 
UB: 129.4423898531375
branching on 2 with b.
1699   747    30         116.8723   129.4424   10.7554    % 
LB close or above UB, fathomed
1700   746    30         116.8723   129.4424   10.7554    % 
LB close or above UB, fathomed
1701   745    30         116.8723   129.4424   10.7554    % 
LB close or above UB, fathomed
1702   744    30         116.8723   129.4424   10.7554    % 
LB close or above UB, fathomed
1703   743    29         116.8723   129.4424   10.7554    % 
UB: 129.4423898531375
branching on 2 with b.
1704   744    30         116.8723   129.4424   10.7554    % 
LB close or above UB, fathomed
1705   743    30         116.8723   129.4424   10.7554    % 
LB close or above UB, fathomed
1706   742    29         116.8723   129.4424   10.7554    % 
UB: 129.4423898531375
branching on 2 with b.
1707   743    30         116.8723   129.4424   10.7554    % 
LB close or above UB, fathomed
1708   742    30         116.8723   129.4424   10.7554    % 
LB close or above UB, fathomed
1709   741    29         116.8723   129.4424   10.7554    % 
LB close or above UB, fathomed
1710   740    29         116.8723   129.4424   10.7554    % 
UB: 129.4423898531375
branching on 2 with b.
1711   741    30         116.8723   129.4424   10.7554    % 
LB close or above UB, fathomed
1712   740    30         116.8723   129.4424   10.7554    % 
LB close or above UB, fathomed
1713   739    28         116.8723   129.4424   10.7554    % 
UB: 129.4423898531375
branching on 1 with b.
1714   740    29         116.8723   129.4424   10.7554    % 
UB: 129.4423898531375
branching on 2 with b.
1715   741    30         116.8723   129.4424   10.7554    % 
LB close or above UB, fathomed
1716   740    30         116.8723   129.4424   10.7554    % 
LB close or above UB, fathomed
1717   739    29         116.8723   129.4424   10.7554    % 
UB: 129.4423898531375
branching on 2 with b.
1718   740    28         116.8723   129.4424   10.7554    % 
UB: 129.4423898531375
branching on 1 with b.
1719   741    29         116.8723   129.4424   10.7554    % 
UB: 129.4423898531375
branching on 2 with b.
1720   742    30         116.8723   129.4424   10.7554    % 
LB close or above UB, fathomed
1721   741    30         116.8723   129.4424   10.7554    % 
LB close or above UB, fathomed
1722   740    29         116.8723   129.4424   10.7554    % 
UB: 129.4423898531375
branching on 2 with b.
1723   741    19         116.8723   129.4424   10.7554    % 
UB: 129.4423898531375
branching on 3 with b.
1724   742    20         116.8723   129.4424   10.7554    % 
LB close or above UB, fathomed
1725   741    20         116.8723   129.4424   10.7554    % 
UB: 129.4423898531375
branching on 1 with b.
1726   742    21         116.8723   129.4424   10.7554    % 
LB close or above UB, fathomed
1727   741    21         116.8723   129.4424   10.7554    % 
LB close or above UB, fathomed
1728   740    19         116.8723   129.4424   10.7554    % 
LB close or above UB, fathomed
1729   739    28         116.8723   129.4424   10.7554    % 
UB: 129.4423898531375
branching on 1 with b.
1730   740    29         116.8723   129.4424   10.7554    % 
UB: 129.4423898531375
branching on 2 with b.
1731   741    30         116.8723   129.4424   10.7554    % 
UB: 129.4423898531375
branching on 3 with b.
1732   742    30         116.8723   129.4424   10.7554    % 
UB: 129.4423898531375
branching on 3 with b.
1733   743    29         116.8723   129.4424   10.7554    % 
UB: 129.4423898531375
branching on 2 with b.
1734   744    28         116.8723   129.4424   10.7554    % 
UB: 129.4423898531375
branching on 1 with b.
1735   745    29         116.8723   129.4424   10.7554    % 
UB: 129.4423898531375
branching on 2 with b.
1736   746    30         116.8723   129.4424   10.7554    % 
UB: 129.4423898531375
branching on 3 with b.
1737   747    30         116.8723   129.4424   10.7554    % 
UB: 129.4423898531375
branching on 3 with b.
1738   748    29         116.8723   129.4424   10.7554    % 
UB: 129.4423898531375
branching on 2 with b.
1739   749    23         116.8723   129.4424   10.7554    % 
UB: 129.4423898531375
branching on 3 with b.
1740   750    24         116.8723   129.4424   10.7554    % 
UB: 129.4423898531375
branching on 1 with b.
1741   751    24         116.8723   129.4424   10.7554    % 
UB: 129.4423898531375
branching on 1 with b.
1742   752    23         116.8723   129.4424   10.7554    % 
LB close or above UB, fathomed
1743   751    28         116.8723   129.4424   10.7554    % 
UB: 129.4423898531375
branching on 1 with b.
1744   752    28         116.8723   129.4424   10.7554    % 
UB: 129.4423898531375
branching on 1 with b.
1745   753    29         116.8723   129.4424   10.7554    % 
UB: 129.4423898531375
branching on 2 with b.
1746   754    29         116.8723   129.4424   10.7554    % 
UB: 129.4423898531375
branching on 2 with b.
1747   755    30         116.8723   129.4424   10.7554    % 
LB close or above UB, fathomed
1748   754    30         116.8723   129.4424   10.7554    % 
UB: 129.4423898531375
branching on 3 with b.
1749   755    20         116.8723   129.4424   10.7554    % 
LB close or above UB, fathomed
1750   754    20         116.8723   129.4424   10.7554    % 
UB: 129.4423898531375
branching on 1 with b.
1751   755    21         116.8723   129.4424   10.7554    % 
LB close or above UB, fathomed
1752   754    21         116.8723   129.4424   10.7554    % 
UB: 129.4423898531375
branching on 2 with b.
1753   755    31         116.8723   129.4424   10.7554    % 
UB: 129.4423898531375
branching on 1 with b.
1754   756    32         116.8723   129.4424   10.7554    % 
UB: 129.4423898531375
branching on 2 with b.
1755   757    33         116.8723   129.4424   10.7554    % 
UB: 129.4423898531375
branching on 3 with b.
1756   758    33         116.8723   129.4424   10.7554    % 
UB: 129.4423898531375
branching on 3 with b.
1757   759    32         116.8723   129.4424   10.7554    % 
UB: 129.4423898531375
branching on 2 with b.
1758   760    31         116.8723   129.4424   10.7554    % 
UB: 129.4423898531375
branching on 1 with b.
1759   761    32         116.8723   129.4424   10.7554    % 
UB: 129.4423898531375
branching on 2 with b.
1760   762    33         116.8723   129.4424   10.7554    % 
UB: 129.4423898531375
branching on 3 with b.
1761   763    33         116.8723   129.4424   10.7554    % 
UB: 129.4423898531375
branching on 3 with b.
1762   764    32         116.8723   129.4424   10.7554    % 
UB: 129.4423898531375
branching on 2 with b.
1763   765    31         116.8723   129.4424   10.7554    % 
UB: 129.4423898531375
branching on 1 with b.
1764   766    32         116.8723   129.4424   10.7554    % 
UB: 129.4423898531375
branching on 2 with b.
1765   767    33         116.8723   129.4424   10.7554    % 
UB: 129.4423898531375
branching on 3 with b.
1766   768    33         116.8723   129.4424   10.7554    % 
UB: 129.4423898531375
branching on 3 with b.
1767   769    32         116.8723   129.4424   10.7554    % 
UB: 129.4423898531375
branching on 2 with b.
1768   770    31         116.8723   129.4424   10.7554    % 
UB: 129.4423898531375
branching on 1 with b.
1769   771    32         116.8723   129.4424   10.7554    % 
UB: 129.4423898531375
branching on 2 with b.
1770   772    33         116.8723   129.4424   10.7554    % 
UB: 129.4423898531375
branching on 3 with b.
1771   773    33         116.8723   129.4424   10.7554    % 
UB: 129.4423898531375
branching on 3 with b.
1772   774    32         116.8723   129.4424   10.7554    % 
UB: 129.4423898531375
branching on 2 with b.
1773   775    31         116.8723   129.4424   10.7554    % 
UB: 129.4423898531375
branching on 1 with b.
1774   776    32         116.8723   129.4424   10.7554    % 
UB: 129.4423898531375
branching on 2 with b.
1775   777    33         116.8723   129.4424   10.7554    % 
UB: 129.4423898531375
branching on 3 with b.
1776   778    33         116.8723   129.4424   10.7554    % 
UB: 129.4423898531375
branching on 3 with b.
1777   779    32         116.8723   129.4424   10.7554    % 
UB: 129.4423898531375
branching on 2 with b.
1778   780    33         116.8723   129.4424   10.7554    % 
UB: 129.4423898531375
branching on 3 with b.
1779   781    33         116.8723   129.4424   10.7554    % 
UB: 129.4423898531375
branching on 3 with b.
1780   782    31         116.8723   129.4424   10.7554    % 
UB: 129.4423898531375
branching on 1 with b.
1781   783    32         116.8723   129.4424   10.7554    % 
UB: 129.4423898531375
branching on 2 with b.
1782   784    33         116.8723   129.4424   10.7554    % 
UB: 129.4423898531375
branching on 3 with b.
1783   785    33         116.8723   129.4424   10.7554    % 
UB: 129.4423898531375
branching on 3 with b.
1784   786    32         116.8723   129.4424   10.7554    % 
UB: 129.4423898531375
branching on 2 with b.
1785   787    33         116.8723   129.4424   10.7554    % 
UB: 129.4423898531375
branching on 3 with b.
1786   788    33         116.8723   129.4424   10.7554    % 
UB: 129.4423898531375
branching on 3 with b.
1787   789    31         116.8723   129.4424   10.7554    % 
UB: 129.4423898531375
branching on 1 with b.
1788   790    32         116.8723   129.4424   10.7554    % 
UB: 129.4423898531375
branching on 2 with b.
1789   791    32         116.8723   129.4424   10.7554    % 
UB: 129.4423898531375
branching on 2 with b.
1790   792    33         116.8723   129.4424   10.7554    % 
UB: 129.4423898531375
branching on 3 with b.
1791   793    33         116.8723   129.4424   10.7554    % 
UB: 129.4423898531375
branching on 3 with b.
1792   794    31         116.8723   129.4424   10.7554    % 
UB: 129.4423898531375
branching on 1 with b.
1793   795    32         116.8723   129.4424   10.7554    % 
UB: 129.4423898531375
branching on 2 with b.
1794   796    32         116.8723   129.4424   10.7554    % 
UB: 129.4423898531375
branching on 2 with b.
1795   797    33         116.8723   129.4424   10.7554    % 
UB: 129.4423898531375
branching on 3 with b.
1796   798    33         116.8723   129.4424   10.7554    % 
UB: 129.4423898531375
branching on 3 with b.
1797   799    31         116.8723   129.4424   10.7554    % 
UB: 129.4423898531375
branching on 1 with b.
1798   800    32         116.8723   129.4424   10.7554    % 
UB: 129.4423898531375
branching on 2 with b.
1799   801    33         116.8723   129.4424   10.7554    % 
UB: 129.4423898531375
branching on 3 with b.
1800   802    33         116.8723   129.4424   10.7554    % 
UB: 129.4423898531375
branching on 3 with b.
1801   803    32         116.8723   129.4424   10.7554    % 
UB: 129.4423898531375
branching on 2 with b.
1802   804    33         116.8723   129.4424   10.7554    % 
UB: 129.4423898531375
branching on 3 with b.
1803   805    33         116.8723   129.4424   10.7554    % 
UB: 129.4423898531375
branching on 3 with b.
1804   806    31         116.8723   129.4424   10.7554    % 
UB: 129.4423898531375
branching on 1 with b.
1805   807    32         116.8723   129.4424   10.7554    % 
UB: 129.4423898531375
branching on 2 with b.
1806   808    33         116.8723   129.4424   10.7554    % 
UB: 129.4423898531375
branching on 3 with b.
1807   809    33         116.8723   129.4424   10.7554    % 
UB: 129.4423898531375
branching on 3 with b.
1808   810    32         116.8723   129.4424   10.7554    % 
UB: 129.4423898531375
branching on 2 with b.
1809   811    33         116.8723   129.4424   10.7554    % 
UB: 129.4423898531375
branching on 3 with b.
1810   812    33         116.8723   129.4424   10.7554    % 
UB: 129.4423898531375
branching on 3 with b.
1811   813    31         116.8723   129.4424   10.7554    % 
UB: 129.4423898531375
branching on 1 with b.
1812   814    32         116.8723   129.4424   10.7554    % 
UB: 129.4423898531375
branching on 2 with b.
1813   815    32         116.8723   129.4424   10.7554    % 
UB: 129.4423898531375
branching on 2 with b.
1814   816    33         116.8723   129.4424   10.7554    % 
UB: 129.4423898531375
branching on 3 with b.
1815   817    33         116.8723   129.4424   10.7554    % 
UB: 129.4423898531375
branching on 3 with b.
1816   818    31         116.8723   129.4424   10.7554    % 
UB: 129.4423898531375
branching on 1 with b.
1817   819    32         116.8723   129.4424   10.7554    % 
UB: 129.4423898531375
branching on 2 with b.
1818   820    32         116.8723   129.4424   10.7554    % 
UB: 129.4423898531375
branching on 2 with b.
1819   821    33         116.8723   129.4424   10.7554    % 
UB: 129.4423898531375
branching on 3 with b.
1820   822    33         116.8723   129.4424   10.7554    % 
UB: 129.4423898531375
branching on 3 with b.
1821   823    31         116.8723   129.4424   10.7554    % 
UB: 129.4423898531375
branching on 1 with b.
1822   824    31         116.8723   129.4424   10.7554    % 
UB: 129.4423898531375
branching on 1 with b.
1823   825    31         116.8723   129.4424   10.7554    % 
UB: 129.4423898531375
branching on 1 with b.
1824   826    31         116.8723   129.4424   10.7554    % 
UB: 129.4423898531375
branching on 1 with b.
1825   827    31         116.8723   129.4424   10.7554    % 
UB: 129.4423898531375
branching on 1 with b.
1826   828    32         116.8723   129.4424   10.7554    % 
UB: 129.4423898531375
branching on 2 with b.
1827   829    33         116.8723   129.4424   10.7554    % 
UB: 129.4423898531375
branching on 3 with b.
1828   830    33         116.8723   129.4424   10.7554    % 
UB: 129.4423898531375
branching on 3 with b.
1829   831    32         116.8723   129.4424   10.7554    % 
UB: 129.4423898531375
branching on 2 with b.
1830   832    33         116.8723   129.4424   10.7554    % 
UB: 129.4423898531375
branching on 3 with b.
1831   833    33         116.8723   129.4424   10.7554    % 
UB: 129.4423898531375
branching on 3 with b.
1832   834    31         116.8723   129.4424   10.7554    % 
UB: 129.4423898531375
branching on 1 with b.
1833   835    32         116.8723   129.4424   10.7554    % 
UB: 129.4423898531375
branching on 2 with b.
1834   836    33         116.8723   129.4424   10.7554    % 
UB: 129.4423898531375
branching on 3 with b.
1835   837    33         116.8723   129.4424   10.7554    % 
UB: 129.4423898531375
branching on 3 with b.
1836   838    32         116.8723   129.4424   10.7554    % 
UB: 129.4423898531375
branching on 2 with b.
1837   839    33         116.8723   129.4424   10.7554    % 
UB: 129.4423898531375
branching on 3 with b.
1838   840    33         116.8723   129.4424   10.7554    % 
UB: 129.4423898531375
branching on 3 with b.
1839   841    31         116.8723   129.4424   10.7554    % 
UB: 129.4423898531375
branching on 1 with b.
1840   842    32         116.8723   129.4424   10.7554    % 
UB: 129.4423898531375
branching on 2 with b.
1841   843    32         116.8723   129.4424   10.7554    % 
UB: 129.4423898531375
branching on 2 with b.
1842   844    33         116.8723   129.4424   10.7554    % 
UB: 129.4423898531375
branching on 3 with b.
1843   845    33         116.8723   129.4424   10.7554    % 
UB: 129.4423898531375
branching on 3 with b.
1844   846    31         116.8723   129.4424   10.7554    % 
UB: 129.4423898531375
branching on 1 with b.
1845   847    32         116.8723   129.4424   10.7554    % 
UB: 129.4423898531375
branching on 2 with b.
1846   848    32         116.8723   129.4424   10.7554    % 
UB: 129.4423898531375
branching on 2 with b.
1847   849    33         116.8723   129.4424   10.7554    % 
UB: 129.4423898531375
branching on 3 with b.
1848   850    33         116.8723   129.4424   10.7554    % 
UB: 129.4423898531375
branching on 3 with b.
1849   851    31         116.8723   129.4424   10.7554    % 
UB: 129.4423898531375
branching on 1 with b.
1850   852    31         116.8723   129.4424   10.7554    % 
UB: 129.4423898531375
branching on 1 with b.
1851   853    31         116.8723   129.4424   10.7554    % 
UB: 129.4423898531375
branching on 1 with b.
1852   854    32         116.8723   129.4424   10.7554    % 
UB: 129.4423898531375
branching on 2 with b.
1853   855    33         116.8723   129.4424   10.7554    % 
UB: 129.4423898531375
branching on 3 with b.
1854   856    33         116.8723   129.4424   10.7554    % 
UB: 129.4423898531375
branching on 3 with b.
1855   857    32         116.8723   129.4424   10.7554    % 
UB: 129.4423898531375
branching on 2 with b.
1856   858    31         116.8723   129.4424   10.7554    % 
UB: 129.4423898531375
branching on 1 with b.
1857   859    32         116.8723   129.4424   10.7554    % 
UB: 129.4423898531375
branching on 2 with b.
1858   860    33         116.8723   129.4424   10.7554    % 
UB: 129.4423898531375
branching on 3 with b.
1859   861    33         116.8723   129.4424   10.7554    % 
UB: 129.4423898531375
branching on 3 with b.
1860   862    32         116.8723   129.4424   10.7554    % 
UB: 129.4423898531375
branching on 2 with b.
1861   863    25         116.8723   129.4424   10.7554    % 
LB close or above UB, fathomed
1862   862    25         116.8723   129.4424   10.7554    % 
UB: 129.4423898531375
branching on 1 with b.
1863   863    26         116.8723   129.4424   10.7554    % 
UB: 129.4423898531375
branching on 2 with b.
1864   864    26         116.8723   129.4424   10.7554    % 
UB: 129.4423898531375
branching on 2 with b.
1865   865    27         116.8723   129.4424   10.7554    % 
LB close or above UB, fathomed
1866   864    27         116.8723   129.4424   10.7554    % 
UB: 129.4423898531375
branching on 3 with b.
1867   865    27         116.8723   129.4424   10.7554    % 
LB close or above UB, fathomed
1868   864    27         116.8723   129.4424   10.7554    % 
LB close or above UB, fathomed
1869   863    25         116.8723   129.4424   10.7554    % 
LB close or above UB, fathomed
1870   862    25         116.8723   129.4424   10.7554    % 
UB: 129.4423898531375
branching on 1 with b.
1871   863    26         116.8723   129.4424   10.7554    % 
UB: 129.4423898531375
branching on 2 with b.
1872   864    26         116.8723   129.4424   10.7554    % 
UB: 129.4423898531375
branching on 2 with b.
1873   865    25         116.8723   129.4424   10.7554    % 
UB: 129.4423898531375
branching on 1 with b.
1874   866    26         116.8723   129.4424   10.7554    % 
UB: 129.4423898531375
branching on 2 with b.
1875   867    27         116.8723   129.4424   10.7554    % 
UB: 129.4423898531375
branching on 3 with b.
1876   868    27         116.8723   129.4424   10.7554    % 
LB close or above UB, fathomed
1877   867    26         116.8723   129.4424   10.7554    % 
UB: 129.4423898531375
branching on 2 with b.
1878   868    25         116.8723   129.4424   10.7554    % 
UB: 129.4423898531375
branching on 1 with b.
1879   869    26         116.8723   129.4424   10.7554    % 
UB: 129.4423898531375
branching on 2 with b.
1880   870    27         116.8723   129.4424   10.7554    % 
UB: 129.4423898531375
branching on 3 with b.
1881   871    27         116.8723   129.4424   10.7554    % 
LB close or above UB, fathomed
1882   870    26         116.8723   129.4424   10.7554    % 
UB: 129.4423898531375
branching on 2 with b.
1883   871    25         116.8723   129.4424   10.7554    % 
LB close or above UB, fathomed
1884   870    25         116.8723   129.4424   10.7554    % 
UB: 129.4423898531375
branching on 2 with b.
1885   871    29         116.8723   129.4424   10.7554    % 
UB: 129.4423898531375
branching on 2 with b.
1886   872    30         116.8723   129.4424   10.7554    % 
UB: 129.4423898531375
branching on 3 with b.
1887   873    30         116.8723   129.4424   10.7554    % 
LB close or above UB, fathomed
1888   872    29         116.8723   129.4424   10.7554    % 
UB: 129.4423898531375
branching on 2 with b.
1889   873    29         116.8723   129.4424   10.7554    % 
UB: 129.4423898531375
branching on 2 with b.
1890   874    30         116.8723   129.4424   10.7554    % 
UB: 129.4423898531375
branching on 3 with b.
1891   875    30         116.8723   129.4424   10.7554    % 
LB close or above UB, fathomed
1892   874    29         116.8723   129.4424   10.7554    % 
UB: 129.4423898531375
branching on 2 with b.
1893   875    28         116.8723   129.4424   10.7554    % 
UB: 129.4423898531375
branching on 2 with b.
1894   876    28         116.8723   129.4424   10.7554    % 
UB: 129.4423898531375
branching on 2 with b.
1895   877    15         116.8723   129.4424   10.7554    % 
UB: 129.4423898531375
branching on 2 with b.
1896   878    16         116.8723   129.4424   10.7554    % 
LB close or above UB, fathomed
1897   877    16         116.8723   129.4424   10.7554    % 
UB: 129.4423898531375
branching on 3 with b.
1898   878    17         116.8723   129.4424   10.7554    % 
UB: 129.4423898531375
branching on 1 with b.
1899   879    18         116.8723   129.4424   10.7554    % 
LB close or above UB, fathomed
1900   878    18         116.8723   129.4424   10.7554    % 
UB: 129.4423898531375
branching on 2 with b.
1901   879    19         116.8723   129.4424   10.7554    % 
LB close or above UB, fathomed
1902   878    19         116.8723   129.4424   10.7554    % 
UB: 129.4423898531375
branching on 3 with b.
1903   879    20         116.8723   129.4424   10.7554    % 
UB: 129.4423898531375
branching on CartesianIndex(1, 7) with c.
1904   880    21         116.8723   129.4424   10.7554    % 
LB close or above UB, fathomed
1905   879    21         116.8723   129.4424   10.7554    % 
UB: 129.4423898531375
branching on 1 with b.
1906   880    22         116.8723   129.4424   10.7554    % 
LB close or above UB, fathomed
1907   879    22         116.8723   129.4424   10.7554    % 
UB: 129.4423898531375
branching on 2 with b.
1908   880    23         116.8723   129.4424   10.7554    % 
UB: 129.4423898531375
branching on 3 with b.
1909   881    24         116.8723   129.4424   10.7554    % 
UB: 129.4423898531375
branching on 1 with b.
1910   882    25         116.8723   129.4424   10.7554    % 
LB close or above UB, fathomed
1911   881    25         116.8723   129.4424   10.7554    % 
UB: 129.4423898531375
branching on 2 with b.
1912   882    26         116.8723   129.4424   10.7554    % 
LB close or above UB, fathomed
1913   881    26         116.8723   129.4424   10.7554    % 
UB: 129.4423898531375
branching on 3 with b.
1914   882    24         116.8723   129.4424   10.7554    % 
LB close or above UB, fathomed
1915   881    23         116.8723   129.4424   10.7554    % 
LB close or above UB, fathomed
1916   880    20         116.8723   129.4424   10.7554    % 
LB close or above UB, fathomed
1917   879    17         116.8723   129.4424   10.7554    % 
LB close or above UB, fathomed
1918   878    15         116.8723   129.4424   10.7554    % 
LB close or above UB, fathomed
1919   877    29         116.8723   129.4424   10.7554    % 
UB: 129.4423898531375
branching on 3 with b.
1920   878    29         116.8723   129.4424   10.7554    % 
UB: 129.4423898531375
branching on 3 with b.
1921   879    25         116.8723   129.4424   10.7554    % 
UB: 129.4423898531375
branching on 3 with b.
1922   880    25         116.8723   129.4424   10.7554    % 
LB close or above UB, fathomed
1923   879    25         116.8723   129.4424   10.7554    % 
UB: 129.4423898531375
branching on 2 with b.
1924   880    25         116.8723   129.4424   10.7554    % 
LB close or above UB, fathomed
1925   879    23         116.8723   129.4424   10.7554    % 
UB: 129.4423898531375
branching on 3 with b.
1926   880    23         116.8723   129.4424   10.7554    % 
LB close or above UB, fathomed
1927   879    29         116.8723   129.4424   10.7554    % 
UB: 129.4423898531375
branching on 3 with b.
1928   880    29         116.8723   129.4424   10.7554    % 
LB close or above UB, fathomed
1929   879    28         116.8723   129.4424   10.7554    % 
UB: 129.4423898531375
branching on 1 with b.
1930   880    28         116.8723   129.4424   10.7554    % 
UB: 129.4423898531375
branching on 1 with b.
1931   881    28         116.8723   129.4424   10.7554    % 
UB: 129.4423898531375
branching on 1 with b.
1932   882    28         116.8723   129.4424   10.7554    % 
UB: 129.4423898531375
branching on 1 with b.
1933   883    28         116.8723   129.4424   10.7554    % 
UB: 129.4423898531375
branching on 1 with b.
1934   884    29         116.8723   129.4424   10.7554    % 
UB: 129.4423898531375
branching on 2 with b.
1935   885    30         116.8723   129.4424   10.7554    % 
UB: 129.4423898531375
branching on 3 with b.
1936   886    30         116.8723   129.4424   10.7554    % 
LB close or above UB, fathomed
1937   885    29         116.8723   129.4424   10.7554    % 
UB: 129.4423898531375
branching on 2 with b.
1938   886    28         116.8723   129.4424   10.7554    % 
UB: 129.4423898531375
branching on 1 with b.
1939   887    29         116.8723   129.4424   10.7554    % 
UB: 129.4423898531375
branching on 2 with b.
1940   888    30         116.8723   129.4424   10.7554    % 
UB: 129.4423898531375
branching on 3 with b.
1941   889    30         116.8723   129.4424   10.7554    % 
LB close or above UB, fathomed
1942   888    29         116.8723   129.4424   10.7554    % 
UB: 129.4423898531375
branching on 2 with b.
1943   889    21         116.8723   129.4424   10.7554    % 
LB close or above UB, fathomed
1944   888    21         116.8723   129.4424   10.7554    % 
UB: 129.4423898531375
branching on 1 with b.
1945   889    22         116.8723   129.4424   10.7554    % 
LB close or above UB, fathomed
1946   888    22         116.8723   129.4424   10.7554    % 
LB close or above UB, fathomed
1947   887    27         116.8723   129.4424   10.7554    % 
UB: 129.4423898531375
branching on 1 with b.
1948   888    28         116.8723   129.4424   10.7554    % 
UB: 129.4423898531375
branching on 2 with b.
1949   889    28         116.8723   129.4424   10.7554    % 
LB close or above UB, fathomed
1950   888    27         116.8723   129.4424   10.7554    % 
LB close or above UB, fathomed
1951   887    17         118.6180   129.4424   9.1254     % 
UB: 129.4423898531375
branching on 1 with b.
1952   888    18         118.6180   129.4424   9.1254     % 
UB: 129.4423898531375
branching on 2 with b.
1953   889    18         118.6180   129.4424   9.1254     % 
LB close or above UB, fathomed
1954   888    17         118.6180   129.4424   9.1254     % 
LB close or above UB, fathomed
1955   887    28         118.6680   129.4424   9.0794     % 
UB: 129.4423898531375
branching on 1 with b.
1956   888    28         118.6680   129.4424   9.0794     % 
UB: 129.4423898531375
branching on 1 with b.
1957   889    29         118.6680   129.4424   9.0794     % 
UB: 129.4423898531375
branching on 2 with b.
1958   890    29         118.6680   129.4424   9.0794     % 
UB: 129.4423898531375
branching on 2 with b.
1959   891    30         118.6680   129.4424   9.0794     % 
LB close or above UB, fathomed
1960   890    30         118.6680   129.4424   9.0794     % 
LB close or above UB, fathomed
1961   889    27         118.6680   129.4424   9.0794     % 
LB close or above UB, fathomed
1962   888    27         118.6680   129.4424   9.0794     % 
UB: 129.4423898531375
branching on 3 with b.
1963   889    30         118.6680   129.4424   9.0794     % 
LB close or above UB, fathomed
1964   888    30         118.6680   129.4424   9.0794     % 
LB close or above UB, fathomed
1965   887    21         118.6680   129.4424   9.0794     % 
UB: 129.4423898531375
branching on 3 with b.
1966   888    22         118.6680   129.4424   9.0794     % 
UB: 129.4423898531375
branching on 1 with b.
1967   889    22         118.6680   129.4424   9.0794     % 
UB: 129.4423898531375
branching on 1 with b.
1968   890    21         118.6680   129.4424   9.0794     % 
LB close or above UB, fathomed
1969   889    23         118.6680   129.4424   9.0794     % 
UB: 129.4423898531375
branching on 3 with b.
1970   890    24         118.6680   129.4424   9.0794     % 
UB: 129.4423898531375
branching on 1 with b.
1971   891    25         118.6680   129.4424   9.0794     % 
UB: 129.4423898531375
branching on 2 with b.
1972   892    25         118.6680   129.4424   9.0794     % 
LB close or above UB, fathomed
1973   891    24         118.6680   129.4424   9.0794     % 
UB: 129.4423898531375
branching on 1 with b.
1974   892    23         118.6680   129.4424   9.0794     % 
LB close or above UB, fathomed
1975   891    25         118.6680   129.4424   9.0794     % 
UB: 129.4423898531375
branching on 2 with b.
1976   892    25         118.6680   129.4424   9.0794     % 
LB close or above UB, fathomed
1977   891    23         118.6680   129.4424   9.0794     % 
UB: 129.4423898531375
branching on 2 with b.
1978   892    23         118.6680   129.4424   9.0794     % 
LB close or above UB, fathomed
1979   891    23         118.6680   129.4424   9.0794     % 
UB: 129.4423898531375
branching on 2 with b.
1980   892    23         118.6680   129.4424   9.0794     % 
LB close or above UB, fathomed
1981   891    29         118.6680   129.4424   9.0794     % 
UB: 129.4423898531375
branching on 2 with b.
1982   892    30         118.6680   129.4424   9.0794     % 
UB: 129.4423898531375
branching on 3 with b.
1983   893    30         118.6680   129.4424   9.0794     % 
LB close or above UB, fathomed
1984   892    29         118.6680   129.4424   9.0794     % 
UB: 129.4423898531375
branching on 2 with b.
1985   893    29         118.6680   129.4424   9.0794     % 
LB close or above UB, fathomed
1986   892    29         118.6680   129.4424   9.0794     % 
UB: 129.4423898531375
branching on 2 with b.
1987   893    29         118.6680   129.4424   9.0794     % 
LB close or above UB, fathomed
1988   892    29         118.6680   129.4424   9.0794     % 
LB close or above UB, fathomed
1989   891    30         118.6680   129.4424   9.0794     % 
UB: 129.4423898531375
branching on 3 with b.
1990   892    30         118.6680   129.4424   9.0794     % 
LB close or above UB, fathomed
1991   891    27         118.6680   129.4424   9.0794     % 
UB: 129.4423898531375
branching on 3 with b.
1992   892    27         118.6680   129.4424   9.0794     % 
LB close or above UB, fathomed
1993   891    27         118.6680   129.4424   9.0794     % 
LB close or above UB, fathomed
1994   890    27         118.6680   129.4424   9.0794     % 
UB: 129.4423898531375
branching on 3 with b.
1995   891    33         118.6680   129.4424   9.0794     % 
LB close or above UB, fathomed
1996   890    33         118.6680   129.4424   9.0794     % 
LB close or above UB, fathomed
1997   889    33         118.6680   129.4424   9.0794     % 
LB close or above UB, fathomed
1998   888    33         118.6680   129.4424   9.0794     % 
LB close or above UB, fathomed
1999   887    32         118.6680   129.4424   9.0794     % 
UB: 129.4423898531375
branching on 2 with b.
2000   888    33         118.6680   129.4424   9.0794     % 
LB close or above UB, fathomed
2001   887    33         118.6680   129.4424   9.0794     % 
LB close or above UB, fathomed
2002   886    32         118.6680   129.4424   9.0794     % 
UB: 129.4423898531375
branching on 2 with b.
2003   887    32         118.6680   129.4424   9.0794     % 
UB: 129.4423898531375
branching on 2 with b.
2004   888    33         118.6680   129.4424   9.0794     % 
LB close or above UB, fathomed
2005   887    33         118.6680   129.4424   9.0794     % 
LB close or above UB, fathomed
2006   886    32         118.6680   129.4424   9.0794     % 
UB: 129.4423898531375
branching on 2 with b.
2007   887    33         118.6680   129.4424   9.0794     % 
LB close or above UB, fathomed
2008   886    33         118.6680   129.4424   9.0794     % 
LB close or above UB, fathomed
2009   885    32         118.6680   129.4424   9.0794     % 
UB: 129.4423898531375
branching on 2 with b.
2010   886    32         118.6680   129.4424   9.0794     % 
UB: 129.4423898531375
branching on 2 with b.
2011   887    33         118.6680   129.4424   9.0794     % 
LB close or above UB, fathomed
2012   886    33         118.6680   129.4424   9.0794     % 
LB close or above UB, fathomed
2013   885    32         118.6680   129.4424   9.0794     % 
UB: 129.4423898531375
branching on 2 with b.
2014   886    32         118.6680   129.4424   9.0794     % 
UB: 129.4423898531375
branching on 2 with b.
2015   887    33         118.6680   129.4424   9.0794     % 
LB close or above UB, fathomed
2016   886    33         118.6680   129.4424   9.0794     % 
LB close or above UB, fathomed
2017   885    32         118.6680   129.4424   9.0794     % 
UB: 129.4423898531375
branching on 2 with b.
2018   886    33         118.6680   129.4424   9.0794     % 
LB close or above UB, fathomed
2019   885    33         118.6680   129.4424   9.0794     % 
LB close or above UB, fathomed
2020   884    32         118.6680   129.4424   9.0794     % 
UB: 129.4423898531375
branching on 2 with b.
2021   885    33         118.6680   129.4424   9.0794     % 
LB close or above UB, fathomed
2022   884    33         118.6680   129.4424   9.0794     % 
LB close or above UB, fathomed
2023   883    32         118.6680   129.4424   9.0794     % 
UB: 129.4423898531375
branching on 2 with b.
2024   884    33         118.6680   129.4424   9.0794     % 
LB close or above UB, fathomed
2025   883    33         118.6680   129.4424   9.0794     % 
LB close or above UB, fathomed
2026   882    32         118.6680   129.4424   9.0794     % 
UB: 129.4423898531375
branching on 2 with b.
2027   883    33         118.6680   129.4424   9.0794     % 
LB close or above UB, fathomed
2028   882    33         118.6680   129.4424   9.0794     % 
LB close or above UB, fathomed
2029   881    33         118.6680   129.4424   9.0794     % 
LB close or above UB, fathomed
2030   880    33         118.6680   129.4424   9.0794     % 
LB close or above UB, fathomed
2031   879    33         118.6680   129.4424   9.0794     % 
LB close or above UB, fathomed
2032   878    33         118.6680   129.4424   9.0794     % 
LB close or above UB, fathomed
2033   877    33         118.6680   129.4424   9.0794     % 
LB close or above UB, fathomed
2034   876    33         118.6680   129.4424   9.0794     % 
LB close or above UB, fathomed
2035   875    33         118.6680   129.4424   9.0794     % 
LB close or above UB, fathomed
2036   874    33         118.6680   129.4424   9.0794     % 
LB close or above UB, fathomed
2037   873    33         118.6680   129.4424   9.0794     % 
LB close or above UB, fathomed
2038   872    33         118.6680   129.4424   9.0794     % 
LB close or above UB, fathomed
2039   871    33         118.6680   129.4424   9.0794     % 
LB close or above UB, fathomed
2040   870    33         118.6680   129.4424   9.0794     % 
LB close or above UB, fathomed
2041   869    33         118.6680   129.4424   9.0794     % 
LB close or above UB, fathomed
2042   868    33         118.6680   129.4424   9.0794     % 
LB close or above UB, fathomed
2043   867    33         118.6680   129.4424   9.0794     % 
LB close or above UB, fathomed
2044   866    33         118.6680   129.4424   9.0794     % 
LB close or above UB, fathomed
2045   865    30         118.6680   129.4424   9.0794     % 
LB close or above UB, fathomed
2046   864    30         118.6680   129.4424   9.0794     % 
LB close or above UB, fathomed
2047   863    30         118.6680   129.4424   9.0794     % 
LB close or above UB, fathomed
2048   862    30         118.6680   129.4424   9.0794     % 
LB close or above UB, fathomed
2049   861    30         118.6680   129.4424   9.0794     % 
LB close or above UB, fathomed
2050   860    30         118.6680   129.4424   9.0794     % 
LB close or above UB, fathomed
2051   859    30         118.6680   129.4424   9.0794     % 
LB close or above UB, fathomed
2052   858    30         118.6680   129.4424   9.0794     % 
LB close or above UB, fathomed
2053   857    29         118.6680   129.4424   9.0794     % 
UB: 129.4423898531375
branching on 3 with b.
2054   858    29         118.6680   129.4424   9.0794     % 
UB: 129.4423898531375
branching on 3 with b.
2055   859    29         118.6680   129.4424   9.0794     % 
UB: 129.4423898531375
branching on 3 with b.
2056   860    29         118.6680   129.4424   9.0794     % 
UB: 129.4423898531375
branching on 3 with b.
2057   861    27         118.6680   129.4424   9.0794     % 
UB: 129.4423898531375
branching on 3 with b.
2058   862    27         118.6680   129.4424   9.0794     % 
LB close or above UB, fathomed
2059   861    25         118.6680   129.4424   9.0794     % 
LB close or above UB, fathomed
2060   860    25         118.6680   129.4424   9.0794     % 
LB close or above UB, fathomed
2061   859    28         118.6680   129.4424   9.0794     % 
UB: 129.4423898531375
branching on 2 with b.
2062   860    28         118.6680   129.4424   9.0794     % 
UB: 129.4423898531375
branching on 2 with b.
2063   861    8          118.6680   129.4424   9.0794     % 
UB: 129.4423898531375
branching on 1 with b.
2064   862    9          118.6680   129.4424   9.0794     % 
LB close or above UB, fathomed
2065   861    9          118.6680   129.4424   9.0794     % 
UB: 129.4423898531375
branching on CartesianIndex(1, 5) with c.
2066   862    8          118.6680   129.4424   9.0794     % 
LB close or above UB, fathomed
2067   861    29         118.6680   129.4424   9.0794     % 
UB: 129.4423898531375
branching on 3 with b.
2068   862    29         118.6680   129.4424   9.0794     % 
UB: 129.4423898531375
branching on 3 with b.
2069   863    29         118.6680   129.4424   9.0794     % 
LB close or above UB, fathomed
2070   862    29         118.6680   129.4424   9.0794     % 
UB: 129.4423898531375
branching on 2 with b.
2071   863    28         118.6680   129.4424   9.0794     % 
UB: 129.4423898531375
branching on 1 with b.
2072   864    29         118.6680   129.4424   9.0794     % 
UB: 129.4423898531375
branching on 2 with b.
2073   865    30         118.6680   129.4424   9.0794     % 
LB close or above UB, fathomed
2074   864    30         118.6680   129.4424   9.0794     % 
LB close or above UB, fathomed
2075   863    29         118.6680   129.4424   9.0794     % 
UB: 129.4423898531375
branching on 2 with b.
2076   864    28         118.6680   129.4424   9.0794     % 
LB close or above UB, fathomed
2077   863    30         118.6680   129.4424   9.0794     % 
LB close or above UB, fathomed
2078   862    30         118.6680   129.4424   9.0794     % 
LB close or above UB, fathomed
2079   861    26         118.6680   129.4424   9.0794     % 
LB close or above UB, fathomed
2080   860    26         118.6680   129.4424   9.0794     % 
LB close or above UB, fathomed
2081   859    27         118.6680   129.4424   9.0794     % 
UB: 129.4423898531375
branching on 1 with b.
2082   860    27         118.6680   129.4424   9.0794     % 
LB close or above UB, fathomed
2083   859    30         118.6680   129.4424   9.0794     % 
LB close or above UB, fathomed
2084   858    30         118.6680   129.4424   9.0794     % 
UB: 129.4423898531375
branching on 1 with b.
2085   859    30         118.6680   129.4424   9.0794     % 
LB close or above UB, fathomed
2086   858    30         118.6680   129.4424   9.0794     % 
UB: 129.4423898531375
branching on 1 with b.
2087   859    28         118.6680   129.4424   9.0794     % 
UB: 129.4423898531375
branching on 1 with b.
2088   860    29         118.6680   129.4424   9.0794     % 
UB: 129.4423898531375
branching on 2 with b.
2089   861    30         118.6680   129.4424   9.0794     % 
LB close or above UB, fathomed
2090   860    30         118.6680   129.4424   9.0794     % 
LB close or above UB, fathomed
2091   859    29         118.6680   129.4424   9.0794     % 
UB: 129.4423898531375
branching on 2 with b.
2092   860    28         118.6680   129.4424   9.0794     % 
LB close or above UB, fathomed
2093   859    28         118.6680   129.4424   9.0794     % 
UB: 129.4423898531375
branching on 1 with b.
2094   860    28         118.6680   129.4424   9.0794     % 
UB: 129.4423898531375
branching on 1 with b.
2095   861    28         118.6680   129.4424   9.0794     % 
UB: 129.4423898531375
branching on 1 with b.
2096   862    29         118.6680   129.4424   9.0794     % 
UB: 129.4423898531375
branching on 2 with b.
2097   863    29         118.6680   129.4424   9.0794     % 
UB: 129.4423898531375
branching on 2 with b.
2098   864    30         118.6680   129.4424   9.0794     % 
LB close or above UB, fathomed
2099   863    30         118.6680   129.4424   9.0794     % 
LB close or above UB, fathomed
2100   862    28         118.6680   129.4424   9.0794     % 
LB close or above UB, fathomed
2101   861    28         118.6680   129.4424   9.0794     % 
UB: 129.4423898531375
branching on 1 with b.
2102   862    29         118.6680   129.4424   9.0794     % 
UB: 129.4423898531375
branching on 2 with b.
2103   863    29         118.6680   129.4424   9.0794     % 
UB: 129.4423898531375
branching on 2 with b.
2104   864    30         118.6680   129.4424   9.0794     % 
LB close or above UB, fathomed
2105   863    30         118.6680   129.4424   9.0794     % 
LB close or above UB, fathomed
2106   862    28         118.6680   129.4424   9.0794     % 
UB: 129.4423898531375
branching on 1 with b.
2107   863    29         118.6680   129.4424   9.0794     % 
UB: 129.4423898531375
branching on 2 with b.
2108   864    30         118.6680   129.4424   9.0794     % 
LB close or above UB, fathomed
2109   863    30         118.6680   129.4424   9.0794     % 
LB close or above UB, fathomed
2110   862    29         118.6680   129.4424   9.0794     % 
UB: 129.4423898531375
branching on 2 with b.
2111   863    30         118.6680   129.4424   9.0794     % 
LB close or above UB, fathomed
2112   862    30         118.6680   129.4424   9.0794     % 
LB close or above UB, fathomed
2113   861    23         118.6680   129.4424   9.0794     % 
UB: 129.4423898531375
branching on 3 with b.
2114   862    23         118.6680   129.4424   9.0794     % 
LB close or above UB, fathomed
2115   861    22         118.6680   129.4424   9.0794     % 
UB: 129.4423898531375
branching on 3 with b.
2116   862    23         118.6680   129.4424   9.0794     % 
UB: 129.4423898531375
branching on 1 with b.
2117   863    24         118.6680   129.4424   9.0794     % 
UB: 129.4423898531375
branching on 2 with b.
2118   864    24         118.6680   129.4424   9.0794     % 
LB close or above UB, fathomed
2119   863    23         118.6680   129.4424   9.0794     % 
UB: 129.4423898531375
branching on 1 with b.
2120   864    24         118.6680   129.4424   9.0794     % 
UB: 129.4423898531375
branching on 2 with b.
2121   865    24         118.6680   129.4424   9.0794     % 
LB close or above UB, fathomed
2122   864    22         118.6680   129.4424   9.0794     % 
LB close or above UB, fathomed
2123   863    25         118.6680   129.4424   9.0794     % 
UB: 129.4423898531375
branching on 1 with b.
2124   864    26         118.6680   129.4424   9.0794     % 
UB: 129.4423898531375
branching on 2 with b.
2125   865    27         118.6680   129.4424   9.0794     % 
LB close or above UB, fathomed
2126   864    27         118.6680   129.4424   9.0794     % 
UB: 129.4423898531375
branching on 3 with b.
2127   865    26         118.6680   129.4424   9.0794     % 
UB: 129.4423898531375
branching on 2 with b.
2128   866    25         118.6680   129.4424   9.0794     % 
UB: 129.4423898531375
branching on 1 with b.
2129   867    26         118.6680   129.4424   9.0794     % 
UB: 129.4423898531375
branching on 2 with b.
2130   868    27         118.6680   129.4424   9.0794     % 
LB close or above UB, fathomed
2131   867    27         118.6680   129.4424   9.0794     % 
UB: 129.4423898531375
branching on 3 with b.
2132   868    26         118.6680   129.4424   9.0794     % 
UB: 129.4423898531375
branching on 2 with b.
2133   869    22         118.6680   129.4424   9.0794     % 
UB: 129.4423898531375
branching on 3 with b.
2134   870    23         118.6680   129.4424   9.0794     % 
UB: 129.4423898531375
branching on 1 with b.
2135   871    24         118.6680   129.4424   9.0794     % 
UB: 129.4423898531375
branching on 2 with b.
2136   872    24         118.6680   129.4424   9.0794     % 
LB close or above UB, fathomed
2137   871    23         118.6680   129.4424   9.0794     % 
UB: 129.4423898531375
branching on 1 with b.
2138   872    24         118.6680   129.4424   9.0794     % 
UB: 129.4423898531375
branching on 2 with b.
2139   873    24         118.6680   129.4424   9.0794     % 
LB close or above UB, fathomed
2140   872    22         118.6680   129.4424   9.0794     % 
LB close or above UB, fathomed
2141   871    30         118.6680   129.4424   9.0794     % 
LB close or above UB, fathomed
2142   870    30         118.6680   129.4424   9.0794     % 
LB close or above UB, fathomed
2143   869    30         118.6680   129.4424   9.0794     % 
LB close or above UB, fathomed
2144   868    30         118.6680   129.4424   9.0794     % 
LB close or above UB, fathomed
2145   867    21         118.6680   129.4424   9.0794     % 
UB: 129.4423898531375
branching on 3 with b.
2146   868    22         118.6680   129.4424   9.0794     % 
UB: 129.4423898531375
branching on 1 with b.
2147   869    23         118.6680   129.4424   9.0794     % 
UB: 129.4423898531375
branching on 2 with b.
2148   870    23         118.6680   129.4424   9.0794     % 
LB close or above UB, fathomed
2149   869    22         118.6680   129.4424   9.0794     % 
UB: 129.4423898531375
branching on 1 with b.
2150   870    23         118.6680   129.4424   9.0794     % 
UB: 129.4423898531375
branching on 2 with b.
2151   871    23         118.6680   129.4424   9.0794     % 
LB close or above UB, fathomed
2152   870    21         118.6680   129.4424   9.0794     % 
LB close or above UB, fathomed
2153   869    23         118.6680   129.4424   9.0794     % 
UB: 129.4423898531375
branching on 3 with b.
2154   870    24         118.6680   129.4424   9.0794     % 
LB close or above UB, fathomed
2155   869    24         118.6680   129.4424   9.0794     % 
UB: 129.4423898531375
branching on 1 with b.
2156   870    25         118.6680   129.4424   9.0794     % 
LB close or above UB, fathomed
2157   869    25         118.6680   129.4424   9.0794     % 
UB: 129.4423898531375
branching on 2 with b.
2158   870    23         118.6680   129.4424   9.0794     % 
LB close or above UB, fathomed
2159   869    25         118.6680   129.4424   9.0794     % 
UB: 129.4423898531375
branching on 3 with b.
2160   870    25         118.6680   129.4424   9.0794     % 
LB close or above UB, fathomed
2161   869    22         118.6680   129.4424   9.0794     % 
UB: 129.4423898531375
branching on 3 with b.
2162   870    23         118.6680   129.4424   9.0794     % 
UB: 129.4423898531375
branching on 1 with b.
2163   871    24         118.6680   129.4424   9.0794     % 
UB: 129.4423898531375
branching on 2 with b.
2164   872    24         118.6680   129.4424   9.0794     % 
LB close or above UB, fathomed
2165   871    23         118.6680   129.4424   9.0794     % 
UB: 129.4423898531375
branching on 1 with b.
2166   872    24         118.6680   129.4424   9.0794     % 
UB: 129.4423898531375
branching on 2 with b.
2167   873    24         118.6680   129.4424   9.0794     % 
LB close or above UB, fathomed
2168   872    22         118.6680   129.4424   9.0794     % 
LB close or above UB, fathomed
2169   871    22         118.6680   129.4424   9.0794     % 
UB: 129.4423898531375
branching on 3 with b.
2170   872    23         118.6680   129.4424   9.0794     % 
UB: 129.4423898531375
branching on 1 with b.
2171   873    24         118.6680   129.4424   9.0794     % 
UB: 129.4423898531375
branching on 2 with b.
2172   874    24         118.6680   129.4424   9.0794     % 
LB close or above UB, fathomed
2173   873    23         118.6680   129.4424   9.0794     % 
UB: 129.4423898531375
branching on 1 with b.
2174   874    24         118.6680   129.4424   9.0794     % 
UB: 129.4423898531375
branching on 2 with b.
2175   875    24         118.6680   129.4424   9.0794     % 
LB close or above UB, fathomed
2176   874    22         118.6680   129.4424   9.0794     % 
LB close or above UB, fathomed
2177   873    31         118.6680   129.4424   9.0794     % 
UB: 129.4423898531375
branching on 1 with b.
2178   874    32         118.6680   129.4424   9.0794     % 
UB: 129.4423898531375
branching on 2 with b.
2179   875    32         118.6680   129.4424   9.0794     % 
UB: 129.4423898531375
branching on 2 with b.
2180   876    33         118.6680   129.4424   9.0794     % 
UB: 129.4423898531375
branching on 3 with b.
2181   877    33         118.6680   129.4424   9.0794     % 
UB: 129.4423898531375
branching on 3 with b.
2182   878    31         118.6680   129.4424   9.0794     % 
UB: 129.4423898531375
branching on 1 with b.
2183   879    32         118.6680   129.4424   9.0794     % 
UB: 129.4423898531375
branching on 2 with b.
2184   880    32         118.6680   129.4424   9.0794     % 
UB: 129.4423898531375
branching on 2 with b.
2185   881    33         118.6680   129.4424   9.0794     % 
UB: 129.4423898531375
branching on 3 with b.
2186   882    33         118.6680   129.4424   9.0794     % 
UB: 129.4423898531375
branching on 3 with b.
2187   883    31         118.6680   129.4424   9.0794     % 
UB: 129.4423898531375
branching on 1 with b.
2188   884    32         118.6680   129.4424   9.0794     % 
UB: 129.4423898531375
branching on 2 with b.
2189   885    32         118.6680   129.4424   9.0794     % 
UB: 129.4423898531375
branching on 2 with b.
2190   886    33         118.6680   129.4424   9.0794     % 
UB: 129.4423898531375
branching on 3 with b.
2191   887    33         118.6680   129.4424   9.0794     % 
UB: 129.4423898531375
branching on 3 with b.
2192   888    31         118.6680   129.4424   9.0794     % 
UB: 129.4423898531375
branching on 1 with b.
2193   889    32         118.6680   129.4424   9.0794     % 
UB: 129.4423898531375
branching on 2 with b.
2194   890    32         118.6680   129.4424   9.0794     % 
UB: 129.4423898531375
branching on 2 with b.
2195   891    33         118.6680   129.4424   9.0794     % 
UB: 129.4423898531375
branching on 3 with b.
2196   892    33         118.6680   129.4424   9.0794     % 
UB: 129.4423898531375
branching on 3 with b.
2197   893    31         118.6680   129.4424   9.0794     % 
UB: 129.4423898531375
branching on 1 with b.
2198   894    31         118.6680   129.4424   9.0794     % 
UB: 129.4423898531375
branching on 1 with b.
2199   895    31         118.6680   129.4424   9.0794     % 
UB: 129.4423898531375
branching on 1 with b.
2200   896    32         118.6680   129.4424   9.0794     % 
UB: 129.4423898531375
branching on 2 with b.
2201   897    32         118.6680   129.4424   9.0794     % 
UB: 129.4423898531375
branching on 2 with b.
2202   898    33         118.6680   129.4424   9.0794     % 
UB: 129.4423898531375
branching on 3 with b.
2203   899    33         118.6680   129.4424   9.0794     % 
UB: 129.4423898531375
branching on 3 with b.
2204   900    31         118.6680   129.4424   9.0794     % 
UB: 129.4423898531375
branching on 1 with b.
2205   901    32         118.6680   129.4424   9.0794     % 
UB: 129.4423898531375
branching on 2 with b.
2206   902    32         118.6680   129.4424   9.0794     % 
UB: 129.4423898531375
branching on 2 with b.
2207   903    33         118.6680   129.4424   9.0794     % 
UB: 129.4423898531375
branching on 3 with b.
2208   904    33         118.6680   129.4424   9.0794     % 
UB: 129.4423898531375
branching on 3 with b.
2209   905    31         118.6680   129.4424   9.0794     % 
UB: 129.4423898531375
branching on 1 with b.
2210   906    32         118.6680   129.4424   9.0794     % 
UB: 129.4423898531375
branching on 2 with b.
2211   907    33         118.6680   129.4424   9.0794     % 
LB close or above UB, fathomed
2212   906    33         118.6680   129.4424   9.0794     % 
LB close or above UB, fathomed
2213   905    32         118.6680   129.4424   9.0794     % 
UB: 129.4423898531375
branching on 2 with b.
2214   906    33         118.6680   129.4424   9.0794     % 
LB close or above UB, fathomed
2215   905    33         118.6680   129.4424   9.0794     % 
LB close or above UB, fathomed
2216   904    31         118.6680   129.4424   9.0794     % 
UB: 129.4423898531375
branching on 1 with b.
2217   905    31         118.6680   129.4424   9.0794     % 
UB: 129.4423898531375
branching on 1 with b.
2218   906    32         118.6680   129.4424   9.0794     % 
UB: 129.4423898531375
branching on 2 with b.
2219   907    32         118.6680   129.4424   9.0794     % 
UB: 129.4423898531375
branching on 2 with b.
2220   908    33         118.6680   129.4424   9.0794     % 
LB close or above UB, fathomed
2221   907    33         118.6680   129.4424   9.0794     % 
LB close or above UB, fathomed
2222   906    31         118.6680   129.4424   9.0794     % 
UB: 129.4423898531375
branching on 1 with b.
2223   907    31         118.6680   129.4424   9.0794     % 
UB: 129.4423898531375
branching on 1 with b.
2224   908    32         118.6680   129.4424   9.0794     % 
UB: 129.4423898531375
branching on 2 with b.
2225   909    33         118.6680   129.4424   9.0794     % 
LB close or above UB, fathomed
2226   908    33         118.6680   129.4424   9.0794     % 
LB close or above UB, fathomed
2227   907    32         118.6680   129.4424   9.0794     % 
UB: 129.4423898531375
branching on 2 with b.
2228   908    31         118.6680   129.4424   9.0794     % 
UB: 129.4423898531375
branching on 1 with b.
2229   909    31         118.6680   129.4424   9.0794     % 
UB: 129.4423898531375
branching on 1 with b.
2230   910    31         118.6680   129.4424   9.0794     % 
UB: 129.4423898531375
branching on 1 with b.
2231   911    32         118.6680   129.4424   9.0794     % 
UB: 129.4423898531375
branching on 2 with b.
2232   912    33         118.6680   129.4424   9.0794     % 
LB close or above UB, fathomed
2233   911    33         118.6680   129.4424   9.0794     % 
LB close or above UB, fathomed
2234   910    32         118.6680   129.4424   9.0794     % 
UB: 129.4423898531375
branching on 2 with b.
2235   911    31         118.6680   129.4424   9.0794     % 
UB: 129.4423898531375
branching on 1 with b.
2236   912    31         118.6680   129.4424   9.0794     % 
UB: 129.4423898531375
branching on 1 with b.
2237   913    32         118.6680   129.4424   9.0794     % 
UB: 129.4423898531375
branching on 2 with b.
2238   914    33         118.6680   129.4424   9.0794     % 
LB close or above UB, fathomed
2239   913    33         118.6680   129.4424   9.0794     % 
LB close or above UB, fathomed
2240   912    32         118.6680   129.4424   9.0794     % 
UB: 129.4423898531375
branching on 2 with b.
2241   913    33         118.6680   129.4424   9.0794     % 
LB close or above UB, fathomed
2242   912    33         118.6680   129.4424   9.0794     % 
LB close or above UB, fathomed
2243   911    31         118.6680   129.4424   9.0794     % 
UB: 129.4423898531375
branching on 1 with b.
2244   912    31         118.6680   129.4424   9.0794     % 
UB: 129.4423898531375
branching on 1 with b.
2245   913    32         118.6680   129.4424   9.0794     % 
UB: 129.4423898531375
branching on 2 with b.
2246   914    32         118.6680   129.4424   9.0794     % 
UB: 129.4423898531375
branching on 2 with b.
2247   915    33         118.6680   129.4424   9.0794     % 
LB close or above UB, fathomed
2248   914    33         118.6680   129.4424   9.0794     % 
LB close or above UB, fathomed
2249   913    31         118.6680   129.4424   9.0794     % 
UB: 129.4423898531375
branching on 1 with b.
2250   914    31         118.6680   129.4424   9.0794     % 
UB: 129.4423898531375
branching on 1 with b.
2251   915    28         118.6680   129.4424   9.0794     % 
UB: 129.4423898531375
branching on 1 with b.
2252   916    29         118.6680   129.4424   9.0794     % 
UB: 129.4423898531375
branching on 2 with b.
2253   917    29         118.6680   129.4424   9.0794     % 
UB: 129.4423898531375
branching on 2 with b.
2254   918    28         118.6680   129.4424   9.0794     % 
UB: 129.4423898531375
branching on 1 with b.
2255   919    29         118.6680   129.4424   9.0794     % 
UB: 129.4423898531375
branching on 2 with b.
2256   920    29         118.6680   129.4424   9.0794     % 
UB: 129.4423898531375
branching on 2 with b.
2257   921    28         118.6680   129.4424   9.0794     % 
UB: 129.4423898531375
branching on 1 with b.
2258   922    29         118.6680   129.4424   9.0794     % 
UB: 129.4423898531375
branching on 2 with b.
2259   923    30         118.6680   129.4424   9.0794     % 
UB: 129.4423898531375
branching on 3 with b.
2260   924    30         118.6680   129.4424   9.0794     % 
LB close or above UB, fathomed
2261   923    29         118.6680   129.4424   9.0794     % 
UB: 129.4423898531375
branching on 2 with b.
2262   924    28         118.6680   129.4424   9.0794     % 
LB close or above UB, fathomed
2263   923    25         118.6680   129.4424   9.0794     % 
LB close or above UB, fathomed
2264   922    25         118.6680   129.4424   9.0794     % 
UB: 129.4423898531375
branching on 1 with b.
2265   923    26         118.6680   129.4424   9.0794     % 
UB: 129.4423898531375
branching on 2 with b.
2266   924    26         118.6680   129.4424   9.0794     % 
UB: 129.4423898531375
branching on 2 with b.
2267   925    27         118.6680   129.4424   9.0794     % 
LB close or above UB, fathomed
2268   924    27         118.6680   129.4424   9.0794     % 
UB: 129.4423898531375
branching on 3 with b.
2269   925    28         118.6680   129.4424   9.0794     % 
UB: 129.4423898531375
branching on 1 with b.
2270   926    28         118.6680   129.4424   9.0794     % 
UB: 129.4423898531375
branching on 1 with b.
2271   927    29         118.6680   129.4424   9.0794     % 
UB: 129.4423898531375
branching on 2 with b.
2272   928    30         118.6680   129.4424   9.0794     % 
UB: 129.4423898531375
branching on 3 with b.
2273   929    30         118.6680   129.4424   9.0794     % 
LB close or above UB, fathomed
2274   928    29         118.6680   129.4424   9.0794     % 
UB: 129.4423898531375
branching on 2 with b.
2275   929    23         118.6680   129.4424   9.0794     % 
LB close or above UB, fathomed
2276   928    23         118.6680   129.4424   9.0794     % 
UB: 129.4423898531375
branching on 2 with b.
2277   929    24         118.6680   129.4424   9.0794     % 
LB close or above UB, fathomed
2278   928    24         118.6680   129.4424   9.0794     % 
LB close or above UB, fathomed
2279   927    25         118.6680   129.4424   9.0794     % 
UB: 129.4423898531375
branching on 1 with b.
2280   928    26         118.6680   129.4424   9.0794     % 
UB: 129.4423898531375
branching on 2 with b.
2281   929    27         118.6680   129.4424   9.0794     % 
UB: 129.4423898531375
branching on 3 with b.
2282   930    27         118.6680   129.4424   9.0794     % 
LB close or above UB, fathomed
2283   929    26         118.6680   129.4424   9.0794     % 
UB: 129.4423898531375
branching on 2 with b.
2284   930    25         118.6680   129.4424   9.0794     % 
UB: 129.4423898531375
branching on 1 with b.
2285   931    24         118.6680   129.4424   9.0794     % 
UB: 129.4423898531375
branching on 1 with b.
2286   932    25         118.6680   129.4424   9.0794     % 
LB close or above UB, fathomed
2287   931    25         118.6680   129.4424   9.0794     % 
LB close or above UB, fathomed
2288   930    24         118.6680   129.4424   9.0794     % 
LB close or above UB, fathomed
2289   929    24         118.6680   129.4424   9.0794     % 
UB: 129.4423898531375
branching on 1 with b.
2290   930    25         118.6680   129.4424   9.0794     % 
UB: 129.4423898531375
branching on 2 with b.
2291   931    25         118.6680   129.4424   9.0794     % 
LB close or above UB, fathomed
2292   930    24         118.6680   129.4424   9.0794     % 
UB: 129.4423898531375
branching on 1 with b.
2293   931    25         118.6680   129.4424   9.0794     % 
UB: 129.4423898531375
branching on 2 with b.
2294   932    25         118.6680   129.4424   9.0794     % 
LB close or above UB, fathomed
2295   931    30         118.6680   129.4424   9.0794     % 
UB: 129.4423898531375
branching on 3 with b.
2296   932    30         118.6680   129.4424   9.0794     % 
LB close or above UB, fathomed
2297   931    30         118.6680   129.4424   9.0794     % 
UB: 129.4423898531375
branching on 3 with b.
2298   932    30         118.6680   129.4424   9.0794     % 
LB close or above UB, fathomed
2299   931    29         118.6680   129.4424   9.0794     % 
UB: 129.4423898531375
branching on 2 with b.
2300   932    30         118.6680   129.4424   9.0794     % 
UB: 129.4423898531375
branching on 3 with b.
2301   933    30         118.6680   129.4424   9.0794     % 
LB close or above UB, fathomed
2302   932    29         118.6680   129.4424   9.0794     % 
UB: 129.4423898531375
branching on 2 with b.
2303   933    24         118.6680   129.4424   9.0794     % 
LB close or above UB, fathomed
2304   932    24         118.6680   129.4424   9.0794     % 
UB: 129.4423898531375
branching on 1 with b.
2305   933    26         118.6680   129.4424   9.0794     % 
LB close or above UB, fathomed
2306   932    26         118.6680   129.4424   9.0794     % 
LB close or above UB, fathomed
2307   931    30         118.6680   129.4424   9.0794     % 
UB: 129.4423898531375
branching on 3 with b.
2308   932    30         118.6680   129.4424   9.0794     % 
LB close or above UB, fathomed
2309   931    29         118.6680   129.4424   9.0794     % 
UB: 129.4423898531375
branching on 2 with b.
2310   932    29         118.6680   129.4424   9.0794     % 
UB: 129.4423898531375
branching on 2 with b.
2311   933    22         118.6680   129.4424   9.0794     % 
UB: 129.4423898531375
branching on 3 with b.
2312   934    23         118.6680   129.4424   9.0794     % 
UB: 129.4423898531375
branching on 1 with b.
2313   935    24         118.6680   129.4424   9.0794     % 
UB: 129.4423898531375
branching on 2 with b.
2314   936    24         118.6680   129.4424   9.0794     % 
LB close or above UB, fathomed
2315   935    23         118.6680   129.4424   9.0794     % 
UB: 129.4423898531375
branching on 1 with b.
2316   936    24         118.6680   129.4424   9.0794     % 
UB: 129.4423898531375
branching on 2 with b.
2317   937    24         118.6680   129.4424   9.0794     % 
LB close or above UB, fathomed
2318   936    22         118.6680   129.4424   9.0794     % 
LB close or above UB, fathomed
2319   935    21         118.6680   129.4424   9.0794     % 
UB: 129.4423898531375
branching on 3 with b.
2320   936    22         118.6680   129.4424   9.0794     % 
LB close or above UB, fathomed
2321   935    22         118.6680   129.4424   9.0794     % 
UB: 129.4423898531375
branching on 1 with b.
2322   936    23         118.6680   129.4424   9.0794     % 
UB: 129.4423898531375
branching on 2 with b.
2323   937    23         118.6680   129.4424   9.0794     % 
LB close or above UB, fathomed
2324   936    21         118.6680   129.4424   9.0794     % 
LB close or above UB, fathomed
2325   935    23         118.6680   129.4424   9.0794     % 
UB: 129.4423898531375
branching on 3 with b.
2326   936    24         118.6680   129.4424   9.0794     % 
UB: 129.4423898531375
branching on 1 with b.
2327   937    25         118.6680   129.4424   9.0794     % 
UB: 129.4423898531375
branching on 2 with b.
2328   938    25         118.6680   129.4424   9.0794     % 
LB close or above UB, fathomed
2329   937    24         118.6680   129.4424   9.0794     % 
UB: 129.4423898531375
branching on 1 with b.
2330   938    25         118.6680   129.4424   9.0794     % 
UB: 129.4423898531375
branching on 2 with b.
2331   939    25         118.6680   129.4424   9.0794     % 
LB close or above UB, fathomed
2332   938    23         118.6680   129.4424   9.0794     % 
LB close or above UB, fathomed
2333   937    23         118.6680   129.4424   9.0794     % 
UB: 129.4423898531375
branching on 3 with b.
2334   938    24         118.6680   129.4424   9.0794     % 
UB: 129.4423898531375
branching on 1 with b.
2335   939    25         118.6680   129.4424   9.0794     % 
UB: 129.4423898531375
branching on 2 with b.
2336   940    25         118.6680   129.4424   9.0794     % 
LB close or above UB, fathomed
2337   939    24         118.6680   129.4424   9.0794     % 
LB close or above UB, fathomed
2338   938    23         118.6680   129.4424   9.0794     % 
LB close or above UB, fathomed
2339   937    23         118.6680   129.4424   9.0794     % 
UB: 129.4423898531375
branching on 3 with b.
2340   938    24         118.6680   129.4424   9.0794     % 
UB: 129.4423898531375
branching on 1 with b.
2341   939    25         118.6680   129.4424   9.0794     % 
UB: 129.4423898531375
branching on 2 with b.
2342   940    25         118.6680   129.4424   9.0794     % 
LB close or above UB, fathomed
2343   939    24         118.6680   129.4424   9.0794     % 
UB: 129.4423898531375
branching on 1 with b.
2344   940    25         118.6680   129.4424   9.0794     % 
UB: 129.4423898531375
branching on 2 with b.
2345   941    25         118.6680   129.4424   9.0794     % 
LB close or above UB, fathomed
2346   940    23         118.6680   129.4424   9.0794     % 
LB close or above UB, fathomed
2347   939    23         118.6680   129.4424   9.0794     % 
UB: 129.4423898531375
branching on 3 with b.
2348   940    24         118.6680   129.4424   9.0794     % 
UB: 129.4423898531375
branching on 1 with b.
2349   941    25         118.6680   129.4424   9.0794     % 
UB: 129.4423898531375
branching on 2 with b.
2350   942    25         118.6680   129.4424   9.0794     % 
LB close or above UB, fathomed
2351   941    24         118.6680   129.4424   9.0794     % 
UB: 129.4423898531375
branching on 1 with b.
2352   942    25         118.6680   129.4424   9.0794     % 
UB: 129.4423898531375
branching on 2 with b.
2353   943    25         118.6680   129.4424   9.0794     % 
LB close or above UB, fathomed
2354   942    23         118.6680   129.4424   9.0794     % 
LB close or above UB, fathomed
2355   941    23         118.6680   129.4424   9.0794     % 
UB: 129.4423898531375
branching on 3 with b.
2356   942    24         118.6680   129.4424   9.0794     % 
UB: 129.4423898531375
branching on 1 with b.
2357   943    25         118.6680   129.4424   9.0794     % 
UB: 129.4423898531375
branching on 2 with b.
2358   944    25         118.6680   129.4424   9.0794     % 
LB close or above UB, fathomed
2359   943    24         118.6680   129.4424   9.0794     % 
UB: 129.4423898531375
branching on 1 with b.
2360   944    25         118.6680   129.4424   9.0794     % 
UB: 129.4423898531375
branching on 2 with b.
2361   945    25         118.6680   129.4424   9.0794     % 
LB close or above UB, fathomed
2362   944    23         118.6680   129.4424   9.0794     % 
LB close or above UB, fathomed
2363   943    22         118.6680   129.4424   9.0794     % 
UB: 129.4423898531375
branching on 3 with b.
2364   944    23         118.6680   129.4424   9.0794     % 
UB: 129.4423898531375
branching on 1 with b.
2365   945    24         118.6680   129.4424   9.0794     % 
UB: 129.4423898531375
branching on 2 with b.
2366   946    24         118.6680   129.4424   9.0794     % 
LB close or above UB, fathomed
2367   945    23         118.6680   129.4424   9.0794     % 
UB: 129.4423898531375
branching on 1 with b.
2368   946    24         118.6680   129.4424   9.0794     % 
UB: 129.4423898531375
branching on 2 with b.
2369   947    24         118.6680   129.4424   9.0794     % 
LB close or above UB, fathomed
2370   946    22         118.6680   129.4424   9.0794     % 
LB close or above UB, fathomed
2371   945    23         118.6680   129.4424   9.0794     % 
UB: 129.4423898531375
branching on 3 with b.
2372   946    24         118.6680   129.4424   9.0794     % 
UB: 129.4423898531375
branching on 1 with b.
2373   947    25         118.6680   129.4424   9.0794     % 
UB: 129.4423898531375
branching on 2 with b.
2374   948    25         118.6680   129.4424   9.0794     % 
LB close or above UB, fathomed
2375   947    24         118.6680   129.4424   9.0794     % 
UB: 129.4423898531375
branching on 1 with b.
2376   948    25         118.6680   129.4424   9.0794     % 
UB: 129.4423898531375
branching on 2 with b.
2377   949    25         118.6680   129.4424   9.0794     % 
LB close or above UB, fathomed
2378   948    23         118.6680   129.4424   9.0794     % 
LB close or above UB, fathomed
2379   947    21         118.6680   129.4424   9.0794     % 
UB: 129.4423898531375
branching on 3 with b.
2380   948    22         118.6680   129.4424   9.0794     % 
UB: 129.4423898531375
branching on 1 with b.
2381   949    23         118.6680   129.4424   9.0794     % 
UB: 129.4423898531375
branching on 2 with b.
2382   950    23         118.6680   129.4424   9.0794     % 
LB close or above UB, fathomed
2383   949    22         118.6680   129.4424   9.0794     % 
UB: 129.4423898531375
branching on 1 with b.
2384   950    23         118.6680   129.4424   9.0794     % 
UB: 129.4423898531375
branching on 2 with b.
2385   951    23         118.6680   129.4424   9.0794     % 
LB close or above UB, fathomed
2386   950    21         118.6680   129.4424   9.0794     % 
LB close or above UB, fathomed
2387   949    23         118.6680   129.4424   9.0794     % 
UB: 129.4423898531375
branching on 3 with b.
2388   950    24         118.6680   129.4424   9.0794     % 
UB: 129.4423898531375
branching on 1 with b.
2389   951    25         118.6680   129.4424   9.0794     % 
UB: 129.4423898531375
branching on 2 with b.
2390   952    25         118.6680   129.4424   9.0794     % 
LB close or above UB, fathomed
2391   951    24         118.6680   129.4424   9.0794     % 
UB: 129.4423898531375
branching on 1 with b.
2392   952    25         118.6680   129.4424   9.0794     % 
UB: 129.4423898531375
branching on 2 with b.
2393   953    25         118.6680   129.4424   9.0794     % 
LB close or above UB, fathomed
2394   952    23         118.6680   129.4424   9.0794     % 
LB close or above UB, fathomed
2395   951    25         118.6680   129.4424   9.0794     % 
LB close or above UB, fathomed
2396   950    25         118.6680   129.4424   9.0794     % 
UB: 129.4423898531375
branching on 1 with b.
2397   951    26         118.6680   129.4424   9.0794     % 
UB: 129.4423898531375
branching on 2 with b.
2398   952    26         118.6680   129.4424   9.0794     % 
UB: 129.4423898531375
branching on 2 with b.
2399   953    28         118.6680   129.4424   9.0794     % 
UB: 129.4423898531375
branching on 1 with b.
2400   954    29         118.6680   129.4424   9.0794     % 
UB: 129.4423898531375
branching on 2 with b.
2401   955    30         118.6680   129.4424   9.0794     % 
UB: 129.4423898531375
branching on 3 with b.
2402   956    30         118.6680   129.4424   9.0794     % 
LB close or above UB, fathomed
2403   955    29         118.6680   129.4424   9.0794     % 
UB: 129.4423898531375
branching on 2 with b.
2404   956    28         118.6680   129.4424   9.0794     % 
UB: 129.4423898531375
branching on 1 with b.
2405   957    29         118.6680   129.4424   9.0794     % 
UB: 129.4423898531375
branching on 2 with b.
2406   958    30         118.6680   129.4424   9.0794     % 
UB: 129.4423898531375
branching on 3 with b.
2407   959    30         118.6680   129.4424   9.0794     % 
LB close or above UB, fathomed
2408   958    29         118.6680   129.4424   9.0794     % 
UB: 129.4423898531375
branching on 2 with b.
2409   959    21         118.6680   129.4424   9.0794     % 
UB: 129.4423898531375
branching on 1 with b.
2410   960    22         118.6680   129.4424   9.0794     % 
LB close or above UB, fathomed
2411   959    22         118.6680   129.4424   9.0794     % 
LB close or above UB, fathomed
2412   958    21         118.6680   129.4424   9.0794     % 
LB close or above UB, fathomed
2413   957    22         118.6680   129.4424   9.0794     % 
UB: 129.4423898531375
branching on 2 with b.
2414   958    22         118.6680   129.4424   9.0794     % 
UB: 129.4423898531375
branching on 2 with b.
2415   959    23         118.6680   129.4424   9.0794     % 
UB: 129.4423898531375
branching on 3 with b.
2416   960    24         118.6680   129.4424   9.0794     % 
UB: 129.4423898531375
branching on 1 with b.
2417   961    25         118.6680   129.4424   9.0794     % 
UB: 129.4423898531375
branching on 2 with b.
2418   962    25         118.6680   129.4424   9.0794     % 
LB close or above UB, fathomed
2419   961    24         118.6680   129.4424   9.0794     % 
UB: 129.4423898531375
branching on 1 with b.
2420   962    25         118.6680   129.4424   9.0794     % 
UB: 129.4423898531375
branching on 2 with b.
2421   963    25         118.6680   129.4424   9.0794     % 
LB close or above UB, fathomed
2422   962    23         118.6680   129.4424   9.0794     % 
LB close or above UB, fathomed
2423   961    23         118.6680   129.4424   9.0794     % 
UB: 129.4423898531375
branching on 3 with b.
2424   962    24         118.6680   129.4424   9.0794     % 
UB: 129.4423898531375
branching on 1 with b.
2425   963    25         118.6680   129.4424   9.0794     % 
UB: 129.4423898531375
branching on 2 with b.
2426   964    25         118.6680   129.4424   9.0794     % 
LB close or above UB, fathomed
2427   963    24         118.6680   129.4424   9.0794     % 
UB: 129.4423898531375
branching on 1 with b.
2428   964    25         118.6680   129.4424   9.0794     % 
UB: 129.4423898531375
branching on 2 with b.
2429   965    25         118.6680   129.4424   9.0794     % 
LB close or above UB, fathomed
2430   964    23         118.6680   129.4424   9.0794     % 
LB close or above UB, fathomed
2431   963    21         118.6680   129.4424   9.0794     % 
UB: 129.4423898531375
branching on 3 with b.
2432   964    22         118.6680   129.4424   9.0794     % 
UB: 129.4423898531375
branching on 1 with b.
2433   965    23         118.6680   129.4424   9.0794     % 
UB: 129.4423898531375
branching on 2 with b.
2434   966    23         118.6680   129.4424   9.0794     % 
LB close or above UB, fathomed
2435   965    22         118.6680   129.4424   9.0794     % 
UB: 129.4423898531375
branching on 1 with b.
2436   966    23         118.6680   129.4424   9.0794     % 
UB: 129.4423898531375
branching on 2 with b.
2437   967    23         118.6680   129.4424   9.0794     % 
LB close or above UB, fathomed
2438   966    21         118.6680   129.4424   9.0794     % 
LB close or above UB, fathomed
2439   965    22         118.6680   129.4424   9.0794     % 
UB: 129.4423898531375
branching on 3 with b.
2440   966    23         118.6680   129.4424   9.0794     % 
UB: 129.4423898531375
branching on 1 with b.
2441   967    24         118.6680   129.4424   9.0794     % 
UB: 129.4423898531375
branching on 2 with b.
2442   968    24         118.6680   129.4424   9.0794     % 
LB close or above UB, fathomed
2443   967    23         118.6680   129.4424   9.0794     % 
UB: 129.4423898531375
branching on 1 with b.
2444   968    24         118.6680   129.4424   9.0794     % 
UB: 129.4423898531375
branching on 2 with b.
2445   969    24         118.6680   129.4424   9.0794     % 
LB close or above UB, fathomed
2446   968    22         118.6680   129.4424   9.0794     % 
LB close or above UB, fathomed
2447   967    21         118.6680   129.4424   9.0794     % 
LB close or above UB, fathomed
2448   966    21         118.6680   129.4424   9.0794     % 
UB: 129.4423898531375
branching on CartesianIndex(1, 7) with c.
2449   967    22         118.6680   129.4424   9.0794     % 
UB: 129.4423898531375
branching on 2 with b.
2450   968    23         118.6680   129.4424   9.0794     % 
UB: 129.4423898531375
branching on 3 with b.
2451   969    24         118.6680   129.4424   9.0794     % 
UB: 129.4423898531375
branching on 1 with b.
2452   970    25         118.6680   129.4424   9.0794     % 
UB: 129.4423898531375
branching on 2 with b.
2453   971    25         118.6680   129.4424   9.0794     % 
LB close or above UB, fathomed
2454   970    24         118.6680   129.4424   9.0794     % 
UB: 129.4423898531375
branching on 1 with b.
2455   971    25         118.6680   129.4424   9.0794     % 
UB: 129.4423898531375
branching on 2 with b.
2456   972    25         118.6680   129.4424   9.0794     % 
LB close or above UB, fathomed
2457   971    23         118.6680   129.4424   9.0794     % 
LB close or above UB, fathomed
2458   970    22         118.6680   129.4424   9.0794     % 
UB: 129.4423898531375
branching on 2 with b.
2459   971    23         118.6680   129.4424   9.0794     % 
UB: 129.4423898531375
branching on 3 with b.
2460   972    24         118.6680   129.4424   9.0794     % 
UB: 129.4423898531375
branching on 1 with b.
2461   973    25         118.6680   129.4424   9.0794     % 
UB: 129.4423898531375
branching on 2 with b.
2462   974    25         118.6680   129.4424   9.0794     % 
LB close or above UB, fathomed
2463   973    24         118.6680   129.4424   9.0794     % 
UB: 129.4423898531375
branching on 1 with b.
2464   974    25         118.6680   129.4424   9.0794     % 
UB: 129.4423898531375
branching on 2 with b.
2465   975    25         118.6680   129.4424   9.0794     % 
LB close or above UB, fathomed
2466   974    23         118.6680   129.4424   9.0794     % 
LB close or above UB, fathomed
2467   973    14         119.1181   129.4424   8.6673     % 
LB close or above UB, fathomed
2468   972    14         119.1181   129.4424   8.6673     % 
UB: 129.4423898531375
branching on 2 with b.
2469   973    14         119.2004   129.4424   8.5922     % 
UB: 129.4423898531375
branching on CartesianIndex(3, 2) with a.
2470   974    14         119.2004   129.4424   8.5922     % 
LB close or above UB, fathomed
2471   973    17         120.4138   129.4424   7.4980     % 
UB: 129.4423898531375
branching on 1 with b.
2472   974    18         120.4138   129.4424   7.4980     % 
LB close or above UB, fathomed
2473   973    18         120.4138   129.4424   7.4980     % 
UB: 129.4423898531375
branching on 2 with b.
2474   974    17         120.4138   129.4424   7.4980     % 
LB close or above UB, fathomed
2475   973    30         120.4562   129.4424   7.4602     % 
LB close or above UB, fathomed
2476   972    30         120.4562   129.4424   7.4602     % 
LB close or above UB, fathomed
2477   971    27         120.4638   129.4424   7.4534     % 
UB: 129.4423898531375
branching on 3 with b.
2478   972    27         120.4638   129.4424   7.4534     % 
LB close or above UB, fathomed
2479   971    23         120.4638   129.4424   7.4534     % 
UB: 129.4423898531375
branching on 3 with b.
2480   972    24         120.4638   129.4424   7.4534     % 
UB: 129.4423898531375
branching on 1 with b.
2481   973    25         120.4638   129.4424   7.4534     % 
LB close or above UB, fathomed
2482   972    25         120.4638   129.4424   7.4534     % 
UB: 129.4423898531375
branching on 2 with b.
2483   973    24         120.4638   129.4424   7.4534     % 
UB: 129.4423898531375
branching on 1 with b.
2484   974    23         120.4638   129.4424   7.4534     % 
LB close or above UB, fathomed
2485   973    29         120.4638   129.4424   7.4534     % 
UB: 129.4423898531375
branching on 3 with b.
2486   974    29         120.4638   129.4424   7.4534     % 
LB close or above UB, fathomed
2487   973    23         120.4638   129.4424   7.4534     % 
UB: 129.4423898531375
branching on 3 with b.
2488   974    24         120.4638   129.4424   7.4534     % 
UB: 129.4423898531375
branching on 1 with b.
2489   975    25         120.4638   129.4424   7.4534     % 
LB close or above UB, fathomed
2490   974    25         120.4638   129.4424   7.4534     % 
UB: 129.4423898531375
branching on 2 with b.
2491   975    24         120.4638   129.4424   7.4534     % 
UB: 129.4423898531375
branching on 1 with b.
2492   976    23         120.4638   129.4424   7.4534     % 
LB close or above UB, fathomed
2493   975    25         120.4638   129.4424   7.4534     % 
LB close or above UB, fathomed
2494   974    25         120.4638   129.4424   7.4534     % 
UB: 129.4423898531375
branching on 2 with b.
2495   975    25         120.4638   129.4424   7.4534     % 
LB close or above UB, fathomed
2496   974    25         120.4638   129.4424   7.4534     % 
UB: 129.4423898531375
branching on 2 with b.
2497   975    27         120.4638   129.4424   7.4534     % 
LB close or above UB, fathomed
2498   974    27         120.4638   129.4424   7.4534     % 
UB: 129.4423898531375
branching on 3 with b.
2499   975    27         120.4638   129.4424   7.4534     % 
LB close or above UB, fathomed
2500   974    27         120.4638   129.4424   7.4534     % 
UB: 129.4423898531375
branching on 3 with b.
2501   975    28         120.4638   129.4424   7.4534     % 
UB: 129.4423898531375
branching on 1 with b.
2502   976    28         120.4638   129.4424   7.4534     % 
UB: 129.4423898531375
branching on 1 with b.
2503   977    29         120.4638   129.4424   7.4534     % 
LB close or above UB, fathomed
2504   976    29         120.4638   129.4424   7.4534     % 
UB: 129.4423898531375
branching on 2 with b.
2505   977    30         120.4638   129.4424   7.4534     % 
LB close or above UB, fathomed
2506   976    30         120.4638   129.4424   7.4534     % 
LB close or above UB, fathomed
2507   975    30         120.4638   129.4424   7.4534     % 
LB close or above UB, fathomed
2508   974    30         120.4638   129.4424   7.4534     % 
LB close or above UB, fathomed
2509   973    25         120.4638   129.4424   7.4534     % 
LB close or above UB, fathomed
2510   972    25         120.4638   129.4424   7.4534     % 
UB: 129.4423898531375
branching on 2 with b.
2511   973    28         120.4638   129.4424   7.4534     % 
UB: 129.4423898531375
branching on 1 with b.
2512   974    28         120.4638   129.4424   7.4534     % 
UB: 129.4423898531375
branching on 1 with b.
2513   975    25         120.4638   129.4424   7.4534     % 
UB: 129.4423898531375
branching on 1 with b.
2514   976    26         120.4638   129.4424   7.4534     % 
UB: 129.4423898531375
branching on 2 with b.
2515   977    27         120.4638   129.4424   7.4534     % 
LB close or above UB, fathomed
2516   976    27         120.4638   129.4424   7.4534     % 
UB: 129.4423898531375
branching on 3 with b.
2517   977    26         120.4638   129.4424   7.4534     % 
UB: 129.4423898531375
branching on 2 with b.
2518   978    25         120.4638   129.4424   7.4534     % 
UB: 129.4423898531375
branching on 1 with b.
2519   979    25         120.4638   129.4424   7.4534     % 
LB close or above UB, fathomed
2520   978    25         120.4638   129.4424   7.4534     % 
UB: 129.4423898531375
branching on 1 with b.
2521   979    26         120.4638   129.4424   7.4534     % 
UB: 129.4423898531375
branching on 2 with b.
2522   980    26         120.4638   129.4424   7.4534     % 
UB: 129.4423898531375
branching on 2 with b.
2523   981    22         120.4638   129.4424   7.4534     % 
UB: 129.4423898531375
branching on 3 with b.
2524   982    23         120.4638   129.4424   7.4534     % 
UB: 129.4423898531375
branching on 1 with b.
2525   983    24         120.4638   129.4424   7.4534     % 
LB close or above UB, fathomed
2526   982    24         120.4638   129.4424   7.4534     % 
UB: 129.4423898531375
branching on 2 with b.
2527   983    23         120.4638   129.4424   7.4534     % 
UB: 129.4423898531375
branching on 1 with b.
2528   984    24         120.4638   129.4424   7.4534     % 
LB close or above UB, fathomed
2529   983    24         120.4638   129.4424   7.4534     % 
UB: 129.4423898531375
branching on 2 with b.
2530   984    22         120.4638   129.4424   7.4534     % 
LB close or above UB, fathomed
2531   983    22         120.4638   129.4424   7.4534     % 
UB: 129.4423898531375
branching on 3 with b.
2532   984    23         120.4638   129.4424   7.4534     % 
UB: 129.4423898531375
branching on 1 with b.
2533   985    24         120.4638   129.4424   7.4534     % 
LB close or above UB, fathomed
2534   984    24         120.4638   129.4424   7.4534     % 
UB: 129.4423898531375
branching on 2 with b.
2535   985    23         120.4638   129.4424   7.4534     % 
UB: 129.4423898531375
branching on 1 with b.
2536   986    24         120.4638   129.4424   7.4534     % 
LB close or above UB, fathomed
2537   985    24         120.4638   129.4424   7.4534     % 
UB: 129.4423898531375
branching on 2 with b.
2538   986    22         120.4638   129.4424   7.4534     % 
LB close or above UB, fathomed
2539   985    23         120.4638   129.4424   7.4534     % 
UB: 129.4423898531375
branching on 3 with b.
2540   986    24         120.4638   129.4424   7.4534     % 
UB: 129.4423898531375
branching on 1 with b.
2541   987    25         120.4638   129.4424   7.4534     % 
LB close or above UB, fathomed
2542   986    25         120.4638   129.4424   7.4534     % 
UB: 129.4423898531375
branching on 2 with b.
2543   987    24         120.4638   129.4424   7.4534     % 
UB: 129.4423898531375
branching on 1 with b.
2544   988    25         120.4638   129.4424   7.4534     % 
LB close or above UB, fathomed
2545   987    25         120.4638   129.4424   7.4534     % 
UB: 129.4423898531375
branching on 2 with b.
2546   988    23         120.4638   129.4424   7.4534     % 
LB close or above UB, fathomed
2547   987    23         120.4638   129.4424   7.4534     % 
UB: 129.4423898531375
branching on 3 with b.
2548   988    24         120.4638   129.4424   7.4534     % 
UB: 129.4423898531375
branching on 1 with b.
2549   989    25         120.4638   129.4424   7.4534     % 
LB close or above UB, fathomed
2550   988    25         120.4638   129.4424   7.4534     % 
UB: 129.4423898531375
branching on 2 with b.
2551   989    24         120.4638   129.4424   7.4534     % 
UB: 129.4423898531375
branching on 1 with b.
2552   990    25         120.4638   129.4424   7.4534     % 
LB close or above UB, fathomed
2553   989    25         120.4638   129.4424   7.4534     % 
UB: 129.4423898531375
branching on 2 with b.
2554   990    23         120.4638   129.4424   7.4534     % 
LB close or above UB, fathomed
2555   989    21         120.4638   129.4424   7.4534     % 
UB: 129.4423898531375
branching on 3 with b.
2556   990    22         120.4638   129.4424   7.4534     % 
UB: 129.4423898531375
branching on 1 with b.
2557   991    23         120.4638   129.4424   7.4534     % 
LB close or above UB, fathomed
2558   990    23         120.4638   129.4424   7.4534     % 
UB: 129.4423898531375
branching on 2 with b.
2559   991    22         120.4638   129.4424   7.4534     % 
UB: 129.4423898531375
branching on 1 with b.
2560   992    23         120.4638   129.4424   7.4534     % 
LB close or above UB, fathomed
2561   991    23         120.4638   129.4424   7.4534     % 
UB: 129.4423898531375
branching on 2 with b.
2562   992    21         120.4638   129.4424   7.4534     % 
LB close or above UB, fathomed
2563   991    21         120.4638   129.4424   7.4534     % 
UB: 129.4423898531375
branching on 3 with b.
2564   992    22         120.4638   129.4424   7.4534     % 
UB: 129.4423898531375
branching on 1 with b.
2565   993    23         120.4638   129.4424   7.4534     % 
LB close or above UB, fathomed
2566   992    23         120.4638   129.4424   7.4534     % 
UB: 129.4423898531375
branching on 2 with b.
2567   993    22         120.4638   129.4424   7.4534     % 
UB: 129.4423898531375
branching on 1 with b.
2568   994    23         120.4638   129.4424   7.4534     % 
LB close or above UB, fathomed
2569   993    23         120.4638   129.4424   7.4534     % 
UB: 129.4423898531375
branching on 2 with b.
2570   994    21         120.4638   129.4424   7.4534     % 
LB close or above UB, fathomed
2571   993    23         120.4638   129.4424   7.4534     % 
UB: 129.4423898531375
branching on 3 with b.
2572   994    24         120.4638   129.4424   7.4534     % 
UB: 129.4423898531375
branching on 1 with b.
2573   995    25         120.4638   129.4424   7.4534     % 
LB close or above UB, fathomed
2574   994    25         120.4638   129.4424   7.4534     % 
UB: 129.4423898531375
branching on 2 with b.
2575   995    24         120.4638   129.4424   7.4534     % 
UB: 129.4423898531375
branching on 1 with b.
2576   996    25         120.4638   129.4424   7.4534     % 
LB close or above UB, fathomed
2577   995    25         120.4638   129.4424   7.4534     % 
UB: 129.4423898531375
branching on 2 with b.
2578   996    23         120.4638   129.4424   7.4534     % 
LB close or above UB, fathomed
2579   995    23         120.4638   129.4424   7.4534     % 
UB: 129.4423898531375
branching on 3 with b.
2580   996    24         120.4638   129.4424   7.4534     % 
UB: 129.4423898531375
branching on 1 with b.
2581   997    25         120.4638   129.4424   7.4534     % 
LB close or above UB, fathomed
2582   996    25         120.4638   129.4424   7.4534     % 
UB: 129.4423898531375
branching on 2 with b.
2583   997    24         120.4638   129.4424   7.4534     % 
UB: 129.4423898531375
branching on 1 with b.
2584   998    25         120.4638   129.4424   7.4534     % 
LB close or above UB, fathomed
2585   997    25         120.4638   129.4424   7.4534     % 
UB: 129.4423898531375
branching on 2 with b.
2586   998    23         120.4638   129.4424   7.4534     % 
LB close or above UB, fathomed
2587   997    22         120.4638   129.4424   7.4534     % 
UB: 129.4423898531375
branching on 3 with b.
2588   998    23         120.4638   129.4424   7.4534     % 
LB close or above UB, fathomed
2589   997    23         120.4638   129.4424   7.4534     % 
UB: 129.4423898531375
branching on 1 with b.
2590   998    24         120.4638   129.4424   7.4534     % 
LB close or above UB, fathomed
2591   997    24         120.4638   129.4424   7.4534     % 
UB: 129.4423898531375
branching on 2 with b.
2592   998    22         120.4638   129.4424   7.4534     % 
LB close or above UB, fathomed
2593   997    23         120.4638   129.4424   7.4534     % 
UB: 129.4423898531375
branching on 3 with b.
2594   998    24         120.4638   129.4424   7.4534     % 
UB: 129.4423898531375
branching on 1 with b.
2595   999    25         120.4638   129.4424   7.4534     % 
LB close or above UB, fathomed
2596   998    25         120.4638   129.4424   7.4534     % 
UB: 129.4423898531375
branching on 2 with b.
2597   999    24         120.4638   129.4424   7.4534     % 
UB: 129.4423898531375
branching on 1 with b.
2598   1000   25         120.4638   129.4424   7.4534     % 
LB close or above UB, fathomed
2599   999    25         120.4638   129.4424   7.4534     % 
UB: 129.4423898531375
branching on 2 with b.
2600   1000   23         120.4638   129.4424   7.4534     % 
LB close or above UB, fathomed
2601   999    23         120.4638   129.4424   7.4534     % 
UB: 129.4423898531375
branching on 3 with b.
2602   1000   24         120.4638   129.4424   7.4534     % 
UB: 129.4423898531375
branching on 1 with b.
2603   1001   25         120.4638   129.4424   7.4534     % 
LB close or above UB, fathomed
2604   1000   25         120.4638   129.4424   7.4534     % 
UB: 129.4423898531375
branching on 2 with b.
2605   1001   24         120.4638   129.4424   7.4534     % 
UB: 129.4423898531375
branching on 1 with b.
2606   1002   25         120.4638   129.4424   7.4534     % 
LB close or above UB, fathomed
2607   1001   25         120.4638   129.4424   7.4534     % 
UB: 129.4423898531375
branching on 2 with b.
2608   1002   23         120.4638   129.4424   7.4534     % 
LB close or above UB, fathomed
2609   1001   26         120.4638   129.4424   7.4534     % 
UB: 129.4423898531375
branching on 3 with b.
2610   1002   26         120.4638   129.4424   7.4534     % 
LB close or above UB, fathomed
2611   1001   29         120.4638   129.4424   7.4534     % 
UB: 129.4423898531375
branching on 2 with b.
2612   1002   29         120.4638   129.4424   7.4534     % 
UB: 129.4423898531375
branching on 2 with b.
2613   1003   15         120.4638   129.4424   7.4534     % 
LB close or above UB, fathomed
2614   1002   15         120.4638   129.4424   7.4534     % 
LB close or above UB, fathomed
2615   1001   27         120.4638   129.4424   7.4534     % 
UB: 129.4423898531375
branching on 3 with b.
2616   1002   27         120.4638   129.4424   7.4534     % 
LB close or above UB, fathomed
2617   1001   30         120.4638   129.4424   7.4534     % 
LB close or above UB, fathomed
2618   1000   30         120.4638   129.4424   7.4534     % 
LB close or above UB, fathomed
2619   999    26         120.4638   129.4424   7.4534     % 
UB: 129.4423898531375
branching on 2 with b.
2620   1000   27         120.4638   129.4424   7.4534     % 
UB: 129.4423898531375
branching on 3 with b.
2621   1001   27         120.4638   129.4424   7.4534     % 
LB close or above UB, fathomed
2622   1000   26         120.4638   129.4424   7.4534     % 
UB: 129.4423898531375
branching on 2 with b.
2623   1001   30         120.4638   129.4424   7.4534     % 
LB close or above UB, fathomed
2624   1000   30         120.4638   129.4424   7.4534     % 
LB close or above UB, fathomed
2625   999    30         120.4638   129.4424   7.4534     % 
LB close or above UB, fathomed
2626   998    30         120.4638   129.4424   7.4534     % 
LB close or above UB, fathomed
2627   997    30         120.4638   129.4424   7.4534     % 
LB close or above UB, fathomed
2628   996    30         120.4638   129.4424   7.4534     % 
LB close or above UB, fathomed
2629   995    30         120.4638   129.4424   7.4534     % 
LB close or above UB, fathomed
2630   994    30         120.4638   129.4424   7.4534     % 
LB close or above UB, fathomed
2631   993    32         120.4638   129.4424   7.4534     % 
UB: 129.4423898531375
branching on 2 with b.
2632   994    33         120.4638   129.4424   7.4534     % 
LB close or above UB, fathomed
2633   993    33         120.4638   129.4424   7.4534     % 
LB close or above UB, fathomed
2634   992    32         120.4638   129.4424   7.4534     % 
UB: 129.4423898531375
branching on 2 with b.
2635   993    33         120.4638   129.4424   7.4534     % 
LB close or above UB, fathomed
2636   992    33         120.4638   129.4424   7.4534     % 
LB close or above UB, fathomed
2637   991    32         120.4638   129.4424   7.4534     % 
UB: 129.4423898531375
branching on 2 with b.
2638   992    33         120.4638   129.4424   7.4534     % 
LB close or above UB, fathomed
2639   991    33         120.4638   129.4424   7.4534     % 
LB close or above UB, fathomed
2640   990    32         120.4638   129.4424   7.4534     % 
UB: 129.4423898531375
branching on 2 with b.
2641   991    33         120.4638   129.4424   7.4534     % 
LB close or above UB, fathomed
2642   990    33         120.4638   129.4424   7.4534     % 
LB close or above UB, fathomed
2643   989    32         120.4638   129.4424   7.4534     % 
UB: 129.4423898531375
branching on 2 with b.
2644   990    32         120.4638   129.4424   7.4534     % 
UB: 129.4423898531375
branching on 2 with b.
2645   991    33         120.4638   129.4424   7.4534     % 
LB close or above UB, fathomed
2646   990    33         120.4638   129.4424   7.4534     % 
LB close or above UB, fathomed
2647   989    32         120.4638   129.4424   7.4534     % 
UB: 129.4423898531375
branching on 2 with b.
2648   990    33         120.4638   129.4424   7.4534     % 
LB close or above UB, fathomed
2649   989    33         120.4638   129.4424   7.4534     % 
LB close or above UB, fathomed
2650   988    32         120.4638   129.4424   7.4534     % 
UB: 129.4423898531375
branching on 2 with b.
2651   989    33         120.4638   129.4424   7.4534     % 
LB close or above UB, fathomed
2652   988    33         120.4638   129.4424   7.4534     % 
LB close or above UB, fathomed
2653   987    33         120.4638   129.4424   7.4534     % 
LB close or above UB, fathomed
2654   986    33         120.4638   129.4424   7.4534     % 
LB close or above UB, fathomed
2655   985    32         120.4638   129.4424   7.4534     % 
UB: 129.4423898531375
branching on 2 with b.
2656   986    33         120.4638   129.4424   7.4534     % 
LB close or above UB, fathomed
2657   985    33         120.4638   129.4424   7.4534     % 
LB close or above UB, fathomed
2658   984    32         120.4638   129.4424   7.4534     % 
UB: 129.4423898531375
branching on 2 with b.
2659   985    33         120.4638   129.4424   7.4534     % 
LB close or above UB, fathomed
2660   984    33         120.4638   129.4424   7.4534     % 
LB close or above UB, fathomed
2661   983    33         120.4638   129.4424   7.4534     % 
LB close or above UB, fathomed
2662   982    33         120.4638   129.4424   7.4534     % 
LB close or above UB, fathomed
2663   981    33         120.4638   129.4424   7.4534     % 
UB: 129.4423898531375
branching on 3 with b.
2664   982    33         120.4638   129.4424   7.4534     % 
LB close or above UB, fathomed
2665   981    32         120.4638   129.4424   7.4534     % 
UB: 129.4423898531375
branching on 2 with b.
2666   982    32         120.4638   129.4424   7.4534     % 
UB: 129.4423898531375
branching on 2 with b.
2667   983    33         120.4638   129.4424   7.4534     % 
UB: 129.4423898531375
branching on 3 with b.
2668   984    33         120.4638   129.4424   7.4534     % 
LB close or above UB, fathomed
2669   983    32         120.4638   129.4424   7.4534     % 
UB: 129.4423898531375
branching on 2 with b.
2670   984    32         120.4638   129.4424   7.4534     % 
UB: 129.4423898531375
branching on 2 with b.
2671   985    33         120.4638   129.4424   7.4534     % 
UB: 129.4423898531375
branching on 3 with b.
2672   986    33         120.4638   129.4424   7.4534     % 
LB close or above UB, fathomed
2673   985    33         120.4638   129.4424   7.4534     % 
UB: 129.4423898531375
branching on 3 with b.
2674   986    33         120.4638   129.4424   7.4534     % 
LB close or above UB, fathomed
2675   985    33         120.4638   129.4424   7.4534     % 
UB: 129.4423898531375
branching on 3 with b.
2676   986    33         120.4638   129.4424   7.4534     % 
LB close or above UB, fathomed
2677   985    33         120.4638   129.4424   7.4534     % 
UB: 129.4423898531375
branching on 3 with b.
2678   986    33         120.4638   129.4424   7.4534     % 
LB close or above UB, fathomed
2679   985    33         120.4638   129.4424   7.4534     % 
UB: 129.4423898531375
branching on 3 with b.
2680   986    33         120.4638   129.4424   7.4534     % 
LB close or above UB, fathomed
2681   985    30         120.4638   129.4424   7.4534     % 
LB close or above UB, fathomed
2682   984    30         120.4638   129.4424   7.4534     % 
LB close or above UB, fathomed
2683   983    29         120.4638   129.4424   7.4534     % 
UB: 129.4423898531375
branching on 2 with b.
2684   984    29         120.4638   129.4424   7.4534     % 
UB: 129.4423898531375
branching on 2 with b.
2685   985    30         120.4638   129.4424   7.4534     % 
LB close or above UB, fathomed
2686   984    30         120.4638   129.4424   7.4534     % 
LB close or above UB, fathomed
2687   983    28         120.4638   129.4424   7.4534     % 
UB: 129.4423898531375
branching on 2 with b.
2688   984    28         120.4638   129.4424   7.4534     % 
UB: 129.4423898531375
branching on 2 with b.
2689   985    30         120.4638   129.4424   7.4534     % 
LB close or above UB, fathomed
2690   984    30         120.4638   129.4424   7.4534     % 
LB close or above UB, fathomed
2691   983    30         120.4638   129.4424   7.4534     % 
LB close or above UB, fathomed
2692   982    30         120.4638   129.4424   7.4534     % 
LB close or above UB, fathomed
2693   981    29         120.4638   129.4424   7.4534     % 
LB close or above UB, fathomed
2694   980    29         120.4638   129.4424   7.4534     % 
LB close or above UB, fathomed
2695   979    30         120.4638   129.4424   7.4534     % 
LB close or above UB, fathomed
2696   978    30         120.4638   129.4424   7.4534     % 
LB close or above UB, fathomed
2697   977    33         120.4638   129.4424   7.4534     % 
LB close or above UB, fathomed
2698   976    33         120.4638   129.4424   7.4534     % 
LB close or above UB, fathomed
2699   975    33         120.4638   129.4424   7.4534     % 
LB close or above UB, fathomed
2700   974    33         120.4638   129.4424   7.4534     % 
LB close or above UB, fathomed
2701   973    30         120.4638   129.4424   7.4534     % 
LB close or above UB, fathomed
2702   972    30         120.4638   129.4424   7.4534     % 
LB close or above UB, fathomed
2703   971    29         120.4638   129.4424   7.4534     % 
LB close or above UB, fathomed
2704   970    29         120.4638   129.4424   7.4534     % 
UB: 129.4423898531375
branching on 2 with b.
2705   971    27         120.4638   129.4424   7.4534     % 
UB: 129.4423898531375
branching on 1 with b.
2706   972    28         120.4638   129.4424   7.4534     % 
LB close or above UB, fathomed
2707   971    28         120.4638   129.4424   7.4534     % 
UB: 129.4423898531375
branching on 2 with b.
2708   972    27         120.4638   129.4424   7.4534     % 
LB close or above UB, fathomed
2709   971    28         120.4638   129.4424   7.4534     % 
LB close or above UB, fathomed
2710   970    28         120.4638   129.4424   7.4534     % 
UB: 129.4423898531375
branching on 1 with b.
2711   971    29         120.4638   129.4424   7.4534     % 
UB: 129.4423898531375
branching on 2 with b.
2712   972    29         120.4638   129.4424   7.4534     % 
UB: 129.4423898531375
branching on 2 with b.
2713   973    33         120.4638   129.4424   7.4534     % 
LB close or above UB, fathomed
2714   972    33         120.4638   129.4424   7.4534     % 
LB close or above UB, fathomed
2715   971    30         120.4638   129.4424   7.4534     % 
LB close or above UB, fathomed
2716   970    30         120.4638   129.4424   7.4534     % 
LB close or above UB, fathomed
2717   969    29         120.4638   129.4424   7.4534     % 
UB: 129.4423898531375
branching on 2 with b.
2718   970    29         120.4638   129.4424   7.4534     % 
UB: 129.4423898531375
branching on 2 with b.
2719   971    30         120.4638   129.4424   7.4534     % 
LB close or above UB, fathomed
2720   970    30         120.4638   129.4424   7.4534     % 
LB close or above UB, fathomed
2721   969    30         120.4638   129.4424   7.4534     % 
LB close or above UB, fathomed
2722   968    30         120.4638   129.4424   7.4534     % 
LB close or above UB, fathomed
2723   967    23         120.4638   129.4424   7.4534     % 
UB: 129.4423898531375
branching on 3 with b.
2724   968    24         120.4638   129.4424   7.4534     % 
LB close or above UB, fathomed
2725   967    24         120.4638   129.4424   7.4534     % 
UB: 129.4423898531375
branching on 1 with b.
2726   968    25         120.4638   129.4424   7.4534     % 
LB close or above UB, fathomed
2727   967    25         120.4638   129.4424   7.4534     % 
LB close or above UB, fathomed
2728   966    23         120.4638   129.4424   7.4534     % 
LB close or above UB, fathomed
2729   965    27         120.4638   129.4424   7.4534     % 
LB close or above UB, fathomed
2730   964    27         120.4638   129.4424   7.4534     % 
UB: 129.4423898531375
branching on 3 with b.
2731   965    30         120.4638   129.4424   7.4534     % 
LB close or above UB, fathomed
2732   964    30         120.4638   129.4424   7.4534     % 
LB close or above UB, fathomed
2733   963    30         120.4638   129.4424   7.4534     % 
LB close or above UB, fathomed
2734   962    30         120.4638   129.4424   7.4534     % 
LB close or above UB, fathomed
2735   961    23         120.4638   129.4424   7.4534     % 
UB: 129.4423898531375
branching on 3 with b.
2736   962    24         120.4638   129.4424   7.4534     % 
UB: 129.4423898531375
branching on 1 with b.
2737   963    25         120.4638   129.4424   7.4534     % 
LB close or above UB, fathomed
2738   962    25         120.4638   129.4424   7.4534     % 
UB: 129.4423898531375
branching on 2 with b.
2739   963    24         120.4638   129.4424   7.4534     % 
LB close or above UB, fathomed
2740   962    23         120.4638   129.4424   7.4534     % 
LB close or above UB, fathomed
2741   961    30         120.4638   129.4424   7.4534     % 
LB close or above UB, fathomed
2742   960    30         120.4638   129.4424   7.4534     % 
LB close or above UB, fathomed
2743   959    28         120.4638   129.4424   7.4534     % 
UB: 129.4423898531375
branching on 1 with b.
2744   960    29         120.4638   129.4424   7.4534     % 
UB: 129.4423898531375
branching on 2 with b.
2745   961    30         120.4638   129.4424   7.4534     % 
LB close or above UB, fathomed
2746   960    30         120.4638   129.4424   7.4534     % 
LB close or above UB, fathomed
2747   959    29         120.4638   129.4424   7.4534     % 
UB: 129.4423898531375
branching on 2 with b.
2748   960    30         120.4638   129.4424   7.4534     % 
LB close or above UB, fathomed
2749   959    30         120.4638   129.4424   7.4534     % 
LB close or above UB, fathomed
2750   958    28         120.4638   129.4424   7.4534     % 
LB close or above UB, fathomed
2751   957    28         120.4638   129.4424   7.4534     % 
UB: 129.4423898531375
branching on 1 with b.
2752   958    28         120.4638   129.4424   7.4534     % 
UB: 129.4423898531375
branching on 1 with b.
2753   959    22         120.4638   129.4424   7.4534     % 
UB: 129.4423898531375
branching on 3 with b.
2754   960    23         120.4638   129.4424   7.4534     % 
UB: 129.4423898531375
branching on 1 with b.
2755   961    24         120.4638   129.4424   7.4534     % 
LB close or above UB, fathomed
2756   960    24         120.4638   129.4424   7.4534     % 
UB: 129.4423898531375
branching on 2 with b.
2757   961    23         120.4638   129.4424   7.4534     % 
UB: 129.4423898531375
branching on 1 with b.
2758   962    24         120.4638   129.4424   7.4534     % 
LB close or above UB, fathomed
2759   961    24         120.4638   129.4424   7.4534     % 
UB: 129.4423898531375
branching on 2 with b.
2760   962    22         120.4638   129.4424   7.4534     % 
LB close or above UB, fathomed
2761   961    23         120.4638   129.4424   7.4534     % 
UB: 129.4423898531375
branching on 3 with b.
2762   962    24         120.4638   129.4424   7.4534     % 
UB: 129.4423898531375
branching on 1 with b.
2763   963    25         120.4638   129.4424   7.4534     % 
LB close or above UB, fathomed
2764   962    25         120.4638   129.4424   7.4534     % 
UB: 129.4423898531375
branching on 2 with b.
2765   963    24         120.4638   129.4424   7.4534     % 
UB: 129.4423898531375
branching on 1 with b.
2766   964    25         120.4638   129.4424   7.4534     % 
LB close or above UB, fathomed
2767   963    25         120.4638   129.4424   7.4534     % 
UB: 129.4423898531375
branching on 2 with b.
2768   964    23         120.4638   129.4424   7.4534     % 
LB close or above UB, fathomed
2769   963    20         120.4638   129.4424   7.4534     % 
UB: 129.4423898531375
branching on 2 with b.
2770   964    20         120.4638   129.4424   7.4534     % 
UB: 129.4423898531375
branching on 2 with b.
2771   965    21         120.4638   129.4424   7.4534     % 
UB: 129.4423898531375
branching on 3 with b.
2772   966    22         120.4638   129.4424   7.4534     % 
UB: 129.4423898531375
branching on 1 with b.
2773   967    23         120.4638   129.4424   7.4534     % 
LB close or above UB, fathomed
2774   966    23         120.4638   129.4424   7.4534     % 
UB: 129.4423898531375
branching on 2 with b.
2775   967    22         120.4638   129.4424   7.4534     % 
UB: 129.4423898531375
branching on 1 with b.
2776   968    23         120.4638   129.4424   7.4534     % 
LB close or above UB, fathomed
2777   967    23         120.4638   129.4424   7.4534     % 
UB: 129.4423898531375
branching on 2 with b.
2778   968    21         120.4638   129.4424   7.4534     % 
LB close or above UB, fathomed
2779   967    21         120.4638   129.4424   7.4534     % 
UB: 129.4423898531375
branching on 3 with b.
2780   968    22         120.4638   129.4424   7.4534     % 
UB: 129.4423898531375
branching on 1 with b.
2781   969    23         120.4638   129.4424   7.4534     % 
LB close or above UB, fathomed
2782   968    23         120.4638   129.4424   7.4534     % 
UB: 129.4423898531375
branching on 2 with b.
2783   969    22         120.4638   129.4424   7.4534     % 
UB: 129.4423898531375
branching on 1 with b.
2784   970    23         120.4638   129.4424   7.4534     % 
LB close or above UB, fathomed
2785   969    23         120.4638   129.4424   7.4534     % 
UB: 129.4423898531375
branching on 2 with b.
2786   970    21         120.4638   129.4424   7.4534     % 
LB close or above UB, fathomed
2787   969    31         120.4638   129.4424   7.4534     % 
UB: 129.4423898531375
branching on 1 with b.
2788   970    32         120.4638   129.4424   7.4534     % 
UB: 129.4423898531375
branching on 2 with b.
2789   971    33         120.4638   129.4424   7.4534     % 
UB: 129.4423898531375
branching on 3 with b.
2790   972    33         120.4638   129.4424   7.4534     % 
LB close or above UB, fathomed
2791   971    32         120.4638   129.4424   7.4534     % 
UB: 129.4423898531375
branching on 2 with b.
2792   972    31         120.4638   129.4424   7.4534     % 
UB: 129.4423898531375
branching on 1 with b.
2793   973    32         120.4638   129.4424   7.4534     % 
UB: 129.4423898531375
branching on 2 with b.
2794   974    33         120.4638   129.4424   7.4534     % 
UB: 129.4423898531375
branching on 3 with b.
2795   975    33         120.4638   129.4424   7.4534     % 
LB close or above UB, fathomed
2796   974    32         120.4638   129.4424   7.4534     % 
UB: 129.4423898531375
branching on 2 with b.
2797   975    31         120.4638   129.4424   7.4534     % 
UB: 129.4423898531375
branching on 1 with b.
2798   976    32         120.4638   129.4424   7.4534     % 
UB: 129.4423898531375
branching on 2 with b.
2799   977    33         120.4638   129.4424   7.4534     % 
UB: 129.4423898531375
branching on 3 with b.
2800   978    33         120.4638   129.4424   7.4534     % 
LB close or above UB, fathomed
2801   977    32         120.4638   129.4424   7.4534     % 
UB: 129.4423898531375
branching on 2 with b.
2802   978    31         120.4638   129.4424   7.4534     % 
UB: 129.4423898531375
branching on 1 with b.
2803   979    32         120.4638   129.4424   7.4534     % 
UB: 129.4423898531375
branching on 2 with b.
2804   980    33         120.4638   129.4424   7.4534     % 
UB: 129.4423898531375
branching on 3 with b.
2805   981    33         120.4638   129.4424   7.4534     % 
LB close or above UB, fathomed
2806   980    32         120.4638   129.4424   7.4534     % 
UB: 129.4423898531375
branching on 2 with b.
2807   981    22         120.4638   129.4424   7.4534     % 
UB: 129.4423898531375
branching on 3 with b.
2808   982    23         120.4638   129.4424   7.4534     % 
UB: 129.4423898531375
branching on 1 with b.
2809   983    24         120.4638   129.4424   7.4534     % 
LB close or above UB, fathomed
2810   982    24         120.4638   129.4424   7.4534     % 
UB: 129.4423898531375
branching on 2 with b.
2811   983    23         120.4638   129.4424   7.4534     % 
LB close or above UB, fathomed
2812   982    22         120.4638   129.4424   7.4534     % 
LB close or above UB, fathomed
2813   981    31         120.4638   129.4424   7.4534     % 
UB: 129.4423898531375
branching on 1 with b.
2814   982    32         120.4638   129.4424   7.4534     % 
UB: 129.4423898531375
branching on 2 with b.
2815   983    32         120.4638   129.4424   7.4534     % 
UB: 129.4423898531375
branching on 2 with b.
2816   984    33         120.4638   129.4424   7.4534     % 
UB: 129.4423898531375
branching on 3 with b.
2817   985    33         120.4638   129.4424   7.4534     % 
LB close or above UB, fathomed
2818   984    31         120.4638   129.4424   7.4534     % 
LB close or above UB, fathomed
2819   983    21         120.4638   129.4424   7.4534     % 
UB: 129.4423898531375
branching on 3 with b.
2820   984    22         120.4638   129.4424   7.4534     % 
UB: 129.4423898531375
branching on 1 with b.
2821   985    23         120.4638   129.4424   7.4534     % 
LB close or above UB, fathomed
2822   984    23         120.4638   129.4424   7.4534     % 
UB: 129.4423898531375
branching on 2 with b.
2823   985    22         120.4638   129.4424   7.4534     % 
UB: 129.4423898531375
branching on 1 with b.
2824   986    23         120.4638   129.4424   7.4534     % 
LB close or above UB, fathomed
2825   985    23         120.4638   129.4424   7.4534     % 
UB: 129.4423898531375
branching on 2 with b.
2826   986    21         120.4638   129.4424   7.4534     % 
LB close or above UB, fathomed
2827   985    31         120.4638   129.4424   7.4534     % 
UB: 129.4423898531375
branching on 1 with b.
2828   986    32         120.4638   129.4424   7.4534     % 
UB: 129.4423898531375
branching on 2 with b.
2829   987    33         120.4638   129.4424   7.4534     % 
UB: 129.4423898531375
branching on 3 with b.
2830   988    33         120.4638   129.4424   7.4534     % 
LB close or above UB, fathomed
2831   987    32         120.4638   129.4424   7.4534     % 
UB: 129.4423898531375
branching on 2 with b.
2832   988    33         120.4638   129.4424   7.4534     % 
UB: 129.4423898531375
branching on 3 with b.
2833   989    33         120.4638   129.4424   7.4534     % 
LB close or above UB, fathomed
2834   988    31         120.4638   129.4424   7.4534     % 
UB: 129.4423898531375
branching on 1 with b.
2835   989    32         120.4638   129.4424   7.4534     % 
UB: 129.4423898531375
branching on 2 with b.
2836   990    33         120.4638   129.4424   7.4534     % 
UB: 129.4423898531375
branching on 3 with b.
2837   991    33         120.4638   129.4424   7.4534     % 
LB close or above UB, fathomed
2838   990    32         120.4638   129.4424   7.4534     % 
UB: 129.4423898531375
branching on 2 with b.
2839   991    33         120.4638   129.4424   7.4534     % 
UB: 129.4423898531375
branching on 3 with b.
2840   992    33         120.4638   129.4424   7.4534     % 
LB close or above UB, fathomed
2841   991    31         120.4638   129.4424   7.4534     % 
UB: 129.4423898531375
branching on 1 with b.
2842   992    31         120.4638   129.4424   7.4534     % 
UB: 129.4423898531375
branching on 1 with b.
2843   993    22         120.4638   129.4424   7.4534     % 
UB: 129.4423898531375
branching on 3 with b.
2844   994    23         120.4638   129.4424   7.4534     % 
UB: 129.4423898531375
branching on 1 with b.
2845   995    24         120.4638   129.4424   7.4534     % 
LB close or above UB, fathomed
2846   994    24         120.4638   129.4424   7.4534     % 
UB: 129.4423898531375
branching on 2 with b.
2847   995    23         120.4638   129.4424   7.4534     % 
UB: 129.4423898531375
branching on 1 with b.
2848   996    24         120.4638   129.4424   7.4534     % 
LB close or above UB, fathomed
2849   995    24         120.4638   129.4424   7.4534     % 
UB: 129.4423898531375
branching on 2 with b.
2850   996    22         120.4638   129.4424   7.4534     % 
LB close or above UB, fathomed
2851   995    30         120.4638   129.4424   7.4534     % 
LB close or above UB, fathomed
2852   994    30         120.4638   129.4424   7.4534     % 
LB close or above UB, fathomed
2853   993    31         120.4638   129.4424   7.4534     % 
UB: 129.4423898531375
branching on 1 with b.
2854   994    31         120.4638   129.4424   7.4534     % 
UB: 129.4423898531375
branching on 1 with b.
2855   995    31         120.4638   129.4424   7.4534     % 
UB: 129.4423898531375
branching on 1 with b.
2856   996    32         120.4638   129.4424   7.4534     % 
UB: 129.4423898531375
branching on 2 with b.
2857   997    33         120.4638   129.4424   7.4534     % 
UB: 129.4423898531375
branching on 3 with b.
2858   998    33         120.4638   129.4424   7.4534     % 
LB close or above UB, fathomed
2859   997    32         120.4638   129.4424   7.4534     % 
UB: 129.4423898531375
branching on 2 with b.
2860   998    31         120.4638   129.4424   7.4534     % 
UB: 129.4423898531375
branching on 1 with b.
2861   999    32         120.4638   129.4424   7.4534     % 
UB: 129.4423898531375
branching on 2 with b.
2862   1000   33         120.4638   129.4424   7.4534     % 
UB: 129.4423898531375
branching on 3 with b.
2863   1001   33         120.4638   129.4424   7.4534     % 
LB close or above UB, fathomed
2864   1000   32         120.4638   129.4424   7.4534     % 
UB: 129.4423898531375
branching on 2 with b.
2865   1001   31         120.4638   129.4424   7.4534     % 
UB: 129.4423898531375
branching on 1 with b.
2866   1002   32         120.4638   129.4424   7.4534     % 
UB: 129.4423898531375
branching on 2 with b.
2867   1003   33         120.4638   129.4424   7.4534     % 
UB: 129.4423898531375
branching on 3 with b.
2868   1004   33         120.4638   129.4424   7.4534     % 
LB close or above UB, fathomed
2869   1003   32         120.4638   129.4424   7.4534     % 
UB: 129.4423898531375
branching on 2 with b.
2870   1004   33         120.4638   129.4424   7.4534     % 
UB: 129.4423898531375
branching on 3 with b.
2871   1005   33         120.4638   129.4424   7.4534     % 
LB close or above UB, fathomed
2872   1004   31         120.4638   129.4424   7.4534     % 
UB: 129.4423898531375
branching on 1 with b.
2873   1005   32         120.4638   129.4424   7.4534     % 
UB: 129.4423898531375
branching on 2 with b.
2874   1006   33         120.4638   129.4424   7.4534     % 
UB: 129.4423898531375
branching on 3 with b.
2875   1007   33         120.4638   129.4424   7.4534     % 
LB close or above UB, fathomed
2876   1006   32         120.4638   129.4424   7.4534     % 
UB: 129.4423898531375
branching on 2 with b.
2877   1007   33         120.4638   129.4424   7.4534     % 
UB: 129.4423898531375
branching on 3 with b.
2878   1008   33         120.4638   129.4424   7.4534     % 
LB close or above UB, fathomed
2879   1007   31         120.4638   129.4424   7.4534     % 
UB: 129.4423898531375
branching on 1 with b.
2880   1008   32         120.4638   129.4424   7.4534     % 
UB: 129.4423898531375
branching on 2 with b.
2881   1009   33         120.4638   129.4424   7.4534     % 
UB: 129.4423898531375
branching on 3 with b.
2882   1010   33         120.4638   129.4424   7.4534     % 
LB close or above UB, fathomed
2883   1009   32         120.4638   129.4424   7.4534     % 
UB: 129.4423898531375
branching on 2 with b.
2884   1010   33         120.4638   129.4424   7.4534     % 
UB: 129.4423898531375
branching on 3 with b.
2885   1011   33         120.4638   129.4424   7.4534     % 
LB close or above UB, fathomed
2886   1010   31         120.4638   129.4424   7.4534     % 
UB: 129.4423898531375
branching on 1 with b.
2887   1011   32         120.4638   129.4424   7.4534     % 
UB: 129.4423898531375
branching on 2 with b.
2888   1012   33         120.4638   129.4424   7.4534     % 
UB: 129.4423898531375
branching on 3 with b.
2889   1013   33         120.4638   129.4424   7.4534     % 
LB close or above UB, fathomed
2890   1012   32         120.4638   129.4424   7.4534     % 
UB: 129.4423898531375
branching on 2 with b.
2891   1013   33         120.4638   129.4424   7.4534     % 
UB: 129.4423898531375
branching on 3 with b.
2892   1014   33         120.4638   129.4424   7.4534     % 
LB close or above UB, fathomed
2893   1013   31         120.4638   129.4424   7.4534     % 
UB: 129.4423898531375
branching on 1 with b.
2894   1014   31         120.4638   129.4424   7.4534     % 
UB: 129.4423898531375
branching on 1 with b.
2895   1015   32         120.4638   129.4424   7.4534     % 
UB: 129.4423898531375
branching on 2 with b.
2896   1016   32         120.4638   129.4424   7.4534     % 
UB: 129.4423898531375
branching on 2 with b.
2897   1017   33         120.4638   129.4424   7.4534     % 
UB: 129.4423898531375
branching on 3 with b.
2898   1018   33         120.4638   129.4424   7.4534     % 
LB close or above UB, fathomed
2899   1017   31         120.4638   129.4424   7.4534     % 
UB: 129.4423898531375
branching on 1 with b.
2900   1018   32         120.4638   129.4424   7.4534     % 
UB: 129.4423898531375
branching on 2 with b.
2901   1019   32         120.4638   129.4424   7.4534     % 
UB: 127.64666221628838
branching on 2 with b.
2902   1020   33         120.4638   127.6467   5.9627     % 
UB: 127.64666221628838
branching on 3 with b.
2903   729    33         120.4638   127.6467   5.9627     % 
LB close or above UB, fathomed
2904   728    31         120.4638   127.6467   5.9627     % 
UB: 127.64666221628838
branching on 1 with b.
2905   729    32         120.4638   127.6467   5.9627     % 
UB: 127.64666221628838
branching on 2 with b.
2906   730    32         120.4638   127.6467   5.9627     % 
UB: 127.64666221628838
branching on 2 with b.
2907   731    33         120.4638   127.6467   5.9627     % 
UB: 127.64666221628838
branching on 3 with b.
2908   732    33         120.4638   127.6467   5.9627     % 
LB close or above UB, fathomed
2909   731    31         120.4638   127.6467   5.9627     % 
UB: 127.64666221628838
branching on 1 with b.
2910   732    32         120.4638   127.6467   5.9627     % 
UB: 127.64666221628838
branching on 2 with b.
2911   733    32         120.4638   127.6467   5.9627     % 
UB: 127.64666221628838
branching on 2 with b.
2912   734    33         120.4638   127.6467   5.9627     % 
UB: 127.64666221628838
branching on 3 with b.
2913   735    33         120.4638   127.6467   5.9627     % 
LB close or above UB, fathomed
2914   734    31         120.4638   127.6467   5.9627     % 
UB: 127.64666221628838
branching on 1 with b.
2915   735    32         120.4638   127.6467   5.9627     % 
UB: 127.64666221628838
branching on 2 with b.
2916   736    32         120.4638   127.6467   5.9627     % 
UB: 127.64666221628838
branching on 2 with b.
2917   737    33         120.4638   127.6467   5.9627     % 
UB: 127.64666221628838
branching on 3 with b.
2918   738    33         120.4638   127.6467   5.9627     % 
LB close or above UB, fathomed
2919   737    28         120.4638   127.6467   5.9627     % 
LB close or above UB, fathomed
2920   736    28         120.4638   127.6467   5.9627     % 
UB: 127.64666221628838
branching on 2 with b.
2921   737    31         120.4638   127.6467   5.9627     % 
UB: 127.64666221628838
branching on 1 with b.
2922   738    31         120.4638   127.6467   5.9627     % 
UB: 127.64666221628838
branching on 1 with b.
2923   739    32         120.4638   127.6467   5.9627     % 
UB: 127.64666221628838
branching on 2 with b.
2924   740    32         120.4638   127.6467   5.9627     % 
UB: 127.64666221628838
branching on 2 with b.
2925   741    33         120.4638   127.6467   5.9627     % 
LB close or above UB, fathomed
2926   740    33         120.4638   127.6467   5.9627     % 
LB close or above UB, fathomed
2927   739    31         120.4638   127.6467   5.9627     % 
UB: 127.64666221628838
branching on 1 with b.
2928   740    32         120.4638   127.6467   5.9627     % 
UB: 127.64666221628838
branching on 2 with b.
2929   741    32         120.4638   127.6467   5.9627     % 
UB: 127.64666221628838
branching on 2 with b.
2930   742    33         120.4638   127.6467   5.9627     % 
LB close or above UB, fathomed
2931   741    33         120.4638   127.6467   5.9627     % 
LB close or above UB, fathomed
2932   740    31         120.4638   127.6467   5.9627     % 
UB: 127.64666221628838
branching on 1 with b.
2933   741    32         120.4638   127.6467   5.9627     % 
UB: 127.64666221628838
branching on 2 with b.
2934   742    32         120.4638   127.6467   5.9627     % 
UB: 127.64666221628838
branching on 2 with b.
2935   743    33         120.4638   127.6467   5.9627     % 
LB close or above UB, fathomed
2936   742    33         120.4638   127.6467   5.9627     % 
LB close or above UB, fathomed
2937   741    31         120.4638   127.6467   5.9627     % 
UB: 127.64666221628838
branching on 1 with b.
2938   742    32         120.4638   127.6467   5.9627     % 
UB: 127.64666221628838
branching on 2 with b.
2939   743    32         120.4638   127.6467   5.9627     % 
UB: 127.64666221628838
branching on 2 with b.
2940   744    33         120.4638   127.6467   5.9627     % 
LB close or above UB, fathomed
2941   743    33         120.4638   127.6467   5.9627     % 
LB close or above UB, fathomed
2942   742    31         120.4638   127.6467   5.9627     % 
UB: 127.64666221628838
branching on 1 with b.
2943   743    32         120.4638   127.6467   5.9627     % 
UB: 127.64666221628838
branching on 2 with b.
2944   744    32         120.4638   127.6467   5.9627     % 
UB: 127.64666221628838
branching on 2 with b.
2945   745    33         120.4638   127.6467   5.9627     % 
LB close or above UB, fathomed
2946   744    33         120.4638   127.6467   5.9627     % 
LB close or above UB, fathomed
2947   743    31         120.4638   127.6467   5.9627     % 
UB: 127.64666221628838
branching on 1 with b.
2948   744    31         120.4638   127.6467   5.9627     % 
UB: 127.64666221628838
branching on 1 with b.
2949   745    31         120.4638   127.6467   5.9627     % 
UB: 127.64666221628838
branching on 1 with b.
2950   746    32         120.4638   127.6467   5.9627     % 
UB: 127.64666221628838
branching on 2 with b.
2951   747    32         120.4638   127.6467   5.9627     % 
UB: 127.64666221628838
branching on 2 with b.
2952   748    33         120.4638   127.6467   5.9627     % 
UB: 127.64666221628838
branching on 3 with b.
2953   749    33         120.4638   127.6467   5.9627     % 
LB close or above UB, fathomed
2954   748    31         120.4638   127.6467   5.9627     % 
UB: 127.64666221628838
branching on 1 with b.
2955   749    32         120.4638   127.6467   5.9627     % 
UB: 127.64666221628838
branching on 2 with b.
2956   750    32         120.4638   127.6467   5.9627     % 
UB: 127.64666221628838
branching on 2 with b.
2957   751    33         120.4638   127.6467   5.9627     % 
UB: 127.64666221628838
branching on 3 with b.
2958   752    33         120.4638   127.6467   5.9627     % 
LB close or above UB, fathomed
2959   751    25         120.4638   127.6467   5.9627     % 
UB: 127.64666221628838
branching on 2 with b.
2960   752    26         120.4638   127.6467   5.9627     % 
LB close or above UB, fathomed
2961   751    26         120.4638   127.6467   5.9627     % 
LB close or above UB, fathomed
2962   750    25         120.4638   127.6467   5.9627     % 
LB close or above UB, fathomed
2963   749    31         120.4638   127.6467   5.9627     % 
UB: 127.64666221628838
branching on 1 with b.
2964   750    32         120.4638   127.6467   5.9627     % 
UB: 127.64666221628838
branching on 2 with b.
2965   751    33         120.4638   127.6467   5.9627     % 
LB close or above UB, fathomed
2966   750    33         120.4638   127.6467   5.9627     % 
LB close or above UB, fathomed
2967   749    32         120.4638   127.6467   5.9627     % 
UB: 127.64666221628838
branching on 2 with b.
2968   750    33         120.4638   127.6467   5.9627     % 
LB close or above UB, fathomed
2969   749    33         120.4638   127.6467   5.9627     % 
LB close or above UB, fathomed
2970   748    31         120.4638   127.6467   5.9627     % 
UB: 127.64666221628838
branching on 1 with b.
2971   749    32         120.4638   127.6467   5.9627     % 
UB: 127.64666221628838
branching on 2 with b.
2972   750    33         120.4638   127.6467   5.9627     % 
LB close or above UB, fathomed
2973   749    33         120.4638   127.6467   5.9627     % 
LB close or above UB, fathomed
2974   748    32         120.4638   127.6467   5.9627     % 
UB: 127.64666221628838
branching on 2 with b.
2975   749    33         120.4638   127.6467   5.9627     % 
LB close or above UB, fathomed
2976   748    33         120.4638   127.6467   5.9627     % 
LB close or above UB, fathomed
2977   747    31         120.4638   127.6467   5.9627     % 
UB: 127.64666221628838
branching on 1 with b.
2978   748    32         120.4638   127.6467   5.9627     % 
UB: 127.64666221628838
branching on 2 with b.
2979   749    33         120.4638   127.6467   5.9627     % 
LB close or above UB, fathomed
2980   748    33         120.4638   127.6467   5.9627     % 
LB close or above UB, fathomed
2981   747    32         120.4638   127.6467   5.9627     % 
UB: 127.64666221628838
branching on 2 with b.
2982   748    33         120.4638   127.6467   5.9627     % 
LB close or above UB, fathomed
2983   747    33         120.4638   127.6467   5.9627     % 
LB close or above UB, fathomed
2984   746    31         120.4638   127.6467   5.9627     % 
UB: 127.64666221628838
branching on 1 with b.
2985   747    32         120.4638   127.6467   5.9627     % 
UB: 127.64666221628838
branching on 2 with b.
2986   748    33         120.4638   127.6467   5.9627     % 
LB close or above UB, fathomed
2987   747    33         120.4638   127.6467   5.9627     % 
LB close or above UB, fathomed
2988   746    32         120.4638   127.6467   5.9627     % 
UB: 127.64666221628838
branching on 2 with b.
2989   747    33         120.4638   127.6467   5.9627     % 
LB close or above UB, fathomed
2990   746    33         120.4638   127.6467   5.9627     % 
LB close or above UB, fathomed
2991   745    31         120.4638   127.6467   5.9627     % 
UB: 127.64666221628838
branching on 1 with b.
2992   746    32         120.4638   127.6467   5.9627     % 
UB: 127.64666221628838
branching on 2 with b.
2993   747    33         120.4638   127.6467   5.9627     % 
LB close or above UB, fathomed
2994   746    33         120.4638   127.6467   5.9627     % 
LB close or above UB, fathomed
2995   745    32         120.4638   127.6467   5.9627     % 
UB: 127.64666221628838
branching on 2 with b.
2996   746    33         120.4638   127.6467   5.9627     % 
LB close or above UB, fathomed
2997   745    33         120.4638   127.6467   5.9627     % 
LB close or above UB, fathomed
2998   744    31         120.4638   127.6467   5.9627     % 
UB: 127.64666221628838
branching on 1 with b.
2999   745    32         120.4638   127.6467   5.9627     % 
UB: 127.64666221628838
branching on 2 with b.
3000   746    33         120.4638   127.6467   5.9627     % 
LB close or above UB, fathomed
3001   745    33         120.4638   127.6467   5.9627     % 
LB close or above UB, fathomed
3002   744    32         120.4638   127.6467   5.9627     % 
UB: 127.64666221628838
branching on 2 with b.
3003   745    33         120.4638   127.6467   5.9627     % 
LB close or above UB, fathomed
3004   744    33         120.4638   127.6467   5.9627     % 
LB close or above UB, fathomed
3005   743    31         120.4638   127.6467   5.9627     % 
UB: 127.64666221628838
branching on 1 with b.
3006   744    31         120.4638   127.6467   5.9627     % 
UB: 127.64666221628838
branching on 1 with b.
3007   745    31         120.4638   127.6467   5.9627     % 
UB: 127.64666221628838
branching on 1 with b.
3008   746    32         120.4638   127.6467   5.9627     % 
UB: 127.64666221628838
branching on 2 with b.
3009   747    33         120.4638   127.6467   5.9627     % 
LB close or above UB, fathomed
3010   746    33         120.4638   127.6467   5.9627     % 
LB close or above UB, fathomed
3011   745    32         120.4638   127.6467   5.9627     % 
UB: 127.64666221628838
branching on 2 with b.
3012   746    33         120.4638   127.6467   5.9627     % 
LB close or above UB, fathomed
3013   745    33         120.4638   127.6467   5.9627     % 
LB close or above UB, fathomed
3014   744    31         120.4638   127.6467   5.9627     % 
UB: 127.64666221628838
branching on 1 with b.
3015   745    32         120.4638   127.6467   5.9627     % 
UB: 127.64666221628838
branching on 2 with b.
3016   746    33         120.4638   127.6467   5.9627     % 
LB close or above UB, fathomed
3017   745    33         120.4638   127.6467   5.9627     % 
LB close or above UB, fathomed
3018   744    32         120.4638   127.6467   5.9627     % 
UB: 127.64666221628838
branching on 2 with b.
3019   745    33         120.4638   127.6467   5.9627     % 
LB close or above UB, fathomed
3020   744    33         120.4638   127.6467   5.9627     % 
LB close or above UB, fathomed
3021   743    31         120.4638   127.6467   5.9627     % 
UB: 127.64666221628838
branching on 1 with b.
3022   744    32         120.4638   127.6467   5.9627     % 
UB: 127.64666221628838
branching on 2 with b.
3023   745    33         120.4638   127.6467   5.9627     % 
LB close or above UB, fathomed
3024   744    33         120.4638   127.6467   5.9627     % 
LB close or above UB, fathomed
3025   743    32         120.4638   127.6467   5.9627     % 
UB: 127.64666221628838
branching on 2 with b.
3026   744    33         120.4638   127.6467   5.9627     % 
LB close or above UB, fathomed
3027   743    33         120.4638   127.6467   5.9627     % 
LB close or above UB, fathomed
3028   742    31         120.4638   127.6467   5.9627     % 
UB: 127.64666221628838
branching on 1 with b.
3029   743    32         120.4638   127.6467   5.9627     % 
UB: 127.64666221628838
branching on 2 with b.
3030   744    33         120.4638   127.6467   5.9627     % 
LB close or above UB, fathomed
3031   743    33         120.4638   127.6467   5.9627     % 
LB close or above UB, fathomed
3032   742    32         120.4638   127.6467   5.9627     % 
UB: 127.64666221628838
branching on 2 with b.
3033   743    33         120.4638   127.6467   5.9627     % 
LB close or above UB, fathomed
3034   742    33         120.4638   127.6467   5.9627     % 
LB close or above UB, fathomed
3035   741    31         120.4638   127.6467   5.9627     % 
UB: 127.64666221628838
branching on 1 with b.
3036   742    31         120.4638   127.6467   5.9627     % 
UB: 127.64666221628838
branching on 1 with b.
3037   743    32         120.4638   127.6467   5.9627     % 
UB: 127.64666221628838
branching on 2 with b.
3038   744    33         120.4638   127.6467   5.9627     % 
LB close or above UB, fathomed
3039   743    33         120.4638   127.6467   5.9627     % 
LB close or above UB, fathomed
3040   742    32         120.4638   127.6467   5.9627     % 
UB: 127.64666221628838
branching on 2 with b.
3041   743    33         120.4638   127.6467   5.9627     % 
LB close or above UB, fathomed
3042   742    33         120.4638   127.6467   5.9627     % 
LB close or above UB, fathomed
3043   741    31         120.4638   127.6467   5.9627     % 
UB: 127.64666221628838
branching on 1 with b.
3044   742    32         120.4638   127.6467   5.9627     % 
UB: 127.64666221628838
branching on 2 with b.
3045   743    33         120.4638   127.6467   5.9627     % 
LB close or above UB, fathomed
3046   742    33         120.4638   127.6467   5.9627     % 
LB close or above UB, fathomed
3047   741    32         120.4638   127.6467   5.9627     % 
UB: 127.64666221628838
branching on 2 with b.
3048   742    33         120.4638   127.6467   5.9627     % 
LB close or above UB, fathomed
3049   741    33         120.4638   127.6467   5.9627     % 
LB close or above UB, fathomed
3050   740    31         120.4638   127.6467   5.9627     % 
UB: 127.64666221628838
branching on 1 with b.
3051   741    32         120.4638   127.6467   5.9627     % 
UB: 127.64666221628838
branching on 2 with b.
3052   742    33         120.4638   127.6467   5.9627     % 
LB close or above UB, fathomed
3053   741    33         120.4638   127.6467   5.9627     % 
LB close or above UB, fathomed
3054   740    32         120.4638   127.6467   5.9627     % 
UB: 127.64666221628838
branching on 2 with b.
3055   741    33         120.4638   127.6467   5.9627     % 
LB close or above UB, fathomed
3056   740    33         120.4638   127.6467   5.9627     % 
LB close or above UB, fathomed
3057   739    28         120.4638   127.6467   5.9627     % 
UB: 127.64666221628838
branching on 1 with b.
3058   740    29         120.4638   127.6467   5.9627     % 
UB: 127.64666221628838
branching on 2 with b.
3059   741    30         120.4638   127.6467   5.9627     % 
LB close or above UB, fathomed
3060   740    30         120.4638   127.6467   5.9627     % 
LB close or above UB, fathomed
3061   739    29         120.4638   127.6467   5.9627     % 
UB: 127.64666221628838
branching on 2 with b.
3062   740    28         120.4638   127.6467   5.9627     % 
LB close or above UB, fathomed
3063   739    28         120.4638   127.6467   5.9627     % 
UB: 127.64666221628838
branching on 1 with b.
3064   740    28         120.4638   127.6467   5.9627     % 
UB: 127.64666221628838
branching on 1 with b.
3065   741    29         120.4638   127.6467   5.9627     % 
UB: 127.64666221628838
branching on 2 with b.
3066   742    30         120.4638   127.6467   5.9627     % 
LB close or above UB, fathomed
3067   741    30         120.4638   127.6467   5.9627     % 
LB close or above UB, fathomed
3068   740    29         120.4638   127.6467   5.9627     % 
UB: 127.64666221628838
branching on 2 with b.
3069   741    28         120.4638   127.6467   5.9627     % 
UB: 127.64666221628838
branching on 1 with b.
3070   742    29         120.4638   127.6467   5.9627     % 
LB close or above UB, fathomed
3071   741    29         120.4638   127.6467   5.9627     % 
UB: 127.64666221628838
branching on 2 with b.
3072   742    28         120.4638   127.6467   5.9627     % 
LB close or above UB, fathomed
3073   741    22         120.4638   127.6467   5.9627     % 
LB close or above UB, fathomed
3074   740    22         120.4638   127.6467   5.9627     % 
UB: 127.64666221628838
branching on 2 with b.
3075   741    23         120.4638   127.6467   5.9627     % 
UB: 127.64666221628838
branching on 3 with b.
3076   742    24         120.4638   127.6467   5.9627     % 
UB: 127.64666221628838
branching on 1 with b.
3077   743    24         120.4638   127.6467   5.9627     % 
LB close or above UB, fathomed
3078   742    23         120.4638   127.6467   5.9627     % 
LB close or above UB, fathomed
3079   741    22         120.4638   127.6467   5.9627     % 
UB: 127.64666221628838
branching on 2 with b.
3080   742    22         120.4638   127.6467   5.9627     % 
UB: 127.64666221628838
branching on 2 with b.
3081   743    29         120.4638   127.6467   5.9627     % 
LB close or above UB, fathomed
3082   742    29         120.4638   127.6467   5.9627     % 
LB close or above UB, fathomed
3083   741    20         120.4638   127.6467   5.9627     % 
LB close or above UB, fathomed
3084   740    20         120.4638   127.6467   5.9627     % 
UB: 127.64666221628838
branching on 2 with b.
3085   741    21         120.4638   127.6467   5.9627     % 
UB: 127.64666221628838
branching on 3 with b.
3086   742    22         120.4638   127.6467   5.9627     % 
UB: 127.64666221628838
branching on 1 with b.
3087   743    23         120.4638   127.6467   5.9627     % 
UB: 127.64666221628838
branching on 2 with b.
3088   744    24         120.4638   127.6467   5.9627     % 
LB close or above UB, fathomed
3089   743    24         120.4638   127.6467   5.9627     % 
LB close or above UB, fathomed
3090   742    23         120.4638   127.6467   5.9627     % 
LB close or above UB, fathomed
3091   741    22         120.4638   127.6467   5.9627     % 
UB: 127.64666221628838
branching on 1 with b.
3092   742    23         120.4638   127.6467   5.9627     % 
UB: 127.64666221628838
branching on 2 with b.
3093   743    24         120.4638   127.6467   5.9627     % 
LB close or above UB, fathomed
3094   742    24         120.4638   127.6467   5.9627     % 
LB close or above UB, fathomed
3095   741    23         120.4638   127.6467   5.9627     % 
LB close or above UB, fathomed
3096   740    21         120.4638   127.6467   5.9627     % 
LB close or above UB, fathomed
3097   739    22         120.4638   127.6467   5.9627     % 
UB: 127.64666221628838
branching on 3 with b.
3098   740    23         120.4638   127.6467   5.9627     % 
LB close or above UB, fathomed
3099   739    23         120.4638   127.6467   5.9627     % 
UB: 127.64666221628838
branching on 1 with b.
3100   740    24         120.4638   127.6467   5.9627     % 
LB close or above UB, fathomed
3101   739    24         120.4638   127.6467   5.9627     % 
LB close or above UB, fathomed
3102   738    22         120.4638   127.6467   5.9627     % 
LB close or above UB, fathomed
3103   737    23         120.4638   127.6467   5.9627     % 
UB: 127.64666221628838
branching on 3 with b.
3104   738    24         120.4638   127.6467   5.9627     % 
UB: 127.64666221628838
branching on 1 with b.
3105   739    25         120.4638   127.6467   5.9627     % 
LB close or above UB, fathomed
3106   738    25         120.4638   127.6467   5.9627     % 
UB: 127.64666221628838
branching on 2 with b.
3107   739    24         120.4638   127.6467   5.9627     % 
UB: 127.64666221628838
branching on 1 with b.
3108   740    25         120.4638   127.6467   5.9627     % 
LB close or above UB, fathomed
3109   739    25         120.4638   127.6467   5.9627     % 
UB: 127.64666221628838
branching on 2 with b.
3110   740    23         120.4638   127.6467   5.9627     % 
LB close or above UB, fathomed
3111   739    21         120.4638   127.6467   5.9627     % 
UB: 127.64666221628838
branching on 3 with b.
3112   740    22         120.4638   127.6467   5.9627     % 
UB: 127.64666221628838
branching on 1 with b.
3113   741    23         120.4638   127.6467   5.9627     % 
LB close or above UB, fathomed
3114   740    23         120.4638   127.6467   5.9627     % 
UB: 127.64666221628838
branching on 2 with b.
3115   741    22         120.4638   127.6467   5.9627     % 
UB: 127.64666221628838
branching on 1 with b.
3116   742    23         120.4638   127.6467   5.9627     % 
LB close or above UB, fathomed
3117   741    23         120.4638   127.6467   5.9627     % 
UB: 127.64666221628838
branching on 2 with b.
3118   742    21         120.4638   127.6467   5.9627     % 
LB close or above UB, fathomed
3119   741    19         120.4638   127.6467   5.9627     % 
LB close or above UB, fathomed
3120   740    19         120.4638   127.6467   5.9627     % 
UB: 127.64666221628838
branching on CartesianIndex(1, 6) with c.
3121   741    20         120.4638   127.6467   5.9627     % 
LB close or above UB, fathomed
3122   740    20         120.4638   127.6467   5.9627     % 
UB: 127.64666221628838
branching on CartesianIndex(1, 7) with c.
3123   741    21         120.4638   127.6467   5.9627     % 
LB close or above UB, fathomed
3124   740    21         120.4638   127.6467   5.9627     % 
UB: 127.64666221628838
branching on 2 with b.
3125   741    22         120.4638   127.6467   5.9627     % 
UB: 127.64666221628838
branching on 3 with b.
3126   742    23         120.4638   127.6467   5.9627     % 
UB: 127.64666221628838
branching on 1 with b.
3127   743    24         120.4638   127.6467   5.9627     % 
LB close or above UB, fathomed
3128   742    24         120.4638   127.6467   5.9627     % 
UB: 127.64666221628838
branching on 2 with b.
3129   743    23         120.4638   127.6467   5.9627     % 
UB: 127.64666221628838
branching on 1 with b.
3130   744    24         120.4638   127.6467   5.9627     % 
LB close or above UB, fathomed
3131   743    24         120.4638   127.6467   5.9627     % 
UB: 127.64666221628838
branching on 2 with b.
3132   744    22         120.4638   127.6467   5.9627     % 
LB close or above UB, fathomed
3133   743    16         120.8328   127.6467   5.6390     % 
LB close or above UB, fathomed
3134   742    16         120.8328   127.6467   5.6390     % 
UB: 127.64666221628838
branching on CartesianIndex(1, 6) with c.
3135   743    17         122.2095   127.6467   4.4491     % 
UB: 127.64666221628838
branching on 1 with b.
3136   744    18         122.2095   127.6467   4.4491     % 
LB close or above UB, fathomed
3137   743    18         122.2095   127.6467   4.4491     % 
LB close or above UB, fathomed
3138   742    17         122.2095   127.6467   4.4491     % 
LB close or above UB, fathomed
3139   741    26         122.2459   127.6467   4.4180     % 
LB close or above UB, fathomed
3140   740    26         122.2459   127.6467   4.4180     % 
LB close or above UB, fathomed
3141   739    30         122.2512   127.6467   4.4134     % 
LB close or above UB, fathomed
3142   738    30         122.2512   127.6467   4.4134     % 
LB close or above UB, fathomed
3143   737    25         122.2514   127.6467   4.4133     % 
UB: 127.64666221628838
branching on 1 with b.
3144   738    25         122.2514   127.6467   4.4133     % 
UB: 127.64666221628838
branching on 1 with b.
3145   739    25         122.2595   127.6467   4.4064     % 
LB close or above UB, fathomed
3146   738    25         122.2595   127.6467   4.4064     % 
LB close or above UB, fathomed
3147   737    27         122.2595   127.6467   4.4064     % 
LB close or above UB, fathomed
3148   736    27         122.2595   127.6467   4.4064     % 
UB: 127.64666221628838
branching on 3 with b.
3149   737    29         122.2595   127.6467   4.4064     % 
UB: 127.64666221628838
branching on 2 with b.
3150   738    29         122.2595   127.6467   4.4064     % 
UB: 127.64666221628838
branching on 2 with b.
3151   739    30         122.2595   127.6467   4.4064     % 
LB close or above UB, fathomed
3152   738    30         122.2595   127.6467   4.4064     % 
LB close or above UB, fathomed
3153   737    30         122.2595   127.6467   4.4064     % 
LB close or above UB, fathomed
3154   736    30         122.2595   127.6467   4.4064     % 
LB close or above UB, fathomed
3155   735    23         122.2595   127.6467   4.4064     % 
UB: 127.64666221628838
branching on 3 with b.
3156   736    23         122.2595   127.6467   4.4064     % 
LB close or above UB, fathomed
3157   735    25         122.2595   127.6467   4.4064     % 
LB close or above UB, fathomed
3158   734    25         122.2595   127.6467   4.4064     % 
LB close or above UB, fathomed
3159   733    32         122.2595   127.6467   4.4064     % 
UB: 127.64666221628838
branching on 2 with b.
3160   734    32         122.2595   127.6467   4.4064     % 
UB: 127.64666221628838
branching on 2 with b.
3161   735    33         122.2595   127.6467   4.4064     % 
LB close or above UB, fathomed
3162   734    33         122.2595   127.6467   4.4064     % 
LB close or above UB, fathomed
3163   733    32         122.2595   127.6467   4.4064     % 
UB: 127.64666221628838
branching on 2 with b.
3164   734    32         122.2595   127.6467   4.4064     % 
UB: 127.64666221628838
branching on 2 with b.
3165   735    33         122.2595   127.6467   4.4064     % 
LB close or above UB, fathomed
3166   734    33         122.2595   127.6467   4.4064     % 
LB close or above UB, fathomed
3167   733    29         122.2595   127.6467   4.4064     % 
UB: 127.64666221628838
branching on 3 with b.
3168   734    30         122.2595   127.6467   4.4064     % 
LB close or above UB, fathomed
3169   733    30         122.2595   127.6467   4.4064     % 
UB: 127.64666221628838
branching on 1 with b.
3170   734    29         122.2595   127.6467   4.4064     % 
LB close or above UB, fathomed
3171   733    33         122.2595   127.6467   4.4064     % 
LB close or above UB, fathomed
3172   732    33         122.2595   127.6467   4.4064     % 
LB close or above UB, fathomed
3173   731    33         122.2595   127.6467   4.4064     % 
LB close or above UB, fathomed
3174   730    33         122.2595   127.6467   4.4064     % 
LB close or above UB, fathomed
3175   729    32         122.2595   127.6467   4.4064     % 
UB: 127.64666221628838
branching on 2 with b.
3176   730    33         122.2595   127.6467   4.4064     % 
LB close or above UB, fathomed
3177   729    33         122.2595   127.6467   4.4064     % 
LB close or above UB, fathomed
3178   728    32         122.2595   127.6467   4.4064     % 
UB: 127.64666221628838
branching on 2 with b.
3179   729    32         122.2595   127.6467   4.4064     % 
UB: 127.64666221628838
branching on 2 with b.
3180   730    33         122.2595   127.6467   4.4064     % 
LB close or above UB, fathomed
3181   729    33         122.2595   127.6467   4.4064     % 
LB close or above UB, fathomed
3182   728    32         122.2595   127.6467   4.4064     % 
UB: 127.64666221628838
branching on 2 with b.
3183   729    33         122.2595   127.6467   4.4064     % 
LB close or above UB, fathomed
3184   728    33         122.2595   127.6467   4.4064     % 
LB close or above UB, fathomed
3185   727    33         122.2595   127.6467   4.4064     % 
LB close or above UB, fathomed
3186   726    33         122.2595   127.6467   4.4064     % 
LB close or above UB, fathomed
3187   725    33         122.2595   127.6467   4.4064     % 
LB close or above UB, fathomed
3188   724    33         122.2595   127.6467   4.4064     % 
LB close or above UB, fathomed
3189   723    33         122.2595   127.6467   4.4064     % 
LB close or above UB, fathomed
3190   722    33         122.2595   127.6467   4.4064     % 
LB close or above UB, fathomed
3191   721    33         122.2595   127.6467   4.4064     % 
LB close or above UB, fathomed
3192   720    33         122.2595   127.6467   4.4064     % 
LB close or above UB, fathomed
3193   719    21         122.2595   127.6467   4.4064     % 
UB: 127.64666221628838
branching on 3 with b.
3194   720    22         122.2595   127.6467   4.4064     % 
LB close or above UB, fathomed
3195   719    22         122.2595   127.6467   4.4064     % 
UB: 127.64666221628838
branching on 1 with b.
3196   720    23         122.2595   127.6467   4.4064     % 
LB close or above UB, fathomed
3197   719    23         122.2595   127.6467   4.4064     % 
UB: 127.64666221628838
branching on 2 with b.
3198   720    21         122.2595   127.6467   4.4064     % 
LB close or above UB, fathomed
3199   719    29         122.2595   127.6467   4.4064     % 
LB close or above UB, fathomed
3200   718    29         122.2595   127.6467   4.4064     % 
UB: 127.64666221628838
branching on 2 with b.
3201   719    30         122.2595   127.6467   4.4064     % 
LB close or above UB, fathomed
3202   718    30         122.2595   127.6467   4.4064     % 
LB close or above UB, fathomed
3203   717    30         122.2595   127.6467   4.4064     % 
LB close or above UB, fathomed
3204   716    30         122.2595   127.6467   4.4064     % 
LB close or above UB, fathomed
3205   715    27         122.2595   127.6467   4.4064     % 
LB close or above UB, fathomed
3206   714    27         122.2595   127.6467   4.4064     % 
UB: 127.64666221628838
branching on 3 with b.
3207   715    27         122.2595   127.6467   4.4064     % 
LB close or above UB, fathomed
3208   714    27         122.2595   127.6467   4.4064     % 
UB: 127.64666221628838
branching on 3 with b.
3209   715    26         122.2595   127.6467   4.4064     % 
UB: 127.64666221628838
branching on 2 with b.
3210   716    27         122.2595   127.6467   4.4064     % 
LB close or above UB, fathomed
3211   715    27         122.2595   127.6467   4.4064     % 
UB: 127.64666221628838
branching on 3 with b.
3212   716    26         122.2595   127.6467   4.4064     % 
UB: 127.64666221628838
branching on 2 with b.
3213   717    26         122.2595   127.6467   4.4064     % 
LB close or above UB, fathomed
3214   716    26         122.2595   127.6467   4.4064     % 
LB close or above UB, fathomed
3215   715    26         122.2595   127.6467   4.4064     % 
LB close or above UB, fathomed
3216   714    26         122.2595   127.6467   4.4064     % 
LB close or above UB, fathomed
3217   713    28         122.2595   127.6467   4.4064     % 
UB: 127.64666221628838
branching on 1 with b.
3218   714    29         122.2595   127.6467   4.4064     % 
UB: 127.64666221628838
branching on 2 with b.
3219   715    30         122.2595   127.6467   4.4064     % 
LB close or above UB, fathomed
3220   714    30         122.2595   127.6467   4.4064     % 
LB close or above UB, fathomed
3221   713    29         122.2595   127.6467   4.4064     % 
UB: 127.64666221628838
branching on 2 with b.
3222   714    28         122.2595   127.6467   4.4064     % 
UB: 127.64666221628838
branching on 1 with b.
3223   715    28         122.2595   127.6467   4.4064     % 
UB: 127.64666221628838
branching on 1 with b.
3224   716    29         122.2595   127.6467   4.4064     % 
UB: 127.64666221628838
branching on 2 with b.
3225   717    29         122.2595   127.6467   4.4064     % 
UB: 127.64666221628838
branching on 2 with b.
3226   718    28         122.2595   127.6467   4.4064     % 
UB: 127.64666221628838
branching on 1 with b.
3227   719    29         122.2595   127.6467   4.4064     % 
UB: 127.64666221628838
branching on 2 with b.
3228   720    30         122.2595   127.6467   4.4064     % 
LB close or above UB, fathomed
3229   719    30         122.2595   127.6467   4.4064     % 
LB close or above UB, fathomed
3230   718    29         122.2595   127.6467   4.4064     % 
UB: 127.64666221628838
branching on 2 with b.
3231   719    29         122.2595   127.6467   4.4064     % 
LB close or above UB, fathomed
3232   718    29         122.2595   127.6467   4.4064     % 
LB close or above UB, fathomed
3233   717    33         122.2595   127.6467   4.4064     % 
LB close or above UB, fathomed
3234   716    33         122.2595   127.6467   4.4064     % 
LB close or above UB, fathomed
3235   715    30         122.2595   127.6467   4.4064     % 
LB close or above UB, fathomed
3236   714    30         122.2595   127.6467   4.4064     % 
LB close or above UB, fathomed
3237   713    30         122.2595   127.6467   4.4064     % 
LB close or above UB, fathomed
3238   712    30         122.2595   127.6467   4.4064     % 
LB close or above UB, fathomed
3239   711    30         122.2595   127.6467   4.4064     % 
LB close or above UB, fathomed
3240   710    30         122.2595   127.6467   4.4064     % 
LB close or above UB, fathomed
3241   709    30         122.2595   127.6467   4.4064     % 
LB close or above UB, fathomed
3242   708    30         122.2595   127.6467   4.4064     % 
LB close or above UB, fathomed
3243   707    30         122.2595   127.6467   4.4064     % 
LB close or above UB, fathomed
3244   706    30         122.2595   127.6467   4.4064     % 
LB close or above UB, fathomed
3245   705    26         122.2595   127.6467   4.4064     % 
LB close or above UB, fathomed
3246   704    26         122.2595   127.6467   4.4064     % 
UB: 127.64666221628838
branching on 3 with b.
3247   705    27         122.2595   127.6467   4.4064     % 
UB: 127.64666221628838
branching on 1 with b.
3248   706    27         122.2595   127.6467   4.4064     % 
LB close or above UB, fathomed
3249   705    30         122.2595   127.6467   4.4064     % 
LB close or above UB, fathomed
3250   704    30         122.2595   127.6467   4.4064     % 
LB close or above UB, fathomed
3251   703    23         122.2595   127.6467   4.4064     % 
UB: 127.64666221628838
branching on 3 with b.
3252   704    24         122.2595   127.6467   4.4064     % 
UB: 127.64666221628838
branching on 1 with b.
3253   705    24         122.2595   127.6467   4.4064     % 
UB: 127.64666221628838
branching on 1 with b.
3254   706    25         122.2595   127.6467   4.4064     % 
LB close or above UB, fathomed
3255   705    25         122.2595   127.6467   4.4064     % 
LB close or above UB, fathomed
3256   704    23         122.2595   127.6467   4.4064     % 
LB close or above UB, fathomed
3257   703    21         122.2595   127.6467   4.4064     % 
UB: 127.64666221628838
branching on 3 with b.
3258   704    22         122.2595   127.6467   4.4064     % 
UB: 127.64666221628838
branching on 1 with b.
3259   705    23         122.2595   127.6467   4.4064     % 
LB close or above UB, fathomed
3260   704    23         122.2595   127.6467   4.4064     % 
LB close or above UB, fathomed
3261   703    22         122.2595   127.6467   4.4064     % 
UB: 127.64666221628838
branching on 1 with b.
3262   704    23         122.2595   127.6467   4.4064     % 
LB close or above UB, fathomed
3263   703    23         122.2595   127.6467   4.4064     % 
LB close or above UB, fathomed
3264   702    21         122.2595   127.6467   4.4064     % 
LB close or above UB, fathomed
3265   701    21         122.2595   127.6467   4.4064     % 
UB: 127.64666221628838
branching on 3 with b.
3266   702    22         122.2595   127.6467   4.4064     % 
UB: 127.64666221628838
branching on 1 with b.
3267   703    22         122.2595   127.6467   4.4064     % 
UB: 127.64666221628838
branching on 1 with b.
3268   704    23         122.2595   127.6467   4.4064     % 
LB close or above UB, fathomed
3269   703    23         122.2595   127.6467   4.4064     % 
LB close or above UB, fathomed
3270   702    21         122.2595   127.6467   4.4064     % 
LB close or above UB, fathomed
3271   701    31         122.2595   127.6467   4.4064     % 
UB: 127.64666221628838
branching on 1 with b.
3272   702    32         122.2595   127.6467   4.4064     % 
UB: 127.64666221628838
branching on 2 with b.
3273   703    33         122.2595   127.6467   4.4064     % 
LB close or above UB, fathomed
3274   702    33         122.2595   127.6467   4.4064     % 
LB close or above UB, fathomed
3275   701    32         122.2595   127.6467   4.4064     % 
UB: 127.64666221628838
branching on 2 with b.
3276   702    31         122.2595   127.6467   4.4064     % 
UB: 127.64666221628838
branching on 1 with b.
3277   703    32         122.2595   127.6467   4.4064     % 
UB: 127.64666221628838
branching on 2 with b.
3278   704    33         122.2595   127.6467   4.4064     % 
LB close or above UB, fathomed
3279   703    33         122.2595   127.6467   4.4064     % 
LB close or above UB, fathomed
3280   702    32         122.2595   127.6467   4.4064     % 
UB: 127.64666221628838
branching on 2 with b.
3281   703    31         122.2595   127.6467   4.4064     % 
UB: 127.64666221628838
branching on 1 with b.
3282   704    32         122.2595   127.6467   4.4064     % 
UB: 127.64666221628838
branching on 2 with b.
3283   705    33         122.2595   127.6467   4.4064     % 
LB close or above UB, fathomed
3284   704    33         122.2595   127.6467   4.4064     % 
LB close or above UB, fathomed
3285   703    32         122.2595   127.6467   4.4064     % 
UB: 127.64666221628838
branching on 2 with b.
3286   704    31         122.2595   127.6467   4.4064     % 
UB: 127.64666221628838
branching on 1 with b.
3287   705    32         122.2595   127.6467   4.4064     % 
UB: 127.64666221628838
branching on 2 with b.
3288   706    33         122.2595   127.6467   4.4064     % 
LB close or above UB, fathomed
3289   705    33         122.2595   127.6467   4.4064     % 
LB close or above UB, fathomed
3290   704    32         122.2595   127.6467   4.4064     % 
UB: 127.64666221628838
branching on 2 with b.
3291   705    31         122.2595   127.6467   4.4064     % 
UB: 127.64666221628838
branching on 1 with b.
3292   706    31         122.2595   127.6467   4.4064     % 
UB: 127.64666221628838
branching on 1 with b.
3293   707    32         122.2595   127.6467   4.4064     % 
UB: 127.64666221628838
branching on 2 with b.
3294   708    33         122.2595   127.6467   4.4064     % 
LB close or above UB, fathomed
3295   707    33         122.2595   127.6467   4.4064     % 
LB close or above UB, fathomed
3296   706    32         122.2595   127.6467   4.4064     % 
UB: 127.64666221628838
branching on 2 with b.
3297   707    33         122.2595   127.6467   4.4064     % 
LB close or above UB, fathomed
3298   706    33         122.2595   127.6467   4.4064     % 
LB close or above UB, fathomed
3299   705    31         122.2595   127.6467   4.4064     % 
UB: 127.64666221628838
branching on 1 with b.
3300   706    31         122.2595   127.6467   4.4064     % 
UB: 127.64666221628838
branching on 1 with b.
3301   707    32         122.2595   127.6467   4.4064     % 
UB: 127.64666221628838
branching on 2 with b.
3302   708    32         122.2595   127.6467   4.4064     % 
UB: 127.64666221628838
branching on 2 with b.
3303   709    33         122.2595   127.6467   4.4064     % 
LB close or above UB, fathomed
3304   708    33         122.2595   127.6467   4.4064     % 
LB close or above UB, fathomed
3305   707    31         122.2595   127.6467   4.4064     % 
UB: 127.64666221628838
branching on 1 with b.
3306   708    31         122.2595   127.6467   4.4064     % 
UB: 127.64666221628838
branching on 1 with b.
3307   709    32         122.2595   127.6467   4.4064     % 
UB: 127.64666221628838
branching on 2 with b.
3308   710    33         122.2595   127.6467   4.4064     % 
LB close or above UB, fathomed
3309   709    33         122.2595   127.6467   4.4064     % 
LB close or above UB, fathomed
3310   708    32         122.2595   127.6467   4.4064     % 
UB: 127.64666221628838
branching on 2 with b.
3311   709    21         122.2595   127.6467   4.4064     % 
UB: 127.64666221628838
branching on 3 with b.
3312   710    22         122.2595   127.6467   4.4064     % 
UB: 127.64666221628838
branching on 1 with b.
3313   711    23         122.2595   127.6467   4.4064     % 
LB close or above UB, fathomed
3314   710    23         122.2595   127.6467   4.4064     % 
LB close or above UB, fathomed
3315   709    22         122.2595   127.6467   4.4064     % 
UB: 127.64666221628838
branching on 1 with b.
3316   710    23         122.2595   127.6467   4.4064     % 
LB close or above UB, fathomed
3317   709    23         122.2595   127.6467   4.4064     % 
LB close or above UB, fathomed
3318   708    21         122.2595   127.6467   4.4064     % 
LB close or above UB, fathomed
3319   707    31         122.2595   127.6467   4.4064     % 
UB: 127.64666221628838
branching on 1 with b.
3320   708    32         122.2595   127.6467   4.4064     % 
UB: 127.64666221628838
branching on 2 with b.
3321   709    33         122.2595   127.6467   4.4064     % 
LB close or above UB, fathomed
3322   708    33         122.2595   127.6467   4.4064     % 
LB close or above UB, fathomed
3323   707    32         122.2595   127.6467   4.4064     % 
UB: 127.64666221628838
branching on 2 with b.
3324   708    33         122.2595   127.6467   4.4064     % 
LB close or above UB, fathomed
3325   707    33         122.2595   127.6467   4.4064     % 
LB close or above UB, fathomed
3326   706    31         122.2595   127.6467   4.4064     % 
UB: 127.64666221628838
branching on 1 with b.
3327   707    32         122.2595   127.6467   4.4064     % 
UB: 127.64666221628838
branching on 2 with b.
3328   708    33         122.2595   127.6467   4.4064     % 
LB close or above UB, fathomed
3329   707    33         122.2595   127.6467   4.4064     % 
LB close or above UB, fathomed
3330   706    32         122.2595   127.6467   4.4064     % 
UB: 127.64666221628838
branching on 2 with b.
3331   707    33         122.2595   127.6467   4.4064     % 
LB close or above UB, fathomed
3332   706    33         122.2595   127.6467   4.4064     % 
LB close or above UB, fathomed
3333   705    31         122.2595   127.6467   4.4064     % 
UB: 127.64666221628838
branching on 1 with b.
3334   706    31         122.2595   127.6467   4.4064     % 
UB: 127.64666221628838
branching on 1 with b.
3335   707    31         122.2595   127.6467   4.4064     % 
UB: 127.64666221628838
branching on 1 with b.
3336   708    32         122.2595   127.6467   4.4064     % 
UB: 127.64666221628838
branching on 2 with b.
3337   709    33         122.2595   127.6467   4.4064     % 
LB close or above UB, fathomed
3338   708    33         122.2595   127.6467   4.4064     % 
LB close or above UB, fathomed
3339   707    32         122.2595   127.6467   4.4064     % 
UB: 127.64666221628838
branching on 2 with b.
3340   708    31         122.2595   127.6467   4.4064     % 
UB: 127.64666221628838
branching on 1 with b.
3341   709    32         122.2595   127.6467   4.4064     % 
UB: 127.64666221628838
branching on 2 with b.
3342   710    33         122.2595   127.6467   4.4064     % 
LB close or above UB, fathomed
3343   709    33         122.2595   127.6467   4.4064     % 
LB close or above UB, fathomed
3344   708    32         122.2595   127.6467   4.4064     % 
UB: 127.64666221628838
branching on 2 with b.
3345   709    31         122.2595   127.6467   4.4064     % 
UB: 127.64666221628838
branching on 1 with b.
3346   710    32         122.2595   127.6467   4.4064     % 
UB: 127.64666221628838
branching on 2 with b.
3347   711    33         122.2595   127.6467   4.4064     % 
LB close or above UB, fathomed
3348   710    33         122.2595   127.6467   4.4064     % 
LB close or above UB, fathomed
3349   709    32         122.2595   127.6467   4.4064     % 
UB: 127.64666221628838
branching on 2 with b.
3350   710    33         122.2595   127.6467   4.4064     % 
LB close or above UB, fathomed
3351   709    33         122.2595   127.6467   4.4064     % 
LB close or above UB, fathomed
3352   708    31         122.2595   127.6467   4.4064     % 
UB: 127.64666221628838
branching on 1 with b.
3353   709    32         122.2595   127.6467   4.4064     % 
UB: 127.64666221628838
branching on 2 with b.
3354   710    33         122.2595   127.6467   4.4064     % 
LB close or above UB, fathomed
3355   709    33         122.2595   127.6467   4.4064     % 
LB close or above UB, fathomed
3356   708    32         122.2595   127.6467   4.4064     % 
UB: 127.64666221628838
branching on 2 with b.
3357   709    33         122.2595   127.6467   4.4064     % 
LB close or above UB, fathomed
3358   708    33         122.2595   127.6467   4.4064     % 
LB close or above UB, fathomed
3359   707    31         122.2595   127.6467   4.4064     % 
UB: 127.64666221628838
branching on 1 with b.
3360   708    32         122.2595   127.6467   4.4064     % 
UB: 127.64666221628838
branching on 2 with b.
3361   709    33         122.2595   127.6467   4.4064     % 
LB close or above UB, fathomed
3362   708    33         122.2595   127.6467   4.4064     % 
LB close or above UB, fathomed
3363   707    32         122.2595   127.6467   4.4064     % 
UB: 127.64666221628838
branching on 2 with b.
3364   708    33         122.2595   127.6467   4.4064     % 
LB close or above UB, fathomed
3365   707    33         122.2595   127.6467   4.4064     % 
LB close or above UB, fathomed
3366   706    31         122.2595   127.6467   4.4064     % 
UB: 127.64666221628838
branching on 1 with b.
3367   707    32         122.2595   127.6467   4.4064     % 
UB: 127.64666221628838
branching on 2 with b.
3368   708    33         122.2595   127.6467   4.4064     % 
LB close or above UB, fathomed
3369   707    33         122.2595   127.6467   4.4064     % 
LB close or above UB, fathomed
3370   706    32         122.2595   127.6467   4.4064     % 
UB: 127.64666221628838
branching on 2 with b.
3371   707    33         122.2595   127.6467   4.4064     % 
LB close or above UB, fathomed
3372   706    33         122.2595   127.6467   4.4064     % 
LB close or above UB, fathomed
3373   705    31         122.2595   127.6467   4.4064     % 
UB: 127.64666221628838
branching on 1 with b.
3374   706    31         122.2595   127.6467   4.4064     % 
UB: 127.64666221628838
branching on 1 with b.
3375   707    32         122.2595   127.6467   4.4064     % 
UB: 127.64666221628838
branching on 2 with b.
3376   708    32         122.2595   127.6467   4.4064     % 
UB: 127.64666221628838
branching on 2 with b.
3377   709    33         122.2595   127.6467   4.4064     % 
LB close or above UB, fathomed
3378   708    33         122.2595   127.6467   4.4064     % 
LB close or above UB, fathomed
3379   707    31         122.2595   127.6467   4.4064     % 
UB: 127.64666221628838
branching on 1 with b.
3380   708    31         122.2595   127.6467   4.4064     % 
UB: 127.64666221628838
branching on 1 with b.
3381   709    32         122.2595   127.6467   4.4064     % 
UB: 127.64666221628838
branching on 2 with b.
3382   710    32         122.2595   127.6467   4.4064     % 
UB: 127.64666221628838
branching on 2 with b.
3383   711    33         122.2595   127.6467   4.4064     % 
LB close or above UB, fathomed
3384   710    33         122.2595   127.6467   4.4064     % 
LB close or above UB, fathomed
3385   709    23         122.2595   127.6467   4.4064     % 
LB close or above UB, fathomed
3386   708    23         122.2595   127.6467   4.4064     % 
UB: 127.64666221628838
branching on 3 with b.
3387   709    31         122.2595   127.6467   4.4064     % 
UB: 127.64666221628838
branching on 1 with b.
3388   710    31         122.2595   127.6467   4.4064     % 
UB: 127.64666221628838
branching on 1 with b.
3389   711    32         122.2595   127.6467   4.4064     % 
UB: 127.64666221628838
branching on 2 with b.
3390   712    32         122.2595   127.6467   4.4064     % 
UB: 127.64666221628838
branching on 2 with b.
3391   713    31         122.2595   127.6467   4.4064     % 
UB: 127.64666221628838
branching on 1 with b.
3392   714    32         122.2595   127.6467   4.4064     % 
UB: 127.64666221628838
branching on 2 with b.
3393   715    32         122.2595   127.6467   4.4064     % 
UB: 127.64666221628838
branching on 2 with b.
3394   716    31         122.2595   127.6467   4.4064     % 
UB: 127.64666221628838
branching on 1 with b.
3395   717    10         122.2595   127.6467   4.4064     % 
LB close or above UB, fathomed
3396   716    10         122.2595   127.6467   4.4064     % 
LB close or above UB, fathomed
3397   715    24         122.2595   127.6467   4.4064     % 
UB: 127.64666221628838
branching on 1 with b.
3398   716    25         122.2595   127.6467   4.4064     % 
LB close or above UB, fathomed
3399   715    25         122.2595   127.6467   4.4064     % 
UB: 127.64666221628838
branching on 2 with b.
3400   716    24         122.2595   127.6467   4.4064     % 
LB close or above UB, fathomed
3401   715    23         122.2595   127.6467   4.4064     % 
LB close or above UB, fathomed
3402   714    23         122.2595   127.6467   4.4064     % 
LB close or above UB, fathomed
3403   713    25         122.2595   127.6467   4.4064     % 
LB close or above UB, fathomed
3404   712    25         122.2595   127.6467   4.4064     % 
LB close or above UB, fathomed
3405   711    30         122.2595   127.6467   4.4064     % 
LB close or above UB, fathomed
3406   710    30         122.2595   127.6467   4.4064     % 
LB close or above UB, fathomed
3407   709    32         122.2595   127.6467   4.4064     % 
UB: 127.64666221628838
branching on 2 with b.
3408   710    33         122.2595   127.6467   4.4064     % 
LB close or above UB, fathomed
3409   709    33         122.2595   127.6467   4.4064     % 
LB close or above UB, fathomed
3410   708    32         122.2595   127.6467   4.4064     % 
UB: 127.64666221628838
branching on 2 with b.
3411   709    33         122.2595   127.6467   4.4064     % 
LB close or above UB, fathomed
3412   708    33         122.2595   127.6467   4.4064     % 
LB close or above UB, fathomed
3413   707    32         122.2595   127.6467   4.4064     % 
UB: 127.64666221628838
branching on 2 with b.
3414   708    33         122.2595   127.6467   4.4064     % 
LB close or above UB, fathomed
3415   707    33         122.2595   127.6467   4.4064     % 
LB close or above UB, fathomed
3416   706    32         122.2595   127.6467   4.4064     % 
UB: 127.64666221628838
branching on 2 with b.
3417   707    33         122.2595   127.6467   4.4064     % 
LB close or above UB, fathomed
3418   706    33         122.2595   127.6467   4.4064     % 
LB close or above UB, fathomed
3419   705    32         122.2595   127.6467   4.4064     % 
UB: 127.64666221628838
branching on 2 with b.
3420   706    33         122.2595   127.6467   4.4064     % 
LB close or above UB, fathomed
3421   705    33         122.2595   127.6467   4.4064     % 
LB close or above UB, fathomed
3422   704    32         122.2595   127.6467   4.4064     % 
UB: 127.64666221628838
branching on 2 with b.
3423   705    33         122.2595   127.6467   4.4064     % 
LB close or above UB, fathomed
3424   704    33         122.2595   127.6467   4.4064     % 
LB close or above UB, fathomed
3425   703    33         122.2595   127.6467   4.4064     % 
LB close or above UB, fathomed
3426   702    33         122.2595   127.6467   4.4064     % 
LB close or above UB, fathomed
3427   701    32         122.2595   127.6467   4.4064     % 
UB: 127.64666221628838
branching on 2 with b.
3428   702    32         122.2595   127.6467   4.4064     % 
UB: 127.64666221628838
branching on 2 with b.
3429   703    33         122.2595   127.6467   4.4064     % 
LB close or above UB, fathomed
3430   702    33         122.2595   127.6467   4.4064     % 
LB close or above UB, fathomed
3431   701    33         122.2595   127.6467   4.4064     % 
LB close or above UB, fathomed
3432   700    33         122.2595   127.6467   4.4064     % 
LB close or above UB, fathomed
3433   699    33         122.2595   127.6467   4.4064     % 
LB close or above UB, fathomed
3434   698    33         122.2595   127.6467   4.4064     % 
LB close or above UB, fathomed
3435   697    33         122.2595   127.6467   4.4064     % 
LB close or above UB, fathomed
3436   696    33         122.2595   127.6467   4.4064     % 
LB close or above UB, fathomed
3437   695    33         122.2595   127.6467   4.4064     % 
LB close or above UB, fathomed
3438   694    33         122.2595   127.6467   4.4064     % 
LB close or above UB, fathomed
3439   693    32         122.2595   127.6467   4.4064     % 
UB: 127.64666221628838
branching on 2 with b.
3440   694    32         122.2595   127.6467   4.4064     % 
UB: 127.64666221628838
branching on 2 with b.
3441   695    33         122.2595   127.6467   4.4064     % 
LB close or above UB, fathomed
3442   694    33         122.2595   127.6467   4.4064     % 
LB close or above UB, fathomed
3443   693    32         122.2595   127.6467   4.4064     % 
UB: 127.64666221628838
branching on 2 with b.
3444   694    33         122.2595   127.6467   4.4064     % 
LB close or above UB, fathomed
3445   693    33         122.2595   127.6467   4.4064     % 
LB close or above UB, fathomed
3446   692    32         122.2595   127.6467   4.4064     % 
UB: 127.64666221628838
branching on 2 with b.
3447   693    32         122.2595   127.6467   4.4064     % 
UB: 127.64666221628838
branching on 2 with b.
3448   694    33         122.2595   127.6467   4.4064     % 
LB close or above UB, fathomed
3449   693    33         122.2595   127.6467   4.4064     % 
LB close or above UB, fathomed
3450   692    32         122.2595   127.6467   4.4064     % 
UB: 127.64666221628838
branching on 2 with b.
3451   693    33         122.2595   127.6467   4.4064     % 
LB close or above UB, fathomed
3452   692    33         122.2595   127.6467   4.4064     % 
LB close or above UB, fathomed
3453   691    33         122.2595   127.6467   4.4064     % 
LB close or above UB, fathomed
3454   690    33         122.2595   127.6467   4.4064     % 
LB close or above UB, fathomed
3455   689    26         122.2595   127.6467   4.4064     % 
LB close or above UB, fathomed
3456   688    26         122.2595   127.6467   4.4064     % 
LB close or above UB, fathomed
3457   687    30         122.2595   127.6467   4.4064     % 
LB close or above UB, fathomed
3458   686    30         122.2595   127.6467   4.4064     % 
LB close or above UB, fathomed
3459   685    30         122.2595   127.6467   4.4064     % 
LB close or above UB, fathomed
3460   684    30         122.2595   127.6467   4.4064     % 
LB close or above UB, fathomed
3461   683    29         122.2595   127.6467   4.4064     % 
LB close or above UB, fathomed
3462   682    29         122.2595   127.6467   4.4064     % 
UB: 127.64666221628838
branching on 3 with b.
3463   683    30         122.2595   127.6467   4.4064     % 
LB close or above UB, fathomed
3464   682    30         122.2595   127.6467   4.4064     % 
LB close or above UB, fathomed
3465   681    33         122.2595   127.6467   4.4064     % 
LB close or above UB, fathomed
3466   680    33         122.2595   127.6467   4.4064     % 
LB close or above UB, fathomed
3467   679    30         122.2595   127.6467   4.4064     % 
LB close or above UB, fathomed
3468   678    30         122.2595   127.6467   4.4064     % 
LB close or above UB, fathomed
3469   677    23         122.2595   127.6467   4.4064     % 
UB: 127.64666221628838
branching on 3 with b.
3470   678    24         122.2595   127.6467   4.4064     % 
LB close or above UB, fathomed
3471   677    24         122.2595   127.6467   4.4064     % 
UB: 127.64666221628838
branching on 1 with b.
3472   678    25         122.2595   127.6467   4.4064     % 
LB close or above UB, fathomed
3473   677    25         122.2595   127.6467   4.4064     % 
LB close or above UB, fathomed
3474   676    23         122.2595   127.6467   4.4064     % 
LB close or above UB, fathomed
3475   675    30         122.2595   127.6467   4.4064     % 
LB close or above UB, fathomed
3476   674    30         122.2595   127.6467   4.4064     % 
LB close or above UB, fathomed
3477   673    30         122.2595   127.6467   4.4064     % 
LB close or above UB, fathomed
3478   672    30         122.2595   127.6467   4.4064     % 
LB close or above UB, fathomed
3479   671    30         122.2595   127.6467   4.4064     % 
LB close or above UB, fathomed
3480   670    30         122.2595   127.6467   4.4064     % 
LB close or above UB, fathomed
3481   669    29         122.2595   127.6467   4.4064     % 
UB: 127.64666221628838
branching on 2 with b.
3482   670    30         122.2595   127.6467   4.4064     % 
LB close or above UB, fathomed
3483   669    30         122.2595   127.6467   4.4064     % 
LB close or above UB, fathomed
3484   668    29         122.2595   127.6467   4.4064     % 
UB: 127.64666221628838
branching on 2 with b.
3485   669    28         122.2595   127.6467   4.4064     % 
LB close or above UB, fathomed
3486   668    28         122.2595   127.6467   4.4064     % 
UB: 127.64666221628838
branching on 1 with b.
3487   669    29         122.2595   127.6467   4.4064     % 
UB: 127.64666221628838
branching on 2 with b.
3488   670    30         122.2595   127.6467   4.4064     % 
LB close or above UB, fathomed
3489   669    30         122.2595   127.6467   4.4064     % 
LB close or above UB, fathomed
3490   668    29         122.2595   127.6467   4.4064     % 
UB: 127.64666221628838
branching on 2 with b.
3491   669    30         122.2595   127.6467   4.4064     % 
LB close or above UB, fathomed
3492   668    30         122.2595   127.6467   4.4064     % 
LB close or above UB, fathomed
3493   667    33         122.2595   127.6467   4.4064     % 
LB close or above UB, fathomed
3494   666    33         122.2595   127.6467   4.4064     % 
LB close or above UB, fathomed
3495   665    33         122.2595   127.6467   4.4064     % 
LB close or above UB, fathomed
3496   664    33         122.2595   127.6467   4.4064     % 
LB close or above UB, fathomed
3497   663    30         122.2595   127.6467   4.4064     % 
LB close or above UB, fathomed
3498   662    30         122.2595   127.6467   4.4064     % 
LB close or above UB, fathomed
3499   661    29         122.2595   127.6467   4.4064     % 
UB: 127.64666221628838
branching on 2 with b.
3500   662    29         122.2595   127.6467   4.4064     % 
UB: 127.64666221628838
branching on 2 with b.
3501   663    30         122.2595   127.6467   4.4064     % 
LB close or above UB, fathomed
3502   662    30         122.2595   127.6467   4.4064     % 
LB close or above UB, fathomed
3503   661    33         122.2595   127.6467   4.4064     % 
LB close or above UB, fathomed
3504   660    33         122.2595   127.6467   4.4064     % 
LB close or above UB, fathomed
3505   659    28         122.2595   127.6467   4.4064     % 
LB close or above UB, fathomed
3506   658    28         122.2595   127.6467   4.4064     % 
UB: 127.64666221628838
branching on 1 with b.
3507   659    29         122.2595   127.6467   4.4064     % 
UB: 127.64666221628838
branching on 2 with b.
3508   660    30         122.2595   127.6467   4.4064     % 
LB close or above UB, fathomed
3509   659    30         122.2595   127.6467   4.4064     % 
LB close or above UB, fathomed
3510   658    29         122.2595   127.6467   4.4064     % 
UB: 127.64666221628838
branching on 2 with b.
3511   659    26         122.2595   127.6467   4.4064     % 
LB close or above UB, fathomed
3512   658    26         122.2595   127.6467   4.4064     % 
UB: 127.64666221628838
branching on 1 with b.
3513   659    26         122.2595   127.6467   4.4064     % 
LB close or above UB, fathomed
3514   658    26         122.2595   127.6467   4.4064     % 
LB close or above UB, fathomed
3515   657    29         122.2595   127.6467   4.4064     % 
LB close or above UB, fathomed
3516   656    29         122.2595   127.6467   4.4064     % 
LB close or above UB, fathomed
3517   655    31         122.2595   127.6467   4.4064     % 
UB: 127.64666221628838
branching on 1 with b.
3518   656    32         122.2595   127.6467   4.4064     % 
UB: 127.64666221628838
branching on 2 with b.
3519   657    33         122.2595   127.6467   4.4064     % 
LB close or above UB, fathomed
3520   656    33         122.2595   127.6467   4.4064     % 
LB close or above UB, fathomed
3521   655    32         122.2595   127.6467   4.4064     % 
UB: 127.64666221628838
branching on 2 with b.
3522   656    31         122.2595   127.6467   4.4064     % 
LB close or above UB, fathomed
3523   655    30         122.2595   127.6467   4.4064     % 
LB close or above UB, fathomed
3524   654    30         122.2595   127.6467   4.4064     % 
LB close or above UB, fathomed
3525   653    31         122.2595   127.6467   4.4064     % 
UB: 127.64666221628838
branching on 1 with b.
3526   654    32         122.2595   127.6467   4.4064     % 
UB: 127.64666221628838
branching on 2 with b.
3527   655    33         122.2595   127.6467   4.4064     % 
LB close or above UB, fathomed
3528   654    33         122.2595   127.6467   4.4064     % 
LB close or above UB, fathomed
3529   653    32         122.2595   127.6467   4.4064     % 
UB: 127.64666221628838
branching on 2 with b.
3530   654    33         122.2595   127.6467   4.4064     % 
LB close or above UB, fathomed
3531   653    33         122.2595   127.6467   4.4064     % 
LB close or above UB, fathomed
3532   652    31         122.2595   127.6467   4.4064     % 
LB close or above UB, fathomed
3533   651    31         122.2595   127.6467   4.4064     % 
UB: 127.64666221628838
branching on 1 with b.
3534   652    31         122.2595   127.6467   4.4064     % 
UB: 127.64666221628838
branching on 1 with b.
3535   653    32         122.2595   127.6467   4.4064     % 
LB close or above UB, fathomed
3536   652    32         122.2595   127.6467   4.4064     % 
UB: 127.64666221628838
branching on 2 with b.
3537   653    33         122.2595   127.6467   4.4064     % 
LB close or above UB, fathomed
3538   652    33         122.2595   127.6467   4.4064     % 
LB close or above UB, fathomed
3539   651    31         122.2595   127.6467   4.4064     % 
UB: 127.64666221628838
branching on 1 with b.
3540   652    32         122.2595   127.6467   4.4064     % 
LB close or above UB, fathomed
3541   651    32         122.2595   127.6467   4.4064     % 
UB: 127.64666221628838
branching on 2 with b.
3542   652    33         122.2595   127.6467   4.4064     % 
LB close or above UB, fathomed
3543   651    33         122.2595   127.6467   4.4064     % 
LB close or above UB, fathomed
3544   650    31         122.2595   127.6467   4.4064     % 
UB: 127.64666221628838
branching on 1 with b.
3545   651    32         122.2595   127.6467   4.4064     % 
LB close or above UB, fathomed
3546   650    32         122.2595   127.6467   4.4064     % 
UB: 127.64666221628838
branching on 2 with b.
3547   651    33         122.2595   127.6467   4.4064     % 
LB close or above UB, fathomed
3548   650    33         122.2595   127.6467   4.4064     % 
LB close or above UB, fathomed
3549   649    31         122.2595   127.6467   4.4064     % 
UB: 127.64666221628838
branching on 1 with b.
3550   650    32         122.2595   127.6467   4.4064     % 
LB close or above UB, fathomed
3551   649    32         122.2595   127.6467   4.4064     % 
UB: 127.64666221628838
branching on 2 with b.
3552   650    33         122.2595   127.6467   4.4064     % 
LB close or above UB, fathomed
3553   649    33         122.2595   127.6467   4.4064     % 
LB close or above UB, fathomed
3554   648    31         122.2595   127.6467   4.4064     % 
UB: 127.64666221628838
branching on 1 with b.
3555   649    32         122.2595   127.6467   4.4064     % 
LB close or above UB, fathomed
3556   648    32         122.2595   127.6467   4.4064     % 
UB: 127.64666221628838
branching on 2 with b.
3557   649    33         122.2595   127.6467   4.4064     % 
LB close or above UB, fathomed
3558   648    33         122.2595   127.6467   4.4064     % 
LB close or above UB, fathomed
3559   647    31         122.2595   127.6467   4.4064     % 
UB: 127.64666221628838
branching on 1 with b.
3560   648    31         122.2595   127.6467   4.4064     % 
UB: 127.64666221628838
branching on 1 with b.
3561   649    32         122.2595   127.6467   4.4064     % 
UB: 127.64666221628838
branching on 2 with b.
3562   650    33         122.2595   127.6467   4.4064     % 
LB close or above UB, fathomed
3563   649    33         122.2595   127.6467   4.4064     % 
LB close or above UB, fathomed
3564   648    32         122.2595   127.6467   4.4064     % 
UB: 127.64666221628838
branching on 2 with b.
3565   649    31         122.2595   127.6467   4.4064     % 
UB: 127.64666221628838
branching on 1 with b.
3566   650    31         122.2595   127.6467   4.4064     % 
UB: 127.64666221628838
branching on 1 with b.
3567   651    32         122.2595   127.6467   4.4064     % 
UB: 127.64666221628838
branching on 2 with b.
3568   652    33         122.2595   127.6467   4.4064     % 
LB close or above UB, fathomed
3569   651    33         122.2595   127.6467   4.4064     % 
LB close or above UB, fathomed
3570   650    32         122.2595   127.6467   4.4064     % 
UB: 127.64666221628838
branching on 2 with b.
3571   651    33         122.2595   127.6467   4.4064     % 
LB close or above UB, fathomed
3572   650    33         122.2595   127.6467   4.4064     % 
LB close or above UB, fathomed
3573   649    22         122.2595   127.6467   4.4064     % 
UB: 127.64666221628838
branching on 3 with b.
3574   650    23         122.2595   127.6467   4.4064     % 
UB: 127.64666221628838
branching on 1 with b.
3575   651    24         122.2595   127.6467   4.4064     % 
LB close or above UB, fathomed
3576   650    24         122.2595   127.6467   4.4064     % 
LB close or above UB, fathomed
3577   649    23         122.2595   127.6467   4.4064     % 
UB: 127.64666221628838
branching on 1 with b.
3578   650    24         122.2595   127.6467   4.4064     % 
LB close or above UB, fathomed
3579   649    24         122.2595   127.6467   4.4064     % 
LB close or above UB, fathomed
3580   648    22         122.2595   127.6467   4.4064     % 
LB close or above UB, fathomed
3581   647    22         122.2595   127.6467   4.4064     % 
UB: 127.64666221628838
branching on CartesianIndex(1, 7) with c.
3582   648    23         122.2595   127.6467   4.4064     % 
UB: 127.64666221628838
branching on 3 with b.
3583   649    24         122.2595   127.6467   4.4064     % 
LB close or above UB, fathomed
3584   648    24         122.2595   127.6467   4.4064     % 
UB: 127.64666221628838
branching on 1 with b.
3585   649    25         122.2595   127.6467   4.4064     % 
LB close or above UB, fathomed
3586   648    25         122.2595   127.6467   4.4064     % 
LB close or above UB, fathomed
3587   647    23         122.2595   127.6467   4.4064     % 
UB: 127.64666221628838
branching on 3 with b.
3588   648    24         122.2595   127.6467   4.4064     % 
UB: 127.64666221628838
branching on 1 with b.
3589   649    25         122.2595   127.6467   4.4064     % 
LB close or above UB, fathomed
3590   648    25         122.2595   127.6467   4.4064     % 
LB close or above UB, fathomed
3591   647    24         122.2595   127.6467   4.4064     % 
UB: 127.64666221628838
branching on 1 with b.
3592   648    25         122.2595   127.6467   4.4064     % 
LB close or above UB, fathomed
3593   647    25         122.2595   127.6467   4.4064     % 
LB close or above UB, fathomed
3594   646    22         122.2595   127.6467   4.4064     % 
LB close or above UB, fathomed
3595   645    23         122.2595   127.6467   4.4064     % 
UB: 127.64666221628838
branching on 3 with b.
3596   646    24         122.2595   127.6467   4.4064     % 
UB: 127.64666221628838
branching on 1 with b.
3597   647    25         122.2595   127.6467   4.4064     % 
LB close or above UB, fathomed
3598   646    25         122.2595   127.6467   4.4064     % 
LB close or above UB, fathomed
3599   645    24         122.2595   127.6467   4.4064     % 
UB: 127.64666221628838
branching on 1 with b.
3600   646    25         122.2595   127.6467   4.4064     % 
LB close or above UB, fathomed
3601   645    25         122.2595   127.6467   4.4064     % 
LB close or above UB, fathomed
3602   644    23         122.2595   127.6467   4.4064     % 
LB close or above UB, fathomed
3603   643    23         122.2595   127.6467   4.4064     % 
UB: 127.64666221628838
branching on 3 with b.
3604   644    24         122.2595   127.6467   4.4064     % 
UB: 127.64666221628838
branching on 1 with b.
3605   645    25         122.2595   127.6467   4.4064     % 
LB close or above UB, fathomed
3606   644    25         122.2595   127.6467   4.4064     % 
LB close or above UB, fathomed
3607   643    24         122.2595   127.6467   4.4064     % 
UB: 127.64666221628838
branching on 1 with b.
3608   644    25         122.2595   127.6467   4.4064     % 
LB close or above UB, fathomed
3609   643    25         122.2595   127.6467   4.4064     % 
LB close or above UB, fathomed
3610   642    23         122.2595   127.6467   4.4064     % 
LB close or above UB, fathomed
3611   641    23         122.2595   127.6467   4.4064     % 
UB: 127.64666221628838
branching on 3 with b.
3612   642    24         122.2595   127.6467   4.4064     % 
UB: 127.64666221628838
branching on 1 with b.
3613   643    25         122.2595   127.6467   4.4064     % 
LB close or above UB, fathomed
3614   642    25         122.2595   127.6467   4.4064     % 
LB close or above UB, fathomed
3615   641    24         122.2595   127.6467   4.4064     % 
UB: 127.64666221628838
branching on 1 with b.
3616   642    25         122.2595   127.6467   4.4064     % 
LB close or above UB, fathomed
3617   641    25         122.2595   127.6467   4.4064     % 
LB close or above UB, fathomed
3618   640    23         122.2595   127.6467   4.4064     % 
LB close or above UB, fathomed
3619   639    23         122.2595   127.6467   4.4064     % 
UB: 127.64666221628838
branching on 3 with b.
3620   640    24         122.2595   127.6467   4.4064     % 
UB: 127.64666221628838
branching on 1 with b.
3621   641    25         122.2595   127.6467   4.4064     % 
LB close or above UB, fathomed
3622   640    25         122.2595   127.6467   4.4064     % 
LB close or above UB, fathomed
3623   639    24         122.2595   127.6467   4.4064     % 
UB: 127.64666221628838
branching on 1 with b.
3624   640    25         122.2595   127.6467   4.4064     % 
LB close or above UB, fathomed
3625   639    25         122.2595   127.6467   4.4064     % 
LB close or above UB, fathomed
3626   638    23         122.2595   127.6467   4.4064     % 
LB close or above UB, fathomed
3627   637    22         122.2595   127.6467   4.4064     % 
UB: 127.64666221628838
branching on 3 with b.
3628   638    23         122.2595   127.6467   4.4064     % 
UB: 127.64666221628838
branching on 1 with b.
3629   639    24         122.2595   127.6467   4.4064     % 
LB close or above UB, fathomed
3630   638    24         122.2595   127.6467   4.4064     % 
LB close or above UB, fathomed
3631   637    23         122.2595   127.6467   4.4064     % 
UB: 127.64666221628838
branching on 1 with b.
3632   638    24         122.2595   127.6467   4.4064     % 
LB close or above UB, fathomed
3633   637    24         122.2595   127.6467   4.4064     % 
LB close or above UB, fathomed
3634   636    22         122.2595   127.6467   4.4064     % 
LB close or above UB, fathomed
3635   635    22         122.2595   127.6467   4.4064     % 
UB: 127.64666221628838
branching on 3 with b.
3636   636    23         122.2595   127.6467   4.4064     % 
UB: 127.64666221628838
branching on 1 with b.
3637   637    24         122.2595   127.6467   4.4064     % 
LB close or above UB, fathomed
3638   636    24         122.2595   127.6467   4.4064     % 
LB close or above UB, fathomed
3639   635    23         122.2595   127.6467   4.4064     % 
UB: 127.64666221628838
branching on 1 with b.
3640   636    24         122.2595   127.6467   4.4064     % 
LB close or above UB, fathomed
3641   635    24         122.2595   127.6467   4.4064     % 
LB close or above UB, fathomed
3642   634    22         122.2595   127.6467   4.4064     % 
LB close or above UB, fathomed
3643   633    22         122.2595   127.6467   4.4064     % 
UB: 127.64666221628838
branching on 3 with b.
3644   634    23         122.2595   127.6467   4.4064     % 
UB: 127.64666221628838
branching on 1 with b.
3645   635    24         122.2595   127.6467   4.4064     % 
LB close or above UB, fathomed
3646   634    24         122.2595   127.6467   4.4064     % 
LB close or above UB, fathomed
3647   633    23         122.2595   127.6467   4.4064     % 
UB: 127.64666221628838
branching on 1 with b.
3648   634    24         122.2595   127.6467   4.4064     % 
LB close or above UB, fathomed
3649   633    24         122.2595   127.6467   4.4064     % 
LB close or above UB, fathomed
3650   632    22         122.2595   127.6467   4.4064     % 
LB close or above UB, fathomed
3651   631    23         122.2595   127.6467   4.4064     % 
UB: 127.64666221628838
branching on 3 with b.
3652   632    24         122.2595   127.6467   4.4064     % 
UB: 127.64666221628838
branching on 1 with b.
3653   633    25         122.2595   127.6467   4.4064     % 
LB close or above UB, fathomed
3654   632    25         122.2595   127.6467   4.4064     % 
LB close or above UB, fathomed
3655   631    24         122.2595   127.6467   4.4064     % 
UB: 127.64666221628838
branching on 1 with b.
3656   632    25         122.2595   127.6467   4.4064     % 
LB close or above UB, fathomed
3657   631    25         122.2595   127.6467   4.4064     % 
LB close or above UB, fathomed
3658   630    23         122.2595   127.6467   4.4064     % 
LB close or above UB, fathomed
3659   629    31         122.2595   127.6467   4.4064     % 
UB: 127.64666221628838
branching on 1 with b.
3660   630    32         122.2595   127.6467   4.4064     % 
UB: 127.64666221628838
branching on 2 with b.
3661   631    32         122.2595   127.6467   4.4064     % 
UB: 127.64666221628838
branching on 2 with b.
3662   632    33         122.2595   127.6467   4.4064     % 
LB close or above UB, fathomed
3663   631    33         122.2595   127.6467   4.4064     % 
LB close or above UB, fathomed
3664   630    31         122.2595   127.6467   4.4064     % 
LB close or above UB, fathomed
3665   629    21         122.2595   127.6467   4.4064     % 
UB: 127.64666221628838
branching on 3 with b.
3666   630    22         122.2595   127.6467   4.4064     % 
UB: 127.64666221628838
branching on 1 with b.
3667   631    23         122.2595   127.6467   4.4064     % 
LB close or above UB, fathomed
3668   630    23         122.2595   127.6467   4.4064     % 
LB close or above UB, fathomed
3669   629    22         122.2595   127.6467   4.4064     % 
UB: 127.64666221628838
branching on 1 with b.
3670   630    23         122.2595   127.6467   4.4064     % 
LB close or above UB, fathomed
3671   629    23         122.2595   127.6467   4.4064     % 
LB close or above UB, fathomed
3672   628    21         122.2595   127.6467   4.4064     % 
LB close or above UB, fathomed
3673   627    31         122.2595   127.6467   4.4064     % 
UB: 127.64666221628838
branching on 1 with b.
3674   628    31         122.2595   127.6467   4.4064     % 
UB: 127.64666221628838
branching on 1 with b.
3675   629    31         122.2595   127.6467   4.4064     % 
UB: 127.64666221628838
branching on 1 with b.
3676   630    31         122.2595   127.6467   4.4064     % 
UB: 127.64666221628838
branching on 1 with b.
3677   631    23         122.2595   127.6467   4.4064     % 
UB: 127.64666221628838
branching on 3 with b.
3678   632    24         122.2595   127.6467   4.4064     % 
UB: 127.64666221628838
branching on 1 with b.
3679   633    25         122.2595   127.6467   4.4064     % 
LB close or above UB, fathomed
3680   632    25         122.2595   127.6467   4.4064     % 
LB close or above UB, fathomed
3681   631    24         122.2595   127.6467   4.4064     % 
UB: 127.64666221628838
branching on 1 with b.
3682   632    25         122.2595   127.6467   4.4064     % 
LB close or above UB, fathomed
3683   631    25         122.2595   127.6467   4.4064     % 
LB close or above UB, fathomed
3684   630    23         122.2595   127.6467   4.4064     % 
LB close or above UB, fathomed
3685   629    23         122.2595   127.6467   4.4064     % 
UB: 127.64666221628838
branching on 3 with b.
3686   630    24         122.2595   127.6467   4.4064     % 
UB: 127.64666221628838
branching on 1 with b.
3687   631    25         122.2595   127.6467   4.4064     % 
LB close or above UB, fathomed
3688   630    25         122.2595   127.6467   4.4064     % 
LB close or above UB, fathomed
3689   629    24         122.2595   127.6467   4.4064     % 
UB: 127.64666221628838
branching on 1 with b.
3690   630    25         122.2595   127.6467   4.4064     % 
LB close or above UB, fathomed
3691   629    25         122.2595   127.6467   4.4064     % 
LB close or above UB, fathomed
3692   628    23         122.2595   127.6467   4.4064     % 
LB close or above UB, fathomed
3693   627    22         122.2595   127.6467   4.4064     % 
UB: 127.64666221628838
branching on 3 with b.
3694   628    23         122.2595   127.6467   4.4064     % 
UB: 127.64666221628838
branching on 1 with b.
3695   629    24         122.2595   127.6467   4.4064     % 
LB close or above UB, fathomed
3696   628    24         122.2595   127.6467   4.4064     % 
LB close or above UB, fathomed
3697   627    23         122.2595   127.6467   4.4064     % 
UB: 127.64666221628838
branching on 1 with b.
3698   628    24         122.2595   127.6467   4.4064     % 
LB close or above UB, fathomed
3699   627    24         122.2595   127.6467   4.4064     % 
LB close or above UB, fathomed
3700   626    22         122.2595   127.6467   4.4064     % 
LB close or above UB, fathomed
3701   625    22         122.2595   127.6467   4.4064     % 
UB: 127.64666221628838
branching on 3 with b.
3702   626    23         122.2595   127.6467   4.4064     % 
UB: 127.64666221628838
branching on 1 with b.
3703   627    24         122.2595   127.6467   4.4064     % 
LB close or above UB, fathomed
3704   626    24         122.2595   127.6467   4.4064     % 
LB close or above UB, fathomed
3705   625    23         122.2595   127.6467   4.4064     % 
UB: 127.64666221628838
branching on 1 with b.
3706   626    24         122.2595   127.6467   4.4064     % 
LB close or above UB, fathomed
3707   625    24         122.2595   127.6467   4.4064     % 
LB close or above UB, fathomed
3708   624    22         122.2595   127.6467   4.4064     % 
LB close or above UB, fathomed
3709   623    31         122.2595   127.6467   4.4064     % 
UB: 127.64666221628838
branching on 1 with b.
3710   624    32         122.2595   127.6467   4.4064     % 
UB: 127.64666221628838
branching on 2 with b.
3711   625    32         122.2595   127.6467   4.4064     % 
UB: 127.64666221628838
branching on 2 with b.
3712   626    33         122.2595   127.6467   4.4064     % 
LB close or above UB, fathomed
3713   625    33         122.2595   127.6467   4.4064     % 
LB close or above UB, fathomed
3714   624    31         122.2595   127.6467   4.4064     % 
LB close or above UB, fathomed
3715   623    31         122.2595   127.6467   4.4064     % 
UB: 127.64666221628838
branching on 1 with b.
3716   624    32         122.2595   127.6467   4.4064     % 
UB: 127.64666221628838
branching on 2 with b.
3717   625    33         122.2595   127.6467   4.4064     % 
LB close or above UB, fathomed
3718   624    33         122.2595   127.6467   4.4064     % 
LB close or above UB, fathomed
3719   623    32         122.2595   127.6467   4.4064     % 
UB: 127.64666221628838
branching on 2 with b.
3720   624    33         122.2595   127.6467   4.4064     % 
LB close or above UB, fathomed
3721   623    33         122.2595   127.6467   4.4064     % 
LB close or above UB, fathomed
3722   622    31         122.2595   127.6467   4.4064     % 
LB close or above UB, fathomed
3723   621    31         122.2595   127.6467   4.4064     % 
UB: 127.64666221628838
branching on 1 with b.
3724   622    31         122.2595   127.6467   4.4064     % 
UB: 127.64666221628838
branching on 1 with b.
3725   623    32         122.2595   127.6467   4.4064     % 
UB: 127.64666221628838
branching on 2 with b.
3726   624    33         122.2595   127.6467   4.4064     % 
LB close or above UB, fathomed
3727   623    33         122.2595   127.6467   4.4064     % 
LB close or above UB, fathomed
3728   622    32         122.2595   127.6467   4.4064     % 
UB: 127.64666221628838
branching on 2 with b.
3729   623    33         122.2595   127.6467   4.4064     % 
LB close or above UB, fathomed
3730   622    33         122.2595   127.6467   4.4064     % 
LB close or above UB, fathomed
3731   621    31         122.2595   127.6467   4.4064     % 
UB: 127.64666221628838
branching on 1 with b.
3732   622    32         122.2595   127.6467   4.4064     % 
UB: 127.64666221628838
branching on 2 with b.
3733   623    33         122.2595   127.6467   4.4064     % 
LB close or above UB, fathomed
3734   622    33         122.2595   127.6467   4.4064     % 
LB close or above UB, fathomed
3735   621    32         122.2595   127.6467   4.4064     % 
UB: 127.64666221628838
branching on 2 with b.
3736   622    33         122.2595   127.6467   4.4064     % 
LB close or above UB, fathomed
3737   621    33         122.2595   127.6467   4.4064     % 
LB close or above UB, fathomed
3738   620    31         122.2595   127.6467   4.4064     % 
LB close or above UB, fathomed
3739   619    29         122.2595   127.6467   4.4064     % 
LB close or above UB, fathomed
3740   618    29         122.2595   127.6467   4.4064     % 
LB close or above UB, fathomed
3741   617    21         122.2595   127.6467   4.4064     % 
UB: 127.64666221628838
branching on 3 with b.
3742   618    22         122.2595   127.6467   4.4064     % 
UB: 127.64666221628838
branching on 1 with b.
3743   619    23         122.2595   127.6467   4.4064     % 
UB: 127.64666221628838
branching on 2 with b.
3744   620    24         122.2595   127.6467   4.4064     % 
LB close or above UB, fathomed
3745   619    24         122.2595   127.6467   4.4064     % 
LB close or above UB, fathomed
3746   618    23         122.2595   127.6467   4.4064     % 
LB close or above UB, fathomed
3747   617    22         122.2595   127.6467   4.4064     % 
LB close or above UB, fathomed
3748   616    21         122.2595   127.6467   4.4064     % 
LB close or above UB, fathomed
3749   615    22         122.2595   127.6467   4.4064     % 
UB: 127.64666221628838
branching on 3 with b.
3750   616    23         122.2595   127.6467   4.4064     % 
UB: 127.64666221628838
branching on 1 with b.
3751   617    24         122.2595   127.6467   4.4064     % 
UB: 127.64666221628838
branching on 2 with b.
3752   618    24         122.2595   127.6467   4.4064     % 
LB close or above UB, fathomed
3753   617    23         122.2595   127.6467   4.4064     % 
LB close or above UB, fathomed
3754   616    22         122.2595   127.6467   4.4064     % 
LB close or above UB, fathomed
3755   615    21         122.2595   127.6467   4.4064     % 
UB: 127.64666221628838
branching on 3 with b.
3756   616    22         122.2595   127.6467   4.4064     % 
LB close or above UB, fathomed
3757   615    22         122.2595   127.6467   4.4064     % 
UB: 127.64666221628838
branching on 1 with b.
3758   616    23         122.2595   127.6467   4.4064     % 
LB close or above UB, fathomed
3759   615    23         122.2595   127.6467   4.4064     % 
LB close or above UB, fathomed
3760   614    21         122.2595   127.6467   4.4064     % 
LB close or above UB, fathomed
3761   613    23         122.2595   127.6467   4.4064     % 
UB: 127.64666221628838
branching on 3 with b.
3762   614    24         122.2595   127.6467   4.4064     % 
UB: 127.64666221628838
branching on 1 with b.
3763   615    25         122.2595   127.6467   4.4064     % 
LB close or above UB, fathomed
3764   614    25         122.2595   127.6467   4.4064     % 
LB close or above UB, fathomed
3765   613    24         122.2595   127.6467   4.4064     % 
UB: 127.64666221628838
branching on 1 with b.
3766   614    25         122.2595   127.6467   4.4064     % 
LB close or above UB, fathomed
3767   613    25         122.2595   127.6467   4.4064     % 
LB close or above UB, fathomed
3768   612    23         122.2595   127.6467   4.4064     % 
LB close or above UB, fathomed
3769   611    22         122.2595   127.6467   4.4064     % 
UB: 127.64666221628838
branching on 3 with b.
3770   612    23         122.2595   127.6467   4.4064     % 
UB: 127.64666221628838
branching on 1 with b.
3771   613    24         122.2595   127.6467   4.4064     % 
LB close or above UB, fathomed
3772   612    24         122.2595   127.6467   4.4064     % 
LB close or above UB, fathomed
3773   611    23         122.2595   127.6467   4.4064     % 
UB: 127.64666221628838
branching on 1 with b.
3774   612    24         122.2595   127.6467   4.4064     % 
LB close or above UB, fathomed
3775   611    24         122.2595   127.6467   4.4064     % 
LB close or above UB, fathomed
3776   610    22         122.2595   127.6467   4.4064     % 
LB close or above UB, fathomed
3777   609    21         122.2595   127.6467   4.4064     % 
LB close or above UB, fathomed
3778   608    21         122.2595   127.6467   4.4064     % 
UB: 127.64666221628838
branching on CartesianIndex(1, 7) with c.
3779   609    22         122.2595   127.6467   4.4064     % 
UB: 127.64666221628838
branching on 2 with b.
3780   610    23         122.2595   127.6467   4.4064     % 
UB: 127.64666221628838
branching on 3 with b.
3781   611    24         122.2595   127.6467   4.4064     % 
UB: 127.64666221628838
branching on 1 with b.
3782   612    25         122.2595   127.6467   4.4064     % 
LB close or above UB, fathomed
3783   611    25         122.2595   127.6467   4.4064     % 
LB close or above UB, fathomed
3784   610    24         122.2595   127.6467   4.4064     % 
UB: 127.64666221628838
branching on 1 with b.
3785   611    25         122.2595   127.6467   4.4064     % 
LB close or above UB, fathomed
3786   610    25         122.2595   127.6467   4.4064     % 
LB close or above UB, fathomed
3787   609    23         122.2595   127.6467   4.4064     % 
LB close or above UB, fathomed
3788   608    22         122.2595   127.6467   4.4064     % 
UB: 127.64666221628838
branching on 2 with b.
3789   609    23         122.2595   127.6467   4.4064     % 
UB: 127.64666221628838
branching on 3 with b.
3790   610    24         122.2595   127.6467   4.4064     % 
UB: 127.64666221628838
branching on 1 with b.
3791   611    25         122.2595   127.6467   4.4064     % 
LB close or above UB, fathomed
3792   610    25         122.2595   127.6467   4.4064     % 
LB close or above UB, fathomed
3793   609    24         122.2595   127.6467   4.4064     % 
UB: 127.64666221628838
branching on 1 with b.
3794   610    25         122.2595   127.6467   4.4064     % 
LB close or above UB, fathomed
3795   609    25         122.2595   127.6467   4.4064     % 
LB close or above UB, fathomed
3796   608    23         122.2595   127.6467   4.4064     % 
LB close or above UB, fathomed
3797   607    23         122.2595   127.6467   4.4064     % 
UB: 127.64666221628838
branching on 3 with b.
3798   608    24         122.2595   127.6467   4.4064     % 
UB: 127.64666221628838
branching on 1 with b.
3799   609    25         122.2595   127.6467   4.4064     % 
LB close or above UB, fathomed
3800   608    25         122.2595   127.6467   4.4064     % 
LB close or above UB, fathomed
3801   607    24         122.2595   127.6467   4.4064     % 
LB close or above UB, fathomed
3802   606    23         122.2595   127.6467   4.4064     % 
LB close or above UB, fathomed
3803   605    19         124.0052   127.6467   2.9365     % 
LB close or above UB, fathomed
3804   604    19         124.0052   127.6467   2.9365     % 
LB close or above UB, fathomed
3805   603    26         124.0471   127.6467   2.9018     % 
LB close or above UB, fathomed
3806   602    26         124.0471   127.6467   2.9018     % 
UB: 127.64666221628838
branching on 2 with b.
3807   603    27         124.0552   127.6467   2.8950     % 
UB: 127.64666221628838
branching on 1 with b.
3808   604    28         124.0552   127.6467   2.8950     % 
LB close or above UB, fathomed
3809   603    28         124.0552   127.6467   2.8950     % 
LB close or above UB, fathomed
3810   602    27         124.0552   127.6467   2.8950     % 
LB close or above UB, fathomed
3811   601    27         124.0552   127.6467   2.8950     % 
LB close or above UB, fathomed
3812   600    27         124.0552   127.6467   2.8950     % 
UB: 127.64666221628838
branching on 3 with b.
3813   601    32         124.0552   127.6467   2.8950     % 
UB: 127.64666221628838
branching on 2 with b.
3814   602    33         124.0552   127.6467   2.8950     % 
LB close or above UB, fathomed
3815   601    33         124.0552   127.6467   2.8950     % 
LB close or above UB, fathomed
3816   600    32         124.0552   127.6467   2.8950     % 
UB: 127.64666221628838
branching on 2 with b.
3817   601    32         124.0552   127.6467   2.8950     % 
UB: 127.64666221628838
branching on 2 with b.
3818   602    32         124.0552   127.6467   2.8950     % 
UB: 127.64666221628838
branching on 2 with b.
3819   603    27         124.0552   127.6467   2.8950     % 
LB close or above UB, fathomed
3820   602    27         124.0552   127.6467   2.8950     % 
LB close or above UB, fathomed
3821   601    30         124.0552   127.6467   2.8950     % 
LB close or above UB, fathomed
3822   600    30         124.0552   127.6467   2.8950     % 
LB close or above UB, fathomed
3823   599    29         124.0552   127.6467   2.8950     % 
LB close or above UB, fathomed
3824   598    29         124.0552   127.6467   2.8950     % 
UB: 127.64666221628838
branching on 2 with b.
3825   599    30         124.0552   127.6467   2.8950     % 
LB close or above UB, fathomed
3826   598    30         124.0552   127.6467   2.8950     % 
LB close or above UB, fathomed
3827   597    26         124.0552   127.6467   2.8950     % 
LB close or above UB, fathomed
3828   596    26         124.0552   127.6467   2.8950     % 
LB close or above UB, fathomed
3829   595    27         124.0552   127.6467   2.8950     % 
LB close or above UB, fathomed
3830   594    27         124.0552   127.6467   2.8950     % 
LB close or above UB, fathomed
3831   593    22         124.0552   127.6467   2.8950     % 
UB: 127.64666221628838
branching on 3 with b.
3832   594    23         124.0552   127.6467   2.8950     % 
UB: 127.64666221628838
branching on 1 with b.
3833   595    24         124.0552   127.6467   2.8950     % 
LB close or above UB, fathomed
3834   594    24         124.0552   127.6467   2.8950     % 
UB: 127.64666221628838
branching on 2 with b.
3835   595    23         124.0552   127.6467   2.8950     % 
LB close or above UB, fathomed
3836   594    22         124.0552   127.6467   2.8950     % 
LB close or above UB, fathomed
3837   593    25         124.0552   127.6467   2.8950     % 
LB close or above UB, fathomed
3838   592    25         124.0552   127.6467   2.8950     % 
LB close or above UB, fathomed
3839   591    31         124.0552   127.6467   2.8950     % 
UB: 127.64666221628838
branching on 1 with b.
3840   592    32         124.0552   127.6467   2.8950     % 
UB: 127.64666221628838
branching on 2 with b.
3841   593    33         124.0552   127.6467   2.8950     % 
LB close or above UB, fathomed
3842   592    33         124.0552   127.6467   2.8950     % 
LB close or above UB, fathomed
3843   591    32         124.0552   127.6467   2.8950     % 
UB: 127.64666221628838
branching on 2 with b.
3844   592    31         124.0552   127.6467   2.8950     % 
UB: 127.64666221628838
branching on 1 with b.
3845   593    32         124.0552   127.6467   2.8950     % 
UB: 127.64666221628838
branching on 2 with b.
3846   594    33         124.0552   127.6467   2.8950     % 
LB close or above UB, fathomed
3847   593    33         124.0552   127.6467   2.8950     % 
LB close or above UB, fathomed
3848   592    32         124.0552   127.6467   2.8950     % 
UB: 127.64666221628838
branching on 2 with b.
3849   593    31         124.0552   127.6467   2.8950     % 
UB: 127.64666221628838
branching on 1 with b.
3850   594    32         124.0552   127.6467   2.8950     % 
UB: 127.64666221628838
branching on 2 with b.
3851   595    33         124.0552   127.6467   2.8950     % 
LB close or above UB, fathomed
3852   594    33         124.0552   127.6467   2.8950     % 
LB close or above UB, fathomed
3853   593    32         124.0552   127.6467   2.8950     % 
UB: 127.64666221628838
branching on 2 with b.
3854   594    31         124.0552   127.6467   2.8950     % 
UB: 127.64666221628838
branching on 1 with b.
3855   595    32         124.0552   127.6467   2.8950     % 
UB: 127.64666221628838
branching on 2 with b.
3856   596    33         124.0552   127.6467   2.8950     % 
LB close or above UB, fathomed
3857   595    33         124.0552   127.6467   2.8950     % 
LB close or above UB, fathomed
3858   594    32         124.0552   127.6467   2.8950     % 
UB: 127.64666221628838
branching on 2 with b.
3859   595    31         124.0552   127.6467   2.8950     % 
UB: 127.64666221628838
branching on 1 with b.
3860   596    32         124.0552   127.6467   2.8950     % 
UB: 127.64666221628838
branching on 2 with b.
3861   597    33         124.0552   127.6467   2.8950     % 
LB close or above UB, fathomed
3862   596    33         124.0552   127.6467   2.8950     % 
LB close or above UB, fathomed
3863   595    32         124.0552   127.6467   2.8950     % 
UB: 127.64666221628838
branching on 2 with b.
3864   596    31         124.0552   127.6467   2.8950     % 
UB: 127.64666221628838
branching on 1 with b.
3865   597    32         124.0552   127.6467   2.8950     % 
UB: 127.64666221628838
branching on 2 with b.
3866   598    33         124.0552   127.6467   2.8950     % 
LB close or above UB, fathomed
3867   597    33         124.0552   127.6467   2.8950     % 
LB close or above UB, fathomed
3868   596    32         124.0552   127.6467   2.8950     % 
UB: 127.64666221628838
branching on 2 with b.
3869   597    32         124.0552   127.6467   2.8950     % 
UB: 127.64666221628838
branching on 2 with b.
3870   598    33         124.0552   127.6467   2.8950     % 
LB close or above UB, fathomed
3871   597    33         124.0552   127.6467   2.8950     % 
LB close or above UB, fathomed
3872   596    32         124.0552   127.6467   2.8950     % 
UB: 127.64666221628838
branching on 2 with b.
3873   597    32         124.0552   127.6467   2.8950     % 
LB close or above UB, fathomed
3874   596    32         124.0552   127.6467   2.8950     % 
UB: 127.64666221628838
branching on 2 with b.
3875   597    33         124.0552   127.6467   2.8950     % 
LB close or above UB, fathomed
3876   596    33         124.0552   127.6467   2.8950     % 
LB close or above UB, fathomed
3877   595    32         124.0552   127.6467   2.8950     % 
UB: 127.64666221628838
branching on 2 with b.
3878   596    33         124.0552   127.6467   2.8950     % 
LB close or above UB, fathomed
3879   595    33         124.0552   127.6467   2.8950     % 
LB close or above UB, fathomed
3880   594    32         124.0552   127.6467   2.8950     % 
UB: 127.64666221628838
branching on 2 with b.
3881   595    33         124.0552   127.6467   2.8950     % 
LB close or above UB, fathomed
3882   594    33         124.0552   127.6467   2.8950     % 
LB close or above UB, fathomed
3883   593    33         124.0552   127.6467   2.8950     % 
LB close or above UB, fathomed
3884   592    33         124.0552   127.6467   2.8950     % 
LB close or above UB, fathomed
3885   591    32         124.0552   127.6467   2.8950     % 
UB: 127.64666221628838
branching on 2 with b.
3886   592    33         124.0552   127.6467   2.8950     % 
LB close or above UB, fathomed
3887   591    33         124.0552   127.6467   2.8950     % 
LB close or above UB, fathomed
3888   590    32         124.0552   127.6467   2.8950     % 
UB: 127.64666221628838
branching on 2 with b.
3889   591    32         124.0552   127.6467   2.8950     % 
LB close or above UB, fathomed
3890   590    32         124.0552   127.6467   2.8950     % 
UB: 127.64666221628838
branching on 2 with b.
3891   591    33         124.0552   127.6467   2.8950     % 
LB close or above UB, fathomed
3892   590    33         124.0552   127.6467   2.8950     % 
LB close or above UB, fathomed
3893   589    33         124.0552   127.6467   2.8950     % 
LB close or above UB, fathomed
3894   588    33         124.0552   127.6467   2.8950     % 
LB close or above UB, fathomed
3895   587    30         124.0552   127.6467   2.8950     % 
LB close or above UB, fathomed
3896   586    30         124.0552   127.6467   2.8950     % 
LB close or above UB, fathomed
3897   585    30         124.0552   127.6467   2.8950     % 
LB close or above UB, fathomed
3898   584    30         124.0552   127.6467   2.8950     % 
LB close or above UB, fathomed
3899   583    33         124.0552   127.6467   2.8950     % 
LB close or above UB, fathomed
3900   582    33         124.0552   127.6467   2.8950     % 
LB close or above UB, fathomed
3901   581    33         124.0552   127.6467   2.8950     % 
LB close or above UB, fathomed
3902   580    33         124.0552   127.6467   2.8950     % 
LB close or above UB, fathomed
3903   579    33         124.0552   127.6467   2.8950     % 
LB close or above UB, fathomed
3904   578    33         124.0552   127.6467   2.8950     % 
LB close or above UB, fathomed
3905   577    33         124.0552   127.6467   2.8950     % 
LB close or above UB, fathomed
3906   576    33         124.0552   127.6467   2.8950     % 
LB close or above UB, fathomed
3907   575    33         124.0552   127.6467   2.8950     % 
LB close or above UB, fathomed
3908   574    33         124.0552   127.6467   2.8950     % 
LB close or above UB, fathomed
3909   573    32         124.0552   127.6467   2.8950     % 
LB close or above UB, fathomed
3910   572    32         124.0552   127.6467   2.8950     % 
UB: 127.64666221628838
branching on 2 with b.
3911   573    33         124.0552   127.6467   2.8950     % 
LB close or above UB, fathomed
3912   572    33         124.0552   127.6467   2.8950     % 
LB close or above UB, fathomed
3913   571    33         124.0552   127.6467   2.8950     % 
LB close or above UB, fathomed
3914   570    33         124.0552   127.6467   2.8950     % 
LB close or above UB, fathomed
3915   569    32         124.0552   127.6467   2.8950     % 
LB close or above UB, fathomed
3916   568    32         124.0552   127.6467   2.8950     % 
UB: 127.64666221628838
branching on 2 with b.
3917   569    33         124.0552   127.6467   2.8950     % 
LB close or above UB, fathomed
3918   568    33         124.0552   127.6467   2.8950     % 
LB close or above UB, fathomed
3919   567    33         124.0552   127.6467   2.8950     % 
LB close or above UB, fathomed
3920   566    33         124.0552   127.6467   2.8950     % 
LB close or above UB, fathomed
3921   565    33         124.0552   127.6467   2.8950     % 
LB close or above UB, fathomed
3922   564    33         124.0552   127.6467   2.8950     % 
LB close or above UB, fathomed
3923   563    32         124.0552   127.6467   2.8950     % 
UB: 127.64666221628838
branching on 2 with b.
3924   564    33         124.0552   127.6467   2.8950     % 
LB close or above UB, fathomed
3925   563    33         124.0552   127.6467   2.8950     % 
LB close or above UB, fathomed
3926   562    32         124.0552   127.6467   2.8950     % 
UB: 127.64666221628838
branching on 2 with b.
3927   563    33         124.0552   127.6467   2.8950     % 
LB close or above UB, fathomed
3928   562    33         124.0552   127.6467   2.8950     % 
LB close or above UB, fathomed
3929   561    32         124.0552   127.6467   2.8950     % 
UB: 127.64666221628838
branching on 2 with b.
3930   562    33         124.0552   127.6467   2.8950     % 
LB close or above UB, fathomed
3931   561    33         124.0552   127.6467   2.8950     % 
LB close or above UB, fathomed
3932   560    32         124.0552   127.6467   2.8950     % 
UB: 127.64666221628838
branching on 2 with b.
3933   561    33         124.0552   127.6467   2.8950     % 
LB close or above UB, fathomed
3934   560    33         124.0552   127.6467   2.8950     % 
LB close or above UB, fathomed
3935   559    33         124.0552   127.6467   2.8950     % 
LB close or above UB, fathomed
3936   558    33         124.0552   127.6467   2.8950     % 
LB close or above UB, fathomed
3937   557    33         124.0552   127.6467   2.8950     % 
LB close or above UB, fathomed
3938   556    33         124.0552   127.6467   2.8950     % 
LB close or above UB, fathomed
3939   555    33         124.0552   127.6467   2.8950     % 
LB close or above UB, fathomed
3940   554    33         124.0552   127.6467   2.8950     % 
LB close or above UB, fathomed
3941   553    33         124.0552   127.6467   2.8950     % 
LB close or above UB, fathomed
3942   552    33         124.0552   127.6467   2.8950     % 
LB close or above UB, fathomed
3943   551    33         124.0552   127.6467   2.8950     % 
LB close or above UB, fathomed
3944   550    33         124.0552   127.6467   2.8950     % 
LB close or above UB, fathomed
3945   549    30         124.0552   127.6467   2.8950     % 
LB close or above UB, fathomed
3946   548    30         124.0552   127.6467   2.8950     % 
LB close or above UB, fathomed
3947   547    30         124.0552   127.6467   2.8950     % 
LB close or above UB, fathomed
3948   546    30         124.0552   127.6467   2.8950     % 
LB close or above UB, fathomed
3949   545    30         124.0552   127.6467   2.8950     % 
LB close or above UB, fathomed
3950   544    30         124.0552   127.6467   2.8950     % 
LB close or above UB, fathomed
3951   543    29         124.0552   127.6467   2.8950     % 
UB: 127.64666221628838
branching on 2 with b.
3952   544    30         124.0552   127.6467   2.8950     % 
LB close or above UB, fathomed
3953   543    30         124.0552   127.6467   2.8950     % 
LB close or above UB, fathomed
3954   542    29         124.0552   127.6467   2.8950     % 
UB: 127.64666221628838
branching on 2 with b.
3955   543    30         124.0552   127.6467   2.8950     % 
LB close or above UB, fathomed
3956   542    30         124.0552   127.6467   2.8950     % 
LB close or above UB, fathomed
3957   541    33         124.0552   127.6467   2.8950     % 
LB close or above UB, fathomed
3958   540    33         124.0552   127.6467   2.8950     % 
LB close or above UB, fathomed
3959   539    31         124.0552   127.6467   2.8950     % 
LB close or above UB, fathomed
3960   538    31         124.0552   127.6467   2.8950     % 
LB close or above UB, fathomed
3961   537    24         124.0552   127.6467   2.8950     % 
UB: 127.64666221628838
branching on 1 with b.
3962   538    24         124.0552   127.6467   2.8950     % 
LB close or above UB, fathomed
3963   537    26         124.0552   127.6467   2.8950     % 
LB close or above UB, fathomed
3964   536    26         124.0552   127.6467   2.8950     % 
UB: 127.64666221628838
branching on 2 with b.
3965   537    27         124.0552   127.6467   2.8950     % 
LB close or above UB, fathomed
3966   536    27         124.0552   127.6467   2.8950     % 
UB: 127.64666221628838
branching on 3 with b.
3967   537    25         124.0552   127.6467   2.8950     % 
LB close or above UB, fathomed
3968   536    25         124.0552   127.6467   2.8950     % 
LB close or above UB, fathomed
3969   535    24         124.0552   127.6467   2.8950     % 
LB close or above UB, fathomed
3970   534    24         124.0552   127.6467   2.8950     % 
LB close or above UB, fathomed
3971   533    26         124.0552   127.6467   2.8950     % 
LB close or above UB, fathomed
3972   532    26         124.0552   127.6467   2.8950     % 
LB close or above UB, fathomed
3973   531    26         124.0552   127.6467   2.8950     % 
LB close or above UB, fathomed
3974   530    26         124.0552   127.6467   2.8950     % 
LB close or above UB, fathomed
3975   529    23         124.0552   127.6467   2.8950     % 
UB: 127.64666221628838
branching on 3 with b.
3976   530    23         124.0552   127.6467   2.8950     % 
LB close or above UB, fathomed
3977   529    30         124.0552   127.6467   2.8950     % 
LB close or above UB, fathomed
3978   528    30         124.0552   127.6467   2.8950     % 
LB close or above UB, fathomed
3979   527    29         124.0552   127.6467   2.8950     % 
UB: 127.64666221628838
branching on 2 with b.
3980   528    30         124.0552   127.6467   2.8950     % 
LB close or above UB, fathomed
3981   527    30         124.0552   127.6467   2.8950     % 
LB close or above UB, fathomed
3982   526    29         124.0552   127.6467   2.8950     % 
LB close or above UB, fathomed
3983   525    33         124.0552   127.6467   2.8950     % 
LB close or above UB, fathomed
3984   524    33         124.0552   127.6467   2.8950     % 
LB close or above UB, fathomed
3985   523    25         124.0552   127.6467   2.8950     % 
LB close or above UB, fathomed
3986   522    25         124.0552   127.6467   2.8950     % 
LB close or above UB, fathomed
3987   521    24         124.0552   127.6467   2.8950     % 
LB close or above UB, fathomed
3988   520    24         124.0552   127.6467   2.8950     % 
LB close or above UB, fathomed
3989   519    25         124.0552   127.6467   2.8950     % 
LB close or above UB, fathomed
3990   518    25         124.0552   127.6467   2.8950     % 
LB close or above UB, fathomed
3991   517    24         124.0552   127.6467   2.8950     % 
LB close or above UB, fathomed
3992   516    24         124.0552   127.6467   2.8950     % 
LB close or above UB, fathomed
3993   515    24         124.0552   127.6467   2.8950     % 
LB close or above UB, fathomed
3994   514    24         124.0552   127.6467   2.8950     % 
LB close or above UB, fathomed
3995   513    24         124.0552   127.6467   2.8950     % 
LB close or above UB, fathomed
3996   512    24         124.0552   127.6467   2.8950     % 
LB close or above UB, fathomed
3997   511    26         124.0552   127.6467   2.8950     % 
LB close or above UB, fathomed
3998   510    26         124.0552   127.6467   2.8950     % 
LB close or above UB, fathomed
3999   509    26         124.0552   127.6467   2.8950     % 
LB close or above UB, fathomed
4000   508    26         124.0552   127.6467   2.8950     % 
LB close or above UB, fathomed
4001   507    25         124.0552   127.6467   2.8950     % 
LB close or above UB, fathomed
4002   506    25         124.0552   127.6467   2.8950     % 
LB close or above UB, fathomed
4003   505    25         124.0552   127.6467   2.8950     % 
LB close or above UB, fathomed
4004   504    25         124.0552   127.6467   2.8950     % 
LB close or above UB, fathomed
4005   503    29         124.0552   127.6467   2.8950     % 
LB close or above UB, fathomed
4006   502    29         124.0552   127.6467   2.8950     % 
UB: 127.64666221628838
branching on 2 with b.
4007   503    30         124.0552   127.6467   2.8950     % 
LB close or above UB, fathomed
4008   502    30         124.0552   127.6467   2.8950     % 
LB close or above UB, fathomed
4009   501    28         124.0552   127.6467   2.8950     % 
LB close or above UB, fathomed
4010   500    28         124.0552   127.6467   2.8950     % 
UB: 127.64666221628838
branching on 1 with b.
4011   501    29         124.0552   127.6467   2.8950     % 
UB: 127.64666221628838
branching on 2 with b.
4012   502    29         124.0552   127.6467   2.8950     % 
UB: 127.64666221628838
branching on 2 with b.
4013   503    33         124.0552   127.6467   2.8950     % 
LB close or above UB, fathomed
4014   502    33         124.0552   127.6467   2.8950     % 
LB close or above UB, fathomed
4015   501    33         124.0552   127.6467   2.8950     % 
LB close or above UB, fathomed
4016   500    33         124.0552   127.6467   2.8950     % 
LB close or above UB, fathomed
4017   499    26         124.0552   127.6467   2.8950     % 
LB close or above UB, fathomed
4018   498    26         124.0552   127.6467   2.8950     % 
LB close or above UB, fathomed
4019   497    26         124.0552   127.6467   2.8950     % 
LB close or above UB, fathomed
4020   496    26         124.0552   127.6467   2.8950     % 
LB close or above UB, fathomed
4021   495    26         124.0552   127.6467   2.8950     % 
LB close or above UB, fathomed
4022   494    26         124.0552   127.6467   2.8950     % 
LB close or above UB, fathomed
4023   493    26         124.0552   127.6467   2.8950     % 
LB close or above UB, fathomed
4024   492    26         124.0552   127.6467   2.8950     % 
LB close or above UB, fathomed
4025   491    25         124.0552   127.6467   2.8950     % 
LB close or above UB, fathomed
4026   490    25         124.0552   127.6467   2.8950     % 
LB close or above UB, fathomed
4027   489    26         124.0552   127.6467   2.8950     % 
LB close or above UB, fathomed
4028   488    26         124.0552   127.6467   2.8950     % 
LB close or above UB, fathomed
4029   487    26         124.0552   127.6467   2.8950     % 
LB close or above UB, fathomed
4030   486    26         124.0552   127.6467   2.8950     % 
LB close or above UB, fathomed
4031   485    26         124.0552   127.6467   2.8950     % 
LB close or above UB, fathomed
4032   484    26         124.0552   127.6467   2.8950     % 
LB close or above UB, fathomed
4033   483    26         124.0552   127.6467   2.8950     % 
LB close or above UB, fathomed
4034   482    26         124.0552   127.6467   2.8950     % 
LB close or above UB, fathomed
4035   481    24         124.0552   127.6467   2.8950     % 
LB close or above UB, fathomed
4036   480    24         124.0552   127.6467   2.8950     % 
LB close or above UB, fathomed
4037   479    24         124.0552   127.6467   2.8950     % 
LB close or above UB, fathomed
4038   478    24         124.0552   127.6467   2.8950     % 
LB close or above UB, fathomed
4039   477    24         124.0552   127.6467   2.8950     % 
LB close or above UB, fathomed
4040   476    24         124.0552   127.6467   2.8950     % 
LB close or above UB, fathomed
4041   475    24         124.0552   127.6467   2.8950     % 
LB close or above UB, fathomed
4042   474    24         124.0552   127.6467   2.8950     % 
LB close or above UB, fathomed
4043   473    26         124.0552   127.6467   2.8950     % 
LB close or above UB, fathomed
4044   472    26         124.0552   127.6467   2.8950     % 
LB close or above UB, fathomed
4045   471    26         124.0552   127.6467   2.8950     % 
LB close or above UB, fathomed
4046   470    26         124.0552   127.6467   2.8950     % 
LB close or above UB, fathomed
4047   469    26         124.0552   127.6467   2.8950     % 
LB close or above UB, fathomed
4048   468    26         124.0552   127.6467   2.8950     % 
LB close or above UB, fathomed
4049   467    26         124.0552   127.6467   2.8950     % 
LB close or above UB, fathomed
4050   466    26         124.0552   127.6467   2.8950     % 
LB close or above UB, fathomed
4051   465    25         124.0552   127.6467   2.8950     % 
LB close or above UB, fathomed
4052   464    25         124.0552   127.6467   2.8950     % 
LB close or above UB, fathomed
4053   463    25         124.0552   127.6467   2.8950     % 
LB close or above UB, fathomed
4054   462    25         124.0552   127.6467   2.8950     % 
LB close or above UB, fathomed
4055   461    25         124.0552   127.6467   2.8950     % 
LB close or above UB, fathomed
4056   460    25         124.0552   127.6467   2.8950     % 
LB close or above UB, fathomed
4057   459    25         124.0552   127.6467   2.8950     % 
LB close or above UB, fathomed
4058   458    25         124.0552   127.6467   2.8950     % 
LB close or above UB, fathomed
4059   457    28         124.0552   127.6467   2.8950     % 
UB: 127.64666221628838
branching on 1 with b.
4060   458    29         124.0552   127.6467   2.8950     % 
UB: 127.64666221628838
branching on 2 with b.
4061   459    30         124.0552   127.6467   2.8950     % 
LB close or above UB, fathomed
4062   458    30         124.0552   127.6467   2.8950     % 
LB close or above UB, fathomed
4063   457    29         124.0552   127.6467   2.8950     % 
UB: 127.64666221628838
branching on 2 with b.
4064   458    28         124.0552   127.6467   2.8950     % 
UB: 127.64666221628838
branching on 1 with b.
4065   459    29         124.0552   127.6467   2.8950     % 
UB: 127.64666221628838
branching on 2 with b.
4066   460    30         124.0552   127.6467   2.8950     % 
LB close or above UB, fathomed
4067   459    30         124.0552   127.6467   2.8950     % 
LB close or above UB, fathomed
4068   458    29         124.0552   127.6467   2.8950     % 
UB: 127.64666221628838
branching on 2 with b.
4069   459    26         124.0552   127.6467   2.8950     % 
LB close or above UB, fathomed
4070   458    26         124.0552   127.6467   2.8950     % 
LB close or above UB, fathomed
4071   457    28         124.0552   127.6467   2.8950     % 
UB: 127.64666221628838
branching on 1 with b.
4072   458    29         124.0552   127.6467   2.8950     % 
UB: 127.64666221628838
branching on 2 with b.
4073   459    30         124.0552   127.6467   2.8950     % 
LB close or above UB, fathomed
4074   458    30         124.0552   127.6467   2.8950     % 
LB close or above UB, fathomed
4075   457    29         124.0552   127.6467   2.8950     % 
LB close or above UB, fathomed
4076   456    28         124.0552   127.6467   2.8950     % 
UB: 127.64666221628838
branching on 1 with b.
4077   457    29         124.0552   127.6467   2.8950     % 
UB: 127.64666221628838
branching on 2 with b.
4078   458    30         124.0552   127.6467   2.8950     % 
LB close or above UB, fathomed
4079   457    30         124.0552   127.6467   2.8950     % 
LB close or above UB, fathomed
4080   456    29         124.0552   127.6467   2.8950     % 
LB close or above UB, fathomed
4081   455    28         124.0552   127.6467   2.8950     % 
UB: 127.64666221628838
branching on 1 with b.
4082   456    29         124.0552   127.6467   2.8950     % 
UB: 127.64666221628838
branching on 2 with b.
4083   457    30         124.0552   127.6467   2.8950     % 
LB close or above UB, fathomed
4084   456    30         124.0552   127.6467   2.8950     % 
LB close or above UB, fathomed
4085   455    29         124.0552   127.6467   2.8950     % 
LB close or above UB, fathomed
4086   454    28         124.0552   127.6467   2.8950     % 
UB: 127.64666221628838
branching on 1 with b.
4087   455    26         124.0552   127.6467   2.8950     % 
LB close or above UB, fathomed
4088   454    26         124.0552   127.6467   2.8950     % 
LB close or above UB, fathomed
4089   453    26         124.0552   127.6467   2.8950     % 
LB close or above UB, fathomed
4090   452    26         124.0552   127.6467   2.8950     % 
LB close or above UB, fathomed
4091   451    26         124.0552   127.6467   2.8950     % 
LB close or above UB, fathomed
4092   450    26         124.0552   127.6467   2.8950     % 
LB close or above UB, fathomed
4093   449    27         124.0552   127.6467   2.8950     % 
LB close or above UB, fathomed
4094   448    27         124.0552   127.6467   2.8950     % 
LB close or above UB, fathomed
4095   447    25         124.0552   127.6467   2.8950     % 
LB close or above UB, fathomed
4096   446    25         124.0552   127.6467   2.8950     % 
UB: 127.64666221628838
branching on 2 with b.
4097   447    26         124.0552   127.6467   2.8950     % 
LB close or above UB, fathomed
4098   446    26         124.0552   127.6467   2.8950     % 
LB close or above UB, fathomed
4099   445    30         124.0552   127.6467   2.8950     % 
LB close or above UB, fathomed
4100   444    30         124.0552   127.6467   2.8950     % 
LB close or above UB, fathomed
4101   443    31         124.0552   127.6467   2.8950     % 
LB close or above UB, fathomed
4102   442    31         124.0552   127.6467   2.8950     % 
LB close or above UB, fathomed
4103   441    30         124.0552   127.6467   2.8950     % 
LB close or above UB, fathomed
4104   440    30         124.0552   127.6467   2.8950     % 
LB close or above UB, fathomed
4105   439    27         124.0552   127.6467   2.8950     % 
LB close or above UB, fathomed
4106   438    27         124.0552   127.6467   2.8950     % 
LB close or above UB, fathomed
4107   437    27         124.0552   127.6467   2.8950     % 
LB close or above UB, fathomed
4108   436    27         124.0552   127.6467   2.8950     % 
LB close or above UB, fathomed
4109   435    30         124.0552   127.6467   2.8950     % 
LB close or above UB, fathomed
4110   434    30         124.0552   127.6467   2.8950     % 
LB close or above UB, fathomed
4111   433    25         124.0552   127.6467   2.8950     % 
LB close or above UB, fathomed
4112   432    25         124.0552   127.6467   2.8950     % 
LB close or above UB, fathomed
4113   431    30         124.0552   127.6467   2.8950     % 
LB close or above UB, fathomed
4114   430    30         124.0552   127.6467   2.8950     % 
LB close or above UB, fathomed
4115   429    31         124.0552   127.6467   2.8950     % 
UB: 127.64666221628838
branching on 1 with b.
4116   430    32         124.0552   127.6467   2.8950     % 
UB: 127.64666221628838
branching on 2 with b.
4117   431    33         124.0552   127.6467   2.8950     % 
LB close or above UB, fathomed
4118   430    33         124.0552   127.6467   2.8950     % 
LB close or above UB, fathomed
4119   429    32         124.0552   127.6467   2.8950     % 
UB: 127.64666221628838
branching on 2 with b.
4120   430    31         124.0552   127.6467   2.8950     % 
UB: 127.64666221628838
branching on 1 with b.
4121   431    32         124.0552   127.6467   2.8950     % 
UB: 127.64666221628838
branching on 2 with b.
4122   432    33         124.0552   127.6467   2.8950     % 
LB close or above UB, fathomed
4123   431    33         124.0552   127.6467   2.8950     % 
LB close or above UB, fathomed
4124   430    32         124.0552   127.6467   2.8950     % 
UB: 127.64666221628838
branching on 2 with b.
4125   431    31         124.0552   127.6467   2.8950     % 
UB: 127.64666221628838
branching on 1 with b.
4126   432    31         124.0552   127.6467   2.8950     % 
UB: 127.64666221628838
branching on 1 with b.
4127   433    31         124.0552   127.6467   2.8950     % 
UB: 127.64666221628838
branching on 1 with b.
4128   434    32         124.0552   127.6467   2.8950     % 
UB: 127.64666221628838
branching on 2 with b.
4129   435    33         124.0552   127.6467   2.8950     % 
LB close or above UB, fathomed
4130   434    33         124.0552   127.6467   2.8950     % 
LB close or above UB, fathomed
4131   433    32         124.0552   127.6467   2.8950     % 
UB: 127.64666221628838
branching on 2 with b.
4132   434    31         124.0552   127.6467   2.8950     % 
UB: 127.64666221628838
branching on 1 with b.
4133   435    32         124.0552   127.6467   2.8950     % 
UB: 127.64666221628838
branching on 2 with b.
4134   436    33         124.0552   127.6467   2.8950     % 
LB close or above UB, fathomed
4135   435    33         124.0552   127.6467   2.8950     % 
LB close or above UB, fathomed
4136   434    32         124.0552   127.6467   2.8950     % 
UB: 127.64666221628838
branching on 2 with b.
4137   435    31         124.0552   127.6467   2.8950     % 
UB: 127.64666221628838
branching on 1 with b.
4138   436    32         124.0552   127.6467   2.8950     % 
UB: 127.64666221628838
branching on 2 with b.
4139   437    33         124.0552   127.6467   2.8950     % 
LB close or above UB, fathomed
4140   436    33         124.0552   127.6467   2.8950     % 
LB close or above UB, fathomed
4141   435    32         124.0552   127.6467   2.8950     % 
UB: 127.64666221628838
branching on 2 with b.
4142   436    31         124.0552   127.6467   2.8950     % 
UB: 127.64666221628838
branching on 1 with b.
4143   437    32         124.0552   127.6467   2.8950     % 
UB: 127.64666221628838
branching on 2 with b.
4144   438    33         124.0552   127.6467   2.8950     % 
LB close or above UB, fathomed
4145   437    33         124.0552   127.6467   2.8950     % 
LB close or above UB, fathomed
4146   436    32         124.0552   127.6467   2.8950     % 
UB: 127.64666221628838
branching on 2 with b.
4147   437    31         124.0552   127.6467   2.8950     % 
LB close or above UB, fathomed
4148   436    31         124.0552   127.6467   2.8950     % 
UB: 127.64666221628838
branching on 1 with b.
4149   437    32         124.0552   127.6467   2.8950     % 
LB close or above UB, fathomed
4150   436    32         124.0552   127.6467   2.8950     % 
UB: 127.64666221628838
branching on 2 with b.
4151   437    33         124.0552   127.6467   2.8950     % 
LB close or above UB, fathomed
4152   436    33         124.0552   127.6467   2.8950     % 
LB close or above UB, fathomed
4153   435    31         124.0552   127.6467   2.8950     % 
UB: 127.64666221628838
branching on 1 with b.
4154   436    31         124.0552   127.6467   2.8950     % 
UB: 127.64666221628838
branching on 1 with b.
4155   437    31         124.0552   127.6467   2.8950     % 
UB: 127.64666221628838
branching on 1 with b.
4156   438    32         124.0552   127.6467   2.8950     % 
UB: 127.64666221628838
branching on 2 with b.
4157   439    33         124.0552   127.6467   2.8950     % 
LB close or above UB, fathomed
4158   438    33         124.0552   127.6467   2.8950     % 
LB close or above UB, fathomed
4159   437    32         124.0552   127.6467   2.8950     % 
UB: 127.64666221628838
branching on 2 with b.
4160   438    31         124.0552   127.6467   2.8950     % 
LB close or above UB, fathomed
4161   437    31         124.0552   127.6467   2.8950     % 
UB: 127.64666221628838
branching on 1 with b.
4162   438    32         124.0552   127.6467   2.8950     % 
UB: 127.64666221628838
branching on 2 with b.
4163   439    33         124.0552   127.6467   2.8950     % 
LB close or above UB, fathomed
4164   438    33         124.0552   127.6467   2.8950     % 
LB close or above UB, fathomed
4165   437    32         124.0552   127.6467   2.8950     % 
UB: 127.64666221628838
branching on 2 with b.
4166   438    31         124.0552   127.6467   2.8950     % 
UB: 127.64666221628838
branching on 1 with b.
4167   439    32         124.0552   127.6467   2.8950     % 
UB: 127.64666221628838
branching on 2 with b.
4168   440    33         124.0552   127.6467   2.8950     % 
LB close or above UB, fathomed
4169   439    33         124.0552   127.6467   2.8950     % 
LB close or above UB, fathomed
4170   438    32         124.0552   127.6467   2.8950     % 
UB: 127.64666221628838
branching on 2 with b.
4171   439    31         124.0552   127.6467   2.8950     % 
UB: 127.64666221628838
branching on 1 with b.
4172   440    32         124.0552   127.6467   2.8950     % 
UB: 127.64666221628838
branching on 2 with b.
4173   441    33         124.0552   127.6467   2.8950     % 
LB close or above UB, fathomed
4174   440    33         124.0552   127.6467   2.8950     % 
LB close or above UB, fathomed
4175   439    32         124.0552   127.6467   2.8950     % 
UB: 127.64666221628838
branching on 2 with b.
4176   440    31         124.0552   127.6467   2.8950     % 
UB: 127.64666221628838
branching on 1 with b.
4177   441    32         124.0552   127.6467   2.8950     % 
UB: 127.64666221628838
branching on 2 with b.
4178   442    33         124.0552   127.6467   2.8950     % 
LB close or above UB, fathomed
4179   441    33         124.0552   127.6467   2.8950     % 
LB close or above UB, fathomed
4180   440    32         124.0552   127.6467   2.8950     % 
UB: 127.64666221628838
branching on 2 with b.
4181   441    31         124.0552   127.6467   2.8950     % 
UB: 127.64666221628838
branching on 1 with b.
4182   442    32         124.0552   127.6467   2.8950     % 
UB: 127.64666221628838
branching on 2 with b.
4183   443    32         124.0552   127.6467   2.8950     % 
UB: 127.64666221628838
branching on 2 with b.
4184   444    33         124.0552   127.6467   2.8950     % 
LB close or above UB, fathomed
4185   443    33         124.0552   127.6467   2.8950     % 
LB close or above UB, fathomed
4186   442    31         124.0552   127.6467   2.8950     % 
UB: 127.64666221628838
branching on 1 with b.
4187   443    32         124.0552   127.6467   2.8950     % 
UB: 127.64666221628838
branching on 2 with b.
4188   444    33         124.0552   127.6467   2.8950     % 
LB close or above UB, fathomed
4189   443    33         124.0552   127.6467   2.8950     % 
LB close or above UB, fathomed
4190   442    32         124.0552   127.6467   2.8950     % 
UB: 127.64666221628838
branching on 2 with b.
4191   443    33         124.0552   127.6467   2.8950     % 
LB close or above UB, fathomed
4192   442    33         124.0552   127.6467   2.8950     % 
LB close or above UB, fathomed
4193   441    31         124.0552   127.6467   2.8950     % 
UB: 127.64666221628838
branching on 1 with b.
4194   441    31         124.0552   127.6467   2.8950     % 
UB: 127.64666221628838
branching on 1 with b.
4195   441    32         124.0552   127.6467   2.8950     % 
UB: 127.64666221628838
branching on 2 with b.
4196   442    33         124.0552   127.6467   2.8950     % 
LB close or above UB, fathomed
4197   441    33         124.0552   127.6467   2.8950     % 
LB close or above UB, fathomed
4198   440    31         124.0552   127.6467   2.8950     % 
UB: 127.64666221628838
branching on 1 with b.
4199   441    32         124.0552   127.6467   2.8950     % 
UB: 127.64666221628838
branching on 2 with b.
4200   442    32         124.0552   127.6467   2.8950     % 
UB: 127.64666221628838
branching on 2 with b.
4201   443    33         124.0552   127.6467   2.8950     % 
LB close or above UB, fathomed
4202   442    33         124.0552   127.6467   2.8950     % 
LB close or above UB, fathomed
4203   441    31         124.0552   127.6467   2.8950     % 
UB: 127.64666221628838
branching on 1 with b.
4204   442    32         124.0552   127.6467   2.8950     % 
UB: 127.64666221628838
branching on 2 with b.
4205   443    32         124.0552   127.6467   2.8950     % 
UB: 127.64666221628838
branching on 2 with b.
4206   444    33         124.0552   127.6467   2.8950     % 
LB close or above UB, fathomed
4207   443    33         124.0552   127.6467   2.8950     % 
LB close or above UB, fathomed
4208   442    22         124.0552   127.6467   2.8950     % 
UB: 127.64666221628838
branching on 3 with b.
4209   443    23         124.0552   127.6467   2.8950     % 
LB close or above UB, fathomed
4210   442    23         124.0552   127.6467   2.8950     % 
UB: 127.64666221628838
branching on 1 with b.
4211   443    24         124.0552   127.6467   2.8950     % 
LB close or above UB, fathomed
4212   442    24         124.0552   127.6467   2.8950     % 
LB close or above UB, fathomed
4213   441    22         124.0552   127.6467   2.8950     % 
LB close or above UB, fathomed
4214   440    31         124.0552   127.6467   2.8950     % 
UB: 127.64666221628838
branching on 1 with b.
4215   441    32         124.0552   127.6467   2.8950     % 
UB: 127.64666221628838
branching on 2 with b.
4216   442    33         124.0552   127.6467   2.8950     % 
LB close or above UB, fathomed
4217   441    33         124.0552   127.6467   2.8950     % 
LB close or above UB, fathomed
4218   440    32         124.0552   127.6467   2.8950     % 
UB: 127.64666221628838
branching on 2 with b.
4219   441    33         124.0552   127.6467   2.8950     % 
LB close or above UB, fathomed
4220   440    33         124.0552   127.6467   2.8950     % 
LB close or above UB, fathomed
4221   439    31         124.0552   127.6467   2.8950     % 
LB close or above UB, fathomed
4222   438    31         124.0552   127.6467   2.8950     % 
UB: 127.64666221628838
branching on 1 with b.
4223   439    32         124.0552   127.6467   2.8950     % 
UB: 127.64666221628838
branching on 2 with b.
4224   440    32         124.0552   127.6467   2.8950     % 
UB: 127.64666221628838
branching on 2 with b.
4225   441    33         124.0552   127.6467   2.8950     % 
LB close or above UB, fathomed
4226   440    33         124.0552   127.6467   2.8950     % 
LB close or above UB, fathomed
4227   439    31         124.0552   127.6467   2.8950     % 
LB close or above UB, fathomed
4228   438    31         124.0552   127.6467   2.8950     % 
LB close or above UB, fathomed
4229   437    31         124.0552   127.6467   2.8950     % 
UB: 127.64666221628838
branching on 1 with b.
4230   438    32         124.0552   127.6467   2.8950     % 
LB close or above UB, fathomed
4231   437    32         124.0552   127.6467   2.8950     % 
UB: 127.64666221628838
branching on 2 with b.
4232   438    33         124.0552   127.6467   2.8950     % 
LB close or above UB, fathomed
4233   437    33         124.0552   127.6467   2.8950     % 
LB close or above UB, fathomed
4234   436    31         124.0552   127.6467   2.8950     % 
UB: 127.64666221628838
branching on 1 with b.
4235   437    31         124.0552   127.6467   2.8950     % 
UB: 127.64666221628838
branching on 1 with b.
4236   438    32         124.0552   127.6467   2.8950     % 
LB close or above UB, fathomed
4237   437    32         124.0552   127.6467   2.8950     % 
UB: 127.64666221628838
branching on 2 with b.
4238   438    33         124.0552   127.6467   2.8950     % 
LB close or above UB, fathomed
4239   437    33         124.0552   127.6467   2.8950     % 
LB close or above UB, fathomed
4240   436    31         124.0552   127.6467   2.8950     % 
UB: 127.64666221628838
branching on 1 with b.
4241   437    32         124.0552   127.6467   2.8950     % 
LB close or above UB, fathomed
4242   436    32         124.0552   127.6467   2.8950     % 
UB: 127.64666221628838
branching on 2 with b.
4243   437    33         124.0552   127.6467   2.8950     % 
LB close or above UB, fathomed
4244   436    33         124.0552   127.6467   2.8950     % 
LB close or above UB, fathomed
4245   435    31         124.0552   127.6467   2.8950     % 
UB: 127.64666221628838
branching on 1 with b.
4246   436    32         124.0552   127.6467   2.8950     % 
LB close or above UB, fathomed
4247   435    32         124.0552   127.6467   2.8950     % 
UB: 127.64666221628838
branching on 2 with b.
4248   436    33         124.0552   127.6467   2.8950     % 
LB close or above UB, fathomed
4249   435    33         124.0552   127.6467   2.8950     % 
LB close or above UB, fathomed
4250   434    31         124.0552   127.6467   2.8950     % 
UB: 127.64666221628838
branching on 1 with b.
4251   435    31         124.0552   127.6467   2.8950     % 
UB: 127.64666221628838
branching on 1 with b.
4252   436    32         124.0552   127.6467   2.8950     % 
UB: 127.64666221628838
branching on 2 with b.
4253   437    33         124.0552   127.6467   2.8950     % 
LB close or above UB, fathomed
4254   436    33         124.0552   127.6467   2.8950     % 
LB close or above UB, fathomed
4255   435    32         124.0552   127.6467   2.8950     % 
UB: 127.64666221628838
branching on 2 with b.
4256   436    31         124.0552   127.6467   2.8950     % 
UB: 127.64666221628838
branching on 1 with b.
4257   437    31         124.0552   127.6467   2.8950     % 
UB: 127.64666221628838
branching on 1 with b.
4258   438    32         124.0552   127.6467   2.8950     % 
UB: 127.64666221628838
branching on 2 with b.
4259   439    33         124.0552   127.6467   2.8950     % 
LB close or above UB, fathomed
4260   438    33         124.0552   127.6467   2.8950     % 
LB close or above UB, fathomed
4261   437    32         124.0552   127.6467   2.8950     % 
UB: 127.64666221628838
branching on 2 with b.
4262   438    33         124.0552   127.6467   2.8950     % 
LB close or above UB, fathomed
4263   437    33         124.0552   127.6467   2.8950     % 
LB close or above UB, fathomed
4264   436    31         124.0552   127.6467   2.8950     % 
LB close or above UB, fathomed
4265   435    31         124.0552   127.6467   2.8950     % 
UB: 127.64666221628838
branching on 1 with b.
4266   436    32         124.0552   127.6467   2.8950     % 
UB: 127.64666221628838
branching on 2 with b.
4267   437    33         124.0552   127.6467   2.8950     % 
LB close or above UB, fathomed
4268   436    33         124.0552   127.6467   2.8950     % 
LB close or above UB, fathomed
4269   435    32         124.0552   127.6467   2.8950     % 
UB: 127.64666221628838
branching on 2 with b.
4270   436    33         124.0552   127.6467   2.8950     % 
LB close or above UB, fathomed
4271   435    33         124.0552   127.6467   2.8950     % 
LB close or above UB, fathomed
4272   434    28         124.0552   127.6467   2.8950     % 
LB close or above UB, fathomed
4273   433    28         124.0552   127.6467   2.8950     % 
UB: 127.64666221628838
branching on 1 with b.
4274   434    29         124.0552   127.6467   2.8950     % 
LB close or above UB, fathomed
4275   433    29         124.0552   127.6467   2.8950     % 
UB: 127.64666221628838
branching on 2 with b.
4276   434    10         124.0552   127.6467   2.8950     % 
UB: 127.64666221628838
branching on 1 with b.
4277   435    10         124.0552   127.6467   2.8950     % 
LB close or above UB, fathomed
4278   434    25         124.0552   127.6467   2.8950     % 
LB close or above UB, fathomed
4279   433    25         124.0552   127.6467   2.8950     % 
UB: 127.64666221628838
branching on 2 with b.
4280   434    26         124.0552   127.6467   2.8950     % 
LB close or above UB, fathomed
4281   433    26         124.0552   127.6467   2.8950     % 
LB close or above UB, fathomed
4282   432    32         124.0552   127.6467   2.8950     % 
UB: 127.64666221628838
branching on 2 with b.
4283   433    33         124.0552   127.6467   2.8950     % 
LB close or above UB, fathomed
4284   432    33         124.0552   127.6467   2.8950     % 
LB close or above UB, fathomed
4285   431    32         124.0552   127.6467   2.8950     % 
UB: 127.64666221628838
branching on 2 with b.
4286   432    33         124.0552   127.6467   2.8950     % 
LB close or above UB, fathomed
4287   431    33         124.0552   127.6467   2.8950     % 
LB close or above UB, fathomed
4288   430    32         124.0552   127.6467   2.8950     % 
UB: 127.64666221628838
branching on 2 with b.
4289   431    33         124.0552   127.6467   2.8950     % 
LB close or above UB, fathomed
4290   430    33         124.0552   127.6467   2.8950     % 
LB close or above UB, fathomed
4291   429    32         124.0552   127.6467   2.8950     % 
UB: 127.64666221628838
branching on 2 with b.
4292   430    32         124.0552   127.6467   2.8950     % 
LB close or above UB, fathomed
4293   429    32         124.0552   127.6467   2.8950     % 
UB: 127.64666221628838
branching on 2 with b.
4294   430    33         124.0552   127.6467   2.8950     % 
LB close or above UB, fathomed
4295   429    33         124.0552   127.6467   2.8950     % 
LB close or above UB, fathomed
4296   428    33         124.0552   127.6467   2.8950     % 
LB close or above UB, fathomed
4297   427    33         124.0552   127.6467   2.8950     % 
LB close or above UB, fathomed
4298   426    27         124.0552   127.6467   2.8950     % 
LB close or above UB, fathomed
4299   425    27         124.0552   127.6467   2.8950     % 
LB close or above UB, fathomed
4300   424    30         124.0552   127.6467   2.8950     % 
LB close or above UB, fathomed
4301   423    30         124.0552   127.6467   2.8950     % 
LB close or above UB, fathomed
4302   422    25         124.0552   127.6467   2.8950     % 
LB close or above UB, fathomed
4303   421    25         124.0552   127.6467   2.8950     % 
LB close or above UB, fathomed
4304   420    24         124.0552   127.6467   2.8950     % 
LB close or above UB, fathomed
4305   419    24         124.0552   127.6467   2.8950     % 
LB close or above UB, fathomed
4306   418    30         124.0552   127.6467   2.8950     % 
LB close or above UB, fathomed
4307   417    30         124.0552   127.6467   2.8950     % 
LB close or above UB, fathomed
4308   416    33         124.0552   127.6467   2.8950     % 
LB close or above UB, fathomed
4309   415    33         124.0552   127.6467   2.8950     % 
LB close or above UB, fathomed
4310   414    33         124.0552   127.6467   2.8950     % 
LB close or above UB, fathomed
4311   413    33         124.0552   127.6467   2.8950     % 
LB close or above UB, fathomed
4312   412    33         124.0552   127.6467   2.8950     % 
LB close or above UB, fathomed
4313   411    33         124.0552   127.6467   2.8950     % 
LB close or above UB, fathomed
4314   410    33         124.0552   127.6467   2.8950     % 
LB close or above UB, fathomed
4315   409    33         124.0552   127.6467   2.8950     % 
LB close or above UB, fathomed
4316   408    33         124.0552   127.6467   2.8950     % 
LB close or above UB, fathomed
4317   407    33         124.0552   127.6467   2.8950     % 
LB close or above UB, fathomed
4318   406    33         124.0552   127.6467   2.8950     % 
LB close or above UB, fathomed
4319   405    33         124.0552   127.6467   2.8950     % 
LB close or above UB, fathomed
4320   404    24         124.0552   127.6467   2.8950     % 
LB close or above UB, fathomed
4321   403    24         124.0552   127.6467   2.8950     % 
LB close or above UB, fathomed
4322   402    24         124.0552   127.6467   2.8950     % 
LB close or above UB, fathomed
4323   401    24         124.0552   127.6467   2.8950     % 
LB close or above UB, fathomed
4324   400    33         124.0552   127.6467   2.8950     % 
LB close or above UB, fathomed
4325   399    33         124.0552   127.6467   2.8950     % 
LB close or above UB, fathomed
4326   398    15         124.0552   127.6467   2.8950     % 
LB close or above UB, fathomed
4327   397    15         124.0552   127.6467   2.8950     % 
UB: 127.64666221628838
branching on CartesianIndex(1, 3) with a.
4328   398    30         124.0552   127.6467   2.8950     % 
LB close or above UB, fathomed
4329   397    30         124.0552   127.6467   2.8950     % 
LB close or above UB, fathomed
4330   396    31         124.0552   127.6467   2.8950     % 
LB close or above UB, fathomed
4331   395    31         124.0552   127.6467   2.8950     % 
LB close or above UB, fathomed
4332   394    30         124.0552   127.6467   2.8950     % 
LB close or above UB, fathomed
4333   393    30         124.0552   127.6467   2.8950     % 
LB close or above UB, fathomed
4334   392    29         124.0552   127.6467   2.8950     % 
LB close or above UB, fathomed
4335   391    29         124.0552   127.6467   2.8950     % 
LB close or above UB, fathomed
4336   390    28         124.0552   127.6467   2.8950     % 
UB: 127.64666221628838
branching on 1 with b.
4337   391    29         124.0552   127.6467   2.8950     % 
UB: 127.64666221628838
branching on 2 with b.
4338   392    30         124.0552   127.6467   2.8950     % 
LB close or above UB, fathomed
4339   391    30         124.0552   127.6467   2.8950     % 
LB close or above UB, fathomed
4340   390    29         124.0552   127.6467   2.8950     % 
UB: 127.64666221628838
branching on 2 with b.
4341   391    28         124.0552   127.6467   2.8950     % 
UB: 127.64666221628838
branching on 1 with b.
4342   392    28         124.0552   127.6467   2.8950     % 
UB: 127.64666221628838
branching on 1 with b.
4343   393    28         124.0552   127.6467   2.8950     % 
UB: 127.64666221628838
branching on 1 with b.
4344   394    29         124.0552   127.6467   2.8950     % 
UB: 127.64666221628838
branching on 2 with b.
4345   395    30         124.0552   127.6467   2.8950     % 
LB close or above UB, fathomed
4346   394    30         124.0552   127.6467   2.8950     % 
LB close or above UB, fathomed
4347   393    29         124.0552   127.6467   2.8950     % 
UB: 127.64666221628838
branching on 2 with b.
4348   394    30         124.0552   127.6467   2.8950     % 
LB close or above UB, fathomed
4349   393    30         124.0552   127.6467   2.8950     % 
LB close or above UB, fathomed
4350   392    28         124.0552   127.6467   2.8950     % 
LB close or above UB, fathomed
4351   391    28         124.0552   127.6467   2.8950     % 
LB close or above UB, fathomed
4352   390    31         124.0552   127.6467   2.8950     % 
UB: 127.64666221628838
branching on 1 with b.
4353   391    32         124.0552   127.6467   2.8950     % 
LB close or above UB, fathomed
4354   390    32         124.0552   127.6467   2.8950     % 
UB: 127.64666221628838
branching on 2 with b.
4355   391    33         124.0552   127.6467   2.8950     % 
LB close or above UB, fathomed
4356   390    33         124.0552   127.6467   2.8950     % 
LB close or above UB, fathomed
4357   389    31         124.0552   127.6467   2.8950     % 
LB close or above UB, fathomed
4358   388    31         124.0552   127.6467   2.8950     % 
UB: 127.64666221628838
branching on 1 with b.
4359   389    32         124.0552   127.6467   2.8950     % 
LB close or above UB, fathomed
4360   388    32         124.0552   127.6467   2.8950     % 
UB: 127.64666221628838
branching on 2 with b.
4361   389    33         124.0552   127.6467   2.8950     % 
LB close or above UB, fathomed
4362   388    33         124.0552   127.6467   2.8950     % 
LB close or above UB, fathomed
4363   387    31         124.0552   127.6467   2.8950     % 
UB: 127.64666221628838
branching on 1 with b.
4364   388    32         124.0552   127.6467   2.8950     % 
LB close or above UB, fathomed
4365   387    32         124.0552   127.6467   2.8950     % 
UB: 127.64666221628838
branching on 2 with b.
4366   388    33         124.0552   127.6467   2.8950     % 
LB close or above UB, fathomed
4367   387    33         124.0552   127.6467   2.8950     % 
LB close or above UB, fathomed
4368   386    25         124.0552   127.6467   2.8950     % 
UB: 127.64666221628838
branching on 2 with b.
4369   387    25         124.0552   127.6467   2.8950     % 
UB: 127.64666221628838
branching on 2 with b.
4370   388    27         124.0552   127.6467   2.8950     % 
UB: 127.64666221628838
branching on 1 with b.
4371   389    27         124.0552   127.6467   2.8950     % 
LB close or above UB, fathomed
4372   388    14         124.0552   127.6467   2.8950     % 
UB: 127.64666221628838
branching on CartesianIndex(1, 5) with c.
4373   389    15         124.0552   127.6467   2.8950     % 
LB close or above UB, fathomed
4374   388    15         124.0552   127.6467   2.8950     % 
UB: 127.64666221628838
branching on CartesianIndex(1, 6) with c.
4375   389    16         124.0552   127.6467   2.8950     % 
LB close or above UB, fathomed
4376   388    16         124.0552   127.6467   2.8950     % 
LB close or above UB, fathomed
4377   387    14         124.0552   127.6467   2.8950     % 
LB close or above UB, fathomed
4378   386    25         124.0552   127.6467   2.8950     % 
LB close or above UB, fathomed
4379   385    25         124.0552   127.6467   2.8950     % 
LB close or above UB, fathomed
4380   384    16         125.7532   127.6467   1.5057     % 
LB close or above UB, fathomed
4381   383    16         125.7532   127.6467   1.5057     % 
LB close or above UB, fathomed
4382   382    19         125.8009   127.6467   1.4672     % 
LB close or above UB, fathomed
4383   381    19         125.8009   127.6467   1.4672     % 
LB close or above UB, fathomed
4384   380    11         125.8450   127.6467   1.4317     % 
LB close or above UB, fathomed
4385   379    11         125.8450   127.6467   1.4317     % 
LB close or above UB, fathomed
4386   378    28         125.8509   127.6467   1.4269     % 
LB close or above UB, fathomed
4387   377    28         125.8509   127.6467   1.4269     % 
UB: 127.64666221628838
branching on 1 with b.
4388   378    29         125.8509   127.6467   1.4269     % 
LB close or above UB, fathomed
4389   377    29         125.8509   127.6467   1.4269     % 
LB close or above UB, fathomed
4390   376    28         125.8509   127.6467   1.4269     % 
LB close or above UB, fathomed
4391   375    28         125.8509   127.6467   1.4269     % 
LB close or above UB, fathomed
4392   374    26         125.8509   127.6467   1.4269     % 
LB close or above UB, fathomed
4393   373    26         125.8509   127.6467   1.4269     % 
LB close or above UB, fathomed
4394   372    32         125.8509   127.6467   1.4269     % 
UB: 127.64666221628838
branching on 2 with b.
4395   373    33         125.8509   127.6467   1.4269     % 
LB close or above UB, fathomed
4396   372    33         125.8509   127.6467   1.4269     % 
LB close or above UB, fathomed
4397   371    32         125.8509   127.6467   1.4269     % 
LB close or above UB, fathomed
4398   370    29         125.8509   127.6467   1.4269     % 
UB: 127.64666221628838
branching on 2 with b.
4399   371    30         125.8509   127.6467   1.4269     % 
LB close or above UB, fathomed
4400   370    30         125.8509   127.6467   1.4269     % 
LB close or above UB, fathomed
4401   369    29         125.8509   127.6467   1.4269     % 
LB close or above UB, fathomed
4402   368    30         125.8509   127.6467   1.4269     % 
LB close or above UB, fathomed
4403   367    30         125.8509   127.6467   1.4269     % 
LB close or above UB, fathomed
4404   366    30         125.8509   127.6467   1.4269     % 
LB close or above UB, fathomed
4405   365    30         125.8509   127.6467   1.4269     % 
LB close or above UB, fathomed
4406   364    30         125.8509   127.6467   1.4269     % 
LB close or above UB, fathomed
4407   363    30         125.8509   127.6467   1.4269     % 
LB close or above UB, fathomed
4408   362    30         125.8509   127.6467   1.4269     % 
LB close or above UB, fathomed
4409   361    30         125.8509   127.6467   1.4269     % 
LB close or above UB, fathomed
4410   360    24         125.8509   127.6467   1.4269     % 
UB: 127.64666221628838
branching on 1 with b.
4411   361    25         125.8509   127.6467   1.4269     % 
UB: 127.64666221628838
branching on 2 with b.
4412   362    26         125.8509   127.6467   1.4269     % 
LB close or above UB, fathomed
4413   361    26         125.8509   127.6467   1.4269     % 
LB close or above UB, fathomed
4414   360    25         125.8509   127.6467   1.4269     % 
LB close or above UB, fathomed
4415   359    24         125.8509   127.6467   1.4269     % 
LB close or above UB, fathomed
4416   358    30         125.8509   127.6467   1.4269     % 
LB close or above UB, fathomed
4417   357    30         125.8509   127.6467   1.4269     % 
LB close or above UB, fathomed
4418   356    33         125.8509   127.6467   1.4269     % 
LB close or above UB, fathomed
4419   355    33         125.8509   127.6467   1.4269     % 
LB close or above UB, fathomed
4420   354    33         125.8509   127.6467   1.4269     % 
LB close or above UB, fathomed
4421   353    33         125.8509   127.6467   1.4269     % 
LB close or above UB, fathomed
4422   352    33         125.8509   127.6467   1.4269     % 
LB close or above UB, fathomed
4423   351    33         125.8509   127.6467   1.4269     % 
LB close or above UB, fathomed
4424   350    33         125.8509   127.6467   1.4269     % 
LB close or above UB, fathomed
4425   349    33         125.8509   127.6467   1.4269     % 
LB close or above UB, fathomed
4426   348    33         125.8509   127.6467   1.4269     % 
LB close or above UB, fathomed
4427   347    33         125.8509   127.6467   1.4269     % 
LB close or above UB, fathomed
4428   346    33         125.8509   127.6467   1.4269     % 
LB close or above UB, fathomed
4429   345    33         125.8509   127.6467   1.4269     % 
LB close or above UB, fathomed
4430   344    33         125.8509   127.6467   1.4269     % 
LB close or above UB, fathomed
4431   343    33         125.8509   127.6467   1.4269     % 
LB close or above UB, fathomed
4432   342    25         125.8509   127.6467   1.4269     % 
LB close or above UB, fathomed
4433   341    25         125.8509   127.6467   1.4269     % 
LB close or above UB, fathomed
4434   340    33         125.8509   127.6467   1.4269     % 
LB close or above UB, fathomed
4435   339    33         125.8509   127.6467   1.4269     % 
LB close or above UB, fathomed
4436   338    33         125.8509   127.6467   1.4269     % 
LB close or above UB, fathomed
4437   337    33         125.8509   127.6467   1.4269     % 
LB close or above UB, fathomed
4438   336    33         125.8509   127.6467   1.4269     % 
LB close or above UB, fathomed
4439   335    33         125.8509   127.6467   1.4269     % 
LB close or above UB, fathomed
4440   334    32         125.8509   127.6467   1.4269     % 
UB: 127.64666221628838
branching on 2 with b.
4441   335    33         125.8509   127.6467   1.4269     % 
LB close or above UB, fathomed
4442   334    33         125.8509   127.6467   1.4269     % 
LB close or above UB, fathomed
4443   333    32         125.8509   127.6467   1.4269     % 
LB close or above UB, fathomed
4444   332    33         125.8509   127.6467   1.4269     % 
LB close or above UB, fathomed
4445   331    33         125.8509   127.6467   1.4269     % 
LB close or above UB, fathomed
4446   330    32         125.8509   127.6467   1.4269     % 
LB close or above UB, fathomed
4447   329    32         125.8509   127.6467   1.4269     % 
UB: 127.64666221628838
branching on 2 with b.
4448   330    33         125.8509   127.6467   1.4269     % 
LB close or above UB, fathomed
4449   329    33         125.8509   127.6467   1.4269     % 
LB close or above UB, fathomed
4450   328    32         125.8509   127.6467   1.4269     % 
UB: 127.64666221628838
branching on 2 with b.
4451   329    33         125.8509   127.6467   1.4269     % 
LB close or above UB, fathomed
4452   328    33         125.8509   127.6467   1.4269     % 
LB close or above UB, fathomed
4453   327    32         125.8509   127.6467   1.4269     % 
UB: 127.64666221628838
branching on 2 with b.
4454   328    33         125.8509   127.6467   1.4269     % 
LB close or above UB, fathomed
4455   327    33         125.8509   127.6467   1.4269     % 
LB close or above UB, fathomed
4456   326    28         125.8509   127.6467   1.4269     % 
LB close or above UB, fathomed
4457   325    28         125.8509   127.6467   1.4269     % 
UB: 127.64666221628838
branching on 2 with b.
4458   326    28         125.8509   127.6467   1.4269     % 
LB close or above UB, fathomed
4459   325    28         125.8509   127.6467   1.4269     % 
UB: 127.64666221628838
branching on 1 with b.
4460   326    29         125.8509   127.6467   1.4269     % 
LB close or above UB, fathomed
4461   325    29         125.8509   127.6467   1.4269     % 
LB close or above UB, fathomed
4462   324    28         125.8509   127.6467   1.4269     % 
LB close or above UB, fathomed
4463   323    28         125.8509   127.6467   1.4269     % 
UB: 127.64666221628838
branching on 1 with b.
4464   324    29         125.8509   127.6467   1.4269     % 
UB: 127.64666221628838
branching on 2 with b.
4465   325    30         125.8509   127.6467   1.4269     % 
LB close or above UB, fathomed
4466   324    30         125.8509   127.6467   1.4269     % 
LB close or above UB, fathomed
4467   323    29         125.8509   127.6467   1.4269     % 
LB close or above UB, fathomed
4468   322    24         125.8509   127.6467   1.4269     % 
LB close or above UB, fathomed
4469   321    24         125.8509   127.6467   1.4269     % 
LB close or above UB, fathomed
4470   320    28         125.8509   127.6467   1.4269     % 
UB: 127.64666221628838
branching on 1 with b.
4471   321    29         125.8509   127.6467   1.4269     % 
UB: 127.64666221628838
branching on 2 with b.
4472   322    30         125.8509   127.6467   1.4269     % 
LB close or above UB, fathomed
4473   321    30         125.8509   127.6467   1.4269     % 
LB close or above UB, fathomed
4474   320    29         125.8509   127.6467   1.4269     % 
LB close or above UB, fathomed
4475   319    28         125.8509   127.6467   1.4269     % 
UB: 127.64666221628838
branching on 1 with b.
4476   320    29         125.8509   127.6467   1.4269     % 
UB: 127.64666221628838
branching on 2 with b.
4477   321    30         125.8509   127.6467   1.4269     % 
LB close or above UB, fathomed
4478   320    30         125.8509   127.6467   1.4269     % 
LB close or above UB, fathomed
4479   319    29         125.8509   127.6467   1.4269     % 
LB close or above UB, fathomed
4480   318    27         125.8509   127.6467   1.4269     % 
LB close or above UB, fathomed
4481   317    27         125.8509   127.6467   1.4269     % 
LB close or above UB, fathomed
4482   316    27         125.8509   127.6467   1.4269     % 
LB close or above UB, fathomed
4483   315    27         125.8509   127.6467   1.4269     % 
LB close or above UB, fathomed
4484   314    34         125.8509   127.6467   1.4269     % 
UB: 127.64666221628838
branching on 1 with b.
4485   315    35         125.8509   127.6467   1.4269     % 
LB close or above UB, fathomed
4486   314    35         125.8509   127.6467   1.4269     % 
UB: 127.64666221628838
branching on 2 with b.
4487   315    36         125.8509   127.6467   1.4269     % 
LB close or above UB, fathomed
4488   314    36         125.8509   127.6467   1.4269     % 
LB close or above UB, fathomed
4489   313    34         125.8509   127.6467   1.4269     % 
UB: 127.64666221628838
branching on 1 with b.
4490   314    35         125.8509   127.6467   1.4269     % 
LB close or above UB, fathomed
4491   313    35         125.8509   127.6467   1.4269     % 
UB: 127.64666221628838
branching on 2 with b.
4492   314    36         125.8509   127.6467   1.4269     % 
LB close or above UB, fathomed
4493   313    36         125.8509   127.6467   1.4269     % 
LB close or above UB, fathomed
4494   312    34         125.8509   127.6467   1.4269     % 
UB: 127.64666221628838
branching on 1 with b.
4495   313    35         125.8509   127.6467   1.4269     % 
LB close or above UB, fathomed
4496   312    35         125.8509   127.6467   1.4269     % 
UB: 127.64666221628838
branching on 2 with b.
4497   313    36         125.8509   127.6467   1.4269     % 
LB close or above UB, fathomed
4498   312    36         125.8509   127.6467   1.4269     % 
LB close or above UB, fathomed
4499   311    34         125.8509   127.6467   1.4269     % 
UB: 127.64666221628838
branching on 1 with b.
4500   312    35         125.8509   127.6467   1.4269     % 
LB close or above UB, fathomed
4501   311    35         125.8509   127.6467   1.4269     % 
UB: 127.64666221628838
branching on 2 with b.
4502   312    36         125.8509   127.6467   1.4269     % 
LB close or above UB, fathomed
4503   311    36         125.8509   127.6467   1.4269     % 
LB close or above UB, fathomed
4504   310    34         125.8509   127.6467   1.4269     % 
UB: 127.64666221628838
branching on 1 with b.
4505   311    35         125.8509   127.6467   1.4269     % 
LB close or above UB, fathomed
4506   310    35         125.8509   127.6467   1.4269     % 
UB: 127.64666221628838
branching on 2 with b.
4507   311    36         125.8509   127.6467   1.4269     % 
LB close or above UB, fathomed
4508   310    36         125.8509   127.6467   1.4269     % 
LB close or above UB, fathomed
4509   309    34         125.8509   127.6467   1.4269     % 
UB: 127.64666221628838
branching on 1 with b.
4510   310    35         125.8509   127.6467   1.4269     % 
LB close or above UB, fathomed
4511   309    35         125.8509   127.6467   1.4269     % 
UB: 127.64666221628838
branching on 2 with b.
4512   310    36         125.8509   127.6467   1.4269     % 
LB close or above UB, fathomed
4513   309    36         125.8509   127.6467   1.4269     % 
LB close or above UB, fathomed
4514   308    34         125.8509   127.6467   1.4269     % 
UB: 127.64666221628838
branching on 1 with b.
4515   309    35         125.8509   127.6467   1.4269     % 
LB close or above UB, fathomed
4516   308    35         125.8509   127.6467   1.4269     % 
UB: 127.64666221628838
branching on 2 with b.
4517   309    36         125.8509   127.6467   1.4269     % 
LB close or above UB, fathomed
4518   308    36         125.8509   127.6467   1.4269     % 
LB close or above UB, fathomed
4519   307    34         125.8509   127.6467   1.4269     % 
UB: 127.64666221628838
branching on 1 with b.
4520   308    35         125.8509   127.6467   1.4269     % 
LB close or above UB, fathomed
4521   307    35         125.8509   127.6467   1.4269     % 
UB: 127.64666221628838
branching on 2 with b.
4522   308    36         125.8509   127.6467   1.4269     % 
LB close or above UB, fathomed
4523   307    36         125.8509   127.6467   1.4269     % 
LB close or above UB, fathomed
4524   306    34         125.8509   127.6467   1.4269     % 
UB: 127.64666221628838
branching on 1 with b.
4525   307    35         125.8509   127.6467   1.4269     % 
LB close or above UB, fathomed
4526   306    35         125.8509   127.6467   1.4269     % 
UB: 127.64666221628838
branching on 2 with b.
4527   307    36         125.8509   127.6467   1.4269     % 
LB close or above UB, fathomed
4528   306    36         125.8509   127.6467   1.4269     % 
LB close or above UB, fathomed
4529   305    34         125.8509   127.6467   1.4269     % 
UB: 127.64666221628838
branching on 1 with b.
4530   306    35         125.8509   127.6467   1.4269     % 
LB close or above UB, fathomed
4531   305    35         125.8509   127.6467   1.4269     % 
UB: 127.64666221628838
branching on 2 with b.
4532   306    36         125.8509   127.6467   1.4269     % 
LB close or above UB, fathomed
4533   305    36         125.8509   127.6467   1.4269     % 
LB close or above UB, fathomed
4534   304    34         125.8509   127.6467   1.4269     % 
UB: 127.64666221628838
branching on 1 with b.
4535   305    35         125.8509   127.6467   1.4269     % 
LB close or above UB, fathomed
4536   304    35         125.8509   127.6467   1.4269     % 
UB: 127.64666221628838
branching on 2 with b.
4537   305    36         125.8509   127.6467   1.4269     % 
LB close or above UB, fathomed
4538   304    36         125.8509   127.6467   1.4269     % 
LB close or above UB, fathomed
4539   303    34         125.8509   127.6467   1.4269     % 
UB: 127.64666221628838
branching on 1 with b.
4540   304    35         125.8509   127.6467   1.4269     % 
LB close or above UB, fathomed
4541   303    35         125.8509   127.6467   1.4269     % 
UB: 127.64666221628838
branching on 2 with b.
4542   304    36         125.8509   127.6467   1.4269     % 
LB close or above UB, fathomed
4543   303    36         125.8509   127.6467   1.4269     % 
LB close or above UB, fathomed
4544   302    30         125.8509   127.6467   1.4269     % 
LB close or above UB, fathomed
4545   301    30         125.8509   127.6467   1.4269     % 
LB close or above UB, fathomed
4546   300    30         125.8509   127.6467   1.4269     % 
LB close or above UB, fathomed
4547   299    30         125.8509   127.6467   1.4269     % 
LB close or above UB, fathomed
4548   298    31         125.8509   127.6467   1.4269     % 
LB close or above UB, fathomed
4549   297    31         125.8509   127.6467   1.4269     % 
LB close or above UB, fathomed
4550   296    31         125.8509   127.6467   1.4269     % 
LB close or above UB, fathomed
4551   295    31         125.8509   127.6467   1.4269     % 
UB: 127.64666221628838
branching on 1 with b.
4552   296    32         125.8509   127.6467   1.4269     % 
UB: 127.64666221628838
branching on 2 with b.
4553   297    33         125.8509   127.6467   1.4269     % 
LB close or above UB, fathomed
4554   296    33         125.8509   127.6467   1.4269     % 
LB close or above UB, fathomed
4555   295    32         125.8509   127.6467   1.4269     % 
LB close or above UB, fathomed
4556   294    31         125.8509   127.6467   1.4269     % 
LB close or above UB, fathomed
4557   293    31         125.8509   127.6467   1.4269     % 
UB: 127.64666221628838
branching on 1 with b.
4558   294    32         125.8509   127.6467   1.4269     % 
UB: 127.64666221628838
branching on 2 with b.
4559   295    33         125.8509   127.6467   1.4269     % 
LB close or above UB, fathomed
4560   294    33         125.8509   127.6467   1.4269     % 
LB close or above UB, fathomed
4561   293    32         125.8509   127.6467   1.4269     % 
LB close or above UB, fathomed
4562   292    31         125.8509   127.6467   1.4269     % 
LB close or above UB, fathomed
4563   291    31         125.8509   127.6467   1.4269     % 
UB: 127.64666221628838
branching on 1 with b.
4564   292    32         125.8509   127.6467   1.4269     % 
UB: 127.64666221628838
branching on 2 with b.
4565   293    33         125.8509   127.6467   1.4269     % 
LB close or above UB, fathomed
4566   292    33         125.8509   127.6467   1.4269     % 
LB close or above UB, fathomed
4567   291    32         125.8509   127.6467   1.4269     % 
UB: 127.64666221628838
branching on 2 with b.
4568   292    33         125.8509   127.6467   1.4269     % 
LB close or above UB, fathomed
4569   291    33         125.8509   127.6467   1.4269     % 
LB close or above UB, fathomed
4570   290    27         125.8509   127.6467   1.4269     % 
LB close or above UB, fathomed
4571   289    27         125.8509   127.6467   1.4269     % 
LB close or above UB, fathomed
4572   288    31         125.8509   127.6467   1.4269     % 
LB close or above UB, fathomed
4573   287    31         125.8509   127.6467   1.4269     % 
UB: 127.64666221628838
branching on 1 with b.
4574   288    32         125.8509   127.6467   1.4269     % 
UB: 127.64666221628838
branching on 2 with b.
4575   289    33         125.8509   127.6467   1.4269     % 
LB close or above UB, fathomed
4576   288    33         125.8509   127.6467   1.4269     % 
LB close or above UB, fathomed
4577   287    32         125.8509   127.6467   1.4269     % 
LB close or above UB, fathomed
4578   286    31         125.8509   127.6467   1.4269     % 
UB: 127.64666221628838
branching on 1 with b.
4579   287    32         125.8509   127.6467   1.4269     % 
UB: 127.64666221628838
branching on 2 with b.
4580   288    33         125.8509   127.6467   1.4269     % 
LB close or above UB, fathomed
4581   287    33         125.8509   127.6467   1.4269     % 
LB close or above UB, fathomed
4582   286    32         125.8509   127.6467   1.4269     % 
LB close or above UB, fathomed
4583   285    31         125.8509   127.6467   1.4269     % 
LB close or above UB, fathomed
4584   284    31         125.8509   127.6467   1.4269     % 
LB close or above UB, fathomed
4585   283    31         125.8509   127.6467   1.4269     % 
UB: 127.64666221628838
branching on 1 with b.
4586   284    32         125.8509   127.6467   1.4269     % 
LB close or above UB, fathomed
4587   283    32         125.8509   127.6467   1.4269     % 
LB close or above UB, fathomed
4588   282    31         125.8509   127.6467   1.4269     % 
UB: 127.64666221628838
branching on 1 with b.
4589   283    32         125.8509   127.6467   1.4269     % 
UB: 127.64666221628838
branching on 2 with b.
4590   284    33         125.8509   127.6467   1.4269     % 
LB close or above UB, fathomed
4591   283    33         125.8509   127.6467   1.4269     % 
LB close or above UB, fathomed
4592   282    32         125.8509   127.6467   1.4269     % 
LB close or above UB, fathomed
4593   281    31         125.8509   127.6467   1.4269     % 
LB close or above UB, fathomed
4594   280    29         125.8509   127.6467   1.4269     % 
LB close or above UB, fathomed
4595   279    29         125.8509   127.6467   1.4269     % 
LB close or above UB, fathomed
4596   278    26         125.8509   127.6467   1.4269     % 
LB close or above UB, fathomed
4597   277    26         125.8509   127.6467   1.4269     % 
LB close or above UB, fathomed
4598   276    29         125.8509   127.6467   1.4269     % 
UB: 127.64666221628838
branching on 2 with b.
4599   277    30         125.8509   127.6467   1.4269     % 
LB close or above UB, fathomed
4600   276    30         125.8509   127.6467   1.4269     % 
LB close or above UB, fathomed
4601   275    29         125.8509   127.6467   1.4269     % 
LB close or above UB, fathomed
4602   274    33         125.8509   127.6467   1.4269     % 
LB close or above UB, fathomed
4603   273    33         125.8509   127.6467   1.4269     % 
LB close or above UB, fathomed
4604   272    11         125.8509   127.6467   1.4269     % 
LB close or above UB, fathomed
4605   271    11         125.8509   127.6467   1.4269     % 
UB: 127.64666221628838
branching on CartesianIndex(1, 5) with c.
4606   272    12         125.8509   127.6467   1.4269     % 
LB close or above UB, fathomed
4607   271    12         125.8509   127.6467   1.4269     % 
UB: 127.64666221628838
branching on CartesianIndex(1, 6) with c.
4608   272    13         125.8509   127.6467   1.4269     % 
UB: 127.64666221628838
branching on 2 with b.
4609   273    14         125.8509   127.6467   1.4269     % 
LB close or above UB, fathomed
4610   272    14         125.8509   127.6467   1.4269     % 
UB: 127.64666221628838
branching on 3 with b.
4611   273    15         125.8509   127.6467   1.4269     % 
LB close or above UB, fathomed
4612   272    15         125.8509   127.6467   1.4269     % 
LB close or above UB, fathomed
4613   271    13         125.8509   127.6467   1.4269     % 
LB close or above UB, fathomed
4614   270    30         125.8509   127.6467   1.4269     % 
LB close or above UB, fathomed
4615   269    30         125.8509   127.6467   1.4269     % 
LB close or above UB, fathomed
4616   268    32         125.8509   127.6467   1.4269     % 
UB: 127.64666221628838
branching on 2 with b.
4617   269    33         125.8509   127.6467   1.4269     % 
LB close or above UB, fathomed
4618   268    33         125.8509   127.6467   1.4269     % 
LB close or above UB, fathomed
4619   267    32         125.8509   127.6467   1.4269     % 
UB: 127.64666221628838
branching on 2 with b.
4620   268    33         125.8509   127.6467   1.4269     % 
LB close or above UB, fathomed
4621   267    33         125.8509   127.6467   1.4269     % 
LB close or above UB, fathomed
4622   266    33         125.8509   127.6467   1.4269     % 
LB close or above UB, fathomed
4623   265    33         125.8509   127.6467   1.4269     % 
LB close or above UB, fathomed
4624   264    32         125.8509   127.6467   1.4269     % 
UB: 127.64666221628838
branching on 2 with b.
4625   265    33         125.8509   127.6467   1.4269     % 
LB close or above UB, fathomed
4626   264    33         125.8509   127.6467   1.4269     % 
LB close or above UB, fathomed
4627   263    32         125.8509   127.6467   1.4269     % 
LB close or above UB, fathomed
4628   262    32         125.8509   127.6467   1.4269     % 
LB close or above UB, fathomed
4629   261    32         125.8509   127.6467   1.4269     % 
UB: 127.64666221628838
branching on 2 with b.
4630   262    33         125.8509   127.6467   1.4269     % 
LB close or above UB, fathomed
4631   261    33         125.8509   127.6467   1.4269     % 
LB close or above UB, fathomed
4632   260    33         125.8509   127.6467   1.4269     % 
LB close or above UB, fathomed
4633   259    33         125.8509   127.6467   1.4269     % 
LB close or above UB, fathomed
4634   258    33         125.8509   127.6467   1.4269     % 
LB close or above UB, fathomed
4635   257    33         125.8509   127.6467   1.4269     % 
LB close or above UB, fathomed
4636   256    33         125.8509   127.6467   1.4269     % 
LB close or above UB, fathomed
4637   255    33         125.8509   127.6467   1.4269     % 
LB close or above UB, fathomed
4638   254    32         125.8509   127.6467   1.4269     % 
UB: 127.64666221628838
branching on 2 with b.
4639   255    33         125.8509   127.6467   1.4269     % 
LB close or above UB, fathomed
4640   254    33         125.8509   127.6467   1.4269     % 
LB close or above UB, fathomed
4641   253    33         125.8509   127.6467   1.4269     % 
LB close or above UB, fathomed
4642   252    33         125.8509   127.6467   1.4269     % 
LB close or above UB, fathomed
4643   251    33         125.8509   127.6467   1.4269     % 
LB close or above UB, fathomed
4644   250    33         125.8509   127.6467   1.4269     % 
LB close or above UB, fathomed
4645   249    33         125.8509   127.6467   1.4269     % 
LB close or above UB, fathomed
4646   248    33         125.8509   127.6467   1.4269     % 
LB close or above UB, fathomed
4647   247    33         125.8509   127.6467   1.4269     % 
LB close or above UB, fathomed
4648   246    33         125.8509   127.6467   1.4269     % 
LB close or above UB, fathomed
4649   245    33         125.8509   127.6467   1.4269     % 
LB close or above UB, fathomed
4650   244    33         125.8509   127.6467   1.4269     % 
LB close or above UB, fathomed
4651   243    33         125.8509   127.6467   1.4269     % 
LB close or above UB, fathomed
4652   242    33         125.8509   127.6467   1.4269     % 
LB close or above UB, fathomed
4653   241    32         125.8509   127.6467   1.4269     % 
LB close or above UB, fathomed
4654   240    32         125.8509   127.6467   1.4269     % 
UB: 127.64666221628838
branching on 2 with b.
4655   241    33         125.8509   127.6467   1.4269     % 
LB close or above UB, fathomed
4656   240    33         125.8509   127.6467   1.4269     % 
LB close or above UB, fathomed
4657   239    32         125.8509   127.6467   1.4269     % 
LB close or above UB, fathomed
4658   238    32         125.8509   127.6467   1.4269     % 
UB: 127.64666221628838
branching on 2 with b.
4659   239    33         125.8509   127.6467   1.4269     % 
LB close or above UB, fathomed
4660   238    33         125.8509   127.6467   1.4269     % 
LB close or above UB, fathomed
4661   237    33         125.8509   127.6467   1.4269     % 
LB close or above UB, fathomed
4662   236    33         125.8509   127.6467   1.4269     % 
LB close or above UB, fathomed
4663   235    33         125.8509   127.6467   1.4269     % 
LB close or above UB, fathomed
4664   234    33         125.8509   127.6467   1.4269     % 
LB close or above UB, fathomed
4665   233    33         125.8509   127.6467   1.4269     % 
LB close or above UB, fathomed
4666   232    33         125.8509   127.6467   1.4269     % 
LB close or above UB, fathomed
4667   231    33         125.8509   127.6467   1.4269     % 
LB close or above UB, fathomed
4668   230    33         125.8509   127.6467   1.4269     % 
LB close or above UB, fathomed
4669   229    32         125.8509   127.6467   1.4269     % 
UB: 127.64666221628838
branching on 2 with b.
4670   230    33         125.8509   127.6467   1.4269     % 
LB close or above UB, fathomed
4671   229    33         125.8509   127.6467   1.4269     % 
LB close or above UB, fathomed
4672   228    32         125.8509   127.6467   1.4269     % 
LB close or above UB, fathomed
4673   227    33         125.8509   127.6467   1.4269     % 
LB close or above UB, fathomed
4674   226    33         125.8509   127.6467   1.4269     % 
LB close or above UB, fathomed
4675   225    33         125.8509   127.6467   1.4269     % 
LB close or above UB, fathomed
4676   224    33         125.8509   127.6467   1.4269     % 
LB close or above UB, fathomed
4677   223    28         125.8509   127.6467   1.4269     % 
LB close or above UB, fathomed
4678   222    28         125.8509   127.6467   1.4269     % 
UB: 127.64666221628838
branching on 1 with b.
4679   223    29         125.8509   127.6467   1.4269     % 
LB close or above UB, fathomed
4680   222    29         125.8509   127.6467   1.4269     % 
UB: 127.64666221628838
branching on 2 with b.
4681   223    30         125.8509   127.6467   1.4269     % 
LB close or above UB, fathomed
4682   222    30         125.8509   127.6467   1.4269     % 
LB close or above UB, fathomed
4683   221    33         125.8509   127.6467   1.4269     % 
LB close or above UB, fathomed
4684   220    33         125.8509   127.6467   1.4269     % 
LB close or above UB, fathomed
4685   219    28         125.8509   127.6467   1.4269     % 
LB close or above UB, fathomed
4686   218    28         125.8509   127.6467   1.4269     % 
LB close or above UB, fathomed
4687   217    25         125.8509   127.6467   1.4269     % 
LB close or above UB, fathomed
4688   216    25         125.8509   127.6467   1.4269     % 
LB close or above UB, fathomed
4689   215    33         125.8509   127.6467   1.4269     % 
LB close or above UB, fathomed
4690   214    33         125.8509   127.6467   1.4269     % 
LB close or above UB, fathomed
4691   213    26         125.8509   127.6467   1.4269     % 
LB close or above UB, fathomed
4692   212    26         125.8509   127.6467   1.4269     % 
LB close or above UB, fathomed
4693   211    33         125.8509   127.6467   1.4269     % 
LB close or above UB, fathomed
4694   210    33         125.8509   127.6467   1.4269     % 
LB close or above UB, fathomed
4695   209    28         125.8509   127.6467   1.4269     % 
UB: 127.64666221628838
branching on 1 with b.
4696   210    29         125.8509   127.6467   1.4269     % 
UB: 127.64666221628838
branching on 2 with b.
4697   211    30         125.8509   127.6467   1.4269     % 
LB close or above UB, fathomed
4698   210    30         125.8509   127.6467   1.4269     % 
LB close or above UB, fathomed
4699   209    29         125.8509   127.6467   1.4269     % 
LB close or above UB, fathomed
4700   208    28         125.8509   127.6467   1.4269     % 
LB close or above UB, fathomed
4701   207    33         125.8509   127.6467   1.4269     % 
LB close or above UB, fathomed
4702   206    33         125.8509   127.6467   1.4269     % 
LB close or above UB, fathomed
4703   205    33         125.8509   127.6467   1.4269     % 
LB close or above UB, fathomed
4704   204    33         125.8509   127.6467   1.4269     % 
LB close or above UB, fathomed
4705   203    34         125.8509   127.6467   1.4269     % 
UB: 127.64666221628838
branching on 1 with b.
4706   204    35         125.8509   127.6467   1.4269     % 
LB close or above UB, fathomed
4707   203    35         125.8509   127.6467   1.4269     % 
UB: 127.64666221628838
branching on 2 with b.
4708   204    36         125.8509   127.6467   1.4269     % 
LB close or above UB, fathomed
4709   203    36         125.8509   127.6467   1.4269     % 
LB close or above UB, fathomed
4710   202    34         125.8509   127.6467   1.4269     % 
UB: 127.64666221628838
branching on 1 with b.
4711   203    35         125.8509   127.6467   1.4269     % 
LB close or above UB, fathomed
4712   202    35         125.8509   127.6467   1.4269     % 
UB: 127.64666221628838
branching on 2 with b.
4713   203    36         125.8509   127.6467   1.4269     % 
LB close or above UB, fathomed
4714   202    36         125.8509   127.6467   1.4269     % 
LB close or above UB, fathomed
4715   201    34         125.8509   127.6467   1.4269     % 
UB: 127.64666221628838
branching on 1 with b.
4716   202    35         125.8509   127.6467   1.4269     % 
LB close or above UB, fathomed
4717   201    35         125.8509   127.6467   1.4269     % 
UB: 127.64666221628838
branching on 2 with b.
4718   202    36         125.8509   127.6467   1.4269     % 
LB close or above UB, fathomed
4719   201    36         125.8509   127.6467   1.4269     % 
LB close or above UB, fathomed
4720   200    34         125.8509   127.6467   1.4269     % 
UB: 127.64666221628838
branching on 1 with b.
4721   201    35         125.8509   127.6467   1.4269     % 
LB close or above UB, fathomed
4722   200    35         125.8509   127.6467   1.4269     % 
UB: 127.64666221628838
branching on 2 with b.
4723   201    36         125.8509   127.6467   1.4269     % 
LB close or above UB, fathomed
4724   200    36         125.8509   127.6467   1.4269     % 
LB close or above UB, fathomed
4725   199    34         125.8509   127.6467   1.4269     % 
UB: 127.64666221628838
branching on 1 with b.
4726   200    35         125.8509   127.6467   1.4269     % 
LB close or above UB, fathomed
4727   199    35         125.8509   127.6467   1.4269     % 
UB: 127.64666221628838
branching on 2 with b.
4728   200    36         125.8509   127.6467   1.4269     % 
LB close or above UB, fathomed
4729   199    36         125.8509   127.6467   1.4269     % 
LB close or above UB, fathomed
4730   198    34         125.8509   127.6467   1.4269     % 
UB: 127.64666221628838
branching on 1 with b.
4731   199    35         125.8509   127.6467   1.4269     % 
LB close or above UB, fathomed
4732   198    35         125.8509   127.6467   1.4269     % 
UB: 127.64666221628838
branching on 2 with b.
4733   199    36         125.8509   127.6467   1.4269     % 
LB close or above UB, fathomed
4734   198    36         125.8509   127.6467   1.4269     % 
LB close or above UB, fathomed
4735   197    34         125.8509   127.6467   1.4269     % 
UB: 127.64666221628838
branching on 1 with b.
4736   198    35         125.8509   127.6467   1.4269     % 
LB close or above UB, fathomed
4737   197    35         125.8509   127.6467   1.4269     % 
UB: 127.64666221628838
branching on 2 with b.
4738   198    36         125.8509   127.6467   1.4269     % 
LB close or above UB, fathomed
4739   197    36         125.8509   127.6467   1.4269     % 
LB close or above UB, fathomed
4740   196    34         125.8509   127.6467   1.4269     % 
UB: 127.64666221628838
branching on 1 with b.
4741   197    35         125.8509   127.6467   1.4269     % 
LB close or above UB, fathomed
4742   196    35         125.8509   127.6467   1.4269     % 
UB: 127.64666221628838
branching on 2 with b.
4743   197    36         125.8509   127.6467   1.4269     % 
LB close or above UB, fathomed
4744   196    36         125.8509   127.6467   1.4269     % 
LB close or above UB, fathomed
4745   195    34         125.8509   127.6467   1.4269     % 
UB: 127.64666221628838
branching on 1 with b.
4746   196    35         125.8509   127.6467   1.4269     % 
LB close or above UB, fathomed
4747   195    35         125.8509   127.6467   1.4269     % 
UB: 127.64666221628838
branching on 2 with b.
4748   196    36         125.8509   127.6467   1.4269     % 
LB close or above UB, fathomed
4749   195    36         125.8509   127.6467   1.4269     % 
LB close or above UB, fathomed
4750   194    34         125.8509   127.6467   1.4269     % 
UB: 127.64666221628838
branching on 1 with b.
4751   195    35         125.8509   127.6467   1.4269     % 
LB close or above UB, fathomed
4752   194    35         125.8509   127.6467   1.4269     % 
UB: 127.64666221628838
branching on 2 with b.
4753   195    36         125.8509   127.6467   1.4269     % 
LB close or above UB, fathomed
4754   194    36         125.8509   127.6467   1.4269     % 
LB close or above UB, fathomed
4755   193    34         125.8509   127.6467   1.4269     % 
UB: 127.64666221628838
branching on 1 with b.
4756   194    35         125.8509   127.6467   1.4269     % 
LB close or above UB, fathomed
4757   193    35         125.8509   127.6467   1.4269     % 
UB: 127.64666221628838
branching on 2 with b.
4758   194    36         125.8509   127.6467   1.4269     % 
LB close or above UB, fathomed
4759   193    36         125.8509   127.6467   1.4269     % 
LB close or above UB, fathomed
4760   192    34         125.8509   127.6467   1.4269     % 
UB: 127.64666221628838
branching on 1 with b.
4761   193    35         125.8509   127.6467   1.4269     % 
LB close or above UB, fathomed
4762   192    35         125.8509   127.6467   1.4269     % 
UB: 127.64666221628838
branching on 2 with b.
4763   193    36         125.8509   127.6467   1.4269     % 
LB close or above UB, fathomed
4764   192    36         125.8509   127.6467   1.4269     % 
LB close or above UB, fathomed
4765   191    30         125.8509   127.6467   1.4269     % 
LB close or above UB, fathomed
4766   190    30         125.8509   127.6467   1.4269     % 
LB close or above UB, fathomed
4767   189    30         125.8509   127.6467   1.4269     % 
LB close or above UB, fathomed
4768   188    30         125.8509   127.6467   1.4269     % 
LB close or above UB, fathomed
4769   187    26         125.8509   127.6467   1.4269     % 
LB close or above UB, fathomed
4770   186    26         125.8509   127.6467   1.4269     % 
LB close or above UB, fathomed
4771   185    26         125.8509   127.6467   1.4269     % 
LB close or above UB, fathomed
4772   184    26         125.8509   127.6467   1.4269     % 
LB close or above UB, fathomed
4773   183    26         125.8509   127.6467   1.4269     % 
LB close or above UB, fathomed
4774   182    26         125.8509   127.6467   1.4269     % 
LB close or above UB, fathomed
4775   181    25         125.8509   127.6467   1.4269     % 
LB close or above UB, fathomed
4776   180    25         125.8509   127.6467   1.4269     % 
LB close or above UB, fathomed
4777   179    24         125.8509   127.6467   1.4269     % 
LB close or above UB, fathomed
4778   178    24         125.8509   127.6467   1.4269     % 
LB close or above UB, fathomed
4779   177    26         125.8509   127.6467   1.4269     % 
LB close or above UB, fathomed
4780   176    26         125.8509   127.6467   1.4269     % 
LB close or above UB, fathomed
4781   175    26         125.8509   127.6467   1.4269     % 
LB close or above UB, fathomed
4782   174    26         125.8509   127.6467   1.4269     % 
LB close or above UB, fathomed
4783   173    26         125.8509   127.6467   1.4269     % 
LB close or above UB, fathomed
4784   172    26         125.8509   127.6467   1.4269     % 
LB close or above UB, fathomed
4785   171    26         125.8509   127.6467   1.4269     % 
LB close or above UB, fathomed
4786   170    26         125.8509   127.6467   1.4269     % 
LB close or above UB, fathomed
4787   169    26         125.8509   127.6467   1.4269     % 
LB close or above UB, fathomed
4788   168    26         125.8509   127.6467   1.4269     % 
LB close or above UB, fathomed
4789   167    26         125.8509   127.6467   1.4269     % 
LB close or above UB, fathomed
4790   166    26         125.8509   127.6467   1.4269     % 
LB close or above UB, fathomed
4791   165    24         125.8509   127.6467   1.4269     % 
LB close or above UB, fathomed
4792   164    24         125.8509   127.6467   1.4269     % 
LB close or above UB, fathomed
4793   163    24         125.8509   127.6467   1.4269     % 
LB close or above UB, fathomed
4794   162    24         125.8509   127.6467   1.4269     % 
LB close or above UB, fathomed
4795   161    26         125.8509   127.6467   1.4269     % 
LB close or above UB, fathomed
4796   160    26         125.8509   127.6467   1.4269     % 
LB close or above UB, fathomed
4797   159    26         125.8509   127.6467   1.4269     % 
LB close or above UB, fathomed
4798   158    26         125.8509   127.6467   1.4269     % 
LB close or above UB, fathomed
4799   157    25         125.8509   127.6467   1.4269     % 
LB close or above UB, fathomed
4800   156    25         125.8509   127.6467   1.4269     % 
LB close or above UB, fathomed
4801   155    25         125.8509   127.6467   1.4269     % 
LB close or above UB, fathomed
4802   154    25         125.8509   127.6467   1.4269     % 
LB close or above UB, fathomed
4803   153    26         125.8509   127.6467   1.4269     % 
LB close or above UB, fathomed
4804   152    26         125.8509   127.6467   1.4269     % 
LB close or above UB, fathomed
4805   151    26         125.8509   127.6467   1.4269     % 
LB close or above UB, fathomed
4806   150    26         125.8509   127.6467   1.4269     % 
LB close or above UB, fathomed
4807   149    26         125.8509   127.6467   1.4269     % 
LB close or above UB, fathomed
4808   148    26         125.8509   127.6467   1.4269     % 
LB close or above UB, fathomed
4809   147    26         125.8509   127.6467   1.4269     % 
LB close or above UB, fathomed
4810   146    26         125.8509   127.6467   1.4269     % 
LB close or above UB, fathomed
4811   145    26         125.8509   127.6467   1.4269     % 
LB close or above UB, fathomed
4812   144    26         125.8509   127.6467   1.4269     % 
LB close or above UB, fathomed
4813   143    26         125.8509   127.6467   1.4269     % 
LB close or above UB, fathomed
4814   142    26         125.8509   127.6467   1.4269     % 
LB close or above UB, fathomed
4815   141    26         125.8509   127.6467   1.4269     % 
LB close or above UB, fathomed
4816   140    26         125.8509   127.6467   1.4269     % 
LB close or above UB, fathomed
4817   139    26         125.8509   127.6467   1.4269     % 
LB close or above UB, fathomed
4818   138    26         125.8509   127.6467   1.4269     % 
LB close or above UB, fathomed
4819   137    26         125.8509   127.6467   1.4269     % 
LB close or above UB, fathomed
4820   136    26         125.8509   127.6467   1.4269     % 
LB close or above UB, fathomed
4821   135    24         125.8509   127.6467   1.4269     % 
LB close or above UB, fathomed
4822   134    24         125.8509   127.6467   1.4269     % 
LB close or above UB, fathomed
4823   133    25         125.8509   127.6467   1.4269     % 
LB close or above UB, fathomed
4824   132    25         125.8509   127.6467   1.4269     % 
LB close or above UB, fathomed
4825   131    25         125.8509   127.6467   1.4269     % 
LB close or above UB, fathomed
4826   130    25         125.8509   127.6467   1.4269     % 
LB close or above UB, fathomed
4827   129    26         125.8509   127.6467   1.4269     % 
LB close or above UB, fathomed
4828   128    26         125.8509   127.6467   1.4269     % 
LB close or above UB, fathomed
4829   127    25         125.8509   127.6467   1.4269     % 
LB close or above UB, fathomed
4830   126    25         125.8509   127.6467   1.4269     % 
LB close or above UB, fathomed
4831   125    25         125.8509   127.6467   1.4269     % 
LB close or above UB, fathomed
4832   124    25         125.8509   127.6467   1.4269     % 
LB close or above UB, fathomed
4833   123    25         125.8509   127.6467   1.4269     % 
LB close or above UB, fathomed
4834   122    25         125.8509   127.6467   1.4269     % 
LB close or above UB, fathomed
4835   121    25         125.8509   127.6467   1.4269     % 
LB close or above UB, fathomed
4836   120    25         125.8509   127.6467   1.4269     % 
LB close or above UB, fathomed
4837   119    24         125.8509   127.6467   1.4269     % 
LB close or above UB, fathomed
4838   118    24         125.8509   127.6467   1.4269     % 
LB close or above UB, fathomed
4839   117    24         125.8509   127.6467   1.4269     % 
LB close or above UB, fathomed
4840   116    24         125.8509   127.6467   1.4269     % 
LB close or above UB, fathomed
4841   115    25         125.8509   127.6467   1.4269     % 
LB close or above UB, fathomed
4842   114    25         125.8509   127.6467   1.4269     % 
LB close or above UB, fathomed
4843   113    25         125.8509   127.6467   1.4269     % 
LB close or above UB, fathomed
4844   112    25         125.8509   127.6467   1.4269     % 
LB close or above UB, fathomed
4845   111    25         125.8509   127.6467   1.4269     % 
LB close or above UB, fathomed
4846   110    25         125.8509   127.6467   1.4269     % 
LB close or above UB, fathomed
4847   109    25         125.8509   127.6467   1.4269     % 
LB close or above UB, fathomed
4848   108    25         125.8509   127.6467   1.4269     % 
LB close or above UB, fathomed
4849   107    30         125.8509   127.6467   1.4269     % 
LB close or above UB, fathomed
4850   106    30         125.8509   127.6467   1.4269     % 
LB close or above UB, fathomed
4851   105    28         125.8509   127.6467   1.4269     % 
LB close or above UB, fathomed
4852   104    28         125.8509   127.6467   1.4269     % 
UB: 127.64666221628838
branching on 1 with b.
4853   105    29         125.8509   127.6467   1.4269     % 
LB close or above UB, fathomed
4854   104    29         125.8509   127.6467   1.4269     % 
UB: 127.64666221628838
branching on 2 with b.
4855   105    30         125.8509   127.6467   1.4269     % 
LB close or above UB, fathomed
4856   104    30         125.8509   127.6467   1.4269     % 
LB close or above UB, fathomed
4857   103    28         125.8509   127.6467   1.4269     % 
LB close or above UB, fathomed
4858   102    28         125.8509   127.6467   1.4269     % 
UB: 127.64666221628838
branching on 1 with b.
4859   103    29         125.8509   127.6467   1.4269     % 
UB: 127.64666221628838
branching on 2 with b.
4860   104    30         125.8509   127.6467   1.4269     % 
LB close or above UB, fathomed
4861   103    30         125.8509   127.6467   1.4269     % 
LB close or above UB, fathomed
4862   102    29         125.8509   127.6467   1.4269     % 
LB close or above UB, fathomed
4863   101    24         125.8509   127.6467   1.4269     % 
LB close or above UB, fathomed
4864   100    24         125.8509   127.6467   1.4269     % 
LB close or above UB, fathomed
4865   99     24         125.8509   127.6467   1.4269     % 
LB close or above UB, fathomed
4866   98     24         125.8509   127.6467   1.4269     % 
LB close or above UB, fathomed
4867   97     26         125.8509   127.6467   1.4269     % 
LB close or above UB, fathomed
4868   96     26         125.8509   127.6467   1.4269     % 
LB close or above UB, fathomed
4869   95     26         125.8509   127.6467   1.4269     % 
LB close or above UB, fathomed
4870   94     26         125.8509   127.6467   1.4269     % 
LB close or above UB, fathomed
4871   93     31         125.8509   127.6467   1.4269     % 
LB close or above UB, fathomed
4872   92     31         125.8509   127.6467   1.4269     % 
LB close or above UB, fathomed
4873   91     31         125.8509   127.6467   1.4269     % 
UB: 127.64666221628838
branching on 1 with b.
4874   92     32         125.8509   127.6467   1.4269     % 
UB: 127.64666221628838
branching on 2 with b.
4875   93     33         125.8509   127.6467   1.4269     % 
LB close or above UB, fathomed
4876   92     33         125.8509   127.6467   1.4269     % 
LB close or above UB, fathomed
4877   91     32         125.8509   127.6467   1.4269     % 
LB close or above UB, fathomed
4878   90     31         125.8509   127.6467   1.4269     % 
LB close or above UB, fathomed
4879   89     30         125.8509   127.6467   1.4269     % 
LB close or above UB, fathomed
4880   88     30         125.8509   127.6467   1.4269     % 
LB close or above UB, fathomed
4881   87     31         125.8509   127.6467   1.4269     % 
UB: 127.64666221628838
branching on 1 with b.
4882   88     32         125.8509   127.6467   1.4269     % 
LB close or above UB, fathomed
4883   87     32         125.8509   127.6467   1.4269     % 
UB: 127.64666221628838
branching on 2 with b.
4884   88     33         125.8509   127.6467   1.4269     % 
LB close or above UB, fathomed
4885   87     33         125.8509   127.6467   1.4269     % 
LB close or above UB, fathomed
4886   86     31         125.8509   127.6467   1.4269     % 
UB: 127.64666221628838
branching on 1 with b.
4887   87     32         125.8509   127.6467   1.4269     % 
LB close or above UB, fathomed
4888   86     32         125.8509   127.6467   1.4269     % 
UB: 127.64666221628838
branching on 2 with b.
4889   87     33         125.8509   127.6467   1.4269     % 
LB close or above UB, fathomed
4890   86     33         125.8509   127.6467   1.4269     % 
LB close or above UB, fathomed
4891   85     31         125.8509   127.6467   1.4269     % 
LB close or above UB, fathomed
4892   84     31         125.8509   127.6467   1.4269     % 
UB: 127.64666221628838
branching on 1 with b.
4893   85     32         125.8509   127.6467   1.4269     % 
UB: 127.64666221628838
branching on 2 with b.
4894   86     33         125.8509   127.6467   1.4269     % 
LB close or above UB, fathomed
4895   85     33         125.8509   127.6467   1.4269     % 
LB close or above UB, fathomed
4896   84     32         125.8509   127.6467   1.4269     % 
LB close or above UB, fathomed
4897   83     31         125.8509   127.6467   1.4269     % 
UB: 127.64666221628838
branching on 1 with b.
4898   84     32         125.8509   127.6467   1.4269     % 
UB: 127.64666221628838
branching on 2 with b.
4899   85     33         125.8509   127.6467   1.4269     % 
LB close or above UB, fathomed
4900   84     33         125.8509   127.6467   1.4269     % 
LB close or above UB, fathomed
4901   83     32         125.8509   127.6467   1.4269     % 
LB close or above UB, fathomed
4902   82     31         125.8509   127.6467   1.4269     % 
LB close or above UB, fathomed
4903   81     31         125.8509   127.6467   1.4269     % 
UB: 127.64666221628838
branching on 1 with b.
4904   82     32         125.8509   127.6467   1.4269     % 
UB: 127.64666221628838
branching on 2 with b.
4905   83     33         125.8509   127.6467   1.4269     % 
LB close or above UB, fathomed
4906   82     33         125.8509   127.6467   1.4269     % 
LB close or above UB, fathomed
4907   81     32         125.8509   127.6467   1.4269     % 
UB: 127.64666221628838
branching on 2 with b.
4908   82     33         125.8509   127.6467   1.4269     % 
LB close or above UB, fathomed
4909   81     33         125.8509   127.6467   1.4269     % 
LB close or above UB, fathomed
4910   80     31         125.8509   127.6467   1.4269     % 
UB: 127.64666221628838
branching on 1 with b.
4911   81     32         125.8509   127.6467   1.4269     % 
UB: 127.64666221628838
branching on 2 with b.
4912   82     33         125.8509   127.6467   1.4269     % 
LB close or above UB, fathomed
4913   81     33         125.8509   127.6467   1.4269     % 
LB close or above UB, fathomed
4914   80     32         125.8509   127.6467   1.4269     % 
UB: 127.64666221628838
branching on 2 with b.
4915   81     33         125.8509   127.6467   1.4269     % 
LB close or above UB, fathomed
4916   80     33         125.8509   127.6467   1.4269     % 
LB close or above UB, fathomed
4917   79     31         125.8509   127.6467   1.4269     % 
LB close or above UB, fathomed
4918   78     31         125.8509   127.6467   1.4269     % 
LB close or above UB, fathomed
4919   77     31         125.8509   127.6467   1.4269     % 
UB: 127.64666221628838
branching on 1 with b.
4920   78     32         125.8509   127.6467   1.4269     % 
UB: 127.64666221628838
branching on 2 with b.
4921   79     33         125.8509   127.6467   1.4269     % 
LB close or above UB, fathomed
4922   78     33         125.8509   127.6467   1.4269     % 
LB close or above UB, fathomed
4923   77     32         125.8509   127.6467   1.4269     % 
UB: 127.64666221628838
branching on 2 with b.
4924   78     33         125.8509   127.6467   1.4269     % 
LB close or above UB, fathomed
4925   77     33         125.8509   127.6467   1.4269     % 
LB close or above UB, fathomed
4926   76     31         125.8509   127.6467   1.4269     % 
UB: 127.64666221628838
branching on 1 with b.
4927   77     32         125.8509   127.6467   1.4269     % 
UB: 127.64666221628838
branching on 2 with b.
4928   78     33         125.8509   127.6467   1.4269     % 
LB close or above UB, fathomed
4929   77     33         125.8509   127.6467   1.4269     % 
LB close or above UB, fathomed
4930   76     32         125.8509   127.6467   1.4269     % 
UB: 127.64666221628838
branching on 2 with b.
4931   77     33         125.8509   127.6467   1.4269     % 
LB close or above UB, fathomed
4932   76     33         125.8509   127.6467   1.4269     % 
LB close or above UB, fathomed
4933   75     31         125.8509   127.6467   1.4269     % 
UB: 127.64666221628838
branching on 1 with b.
4934   76     32         125.8509   127.6467   1.4269     % 
UB: 127.64666221628838
branching on 2 with b.
4935   77     33         125.8509   127.6467   1.4269     % 
LB close or above UB, fathomed
4936   76     33         125.8509   127.6467   1.4269     % 
LB close or above UB, fathomed
4937   75     32         125.8509   127.6467   1.4269     % 
UB: 127.64666221628838
branching on 2 with b.
4938   76     33         125.8509   127.6467   1.4269     % 
LB close or above UB, fathomed
4939   75     33         125.8509   127.6467   1.4269     % 
LB close or above UB, fathomed
4940   74     31         125.8509   127.6467   1.4269     % 
UB: 127.64666221628838
branching on 1 with b.
4941   75     32         125.8509   127.6467   1.4269     % 
UB: 127.64666221628838
branching on 2 with b.
4942   76     33         125.8509   127.6467   1.4269     % 
LB close or above UB, fathomed
4943   75     33         125.8509   127.6467   1.4269     % 
LB close or above UB, fathomed
4944   74     32         125.8509   127.6467   1.4269     % 
UB: 127.64666221628838
branching on 2 with b.
4945   75     33         125.8509   127.6467   1.4269     % 
LB close or above UB, fathomed
4946   74     33         125.8509   127.6467   1.4269     % 
LB close or above UB, fathomed
4947   73     31         125.8509   127.6467   1.4269     % 
UB: 127.64666221628838
branching on 1 with b.
4948   74     32         125.8509   127.6467   1.4269     % 
LB close or above UB, fathomed
4949   73     32         125.8509   127.6467   1.4269     % 
UB: 127.64666221628838
branching on 2 with b.
4950   74     33         125.8509   127.6467   1.4269     % 
LB close or above UB, fathomed
4951   73     33         125.8509   127.6467   1.4269     % 
LB close or above UB, fathomed
4952   72     31         125.8509   127.6467   1.4269     % 
LB close or above UB, fathomed
4953   71     31         125.8509   127.6467   1.4269     % 
LB close or above UB, fathomed
4954   70     31         125.8509   127.6467   1.4269     % 
UB: 127.64666221628838
branching on 1 with b.
4955   71     32         125.8509   127.6467   1.4269     % 
LB close or above UB, fathomed
4956   70     32         125.8509   127.6467   1.4269     % 
UB: 127.64666221628838
branching on 2 with b.
4957   71     33         125.8509   127.6467   1.4269     % 
LB close or above UB, fathomed
4958   70     33         125.8509   127.6467   1.4269     % 
LB close or above UB, fathomed
4959   69     31         125.8509   127.6467   1.4269     % 
UB: 127.64666221628838
branching on 1 with b.
4960   70     32         125.8509   127.6467   1.4269     % 
UB: 127.64666221628838
branching on 2 with b.
4961   71     33         125.8509   127.6467   1.4269     % 
LB close or above UB, fathomed
4962   70     33         125.8509   127.6467   1.4269     % 
LB close or above UB, fathomed
4963   69     32         125.8509   127.6467   1.4269     % 
UB: 127.64666221628838
branching on 2 with b.
4964   70     33         125.8509   127.6467   1.4269     % 
LB close or above UB, fathomed
4965   69     33         125.8509   127.6467   1.4269     % 
LB close or above UB, fathomed
4966   68     31         125.8509   127.6467   1.4269     % 
LB close or above UB, fathomed
4967   67     31         125.8509   127.6467   1.4269     % 
UB: 127.64666221628838
branching on 1 with b.
4968   67     32         125.8509   127.6467   1.4269     % 
UB: 127.64666221628838
branching on 2 with b.
4969   68     33         125.8509   127.6467   1.4269     % 
LB close or above UB, fathomed
4970   67     33         125.8509   127.6467   1.4269     % 
LB close or above UB, fathomed
4971   66     31         125.8509   127.6467   1.4269     % 
LB close or above UB, fathomed
4972   65     31         125.8509   127.6467   1.4269     % 
UB: 127.64666221628838
branching on 1 with b.
4973   66     32         125.8509   127.6467   1.4269     % 
LB close or above UB, fathomed
4974   65     32         125.8509   127.6467   1.4269     % 
UB: 127.64666221628838
branching on 2 with b.
4975   66     33         125.8509   127.6467   1.4269     % 
LB close or above UB, fathomed
4976   65     33         125.8509   127.6467   1.4269     % 
LB close or above UB, fathomed
4977   64     31         125.8509   127.6467   1.4269     % 
LB close or above UB, fathomed
4978   63     31         125.8509   127.6467   1.4269     % 
LB close or above UB, fathomed
4979   62     31         125.8509   127.6467   1.4269     % 
UB: 127.64666221628838
branching on 1 with b.
4980   63     32         125.8509   127.6467   1.4269     % 
LB close or above UB, fathomed
4981   62     32         125.8509   127.6467   1.4269     % 
UB: 127.64666221628838
branching on 2 with b.
4982   63     33         125.8509   127.6467   1.4269     % 
LB close or above UB, fathomed
4983   62     33         125.8509   127.6467   1.4269     % 
LB close or above UB, fathomed
4984   61     31         125.8509   127.6467   1.4269     % 
UB: 127.64666221628838
branching on 1 with b.
4985   61     32         125.8509   127.6467   1.4269     % 
UB: 127.64666221628838
branching on 2 with b.
4986   62     33         125.8509   127.6467   1.4269     % 
LB close or above UB, fathomed
4987   61     33         125.8509   127.6467   1.4269     % 
LB close or above UB, fathomed
4988   60     31         125.8509   127.6467   1.4269     % 
UB: 127.64666221628838
branching on 1 with b.
4989   60     32         125.8509   127.6467   1.4269     % 
UB: 127.64666221628838
branching on 2 with b.
4990   61     33         125.8509   127.6467   1.4269     % 
LB close or above UB, fathomed
4991   60     33         125.8509   127.6467   1.4269     % 
LB close or above UB, fathomed
4992   59     31         125.8509   127.6467   1.4269     % 
LB close or above UB, fathomed
4993   58     31         125.8509   127.6467   1.4269     % 
UB: 127.64666221628838
branching on 1 with b.
4994   59     32         125.8509   127.6467   1.4269     % 
LB close or above UB, fathomed
4995   58     32         125.8509   127.6467   1.4269     % 
UB: 127.64666221628838
branching on 2 with b.
4996   59     33         125.8509   127.6467   1.4269     % 
LB close or above UB, fathomed
4997   58     33         125.8509   127.6467   1.4269     % 
LB close or above UB, fathomed
4998   57     31         125.8509   127.6467   1.4269     % 
LB close or above UB, fathomed
4999   56     31         125.8509   127.6467   1.4269     % 
LB close or above UB, fathomed
5000   55     31         125.8509   127.6467   1.4269     % 
LB close or above UB, fathomed
5001   54     31         125.8509   127.6467   1.4269     % 
UB: 127.64666221628838
branching on 1 with b.
5002   55     32         125.8509   127.6467   1.4269     % 
UB: 127.64666221628838
branching on 2 with b.
5003   56     33         125.8509   127.6467   1.4269     % 
LB close or above UB, fathomed
5004   55     33         125.8509   127.6467   1.4269     % 
LB close or above UB, fathomed
5005   54     32         125.8509   127.6467   1.4269     % 
UB: 127.64666221628838
branching on 2 with b.
5006   55     33         125.8509   127.6467   1.4269     % 
LB close or above UB, fathomed
5007   54     33         125.8509   127.6467   1.4269     % 
LB close or above UB, fathomed
5008   53     28         125.8509   127.6467   1.4269     % 
UB: 127.64666221628838
branching on 1 with b.
5009   54     29         125.8509   127.6467   1.4269     % 
UB: 127.64666221628838
branching on 2 with b.
5010   55     30         125.8509   127.6467   1.4269     % 
LB close or above UB, fathomed
5011   54     30         125.8509   127.6467   1.4269     % 
LB close or above UB, fathomed
5012   53     29         125.8509   127.6467   1.4269     % 
LB close or above UB, fathomed
5013   52     28         125.8509   127.6467   1.4269     % 
LB close or above UB, fathomed
5014   51     28         125.8509   127.6467   1.4269     % 
LB close or above UB, fathomed
5015   50     28         125.8509   127.6467   1.4269     % 
UB: 127.64666221628838
branching on 1 with b.
5016   51     29         125.8509   127.6467   1.4269     % 
LB close or above UB, fathomed
5017   50     29         125.8509   127.6467   1.4269     % 
LB close or above UB, fathomed
5018   49     30         125.8509   127.6467   1.4269     % 
LB close or above UB, fathomed
5019   48     30         125.8509   127.6467   1.4269     % 
LB close or above UB, fathomed
5020   47     25         125.8509   127.6467   1.4269     % 
LB close or above UB, fathomed
5021   46     25         125.8509   127.6467   1.4269     % 
UB: 127.64666221628838
branching on 1 with b.
5022   47     26         125.8509   127.6467   1.4269     % 
LB close or above UB, fathomed
5023   46     26         125.8509   127.6467   1.4269     % 
LB close or above UB, fathomed
5024   45     30         125.8509   127.6467   1.4269     % 
LB close or above UB, fathomed
5025   44     30         125.8509   127.6467   1.4269     % 
LB close or above UB, fathomed
5026   43     29         125.8509   127.6467   1.4269     % 
LB close or above UB, fathomed
5027   42     29         125.8509   127.6467   1.4269     % 
LB close or above UB, fathomed
5028   41     30         125.8509   127.6467   1.4269     % 
LB close or above UB, fathomed
5029   40     30         125.8509   127.6467   1.4269     % 
LB close or above UB, fathomed
5030   39     33         125.8509   127.6467   1.4269     % 
LB close or above UB, fathomed
5031   38     33         125.8509   127.6467   1.4269     % 
LB close or above UB, fathomed
5032   37     30         125.8509   127.6467   1.4269     % 
LB close or above UB, fathomed
5033   36     30         125.8509   127.6467   1.4269     % 
LB close or above UB, fathomed
5034   35     33         125.8509   127.6467   1.4269     % 
LB close or above UB, fathomed
5035   34     33         125.8509   127.6467   1.4269     % 
LB close or above UB, fathomed
5036   33     29         125.8509   127.6467   1.4269     % 
LB close or above UB, fathomed
5037   32     29         125.8509   127.6467   1.4269     % 
LB close or above UB, fathomed
5038   31     29         125.8509   127.6467   1.4269     % 
LB close or above UB, fathomed
5039   30     29         125.8509   127.6467   1.4269     % 
LB close or above UB, fathomed
5040   29     26         125.8509   127.6467   1.4269     % 
LB close or above UB, fathomed
5041   28     26         125.8509   127.6467   1.4269     % 
LB close or above UB, fathomed
5042   27     25         125.8509   127.6467   1.4269     % 
LB close or above UB, fathomed
5043   26     25         125.8509   127.6467   1.4269     % 
LB close or above UB, fathomed
5044   25     24         125.8509   127.6467   1.4269     % 
LB close or above UB, fathomed
5045   24     24         125.8509   127.6467   1.4269     % 
LB close or above UB, fathomed
5046   23     26         125.8509   127.6467   1.4269     % 
LB close or above UB, fathomed
5047   22     26         125.8509   127.6467   1.4269     % 
LB close or above UB, fathomed
5048   21     28         125.8509   127.6467   1.4269     % 
UB: 127.64666221628838
branching on 1 with b.
5049   22     29         125.8509   127.6467   1.4269     % 
UB: 127.64666221628838
branching on 2 with b.
5050   23     30         125.8509   127.6467   1.4269     % 
LB close or above UB, fathomed
5051   22     30         125.8509   127.6467   1.4269     % 
LB close or above UB, fathomed
5052   21     29         125.8509   127.6467   1.4269     % 
LB close or above UB, fathomed
5053   20     28         125.8509   127.6467   1.4269     % 
UB: 127.64666221628838
branching on 1 with b.
5054   21     29         125.8509   127.6467   1.4269     % 
UB: 127.64666221628838
branching on 2 with b.
5055   22     30         125.8509   127.6467   1.4269     % 
LB close or above UB, fathomed
5056   21     30         125.8509   127.6467   1.4269     % 
LB close or above UB, fathomed
5057   20     29         125.8509   127.6467   1.4269     % 
LB close or above UB, fathomed
5058   19     30         125.8509   127.6467   1.4269     % 
LB close or above UB, fathomed
5059   18     30         125.8509   127.6467   1.4269     % 
LB close or above UB, fathomed
5060   17     31         125.8509   127.6467   1.4269     % 
UB: 127.64666221628838
branching on 1 with b.
5061   18     32         125.8509   127.6467   1.4269     % 
LB close or above UB, fathomed
5062   17     32         125.8509   127.6467   1.4269     % 
UB: 127.64666221628838
branching on 2 with b.
5063   18     33         125.8509   127.6467   1.4269     % 
LB close or above UB, fathomed
5064   17     33         125.8509   127.6467   1.4269     % 
LB close or above UB, fathomed
5065   16     31         125.8509   127.6467   1.4269     % 
UB: 127.64666221628838
branching on 1 with b.
5066   17     32         125.8509   127.6467   1.4269     % 
LB close or above UB, fathomed
5067   16     32         125.8509   127.6467   1.4269     % 
UB: 127.64666221628838
branching on 2 with b.
5068   17     33         125.8509   127.6467   1.4269     % 
LB close or above UB, fathomed
5069   16     33         125.8509   127.6467   1.4269     % 
LB close or above UB, fathomed
5070   15     31         125.8509   127.6467   1.4269     % 
UB: 127.64666221628838
branching on 1 with b.
5071   16     32         125.8509   127.6467   1.4269     % 
LB close or above UB, fathomed
5072   15     32         125.8509   127.6467   1.4269     % 
UB: 127.64666221628838
branching on 2 with b.
5073   16     33         125.8509   127.6467   1.4269     % 
LB close or above UB, fathomed
5074   15     33         125.8509   127.6467   1.4269     % 
LB close or above UB, fathomed
5075   14     31         125.8509   127.6467   1.4269     % 
UB: 127.64666221628838
branching on 1 with b.
5076   15     32         125.8509   127.6467   1.4269     % 
LB close or above UB, fathomed
5077   14     32         125.8509   127.6467   1.4269     % 
UB: 127.64666221628838
branching on 2 with b.
5078   15     33         125.8509   127.6467   1.4269     % 
LB close or above UB, fathomed
5079   14     33         125.8509   127.6467   1.4269     % 
LB close or above UB, fathomed
5080   13     31         125.8509   127.6467   1.4269     % 
UB: 127.64666221628838
branching on 1 with b.
5081   14     32         125.8509   127.6467   1.4269     % 
LB close or above UB, fathomed
5082   13     32         125.8509   127.6467   1.4269     % 
UB: 127.64666221628838
branching on 2 with b.
5083   14     33         125.8509   127.6467   1.4269     % 
LB close or above UB, fathomed
5084   13     33         125.8509   127.6467   1.4269     % 
LB close or above UB, fathomed
5085   12     31         125.8509   127.6467   1.4269     % 
UB: 127.64666221628838
branching on 1 with b.
5086   13     32         125.8509   127.6467   1.4269     % 
LB close or above UB, fathomed
5087   12     32         125.8509   127.6467   1.4269     % 
UB: 127.64666221628838
branching on 2 with b.
5088   13     33         125.8509   127.6467   1.4269     % 
LB close or above UB, fathomed
5089   12     33         125.8509   127.6467   1.4269     % 
LB close or above UB, fathomed
5090   11     27         125.8509   127.6467   1.4269     % 
UB: 127.64666221628838
branching on 1 with b.
5091   12     28         125.8509   127.6467   1.4269     % 
LB close or above UB, fathomed
5092   11     28         125.8509   127.6467   1.4269     % 
LB close or above UB, fathomed
5093   10     27         125.8509   127.6467   1.4269     % 
LB close or above UB, fathomed
5094   9      31         125.8509   127.6467   1.4269     % 
LB close or above UB, fathomed
5095   8      31         125.8509   127.6467   1.4269     % 
LB close or above UB, fathomed
5096   7      28         125.8509   127.6467   1.4269     % 
LB close or above UB, fathomed
5097   6      28         125.8509   127.6467   1.4269     % 
LB close or above UB, fathomed
5098   5      25         125.8509   127.6467   1.4269     % 
LB close or above UB, fathomed
5099   4      25         125.8509   127.6467   1.4269     % 
LB close or above UB, fathomed
5100   3      21         125.8509   127.6467   1.4269     % 
UB: 127.64666221628838
branching on 1 with b.
5101   4      22         125.8509   127.6467   1.4269     % 
LB close or above UB, fathomed
5102   3      22         125.8509   127.6467   1.4269     % 
UB: 127.64666221628838
branching on 2 with b.
5103   4      23         125.8509   127.6467   1.4269     % 
LB close or above UB, fathomed
5104   3      23         125.8509   127.6467   1.4269     % 
UB: 127.64666221628838
branching on 3 with b.
5105   4      24         125.8509   127.6467   1.4269     % 
UB: 127.64666221628838
branching on 1 with b.
5106   5      25         125.8509   127.6467   1.4269     % 
LB close or above UB, fathomed
5107   4      25         125.8509   127.6467   1.4269     % 
LB close or above UB, fathomed
5108   3      24         125.8509   127.6467   1.4269     % 
LB close or above UB, fathomed
5109   2      21         125.8509   127.6467   1.4269     % 
LB close or above UB, fathomed
5110   1      17         126.2726   127.6467   1.0882     % 
LB close or above UB, fathomed
5111   0      17         126.2726   127.6467   1.0882     % 
LB close or above UB, fathomed
all node solved
solved nodes:  5112
5112                                                  1.2760e+02     1.2765e+02     0.0392  % 
4×3 Matrix{Float64}:
 1.0  0.0  0.0
 0.0  1.0  0.0
 0.0  0.0  1.0
 0.0  0.0  0.0
3-element Vector{Float64}:
 0.5639186030375762
 0.7102869857030577
 0.14851628616588625
2×7 Matrix{Float64}:
 0.0  0.0  0.0  0.0  1.0  1.0  1.0
 0.0  0.0  0.0  1.0  0.0  0.0  0.0
3-element Vector{Float64}:
 1.0
 1.0
 1.0
4×3 Matrix{Float64}:
 0.0  1.0  1.0
 1.0  0.0  0.0
 0.0  0.0  0.0
 0.0  0.0  0.0
3-element Vector{Float64}:
 0.7102929367818177
 0.5637859173676874
 0.2900102204686652
2×7 Matrix{Float64}:
 0.0  0.0  0.0  0.0  1.0  0.0  1.0
 0.0  0.0  0.0  1.0  0.0  1.0  0.0
3-element Vector{Float64}:
 1.0
 1.0
 1.0
comparison (CRT and Glb)on prediction: Dict{Bool, Int64}(0 => 11, 1 => 326)
Dataname	 time	 objv	 lb	 gap	 train_w	 train_g	 test_w	 test_g
banknote_877.banknote	 230.17	 127.64666221628838	 127.597	 0.0004	 90.179	 92.956	 88.724	 91.988
