Running 6 processes.
Start training body_264.body with seed 1.
Any[]
(5, 497)
(5, 248)
(5, 124)
(5, 125)
dimension: 5, class: 2
cart cost: 66.15781250000002
size of X: (5, 372)
ngroups: 12
UB: 58.39218749999999
Iter	left	lev	LB	UB	gap	
0      0      1          7.8620     58.3922    642.7163   % 
UB: 58.39218749999999
branching on 1 with d.
1      1      2          7.8620     58.3922    642.7163   % 
LB close or above UB, fathomed
2      0      2          7.8620     58.3922    642.7163   % 
UB: 58.39218749999999
branching on 2 with d.
3      1      3          7.8620     58.3922    642.7163   % 
UB: 58.39218749999999
branching on 3 with d.
4      2      3          7.8620     58.3922    642.7163   % 
UB: 58.39218749999999
branching on 3 with d.
5      3      4          7.8741     58.3922    641.5695   % 
UB: 58.39218749999999
branching on CartesianIndex(1, 1) with a.
6      4      4          7.8741     58.3922    641.5695   % 
UB: 58.39218749999999
branching on CartesianIndex(1, 1) with a.
7      5      5          7.8900     58.3922    640.0752   % 
UB: 58.39218749999999
branching on CartesianIndex(2, 1) with a.
8      6      6          7.8900     58.3922    640.0752   % 
UB: 58.39218749999999
branching on CartesianIndex(3, 1) with a.
9      7      6          7.8900     58.3922    640.0752   % 
UB: 58.39218749999999
branching on 1 with b.
10     8      5          7.8900     58.3922    640.0752   % 
UB: 58.39218749999999
branching on CartesianIndex(1, 2) with a.
11     9      7          9.8314     58.3922    493.9332   % 
UB: 58.39218749999999
branching on 1 with b.
12     10     8          9.8314     58.3922    493.9332   % 
UB: 58.39218749999999
branching on CartesianIndex(4, 1) with a.
13     11     9          9.8314     58.3922    493.9332   % 
UB: 58.39218749999999
branching on CartesianIndex(1, 2) with a.
14     12     9          9.8314     58.3922    493.9332   % 
UB: 58.39218749999999
branching on CartesianIndex(1, 2) with a.
15     13     8          9.8314     58.3922    493.9332   % 
UB: 58.39218749999999
branching on CartesianIndex(4, 1) with a.
16     14     7          9.8314     58.3922    493.9332   % 
UB: 58.39218749999999
branching on CartesianIndex(1, 2) with a.
17     15     10         9.8570     58.3922    492.3946   % 
UB: 58.39218749999999
branching on 1 with b.
18     16     10         9.8570     58.3922    492.3946   % 
UB: 58.39218749999999
branching on 1 with b.
19     17     11         11.7984    58.3922    394.9169   % 
UB: 58.39218749999999
branching on CartesianIndex(2, 2) with a.
20     18     11         11.7984    58.3922    394.9169   % 
UB: 58.39218749999999
branching on 2 with b.
21     19     12         11.7984    58.3922    394.9169   % 
UB: 58.39218749999999
branching on 3 with b.
22     20     13         11.7984    58.3922    394.9169   % 
UB: 58.39218749999999
branching on CartesianIndex(2, 2) with a.
23     21     13         11.7984    58.3922    394.9169   % 
UB: 58.39218749999999
branching on CartesianIndex(2, 2) with a.
24     22     12         11.7984    58.3922    394.9169   % 
UB: 58.39218749999999
branching on CartesianIndex(2, 2) with a.
25     23     14         11.7984    58.3922    394.9146   % 
UB: 58.39218749999999
branching on CartesianIndex(3, 2) with a.
26     24     14         11.7984    58.3922    394.9146   % 
UB: 58.39218749999999
branching on 1 with b.
27     25     15         13.7398    58.3922    324.9844   % 
UB: 58.39218749999999
branching on CartesianIndex(4, 2) with a.
28     26     16         13.7398    58.3922    324.9844   % 
LB close or above UB, fathomed
29     25     16         13.7398    58.3922    324.9844   % 
UB: 58.39218749999999
branching on 1 with b.
30     26     17         13.7398    58.3922    324.9844   % 
UB: 58.39218749999999
branching on CartesianIndex(1, 3) with a.
31     27     17         13.7398    58.3922    324.9844   % 
UB: 58.39218749999999
branching on CartesianIndex(1, 3) with a.
32     28     15         13.7398    58.3922    324.9844   % 
UB: 58.39218749999999
branching on CartesianIndex(1, 3) with a.
33     29     10         15.6557    58.3922    272.9768   % 
UB: 58.39218749999999
branching on CartesianIndex(2, 2) with a.
34     30     11         15.6557    58.3922    272.9768   % 
UB: 58.39218749999999
branching on CartesianIndex(3, 2) with a.
35     31     11         15.6557    58.3922    272.9768   % 
UB: 58.39218749999999
branching on CartesianIndex(1, 3) with a.
36     32     10         15.6557    58.3922    272.9768   % 
UB: 58.39218749999999
branching on CartesianIndex(1, 3) with a.
37     33     14         15.6812    58.3922    272.3708   % 
UB: 58.39218749999999
branching on CartesianIndex(3, 2) with a.
38     34     14         15.6812    58.3922    272.3708   % 
UB: 58.39218749999999
branching on 1 with b.
39     35     15         17.6226    58.3922    231.3483   % 
UB: 58.39218749999999
branching on CartesianIndex(4, 2) with a.
40     36     16         17.6226    58.3922    231.3483   % 
LB close or above UB, fathomed
41     35     16         17.6226    58.3922    231.3483   % 
UB: 58.39218749999999
branching on CartesianIndex(1, 3) with a.
42     36     17         17.6226    58.3922    231.3483   % 
UB: 58.39218749999999
branching on CartesianIndex(2, 3) with a.
43     37     17         17.6226    58.3922    231.3483   % 
UB: 58.39218749999999
branching on 1 with b.
44     38     15         17.6226    58.3922    231.3483   % 
UB: 58.39218749999999
branching on CartesianIndex(1, 3) with a.
45     39     18         17.6227    58.3922    231.3473   % 
UB: 58.39218749999999
branching on CartesianIndex(2, 3) with a.
46     40     19         17.6227    58.3922    231.3473   % 
UB: 58.39218749999999
branching on CartesianIndex(3, 3) with a.
47     41     19         17.6227    58.3922    231.3473   % 
UB: 58.39218749999999
branching on 2 with b.
48     42     18         17.6227    58.3922    231.3473   % 
LB close or above UB, fathomed
49     41     7          19.5641    58.3922    198.4666   % 
UB: 58.39218749999999
branching on CartesianIndex(1, 2) with a.
50     42     7          19.5641    58.3922    198.4666   % 
UB: 58.39218749999999
branching on 1 with b.
51     43     18         20.8583    58.3922    179.9466   % 
UB: 58.39218749999999
branching on CartesianIndex(3, 3) with a.
52     44     18         20.8583    58.3922    179.9466   % 
UB: 58.39218749999999
branching on CartesianIndex(1, 4) with c.
53     45     12         21.4799    58.3922    171.8453   % 
UB: 58.39218749999999
branching on 1 with b.
54     46     12         21.4799    58.3922    171.8453   % 
UB: 58.39218749999999
branching on CartesianIndex(1, 3) with a.
55     47     11         21.5055    58.3922    171.5225   % 
UB: 58.39218749999999
branching on 2 with b.
56     48     11         21.5055    58.3922    171.5225   % 
UB: 58.39218749999999
branching on 2 with b.
57     49     12         21.5055    58.3922    171.5225   % 
UB: 58.39218749999999
branching on 3 with b.
58     50     13         21.5055    58.3922    171.5225   % 
UB: 58.39218749999999
branching on 1 with b.
59     51     13         21.5055    58.3922    171.5225   % 
UB: 58.39218749999999
branching on 1 with b.
60     52     12         21.5055    58.3922    171.5225   % 
LB close or above UB, fathomed
61     51     8          21.5055    58.3922    171.5225   % 
UB: 58.39218749999999
branching on 1 with b.
62     52     9          21.5055    58.3922    171.5225   % 
UB: 58.39218749999999
branching on CartesianIndex(2, 2) with a.
63     53     9          21.5055    58.3922    171.5225   % 
UB: 58.39218749999999
branching on 1 with b.
64     54     8          21.5055    58.3922    171.5225   % 
UB: 58.39218749999999
branching on 1 with b.
65     55     10         23.4469    58.3922    149.0404   % 
UB: 58.39218749999999
branching on 1 with b.
66     56     11         23.4469    58.3922    149.0404   % 
UB: 58.39218749999999
branching on CartesianIndex(3, 2) with a.
67     57     11         23.4469    58.3922    149.0404   % 
UB: 58.39218749999999
branching on CartesianIndex(3, 2) with a.
68     58     12         23.4469    58.3922    149.0404   % 
UB: 58.39218749999999
branching on CartesianIndex(4, 2) with a.
69     59     13         23.4469    58.3922    149.0404   % 
UB: 58.39218749999999
branching on CartesianIndex(1, 3) with a.
70     60     13         23.4469    58.3922    149.0404   % 
UB: 58.39218749999999
branching on CartesianIndex(1, 3) with a.
71     61     12         23.4469    58.3922    149.0404   % 
UB: 58.39218749999999
branching on CartesianIndex(1, 3) with a.
72     62     10         23.4469    58.3922    149.0404   % 
UB: 58.39218749999999
branching on CartesianIndex(1, 3) with a.
73     63     14         23.4469    58.3922    149.0404   % 
UB: 58.39218749999999
branching on CartesianIndex(1, 3) with a.
74     64     14         23.4469    58.3922    149.0404   % 
UB: 58.39218749999999
branching on CartesianIndex(1, 3) with a.
75     65     12         23.4469    58.3922    149.0404   % 
UB: 58.39218749999999
branching on 1 with b.
76     66     13         23.4469    58.3922    149.0404   % 
UB: 58.39218749999999
branching on CartesianIndex(2, 3) with a.
77     67     13         23.4469    58.3922    149.0404   % 
UB: 58.39218749999999
branching on CartesianIndex(2, 3) with a.
78     68     14         23.4469    58.3922    149.0404   % 
UB: 58.39218749999999
branching on CartesianIndex(3, 3) with a.
79     69     14         23.4469    58.3922    149.0404   % 
UB: 58.39218749999999
branching on 2 with b.
80     70     12         23.4469    58.3922    149.0404   % 
UB: 58.39218749999999
branching on 1 with b.
81     71     16         23.4469    58.3922    149.0404   % 
UB: 58.39218749999999
branching on CartesianIndex(2, 3) with a.
82     72     17         23.4469    58.3922    149.0404   % 
UB: 58.39218749999999
branching on CartesianIndex(3, 3) with a.
83     73     17         23.4469    58.3922    149.0404   % 
UB: 58.39218749999999
branching on 1 with b.
84     74     16         23.4469    58.3922    149.0404   % 
UB: 58.39218749999999
branching on CartesianIndex(1, 4) with c.
85     75     6          23.4469    58.3922    149.0404   % 
UB: 58.39218749999999
branching on CartesianIndex(2, 2) with a.
86     76     7          23.4469    58.3922    149.0404   % 
UB: 58.39218749999999
branching on CartesianIndex(3, 2) with a.
87     77     8          23.4469    58.3922    149.0404   % 
UB: 58.39218749999999
branching on CartesianIndex(4, 2) with a.
88     78     8          23.4469    58.3922    149.0404   % 
UB: 58.39218749999999
branching on 1 with b.
89     79     7          23.4469    58.3922    149.0404   % 
UB: 58.39218749999999
branching on 1 with b.
90     80     6          23.4469    58.3922    149.0404   % 
UB: 58.39218749999999
branching on CartesianIndex(1, 3) with a.
91     81     13         25.3716    58.3922    130.1476   % 
UB: 58.39218749999999
branching on 1 with b.
92     82     14         25.3716    58.3922    130.1476   % 
UB: 58.39218749999999
branching on 2 with b.
93     83     14         25.3716    58.3922    130.1476   % 
UB: 58.39218749999999
branching on CartesianIndex(2, 3) with a.
94     84     15         25.3716    58.3922    130.1476   % 
UB: 58.39218749999999
branching on CartesianIndex(3, 3) with a.
95     85     15         25.3716    58.3922    130.1476   % 
UB: 58.39218749999999
branching on 2 with b.
96     86     13         25.3716    58.3922    130.1476   % 
LB close or above UB, fathomed
97     85     13         25.3794    58.3922    130.0770   % 
UB: 58.39218749999999
branching on 2 with b.
98     86     13         25.3794    58.3922    130.0770   % 
UB: 58.39218749999999
branching on 2 with b.
99     87     14         25.3794    58.3922    130.0770   % 
UB: 58.39218749999999
branching on CartesianIndex(4, 2) with a.
100    88     14         25.3794    58.3922    130.0770   % 
UB: 58.39218749999999
branching on CartesianIndex(4, 2) with a.
101    89     15         25.3883    58.3922    129.9966   % 
UB: 58.39218749999999
branching on CartesianIndex(2, 3) with a.
102    90     16         25.3883    58.3922    129.9966   % 
UB: 58.39218749999999
branching on CartesianIndex(3, 3) with a.
103    91     16         25.3883    58.3922    129.9966   % 
LB close or above UB, fathomed
104    90     15         25.3883    58.3922    129.9966   % 
LB close or above UB, fathomed
105    89     14         25.3883    58.3922    129.9966   % 
UB: 58.39218749999999
branching on 2 with b.
106    90     15         25.3883    58.3922    129.9966   % 
UB: 58.39218749999999
branching on CartesianIndex(2, 3) with a.
107    91     16         25.3883    58.3922    129.9966   % 
UB: 58.39218749999999
branching on CartesianIndex(3, 3) with a.
108    92     16         25.3883    58.3922    129.9966   % 
UB: 58.39218749999999
branching on 3 with b.
109    93     15         25.3883    58.3922    129.9966   % 
UB: 58.39218749999999
branching on CartesianIndex(2, 3) with a.
110    94     14         25.3883    58.3922    129.9966   % 
UB: 58.39218749999999
branching on 2 with b.
111    95     8          25.3883    58.3922    129.9966   % 
UB: 58.39218749999999
branching on CartesianIndex(2, 2) with a.
112    96     9          25.3883    58.3922    129.9966   % 
UB: 58.39218749999999
branching on 1 with b.
113    97     9          25.3883    58.3922    129.9966   % 
UB: 58.39218749999999
branching on CartesianIndex(1, 3) with a.
114    98     10         25.3883    58.3922    129.9966   % 
UB: 58.39218749999999
branching on CartesianIndex(2, 3) with a.
115    99     10         25.3883    58.3922    129.9966   % 
LB close or above UB, fathomed
116    98     8          25.3883    58.3922    129.9966   % 
UB: 58.39218749999999
branching on 1 with b.
117    99     18         25.3883    58.3922    129.9966   % 
UB: 58.39218749999999
branching on CartesianIndex(2, 3) with a.
118    100    18         25.3883    58.3922    129.9966   % 
UB: 58.39218749999999
branching on CartesianIndex(1, 4) with c.
119    101    15         27.3208    58.3922    113.7279   % 
UB: 58.39218749999999
branching on 3 with b.
120    102    15         27.3208    58.3922    113.7279   % 
UB: 58.39218749999999
branching on 3 with b.
121    103    19         27.3297    58.3922    113.6585   % 
UB: 58.39218749999999
branching on 2 with b.
122    104    19         27.3297    58.3922    113.6585   % 
UB: 58.39218749999999
branching on 2 with b.
123    105    11         27.3297    58.3922    113.6585   % 
UB: 58.39218749999999
branching on 1 with b.
124    106    11         27.3297    58.3922    113.6585   % 
LB close or above UB, fathomed
125    105    9          27.3297    58.3922    113.6585   % 
UB: 58.39218749999999
branching on 1 with b.
126    106    10         27.3297    58.3922    113.6585   % 
UB: 58.39218749999999
branching on CartesianIndex(1, 3) with a.
127    107    10         27.3297    58.3922    113.6585   % 
UB: 58.39218749999999
branching on CartesianIndex(1, 3) with a.
128    108    11         27.3297    58.3922    113.6585   % 
UB: 58.39218749999999
branching on 2 with b.
129    109    11         27.3297    58.3922    113.6585   % 
UB: 58.39218749999999
branching on 2 with b.
130    110    9          27.3297    58.3922    113.6585   % 
LB close or above UB, fathomed
131    109    10         27.3297    58.3922    113.6585   % 
UB: 58.39218749999999
branching on 2 with b.
132    110    10         27.3297    58.3922    113.6585   % 
LB close or above UB, fathomed
133    109    14         27.3297    58.3922    113.6585   % 
UB: 58.39218749999999
branching on CartesianIndex(1, 3) with a.
134    110    14         27.3297    58.3922    113.6585   % 
UB: 58.39218749999999
branching on CartesianIndex(1, 3) with a.
135    111    9          27.3297    58.3922    113.6585   % 
UB: 58.39218749999999
branching on CartesianIndex(1, 2) with a.
136    112    9          27.3297    58.3922    113.6585   % 
UB: 58.39218749999999
branching on 1 with b.
137    113    12         27.3744    58.3922    113.3098   % 
UB: 58.39218749999999
branching on CartesianIndex(2, 3) with a.
138    114    12         27.3744    58.3922    113.3098   % 
UB: 58.39218749999999
branching on 3 with b.
139    115    8          29.2711    58.3922    99.4875    % 
UB: 58.39218749999999
branching on CartesianIndex(1, 2) with a.
140    116    9          29.2711    58.3922    99.4875    % 
UB: 58.39218749999999
branching on CartesianIndex(2, 2) with a.
141    117    10         29.2711    58.3922    99.4875    % 
UB: 58.39218749999999
branching on CartesianIndex(3, 2) with a.
142    118    10         29.2711    58.3922    99.4875    % 
LB close or above UB, fathomed
143    117    9          29.2711    58.3922    99.4875    % 
UB: 58.39218749999999
branching on 2 with b.
144    118    8          29.2711    58.3922    99.4875    % 
LB close or above UB, fathomed
145    117    15         29.2711    58.3922    99.4875    % 
UB: 58.39218749999999
branching on CartesianIndex(2, 3) with a.
146    118    15         29.2711    58.3922    99.4875    % 
UB: 58.39218749999999
branching on CartesianIndex(1, 4) with c.
147    119    11         29.2711    58.3922    99.4875    % 
UB: 58.39218749999999
branching on CartesianIndex(2, 2) with a.
148    120    11         29.2711    58.3922    99.4875    % 
UB: 58.39218749999999
branching on CartesianIndex(2, 2) with a.
149    121    16         29.2711    58.3922    99.4875    % 
UB: 58.39218749999999
branching on 1 with b.
150    122    16         29.2711    58.3922    99.4875    % 
UB: 58.39218749999999
branching on CartesianIndex(1, 3) with a.
151    123    9          29.2711    58.3922    99.4875    % 
UB: 58.39218749999999
branching on 1 with b.
152    124    9          29.2711    58.3922    99.4875    % 
UB: 58.39218749999999
branching on CartesianIndex(1, 3) with a.
153    125    10         29.2711    58.3922    99.4875    % 
UB: 58.39218749999999
branching on 1 with b.
154    126    11         29.2711    58.3922    99.4875    % 
UB: 58.39218749999999
branching on CartesianIndex(2, 3) with a.
155    127    12         29.2711    58.3922    99.4875    % 
UB: 58.39218749999999
branching on CartesianIndex(3, 3) with a.
156    128    12         29.2711    58.3922    99.4875    % 
UB: 58.39218749999999
branching on 1 with b.
157    129    11         29.2711    58.3922    99.4875    % 
LB close or above UB, fathomed
158    128    10         29.2711    58.3922    99.4875    % 
LB close or above UB, fathomed
159    127    19         29.2711    58.3922    99.4875    % 
UB: 58.39218749999999
branching on 1 with b.
160    128    19         29.2711    58.3922    99.4875    % 
UB: 58.39218749999999
branching on CartesianIndex(1, 4) with c.
161    129    20         29.2711    58.3922    99.4875    % 
LB close or above UB, fathomed
162    128    20         29.2711    58.3922    99.4875    % 
UB: 58.39218749999999
branching on CartesianIndex(1, 4) with c.
163    129    21         29.2711    58.3922    99.4875    % 
LB close or above UB, fathomed
164    128    21         29.2711    58.3922    99.4875    % 
UB: 58.39218749999999
branching on 2 with b.
165    129    22         29.2711    58.3922    99.4875    % 
UB: 58.39218749999999
branching on CartesianIndex(1, 5) with c.
166    130    22         29.2711    58.3922    99.4875    % 
UB: 58.39218749999999
branching on CartesianIndex(1, 5) with c.
167    131    16         29.2711    58.3922    99.4875    % 
UB: 58.39218749999999
branching on CartesianIndex(2, 3) with a.
168    132    16         29.2711    58.3922    99.4875    % 
UB: 58.39218749999999
branching on 1 with b.
169    133    13         30.5483    58.3922    91.1474    % 
UB: 58.39218749999999
branching on 3 with b.
170    134    13         30.5483    58.3922    91.1474    % 
UB: 58.39218749999999
branching on 3 with b.
171    135    18         31.2124    58.3922    87.0798    % 
UB: 58.39218749999999
branching on CartesianIndex(1, 4) with c.
172    136    18         31.2124    58.3922    87.0798    % 
UB: 58.39218749999999
branching on CartesianIndex(1, 4) with c.
173    137    11         31.2125    58.3922    87.0795    % 
UB: 58.39218749999999
branching on CartesianIndex(4, 2) with a.
174    138    11         31.2125    58.3922    87.0795    % 
UB: 58.39218749999999
branching on CartesianIndex(1, 3) with a.
175    139    16         31.2125    58.3922    87.0795    % 
UB: 58.39218749999999
branching on CartesianIndex(3, 3) with a.
176    140    16         31.2125    58.3922    87.0795    % 
LB close or above UB, fathomed
177    139    9          31.2125    58.3922    87.0795    % 
LB close or above UB, fathomed
178    138    9          31.2125    58.3922    87.0795    % 
UB: 58.39218749999999
branching on CartesianIndex(1, 3) with a.
179    139    10         31.2125    58.3922    87.0795    % 
UB: 58.39218749999999
branching on CartesianIndex(2, 3) with a.
180    140    11         31.2125    58.3922    87.0795    % 
UB: 58.39218749999999
branching on 2 with b.
181    141    11         31.2125    58.3922    87.0795    % 
LB close or above UB, fathomed
182    140    10         31.2125    58.3922    87.0795    % 
LB close or above UB, fathomed
183    139    10         31.2125    58.3922    87.0795    % 
LB close or above UB, fathomed
184    138    10         31.2125    58.3922    87.0795    % 
UB: 58.39218749999999
branching on CartesianIndex(3, 2) with a.
185    139    11         31.2125    58.3922    87.0795    % 
UB: 58.39218749999999
branching on 2 with b.
186    140    12         31.2125    58.3922    87.0795    % 
UB: 58.39218749999999
branching on CartesianIndex(4, 2) with a.
187    141    12         31.2125    58.3922    87.0795    % 
UB: 58.39218749999999
branching on 3 with b.
188    142    11         31.2125    58.3922    87.0795    % 
UB: 58.39218749999999
branching on CartesianIndex(1, 3) with a.
189    143    12         31.2125    58.3922    87.0795    % 
UB: 58.39218749999999
branching on CartesianIndex(2, 3) with a.
190    144    13         31.2125    58.3922    87.0795    % 
UB: 58.39218749999999
branching on CartesianIndex(3, 3) with a.
191    145    14         31.2125    58.3922    87.0795    % 
UB: 58.39218749999999
branching on CartesianIndex(4, 3) with a.
192    146    14         31.2125    58.3922    87.0795    % 
UB: 58.39218749999999
branching on CartesianIndex(1, 4) with c.
193    147    13         31.2125    58.3922    87.0795    % 
LB close or above UB, fathomed
194    146    12         31.2125    58.3922    87.0795    % 
UB: 58.39218749999999
branching on 2 with b.
195    147    17         31.2125    58.3922    87.0795    % 
UB: 58.39218749999999
branching on CartesianIndex(1, 4) with c.
196    148    17         31.2125    58.3922    87.0795    % 
UB: 58.39218749999999
branching on CartesianIndex(1, 4) with c.
197    149    15         31.2125    58.3922    87.0795    % 
UB: 58.39218749999999
branching on CartesianIndex(1, 4) with c.
198    150    15         31.2125    58.3922    87.0795    % 
UB: 58.39218749999999
branching on 3 with b.
199    151    20         33.1539    58.3922    76.1246    % 
UB: 58.39218749999999
branching on CartesianIndex(3, 3) with a.
200    152    20         33.1539    58.3922    76.1246    % 
UB: 58.39218749999999
branching on CartesianIndex(3, 3) with a.
201    153    13         33.1539    58.3922    76.1246    % 
UB: 58.39218749999999
branching on 2 with b.
202    154    13         33.1539    58.3922    76.1246    % 
UB: 58.39218749999999
branching on 2 with b.
203    155    15         33.1539    58.3922    76.1246    % 
LB close or above UB, fathomed
204    154    15         33.1539    58.3922    76.1246    % 
UB: 58.39218749999999
branching on CartesianIndex(1, 4) with c.
205    155    13         33.1539    58.3922    76.1246    % 
UB: 58.39218749999999
branching on CartesianIndex(4, 2) with a.
206    156    13         33.1539    58.3922    76.1246    % 
LB close or above UB, fathomed
207    155    12         33.1539    58.3922    76.1246    % 
UB: 58.39218749999999
branching on 3 with b.
208    156    13         33.1539    58.3922    76.1246    % 
UB: 58.39218749999999
branching on CartesianIndex(3, 3) with a.
209    157    13         33.1539    58.3922    76.1246    % 
LB close or above UB, fathomed
210    156    12         33.1539    58.3922    76.1246    % 
UB: 58.39218749999999
branching on 3 with b.
211    157    13         33.1539    58.3922    76.1246    % 
UB: 58.39218749999999
branching on CartesianIndex(3, 3) with a.
212    158    13         33.1539    58.3922    76.1246    % 
LB close or above UB, fathomed
213    157    17         33.1539    58.3922    76.1246    % 
UB: 58.39218749999999
branching on CartesianIndex(4, 3) with a.
214    158    17         33.1539    58.3922    76.1246    % 
UB: 58.39218749999999
branching on CartesianIndex(1, 4) with c.
215    159    17         33.1539    58.3922    76.1246    % 
UB: 58.39218749999999
branching on CartesianIndex(3, 3) with a.
216    160    18         33.1539    58.3922    76.1246    % 
UB: 58.39218749999999
branching on CartesianIndex(4, 3) with a.
217    161    18         33.1539    58.3922    76.1246    % 
UB: 58.39218749999999
branching on CartesianIndex(1, 4) with c.
218    162    17         33.1539    58.3922    76.1246    % 
UB: 58.39218749999999
branching on CartesianIndex(1, 4) with c.
219    163    23         33.1539    58.3922    76.1246    % 
UB: 58.39218749999999
branching on CartesianIndex(1, 6) with c.
220    164    24         33.1539    58.3922    76.1246    % 
LB close or above UB, fathomed
221    163    24         33.1539    58.3922    76.1246    % 
UB: 58.39218749999999
branching on CartesianIndex(1, 7) with c.
222    164    25         33.1539    58.3922    76.1246    % 
UB: 58.39218749999999
branching on 3 with b.
223    165    26         33.1539    58.3922    76.1246    % 
UB: 58.39218749999999
branching on 1 with b.
224    166    27         33.1539    58.3922    76.1246    % 
UB: 58.39218749999999
branching on 2 with b.
225    167    27         33.1539    58.3922    76.1246    % 
UB: 58.39218749999999
branching on 2 with b.
226    168    26         33.1539    58.3922    76.1246    % 
LB close or above UB, fathomed
227    167    25         33.1539    58.3922    76.1246    % 
LB close or above UB, fathomed
228    166    23         33.1539    58.3922    76.1246    % 
LB close or above UB, fathomed
229    165    20         33.1539    58.3922    76.1246    % 
LB close or above UB, fathomed
230    164    20         33.1539    58.3922    76.1246    % 
UB: 58.39218749999999
branching on CartesianIndex(1, 5) with c.
231    165    21         33.1539    58.3922    76.1246    % 
UB: 58.39218749999999
branching on CartesianIndex(1, 6) with c.
232    166    22         33.1539    58.3922    76.1246    % 
LB close or above UB, fathomed
233    165    22         33.1539    58.3922    76.1246    % 
UB: 58.39218749999999
branching on CartesianIndex(1, 7) with c.
234    166    23         33.1539    58.3922    76.1246    % 
UB: 58.39218749999999
branching on 1 with b.
235    167    24         33.1539    58.3922    76.1246    % 
UB: 58.39218749999999
branching on 2 with b.
236    168    24         33.1539    58.3922    76.1246    % 
UB: 58.39218749999999
branching on 2 with b.
237    169    23         33.1539    58.3922    76.1246    % 
LB close or above UB, fathomed
238    168    21         33.1539    58.3922    76.1246    % 
LB close or above UB, fathomed
239    167    17         33.1539    58.3922    76.1246    % 
UB: 58.39218749999999
branching on CartesianIndex(1, 3) with a.
240    168    17         33.1539    58.3922    76.1246    % 
UB: 58.39218749999999
branching on CartesianIndex(1, 3) with a.
241    169    11         33.1539    58.3922    76.1246    % 
UB: 58.39218749999999
branching on 1 with b.
242    170    12         33.1539    58.3922    76.1246    % 
UB: 58.39218749999999
branching on 2 with b.
243    171    12         33.1539    58.3922    76.1246    % 
UB: 58.39218749999999
branching on 2 with b.
244    172    13         33.1539    58.3922    76.1246    % 
UB: 58.39218749999999
branching on CartesianIndex(2, 3) with a.
245    173    13         33.1539    58.3922    76.1246    % 
UB: 58.39218749999999
branching on 3 with b.
246    174    14         33.1539    58.3922    76.1246    % 
UB: 58.39218749999999
branching on CartesianIndex(2, 3) with a.
247    175    14         33.1539    58.3922    76.1246    % 
UB: 58.39218749999999
branching on CartesianIndex(2, 3) with a.
248    176    11         33.1539    58.3922    76.1246    % 
UB: 58.39218749999999
branching on 1 with b.
249    177    16         33.1539    58.3922    76.1246    % 
UB: 58.39218749999999
branching on CartesianIndex(1, 4) with c.
250    178    17         33.1539    58.3922    76.1246    % 
LB close or above UB, fathomed
251    177    17         33.1539    58.3922    76.1246    % 
UB: 58.39218749999999
branching on CartesianIndex(1, 5) with c.
252    178    18         33.1539    58.3922    76.1246    % 
UB: 58.39218749999999
branching on CartesianIndex(1, 6) with c.
253    179    19         33.1539    58.3922    76.1246    % 
LB close or above UB, fathomed
254    178    19         33.1539    58.3922    76.1246    % 
UB: 58.39218749999999
branching on CartesianIndex(1, 7) with c.
255    179    20         33.1539    58.3922    76.1246    % 
UB: 58.39218749999999
branching on 1 with b.
256    180    21         33.1539    58.3922    76.1246    % 
UB: 58.39218749999999
branching on 2 with b.
257    181    21         33.1539    58.3922    76.1246    % 
UB: 58.39218749999999
branching on 2 with b.
258    182    20         33.1539    58.3922    76.1246    % 
LB close or above UB, fathomed
259    181    18         33.1539    58.3922    76.1246    % 
UB: 58.39218749999999
branching on 1 with b.
260    182    16         33.1539    58.3922    76.1246    % 
LB close or above UB, fathomed
261    181    14         33.3466    58.3922    75.1068    % 
UB: 58.39218749999999
branching on CartesianIndex(4, 2) with a.
262    182    14         33.3466    58.3922    75.1068    % 
UB: 58.39218749999999
branching on 3 with b.
263    183    17         33.3696    58.3922    74.9861    % 
UB: 58.39218749999999
branching on CartesianIndex(2, 3) with a.
264    184    17         33.3696    58.3922    74.9861    % 
LB close or above UB, fathomed
265    183    15         33.9945    58.3922    71.7694    % 
UB: 58.39218749999999
branching on 3 with b.
266    184    16         33.9945    58.3922    71.7694    % 
UB: 58.39218749999999
branching on CartesianIndex(2, 3) with a.
267    185    16         33.9945    58.3922    71.7694    % 
LB close or above UB, fathomed
268    184    15         33.9945    58.3922    71.7694    % 
UB: 58.39218749999999
branching on CartesianIndex(2, 3) with a.
269    185    16         34.1246    58.3922    71.1146    % 
LB close or above UB, fathomed
270    184    16         34.1246    58.3922    71.1146    % 
UB: 58.39218749999999
branching on 3 with b.
271    185    4          35.0153    58.3922    66.7618    % 
LB close or above UB, fathomed
272    184    4          35.0153    58.3922    66.7618    % 
UB: 58.39218749999999
branching on 1 with b.
273    185    5          35.0313    58.3922    66.6856    % 
UB: 58.39218749999999
branching on 1 with b.
274    186    6          35.0313    58.3922    66.6856    % 
UB: 58.39218749999999
branching on CartesianIndex(1, 1) with a.
275    187    6          35.0313    58.3922    66.6856    % 
UB: 58.39218749999999
branching on CartesianIndex(1, 1) with a.
276    188    5          35.0313    58.3922    66.6856    % 
LB close or above UB, fathomed
277    187    7          35.0356    58.3922    66.6652    % 
UB: 58.39218749999999
branching on CartesianIndex(2, 1) with a.
278    188    8          35.0356    58.3922    66.6652    % 
UB: 58.39218749999999
branching on 3 with b.
279    189    8          35.0356    58.3922    66.6652    % 
UB: 58.39218749999999
branching on CartesianIndex(1, 3) with a.
280    190    7          35.0356    58.3922    66.6652    % 
UB: 58.39218749999999
branching on CartesianIndex(1, 3) with a.
281    191    16         35.0874    58.3922    66.4192    % 
UB: 58.39218749999999
branching on CartesianIndex(1, 4) with c.
282    192    17         35.0874    58.3922    66.4192    % 
UB: 58.39218749999999
branching on 3 with b.
283    193    17         35.0874    58.3922    66.4192    % 
UB: 58.39218749999999
branching on CartesianIndex(1, 5) with c.
284    194    18         35.0874    58.3922    66.4192    % 
UB: 58.39218749999999
branching on 3 with b.
285    195    18         35.0874    58.3922    66.4192    % 
UB: 58.39218749999999
branching on CartesianIndex(1, 6) with c.
286    196    16         35.0874    58.3922    66.4192    % 
UB: 58.39218749999999
branching on 3 with b.
287    197    19         35.0953    58.3922    66.3817    % 
LB close or above UB, fathomed
288    196    19         35.0953    58.3922    66.3817    % 
UB: 58.39218749999999
branching on CartesianIndex(1, 5) with c.
289    197    20         35.0953    58.3922    66.3817    % 
UB: 58.39218749999999
branching on CartesianIndex(1, 6) with c.
290    198    20         35.0953    58.3922    66.3817    % 
LB close or above UB, fathomed
291    197    8          35.0953    58.3922    66.3817    % 
UB: 58.39218749999999
branching on CartesianIndex(1, 3) with a.
292    198    9          35.0953    58.3922    66.3817    % 
UB: 58.39218749999999
branching on 1 with b.
293    199    10         35.0953    58.3922    66.3817    % 
UB: 58.39218749999999
branching on CartesianIndex(2, 3) with a.
294    200    10         35.0953    58.3922    66.3817    % 
UB: 58.39218749999999
branching on CartesianIndex(2, 3) with a.
295    201    9          35.0953    58.3922    66.3817    % 
LB close or above UB, fathomed
296    200    8          35.0953    58.3922    66.3817    % 
LB close or above UB, fathomed
297    199    9          35.0953    58.3922    66.3817    % 
UB: 58.39218749999999
branching on CartesianIndex(1, 3) with a.
298    200    10         35.0953    58.3922    66.3817    % 
UB: 58.39218749999999
branching on 1 with b.
299    201    11         35.0953    58.3922    66.3817    % 
UB: 58.39218749999999
branching on CartesianIndex(2, 3) with a.
300    202    11         35.0953    58.3922    66.3817    % 
UB: 58.39218749999999
branching on 2 with b.
301    203    12         35.0953    58.3922    66.3817    % 
UB: 58.39218749999999
branching on 3 with b.
302    204    13         35.0953    58.3922    66.3817    % 
UB: 58.39218749999999
branching on CartesianIndex(2, 3) with a.
303    205    14         35.0953    58.3922    66.3817    % 
UB: 58.39218749999999
branching on CartesianIndex(3, 3) with a.
304    206    14         35.0953    58.3922    66.3817    % 
UB: 58.39218749999999
branching on CartesianIndex(1, 4) with c.
305    207    13         35.0953    58.3922    66.3817    % 
UB: 58.39218749999999
branching on CartesianIndex(2, 3) with a.
306    208    12         35.0953    58.3922    66.3817    % 
UB: 58.39218749999999
branching on CartesianIndex(2, 3) with a.
307    209    10         35.0953    58.3922    66.3817    % 
LB close or above UB, fathomed
308    208    9          35.0953    58.3922    66.3817    % 
LB close or above UB, fathomed
309    207    21         35.0953    58.3922    66.3817    % 
LB close or above UB, fathomed
310    206    21         35.0953    58.3922    66.3817    % 
UB: 58.39218749999999
branching on CartesianIndex(1, 7) with c.
311    207    22         35.0953    58.3922    66.3817    % 
UB: 58.39218749999999
branching on 2 with b.
312    208    23         35.0953    58.3922    66.3817    % 
UB: 58.39218749999999
branching on 3 with b.
313    209    23         35.0953    58.3922    66.3817    % 
UB: 58.39218749999999
branching on 3 with b.
314    210    22         35.0953    58.3922    66.3817    % 
LB close or above UB, fathomed
315    209    18         35.0953    58.3922    66.3817    % 
UB: 58.39218749999999
branching on CartesianIndex(3, 3) with a.
316    210    18         35.0953    58.3922    66.3817    % 
LB close or above UB, fathomed
317    209    18         35.0953    58.3922    66.3817    % 
UB: 58.39218749999999
branching on CartesianIndex(2, 3) with a.
318    210    19         35.0953    58.3922    66.3817    % 
UB: 58.39218749999999
branching on CartesianIndex(3, 3) with a.
319    211    19         35.0953    58.3922    66.3817    % 
UB: 58.39218749999999
branching on 2 with b.
320    212    18         35.0953    58.3922    66.3817    % 
LB close or above UB, fathomed
321    211    28         35.0953    58.3922    66.3817    % 
LB close or above UB, fathomed
322    210    28         35.0953    58.3922    66.3817    % 
UB: 58.39218749999999
branching on 3 with b.
323    211    29         35.0953    58.3922    66.3817    % 
UB: 58.39218749999999
branching on 1 with b.
324    212    30         35.0953    58.3922    66.3817    % 
UB: 58.39218749999999
branching on 2 with b.
325    213    30         35.0953    58.3922    66.3817    % 
UB: 58.39218749999999
branching on 2 with b.
326    214    29         35.0953    58.3922    66.3817    % 
LB close or above UB, fathomed
327    213    14         35.0953    58.3922    66.3817    % 
UB: 58.39218749999999
branching on CartesianIndex(4, 3) with a.
328    214    14         35.0953    58.3922    66.3817    % 
UB: 58.39218749999999
branching on 1 with b.
329    215    14         35.0953    58.3922    66.3817    % 
UB: 58.39218749999999
branching on 1 with b.
330    216    14         35.0953    58.3922    66.3817    % 
UB: 58.39218749999999
branching on CartesianIndex(1, 3) with a.
331    217    15         35.0953    58.3922    66.3817    % 
UB: 58.39218749999999
branching on CartesianIndex(2, 3) with a.
332    218    16         35.0953    58.3922    66.3817    % 
UB: 58.39218749999999
branching on CartesianIndex(3, 3) with a.
333    219    17         35.0953    58.3922    66.3817    % 
UB: 58.39218749999999
branching on CartesianIndex(4, 3) with a.
334    220    17         35.0953    58.3922    66.3817    % 
UB: 58.39218749999999
branching on CartesianIndex(1, 4) with c.
335    221    16         35.0953    58.3922    66.3817    % 
LB close or above UB, fathomed
336    220    15         35.0953    58.3922    66.3817    % 
LB close or above UB, fathomed
337    219    16         35.0953    58.3922    66.3817    % 
UB: 58.39218749999999
branching on CartesianIndex(1, 5) with c.
338    220    16         35.0953    58.3922    66.3817    % 
UB: 58.39218749999999
branching on 2 with b.
339    221    14         35.0953    58.3922    66.3817    % 
UB: 58.39218749999999
branching on CartesianIndex(2, 3) with a.
340    222    15         35.0953    58.3922    66.3817    % 
UB: 58.39218749999999
branching on 3 with b.
341    223    15         35.0953    58.3922    66.3817    % 
UB: 58.39218749999999
branching on 3 with b.
342    224    14         35.0953    58.3922    66.3817    % 
UB: 58.39218749999999
branching on 3 with b.
343    225    13         35.0953    58.3922    66.3817    % 
UB: 58.39218749999999
branching on CartesianIndex(1, 3) with a.
344    226    14         35.0953    58.3922    66.3817    % 
UB: 58.39218749999999
branching on 3 with b.
345    227    14         35.0953    58.3922    66.3817    % 
LB close or above UB, fathomed
346    226    13         35.0953    58.3922    66.3817    % 
UB: 58.39218749999999
branching on CartesianIndex(1, 3) with a.
347    227    14         35.0953    58.3922    66.3817    % 
UB: 58.39218749999999
branching on CartesianIndex(2, 3) with a.
348    228    15         35.0953    58.3922    66.3817    % 
UB: 58.39218749999999
branching on 3 with b.
349    229    16         35.0953    58.3922    66.3817    % 
UB: 58.39218749999999
branching on 1 with b.
350    230    17         35.0953    58.3922    66.3817    % 
UB: 58.39218749999999
branching on CartesianIndex(3, 3) with a.
351    231    17         35.0953    58.3922    66.3817    % 
UB: 58.39218749999999
branching on CartesianIndex(3, 3) with a.
352    232    16         35.0953    58.3922    66.3817    % 
LB close or above UB, fathomed
353    231    15         35.0953    58.3922    66.3817    % 
LB close or above UB, fathomed
354    230    14         35.0953    58.3922    66.3817    % 
LB close or above UB, fathomed
355    229    20         35.0953    58.3922    66.3817    % 
UB: 58.39218749999999
branching on CartesianIndex(4, 3) with a.
356    230    20         35.0953    58.3922    66.3817    % 
UB: 58.39218749999999
branching on CartesianIndex(4, 3) with a.
357    231    10         35.0953    58.3922    66.3817    % 
UB: 58.39218749999999
branching on 1 with b.
358    232    11         35.0953    58.3922    66.3817    % 
UB: 58.39218749999999
branching on CartesianIndex(2, 2) with a.
359    233    12         35.0953    58.3922    66.3817    % 
UB: 58.39218749999999
branching on 2 with b.
360    234    12         35.0953    58.3922    66.3817    % 
LB close or above UB, fathomed
361    233    11         35.0953    58.3922    66.3817    % 
LB close or above UB, fathomed
362    232    10         35.0953    58.3922    66.3817    % 
LB close or above UB, fathomed
363    231    12         35.0953    58.3922    66.3817    % 
LB close or above UB, fathomed
364    230    12         35.0953    58.3922    66.3817    % 
UB: 58.39218749999999
branching on 2 with b.
365    231    13         35.0953    58.3922    66.3817    % 
UB: 58.39218749999999
branching on 3 with b.
366    232    14         35.0953    58.3922    66.3817    % 
UB: 58.39218749999999
branching on CartesianIndex(3, 3) with a.
367    233    15         35.0953    58.3922    66.3817    % 
UB: 58.39218749999999
branching on 1 with b.
368    234    15         35.0953    58.3922    66.3817    % 
UB: 58.39218749999999
branching on 1 with b.
369    235    14         35.0953    58.3922    66.3817    % 
LB close or above UB, fathomed
370    234    13         35.0953    58.3922    66.3817    % 
UB: 58.39218749999999
branching on 3 with b.
371    235    17         35.0953    58.3922    66.3817    % 
LB close or above UB, fathomed
372    234    17         35.0953    58.3922    66.3817    % 
UB: 58.39218749999999
branching on CartesianIndex(1, 4) with c.
373    235    18         35.0953    58.3922    66.3817    % 
LB close or above UB, fathomed
374    234    18         35.0953    58.3922    66.3817    % 
UB: 58.39218749999999
branching on 2 with b.
375    235    19         35.0953    58.3922    66.3817    % 
UB: 58.39218749999999
branching on CartesianIndex(1, 5) with c.
376    236    19         35.0953    58.3922    66.3817    % 
UB: 58.39218749999999
branching on 3 with b.
377    237    18         35.0953    58.3922    66.3817    % 
UB: 58.39218749999999
branching on CartesianIndex(4, 3) with a.
378    238    18         35.0953    58.3922    66.3817    % 
UB: 58.39218749999999
branching on CartesianIndex(1, 4) with c.
379    239    19         35.0953    58.3922    66.3817    % 
LB close or above UB, fathomed
380    238    19         35.0953    58.3922    66.3817    % 
UB: 58.39218749999999
branching on CartesianIndex(1, 5) with c.
381    239    20         35.0953    58.3922    66.3817    % 
UB: 58.39218749999999
branching on CartesianIndex(1, 6) with c.
382    240    21         35.0953    58.3922    66.3817    % 
LB close or above UB, fathomed
383    239    21         35.0953    58.3922    66.3817    % 
UB: 58.39218749999999
branching on CartesianIndex(1, 7) with c.
384    240    22         35.0953    58.3922    66.3817    % 
UB: 58.39218749999999
branching on 1 with b.
385    241    23         35.0953    58.3922    66.3817    % 
UB: 58.39218749999999
branching on 2 with b.
386    242    23         35.0953    58.3922    66.3817    % 
UB: 58.39218749999999
branching on 2 with b.
387    243    22         35.0953    58.3922    66.3817    % 
LB close or above UB, fathomed
388    242    20         35.0953    58.3922    66.3817    % 
LB close or above UB, fathomed
389    241    15         35.0953    58.3922    66.3817    % 
UB: 58.39218749999999
branching on CartesianIndex(3, 3) with a.
390    242    15         35.0953    58.3922    66.3817    % 
UB: 58.39218749999999
branching on CartesianIndex(1, 4) with c.
391    243    18         35.0953    58.3922    66.3817    % 
UB: 58.39218749999999
branching on CartesianIndex(1, 5) with c.
392    244    18         35.0953    58.3922    66.3817    % 
UB: 58.39218749999999
branching on CartesianIndex(1, 5) with c.
393    245    19         35.0953    58.3922    66.3817    % 
UB: 58.39218749999999
branching on CartesianIndex(1, 6) with c.
394    246    19         35.0953    58.3922    66.3817    % 
UB: 58.39218749999999
branching on CartesianIndex(1, 6) with c.
395    247    9          36.9780    58.3922    57.9105    % 
UB: 58.39218749999999
branching on CartesianIndex(3, 1) with a.
396    248    9          36.9780    58.3922    57.9105    % 
UB: 58.39218749999999
branching on CartesianIndex(3, 1) with a.
397    249    9          36.9857    58.3922    57.8777    % 
UB: 58.39218749999999
branching on CartesianIndex(2, 3) with a.
398    250    10         36.9857    58.3922    57.8777    % 
UB: 58.39218749999999
branching on CartesianIndex(3, 3) with a.
399    251    11         36.9857    58.3922    57.8777    % 
UB: 58.39218749999999
branching on 3 with b.
400    252    11         36.9857    58.3922    57.8777    % 
UB: 58.39218749999999
branching on CartesianIndex(1, 5) with c.
401    253    10         36.9857    58.3922    57.8777    % 
LB close or above UB, fathomed
402    252    9          36.9857    58.3922    57.8777    % 
LB close or above UB, fathomed
403    251    5          36.9867    58.3922    57.8734    % 
UB: 58.39218749999999
branching on 1 with b.
404    252    5          36.9867    58.3922    57.8734    % 
UB: 58.39218749999999
branching on 1 with b.
405    253    16         37.0278    58.3922    57.6980    % 
UB: 58.39218749999999
branching on CartesianIndex(1, 3) with a.
406    254    16         37.0278    58.3922    57.6980    % 
UB: 58.39218749999999
branching on CartesianIndex(1, 3) with a.
407    255    19         37.0288    58.3922    57.6939    % 
UB: 58.39218749999999
branching on CartesianIndex(1, 6) with c.
408    256    20         37.0288    58.3922    57.6939    % 
LB close or above UB, fathomed
409    255    20         37.0288    58.3922    57.6939    % 
UB: 58.39218749999999
branching on CartesianIndex(1, 7) with c.
410    256    21         37.0288    58.3922    57.6939    % 
UB: 58.39218749999999
branching on 1 with b.
411    257    22         37.0288    58.3922    57.6939    % 
UB: 58.39218749999999
branching on 2 with b.
412    258    22         37.0288    58.3922    57.6939    % 
UB: 58.39218749999999
branching on 2 with b.
413    259    21         37.0288    58.3922    57.6939    % 
LB close or above UB, fathomed
414    258    19         37.0288    58.3922    57.6939    % 
UB: 58.39218749999999
branching on 1 with b.
415    259    11         37.0367    58.3922    57.6603    % 
UB: 58.39218749999999
branching on CartesianIndex(3, 3) with a.
416    260    11         37.0367    58.3922    57.6603    % 
UB: 58.39218749999999
branching on 2 with b.
417    261    15         37.0367    58.3922    57.6603    % 
UB: 58.39218749999999
branching on 3 with b.
418    262    15         37.0367    58.3922    57.6603    % 
UB: 58.39218749999999
branching on 3 with b.
419    263    16         37.0367    58.3922    57.6603    % 
UB: 58.39218749999999
branching on CartesianIndex(1, 3) with a.
420    264    16         37.0367    58.3922    57.6603    % 
LB close or above UB, fathomed
421    263    25         37.0367    58.3922    57.6603    % 
UB: 58.39218749999999
branching on 3 with b.
422    264    25         37.0367    58.3922    57.6603    % 
UB: 58.39218749999999
branching on 3 with b.
423    265    12         37.0367    58.3922    57.6603    % 
UB: 58.39218749999999
branching on CartesianIndex(2, 3) with a.
424    266    13         37.0367    58.3922    57.6603    % 
UB: 58.39218749999999
branching on CartesianIndex(3, 3) with a.
425    267    14         37.0367    58.3922    57.6603    % 
UB: 58.39218749999999
branching on 2 with b.
426    268    15         37.0367    58.3922    57.6603    % 
UB: 58.39218749999999
branching on 3 with b.
427    269    15         37.0367    58.3922    57.6603    % 
UB: 58.39218749999999
branching on 3 with b.
428    270    14         37.0367    58.3922    57.6603    % 
UB: 58.39218749999999
branching on 2 with b.
429    271    13         37.0367    58.3922    57.6603    % 
UB: 58.39218749999999
branching on 2 with b.
430    272    12         37.0367    58.3922    57.6603    % 
UB: 58.39218749999999
branching on CartesianIndex(1, 4) with c.
431    273    7          37.0367    58.3922    57.6603    % 
UB: 58.39218749999999
branching on CartesianIndex(2, 3) with a.
432    274    8          37.0367    58.3922    57.6603    % 
UB: 58.39218749999999
branching on 1 with b.
433    275    8          37.0367    58.3922    57.6603    % 
LB close or above UB, fathomed
434    274    7          37.0367    58.3922    57.6603    % 
LB close or above UB, fathomed
435    273    15         37.0367    58.3922    57.6603    % 
UB: 58.39218749999999
branching on CartesianIndex(4, 3) with a.
436    274    15         37.0367    58.3922    57.6603    % 
UB: 58.39218749999999
branching on CartesianIndex(1, 4) with c.
437    275    14         37.0367    58.3922    57.6603    % 
UB: 58.39218749999999
branching on 2 with b.
438    276    14         37.0367    58.3922    57.6603    % 
LB close or above UB, fathomed
439    275    12         37.0367    58.3922    57.6603    % 
UB: 58.39218749999999
branching on 2 with b.
440    276    13         37.0367    58.3922    57.6603    % 
UB: 58.39218749999999
branching on 3 with b.
441    277    13         37.0367    58.3922    57.6603    % 
LB close or above UB, fathomed
442    276    12         37.0367    58.3922    57.6603    % 
UB: 58.39218749999999
branching on CartesianIndex(1, 3) with a.
443    277    20         37.0367    58.3922    57.6603    % 
UB: 58.39218749999999
branching on CartesianIndex(1, 6) with c.
444    278    21         37.0367    58.3922    57.6603    % 
LB close or above UB, fathomed
445    277    21         37.0367    58.3922    57.6603    % 
UB: 58.39218749999999
branching on CartesianIndex(1, 7) with c.
446    278    22         37.0367    58.3922    57.6603    % 
UB: 58.39218749999999
branching on 3 with b.
447    279    23         37.0367    58.3922    57.6603    % 
UB: 58.39218749999999
branching on 1 with b.
448    280    24         37.0367    58.3922    57.6603    % 
UB: 58.39218749999999
branching on 2 with b.
449    281    24         37.0367    58.3922    57.6603    % 
UB: 58.39218749999999
branching on 2 with b.
450    282    23         37.0367    58.3922    57.6603    % 
LB close or above UB, fathomed
451    281    22         37.0367    58.3922    57.6603    % 
LB close or above UB, fathomed
452    280    20         37.0367    58.3922    57.6603    % 
LB close or above UB, fathomed
453    279    14         37.0367    58.3922    57.6603    % 
UB: 58.39218749999999
branching on CartesianIndex(3, 3) with a.
454    280    15         37.0367    58.3922    57.6603    % 
UB: 58.39218749999999
branching on CartesianIndex(4, 3) with a.
455    281    15         37.0367    58.3922    57.6603    % 
UB: 58.39218749999999
branching on 1 with b.
456    282    14         37.0367    58.3922    57.6603    % 
LB close or above UB, fathomed
457    281    15         37.0367    58.3922    57.6603    % 
UB: 58.39218749999999
branching on 1 with b.
458    282    16         37.0367    58.3922    57.6603    % 
UB: 58.39218749999999
branching on CartesianIndex(2, 3) with a.
459    283    16         37.0367    58.3922    57.6603    % 
UB: 58.39218749999999
branching on CartesianIndex(2, 3) with a.
460    284    15         37.0367    58.3922    57.6603    % 
LB close or above UB, fathomed
461    283    17         37.0367    58.3922    57.6603    % 
UB: 58.39218749999999
branching on 3 with b.
462    284    17         37.0367    58.3922    57.6603    % 
UB: 58.39218749999999
branching on CartesianIndex(1, 5) with c.
463    285    18         37.0367    58.3922    57.6603    % 
UB: 58.39218749999999
branching on CartesianIndex(1, 6) with c.
464    286    19         37.0367    58.3922    57.6603    % 
LB close or above UB, fathomed
465    285    19         37.0367    58.3922    57.6603    % 
UB: 58.39218749999999
branching on CartesianIndex(1, 7) with c.
466    286    20         37.0367    58.3922    57.6603    % 
UB: 58.39218749999999
branching on 3 with b.
467    287    21         37.0367    58.3922    57.6603    % 
UB: 58.39218749999999
branching on 1 with b.
468    288    22         37.0367    58.3922    57.6603    % 
UB: 58.39218749999999
branching on 2 with b.
469    289    22         37.0367    58.3922    57.6603    % 
UB: 58.39218749999999
branching on 2 with b.
470    290    21         37.0367    58.3922    57.6603    % 
LB close or above UB, fathomed
471    289    20         37.0367    58.3922    57.6603    % 
LB close or above UB, fathomed
472    288    18         37.0367    58.3922    57.6603    % 
UB: 58.39218749999999
branching on CartesianIndex(1, 6) with c.
473    289    15         37.0367    58.3922    57.6603    % 
UB: 58.39218749999999
branching on CartesianIndex(1, 3) with a.
474    290    15         37.0367    58.3922    57.6603    % 
UB: 58.39218749999999
branching on 2 with b.
475    291    14         37.0367    58.3922    57.6603    % 
UB: 58.39218749999999
branching on CartesianIndex(4, 3) with a.
476    292    14         37.0367    58.3922    57.6603    % 
UB: 58.39218749999999
branching on CartesianIndex(1, 4) with c.
477    293    17         37.0367    58.3922    57.6603    % 
LB close or above UB, fathomed
478    292    17         37.0367    58.3922    57.6603    % 
UB: 58.39218749999999
branching on CartesianIndex(1, 5) with c.
479    293    18         37.0367    58.3922    57.6603    % 
UB: 58.39218749999999
branching on CartesianIndex(1, 6) with c.
480    294    19         37.0367    58.3922    57.6603    % 
LB close or above UB, fathomed
481    293    19         37.0367    58.3922    57.6603    % 
UB: 58.39218749999999
branching on 1 with b.
482    294    20         37.0367    58.3922    57.6603    % 
LB close or above UB, fathomed
483    293    20         37.0367    58.3922    57.6603    % 
UB: 58.39218749999999
branching on CartesianIndex(1, 7) with c.
484    294    18         37.0367    58.3922    57.6603    % 
LB close or above UB, fathomed
485    293    18         37.0367    58.3922    57.6603    % 
LB close or above UB, fathomed
486    292    18         37.0367    58.3922    57.6603    % 
UB: 58.39218749999999
branching on CartesianIndex(1, 4) with c.
487    293    11         37.0367    58.3922    57.6603    % 
UB: 58.39218749999999
branching on CartesianIndex(2, 3) with a.
488    294    12         37.0367    58.3922    57.6603    % 
UB: 58.39218749999999
branching on CartesianIndex(3, 3) with a.
489    295    12         37.0367    58.3922    57.6603    % 
UB: 58.39218749999999
branching on 1 with b.
490    296    11         37.0367    58.3922    57.6603    % 
LB close or above UB, fathomed
491    295    20         37.0367    58.3922    57.6603    % 
LB close or above UB, fathomed
492    294    20         37.0367    58.3922    57.6603    % 
UB: 58.39218749999999
branching on CartesianIndex(1, 7) with c.
493    295    21         37.0367    58.3922    57.6603    % 
UB: 58.39218749999999
branching on 1 with b.
494    296    22         37.0367    58.3922    57.6603    % 
UB: 58.39218749999999
branching on 2 with b.
495    297    22         37.0367    58.3922    57.6603    % 
UB: 58.39218749999999
branching on 2 with b.
496    298    21         37.0367    58.3922    57.6603    % 
LB close or above UB, fathomed
497    297    21         37.0367    58.3922    57.6603    % 
UB: 58.39218749999999
branching on 3 with b.
498    298    21         37.0367    58.3922    57.6603    % 
UB: 58.39218749999999
branching on 3 with b.
499    299    22         37.0367    58.3922    57.6603    % 
UB: 58.39218749999999
branching on CartesianIndex(1, 4) with c.
500    300    22         37.0367    58.3922    57.6603    % 
LB close or above UB, fathomed
501    299    7          37.2251    58.3922    56.8624    % 
UB: 58.39218749999999
branching on 3 with b.
502    300    7          37.2251    58.3922    56.8624    % 
UB: 58.39218749999999
branching on CartesianIndex(1, 3) with a.
503    301    19         37.5067    58.3922    55.6845    % 
LB close or above UB, fathomed
504    300    19         37.5067    58.3922    55.6845    % 
UB: 58.39218749999999
branching on CartesianIndex(1, 7) with c.
505    301    14         37.5914    58.3922    55.3339    % 
UB: 58.39218749999999
branching on CartesianIndex(3, 2) with a.
506    302    14         37.5914    58.3922    55.3339    % 
UB: 58.39218749999999
branching on CartesianIndex(3, 2) with a.
507    303    16         37.7019    58.3922    54.8787    % 
UB: 58.39218749999999
branching on 1 with b.
508    304    16         37.7019    58.3922    54.8787    % 
LB close or above UB, fathomed
509    303    10         38.9211    58.3922    50.0269    % 
UB: 58.39218749999999
branching on CartesianIndex(4, 1) with a.
510    304    10         38.9211    58.3922    50.0269    % 
UB: 58.39218749999999
branching on CartesianIndex(1, 3) with a.
511    305    6          38.9281    58.3922    50.0000    % 
UB: 58.39218749999999
branching on CartesianIndex(2, 1) with a.
512    306    6          38.9281    58.3922    50.0000    % 
UB: 58.39218749999999
branching on 1 with b.
513    307    7          38.9281    58.3922    50.0000    % 
UB: 58.39218749999999
branching on 2 with b.
514    308    8          38.9281    58.3922    50.0000    % 
UB: 58.39218749999999
branching on CartesianIndex(2, 1) with a.
515    309    9          38.9281    58.3922    50.0000    % 
UB: 58.39218749999999
branching on CartesianIndex(3, 1) with a.
516    310    9          38.9281    58.3922    50.0000    % 
UB: 58.39218749999999
branching on CartesianIndex(1, 2) with a.
517    311    8          38.9281    58.3922    50.0000    % 
UB: 58.39218749999999
branching on CartesianIndex(2, 1) with a.
518    312    7          38.9281    58.3922    50.0000    % 
UB: 58.39218749999999
branching on 2 with b.
519    313    17         38.9694    58.3922    49.8412    % 
UB: 58.39218749999999
branching on 1 with b.
520    314    17         38.9694    58.3922    49.8412    % 
UB: 58.39218749999999
branching on CartesianIndex(1, 4) with c.
521    315    23         38.9702    58.3922    49.8380    % 
LB close or above UB, fathomed
522    314    23         38.9702    58.3922    49.8380    % 
UB: 58.39218749999999
branching on 3 with b.
523    315    24         38.9702    58.3922    49.8380    % 
LB close or above UB, fathomed
524    314    24         38.9702    58.3922    49.8380    % 
UB: 58.39218749999999
branching on 1 with b.
525    315    25         38.9702    58.3922    49.8380    % 
UB: 58.39218749999999
branching on 2 with b.
526    316    25         38.9702    58.3922    49.8380    % 
UB: 58.39218749999999
branching on 2 with b.
527    317    26         38.9781    58.3922    49.8076    % 
LB close or above UB, fathomed
528    316    26         38.9781    58.3922    49.8076    % 
UB: 58.39218749999999
branching on 1 with b.
529    317    27         38.9781    58.3922    49.8076    % 
UB: 58.39218749999999
branching on 2 with b.
530    318    27         38.9781    58.3922    49.8076    % 
UB: 58.39218749999999
branching on 2 with b.
531    319    17         38.9781    58.3922    49.8076    % 
UB: 58.39218749999999
branching on CartesianIndex(2, 3) with a.
532    320    18         38.9781    58.3922    49.8076    % 
UB: 58.39218749999999
branching on 1 with b.
533    321    18         38.9781    58.3922    49.8076    % 
UB: 58.39218749999999
branching on CartesianIndex(1, 4) with c.
534    322    17         38.9781    58.3922    49.8076    % 
LB close or above UB, fathomed
535    321    31         38.9781    58.3922    49.8076    % 
LB close or above UB, fathomed
536    320    31         38.9781    58.3922    49.8076    % 
UB: 58.39218749999999
branching on 3 with b.
537    321    32         38.9781    58.3922    49.8076    % 
UB: 58.39218749999999
branching on 1 with b.
538    322    32         38.9781    58.3922    49.8076    % 
UB: 58.39218749999999
branching on 1 with b.
539    323    12         38.9781    58.3922    49.8076    % 
UB: 58.39218749999999
branching on CartesianIndex(3, 2) with a.
540    324    12         38.9781    58.3922    49.8076    % 
LB close or above UB, fathomed
541    323    14         38.9781    58.3922    49.8076    % 
UB: 58.39218749999999
branching on 2 with b.
542    324    14         38.9781    58.3922    49.8076    % 
UB: 58.39218749999999
branching on CartesianIndex(1, 4) with c.
543    325    15         38.9781    58.3922    49.8076    % 
UB: 58.39218749999999
branching on CartesianIndex(2, 3) with a.
544    326    15         38.9781    58.3922    49.8076    % 
UB: 58.39218749999999
branching on CartesianIndex(1, 4) with c.
545    327    21         38.9781    58.3922    49.8076    % 
UB: 58.39218749999999
branching on 2 with b.
546    328    22         38.9781    58.3922    49.8076    % 
LB close or above UB, fathomed
547    327    22         38.9781    58.3922    49.8076    % 
UB: 58.39218749999999
branching on 3 with b.
548    328    23         38.9781    58.3922    49.8076    % 
UB: 58.39218749999999
branching on 1 with b.
549    329    24         38.9781    58.3922    49.8076    % 
UB: 58.39218749999999
branching on 2 with b.
550    330    24         38.9781    58.3922    49.8076    % 
UB: 58.39218749999999
branching on 2 with b.
551    331    23         38.9781    58.3922    49.8076    % 
LB close or above UB, fathomed
552    330    21         38.9781    58.3922    49.8076    % 
LB close or above UB, fathomed
553    329    23         38.9781    58.3922    49.8076    % 
UB: 58.39218749999999
branching on CartesianIndex(1, 6) with c.
554    330    24         38.9781    58.3922    49.8076    % 
LB close or above UB, fathomed
555    329    24         38.9781    58.3922    49.8076    % 
UB: 58.39218749999999
branching on CartesianIndex(1, 7) with c.
556    330    25         38.9781    58.3922    49.8076    % 
UB: 58.39218749999999
branching on 3 with b.
557    331    26         38.9781    58.3922    49.8076    % 
UB: 58.39218749999999
branching on 1 with b.
558    332    27         38.9781    58.3922    49.8076    % 
UB: 58.39218749999999
branching on 2 with b.
559    333    27         38.9781    58.3922    49.8076    % 
UB: 58.39218749999999
branching on 2 with b.
560    334    28         38.9781    58.3922    49.8076    % 
UB: 58.39218749999999
branching on 3 with b.
561    335    29         38.9781    58.3922    49.8076    % 
UB: 58.39218749999999
branching on 1 with b.
562    336    30         38.9781    58.3922    49.8076    % 
UB: 58.39218749999999
branching on 2 with b.
563    337    30         38.9781    58.3922    49.8076    % 
UB: 58.39218749999999
branching on 2 with b.
564    338    29         38.9781    58.3922    49.8076    % 
LB close or above UB, fathomed
565    337    28         38.9781    58.3922    49.8076    % 
LB close or above UB, fathomed
566    336    26         38.9781    58.3922    49.8076    % 
LB close or above UB, fathomed
567    335    25         38.9781    58.3922    49.8076    % 
LB close or above UB, fathomed
568    334    23         38.9781    58.3922    49.8076    % 
LB close or above UB, fathomed
569    333    19         38.9781    58.3922    49.8076    % 
LB close or above UB, fathomed
570    332    19         38.9781    58.3922    49.8076    % 
UB: 58.39218749999999
branching on 1 with b.
571    333    23         38.9781    58.3922    49.8076    % 
LB close or above UB, fathomed
572    332    23         38.9781    58.3922    49.8076    % 
UB: 58.39218749999999
branching on CartesianIndex(1, 5) with c.
573    333    24         38.9781    58.3922    49.8076    % 
UB: 58.39218749999999
branching on CartesianIndex(1, 6) with c.
574    334    25         38.9781    58.3922    49.8076    % 
LB close or above UB, fathomed
575    333    25         38.9781    58.3922    49.8076    % 
UB: 58.39218749999999
branching on CartesianIndex(1, 7) with c.
576    334    26         38.9781    58.3922    49.8076    % 
UB: 58.39218749999999
branching on 1 with b.
577    335    27         38.9781    58.3922    49.8076    % 
UB: 52.56796874999999
branching on 2 with b.
578    336    27         38.9781    52.5680    34.8653    % 
UB: 52.56796874999999
branching on 2 with b.
579    283    26         38.9781    52.5680    34.8653    % 
LB close or above UB, fathomed
580    282    24         38.9781    52.5680    34.8653    % 
LB close or above UB, fathomed
581    281    24         38.9781    52.5680    34.8653    % 
LB close or above UB, fathomed
582    280    24         38.9781    52.5680    34.8653    % 
UB: 52.56796874999999
branching on 3 with b.
583    281    25         38.9781    52.5680    34.8653    % 
UB: 52.56796874999999
branching on 1 with b.
584    282    26         38.9781    52.5680    34.8653    % 
UB: 52.56796874999999
branching on 2 with b.
585    283    26         38.9781    52.5680    34.8653    % 
UB: 52.56796874999999
branching on 2 with b.
586    284    25         38.9781    52.5680    34.8653    % 
LB close or above UB, fathomed
587    283    24         38.9781    52.5680    34.8653    % 
UB: 52.56796874999999
branching on 1 with b.
588    284    25         38.9781    52.5680    34.8653    % 
UB: 52.56796874999999
branching on 2 with b.
589    285    25         38.9781    52.5680    34.8653    % 
UB: 52.56796874999999
branching on 2 with b.
590    286    24         38.9781    52.5680    34.8653    % 
LB close or above UB, fathomed
591    285    19         38.9781    52.5680    34.8653    % 
LB close or above UB, fathomed
592    284    19         38.9781    52.5680    34.8653    % 
UB: 52.56796874999999
branching on 2 with b.
593    285    16         38.9781    52.5680    34.8653    % 
LB close or above UB, fathomed
594    284    16         38.9781    52.5680    34.8653    % 
UB: 52.56796874999999
branching on CartesianIndex(1, 5) with c.
595    285    17         38.9781    52.5680    34.8653    % 
UB: 52.56796874999999
branching on CartesianIndex(1, 6) with c.
596    286    18         38.9781    52.5680    34.8653    % 
LB close or above UB, fathomed
597    285    18         38.9781    52.5680    34.8653    % 
UB: 52.56796874999999
branching on CartesianIndex(1, 7) with c.
598    286    19         38.9781    52.5680    34.8653    % 
UB: 52.56796874999999
branching on 1 with b.
599    287    20         38.9781    52.5680    34.8653    % 
LB close or above UB, fathomed
600    286    20         38.9781    52.5680    34.8653    % 
UB: 52.56796874999999
branching on 2 with b.
601    287    21         38.9781    52.5680    34.8653    % 
UB: 52.56796874999999
branching on 3 with b.
602    288    22         38.9781    52.5680    34.8653    % 
LB close or above UB, fathomed
603    287    22         38.9781    52.5680    34.8653    % 
UB: 52.56796874999999
branching on 1 with b.
604    288    23         38.9781    52.5680    34.8653    % 
UB: 52.56796874999999
branching on 2 with b.
605    289    23         38.9781    52.5680    34.8653    % 
UB: 52.56796874999999
branching on 2 with b.
606    290    21         38.9781    52.5680    34.8653    % 
LB close or above UB, fathomed
607    289    19         38.9781    52.5680    34.8653    % 
LB close or above UB, fathomed
608    288    17         38.9781    52.5680    34.8653    % 
UB: 52.56796874999999
branching on CartesianIndex(1, 6) with c.
609    289    16         39.4095    52.5680    33.3890    % 
UB: 52.56796874999999
branching on CartesianIndex(1, 4) with c.
610    290    16         39.4095    52.5680    33.3890    % 
LB close or above UB, fathomed
611    289    15         39.9488    52.5680    31.5883    % 
UB: 52.56796874999999
branching on CartesianIndex(4, 2) with a.
612    290    15         39.9488    52.5680    31.5883    % 
LB close or above UB, fathomed
613    289    17         40.1460    52.5680    30.9420    % 
LB close or above UB, fathomed
614    288    17         40.1460    52.5680    30.9420    % 
UB: 52.56796874999999
branching on CartesianIndex(1, 6) with c.
615    289    14         40.5019    52.5680    29.7914    % 
UB: 52.56796874999999
branching on 3 with b.
616    290    14         40.5019    52.5680    29.7914    % 
LB close or above UB, fathomed
617    289    20         40.9195    52.5680    28.4667    % 
LB close or above UB, fathomed
618    288    20         40.9195    52.5680    28.4667    % 
UB: 52.56796874999999
branching on CartesianIndex(1, 5) with c.
619    289    16         40.9195    52.5680    28.4667    % 
UB: 52.56796874999999
branching on 2 with b.
620    290    16         40.9195    52.5680    28.4667    % 
LB close or above UB, fathomed
621    289    33         40.9195    52.5680    28.4667    % 
UB: 52.56796874999999
branching on 2 with b.
622    290    34         40.9195    52.5680    28.4667    % 
UB: 52.56796874999999
branching on 3 with b.
623    291    34         40.9195    52.5680    28.4667    % 
UB: 52.56796874999999
branching on 3 with b.
624    292    33         40.9195    52.5680    28.4667    % 
UB: 52.56796874999999
branching on 2 with b.
625    293    23         40.9195    52.5680    28.4667    % 
LB close or above UB, fathomed
626    292    23         40.9195    52.5680    28.4667    % 
UB: 52.56796874999999
branching on 3 with b.
627    293    18         40.9195    52.5680    28.4667    % 
UB: 52.56796874999999
branching on CartesianIndex(1, 5) with c.
628    294    18         40.9195    52.5680    28.4667    % 
LB close or above UB, fathomed
629    293    15         40.9195    52.5680    28.4667    % 
UB: 52.56796874999999
branching on 3 with b.
630    294    16         40.9195    52.5680    28.4667    % 
UB: 52.56796874999999
branching on CartesianIndex(2, 3) with a.
631    295    16         40.9195    52.5680    28.4667    % 
LB close or above UB, fathomed
632    294    15         40.9195    52.5680    28.4667    % 
UB: 52.56796874999999
branching on 3 with b.
633    295    12         40.9195    52.5680    28.4667    % 
UB: 52.56796874999999
branching on CartesianIndex(4, 3) with a.
634    296    12         40.9195    52.5680    28.4667    % 
UB: 52.56796874999999
branching on 2 with b.
635    297    14         40.9195    52.5680    28.4667    % 
UB: 52.56796874999999
branching on CartesianIndex(3, 3) with a.
636    298    14         40.9195    52.5680    28.4667    % 
UB: 52.56796874999999
branching on 3 with b.
637    299    28         40.9195    52.5680    28.4667    % 
LB close or above UB, fathomed
638    298    28         40.9195    52.5680    28.4667    % 
UB: 52.56796874999999
branching on 3 with b.
639    299    29         40.9195    52.5680    28.4667    % 
UB: 52.56796874999999
branching on 1 with b.
640    300    30         40.9195    52.5680    28.4667    % 
LB close or above UB, fathomed
641    299    30         40.9195    52.5680    28.4667    % 
UB: 52.56796874999999
branching on 2 with b.
642    300    29         40.9195    52.5680    28.4667    % 
LB close or above UB, fathomed
643    299    19         40.9195    52.5680    28.4667    % 
LB close or above UB, fathomed
644    298    19         40.9195    52.5680    28.4667    % 
UB: 52.56796874999999
branching on CartesianIndex(1, 6) with c.
645    299    25         40.9195    52.5680    28.4667    % 
UB: 52.56796874999999
branching on 3 with b.
646    300    25         40.9195    52.5680    28.4667    % 
UB: 52.56796874999999
branching on 3 with b.
647    301    16         40.9195    52.5680    28.4667    % 
UB: 52.56796874999999
branching on CartesianIndex(2, 3) with a.
648    302    17         40.9195    52.5680    28.4667    % 
UB: 52.56796874999999
branching on CartesianIndex(3, 3) with a.
649    303    18         40.9195    52.5680    28.4667    % 
UB: 52.56796874999999
branching on 2 with b.
650    304    18         40.9195    52.5680    28.4667    % 
LB close or above UB, fathomed
651    303    17         40.9195    52.5680    28.4667    % 
LB close or above UB, fathomed
652    302    16         40.9195    52.5680    28.4667    % 
LB close or above UB, fathomed
653    301    17         40.9195    52.5680    28.4667    % 
UB: 52.56796874999999
branching on CartesianIndex(3, 3) with a.
654    302    18         40.9195    52.5680    28.4667    % 
UB: 52.56796874999999
branching on CartesianIndex(4, 3) with a.
655    303    18         40.9195    52.5680    28.4667    % 
LB close or above UB, fathomed
656    302    17         40.9195    52.5680    28.4667    % 
LB close or above UB, fathomed
657    301    25         40.9195    52.5680    28.4667    % 
LB close or above UB, fathomed
658    300    25         40.9195    52.5680    28.4667    % 
UB: 52.56796874999999
branching on 3 with b.
659    301    26         40.9195    52.5680    28.4667    % 
UB: 52.56796874999999
branching on 1 with b.
660    302    27         40.9195    52.5680    28.4667    % 
UB: 52.56796874999999
branching on 2 with b.
661    303    27         40.9195    52.5680    28.4667    % 
LB close or above UB, fathomed
662    302    26         40.9195    52.5680    28.4667    % 
LB close or above UB, fathomed
663    301    16         40.9195    52.5680    28.4667    % 
UB: 52.56796874999999
branching on 2 with b.
664    302    16         40.9195    52.5680    28.4667    % 
UB: 52.56796874999999
branching on CartesianIndex(4, 3) with a.
665    303    21         40.9195    52.5680    28.4667    % 
LB close or above UB, fathomed
666    302    21         40.9195    52.5680    28.4667    % 
UB: 52.56796874999999
branching on CartesianIndex(1, 4) with c.
667    303    18         40.9195    52.5680    28.4667    % 
UB: 52.56796874999999
branching on CartesianIndex(4, 3) with a.
668    304    18         40.9195    52.5680    28.4667    % 
LB close or above UB, fathomed
669    303    18         40.9195    52.5680    28.4667    % 
LB close or above UB, fathomed
670    302    18         40.9195    52.5680    28.4667    % 
UB: 52.56796874999999
branching on CartesianIndex(1, 4) with c.
671    303    15         40.9195    52.5680    28.4667    % 
LB close or above UB, fathomed
672    302    15         40.9195    52.5680    28.4667    % 
UB: 52.56796874999999
branching on CartesianIndex(1, 4) with c.
673    303    16         40.9195    52.5680    28.4667    % 
UB: 52.56796874999999
branching on 1 with b.
674    304    16         40.9195    52.5680    28.4667    % 
UB: 52.56796874999999
branching on CartesianIndex(1, 5) with c.
675    305    17         40.9195    52.5680    28.4667    % 
UB: 52.56796874999999
branching on 1 with b.
676    306    17         40.9195    52.5680    28.4667    % 
UB: 52.56796874999999
branching on 1 with b.
677    307    20         40.9195    52.5680    28.4667    % 
LB close or above UB, fathomed
678    306    20         40.9195    52.5680    28.4667    % 
LB close or above UB, fathomed
679    305    19         40.9195    52.5680    28.4667    % 
LB close or above UB, fathomed
680    304    19         40.9195    52.5680    28.4667    % 
UB: 52.56796874999999
branching on CartesianIndex(1, 4) with c.
681    305    21         40.9195    52.5680    28.4667    % 
LB close or above UB, fathomed
682    304    21         40.9195    52.5680    28.4667    % 
UB: 52.56796874999999
branching on CartesianIndex(1, 4) with c.
683    305    19         40.9195    52.5680    28.4667    % 
LB close or above UB, fathomed
684    304    19         40.9195    52.5680    28.4667    % 
UB: 52.56796874999999
branching on CartesianIndex(1, 5) with c.
685    305    20         40.9195    52.5680    28.4667    % 
UB: 52.56796874999999
branching on CartesianIndex(1, 6) with c.
686    306    21         40.9195    52.5680    28.4667    % 
LB close or above UB, fathomed
687    305    21         40.9195    52.5680    28.4667    % 
UB: 52.56796874999999
branching on CartesianIndex(1, 7) with c.
688    306    22         40.9195    52.5680    28.4667    % 
UB: 52.56796874999999
branching on 1 with b.
689    307    23         40.9195    52.5680    28.4667    % 
UB: 52.56796874999999
branching on 2 with b.
690    308    23         40.9195    52.5680    28.4667    % 
UB: 52.56796874999999
branching on 2 with b.
691    309    22         40.9195    52.5680    28.4667    % 
LB close or above UB, fathomed
692    308    20         40.9195    52.5680    28.4667    % 
UB: 52.56796874999999
branching on 1 with b.
693    309    20         40.9195    52.5680    28.4667    % 
UB: 52.56796874999999
branching on 3 with b.
694    310    20         40.9195    52.5680    28.4667    % 
UB: 52.56796874999999
branching on CartesianIndex(1, 5) with c.
695    311    26         40.9195    52.5680    28.4667    % 
UB: 52.56796874999999
branching on 3 with b.
696    312    27         40.9195    52.5680    28.4667    % 
UB: 52.56796874999999
branching on 1 with b.
697    313    28         40.9195    52.5680    28.4667    % 
UB: 52.56796874999999
branching on 2 with b.
698    314    28         40.9195    52.5680    28.4667    % 
UB: 52.56796874999999
branching on 2 with b.
699    315    27         40.9195    52.5680    28.4667    % 
LB close or above UB, fathomed
700    314    26         40.9195    52.5680    28.4667    % 
LB close or above UB, fathomed
701    313    27         40.9195    52.5680    28.4667    % 
UB: 52.56796874999999
branching on 3 with b.
702    314    27         40.9195    52.5680    28.4667    % 
LB close or above UB, fathomed
703    313    28         40.9195    52.5680    28.4667    % 
UB: 52.56796874999999
branching on 3 with b.
704    314    29         40.9195    52.5680    28.4667    % 
UB: 52.56796874999999
branching on 1 with b.
705    315    30         40.9195    52.5680    28.4667    % 
UB: 52.56796874999999
branching on 2 with b.
706    316    31         40.9195    52.5680    28.4667    % 
UB: 52.56796874999999
branching on 3 with b.
707    317    32         40.9195    52.5680    28.4667    % 
UB: 52.56796874999999
branching on 1 with b.
708    318    32         40.9195    52.5680    28.4667    % 
UB: 52.56796874999999
branching on 1 with b.
709    319    31         40.9195    52.5680    28.4667    % 
LB close or above UB, fathomed
710    318    30         40.9195    52.5680    28.4667    % 
UB: 52.56796874999999
branching on 2 with b.
711    319    29         40.9195    52.5680    28.4667    % 
LB close or above UB, fathomed
712    318    28         40.9195    52.5680    28.4667    % 
LB close or above UB, fathomed
713    317    22         40.9195    52.5680    28.4667    % 
UB: 52.56796874999999
branching on 3 with b.
714    318    23         40.9195    52.5680    28.4667    % 
LB close or above UB, fathomed
715    317    23         40.9195    52.5680    28.4667    % 
UB: 52.56796874999999
branching on 1 with b.
716    318    24         40.9195    52.5680    28.4667    % 
UB: 52.56796874999999
branching on 2 with b.
717    319    24         40.9195    52.5680    28.4667    % 
UB: 52.56796874999999
branching on 2 with b.
718    320    22         40.9195    52.5680    28.4667    % 
UB: 52.56796874999999
branching on 3 with b.
719    321    18         40.9195    52.5680    28.4667    % 
LB close or above UB, fathomed
720    320    18         40.9195    52.5680    28.4667    % 
UB: 52.56796874999999
branching on 2 with b.
721    321    19         40.9195    52.5680    28.4667    % 
UB: 52.56796874999999
branching on CartesianIndex(1, 5) with c.
722    322    19         40.9195    52.5680    28.4667    % 
UB: 52.56796874999999
branching on CartesianIndex(1, 5) with c.
723    323    12         40.9195    52.5680    28.4667    % 
LB close or above UB, fathomed
724    322    12         40.9195    52.5680    28.4667    % 
UB: 52.56796874999999
branching on CartesianIndex(1, 3) with a.
725    323    13         40.9195    52.5680    28.4667    % 
UB: 52.56796874999999
branching on 3 with b.
726    324    13         40.9195    52.5680    28.4667    % 
UB: 52.56796874999999
branching on CartesianIndex(1, 4) with c.
727    325    16         41.1522    52.5680    27.7404    % 
UB: 52.56796874999999
branching on 3 with b.
728    326    16         41.1522    52.5680    27.7404    % 
UB: 52.56796874999999
branching on 3 with b.
729    327    17         41.2431    52.5680    27.4588    % 
UB: 52.56796874999999
branching on 1 with b.
730    328    17         41.2431    52.5680    27.4588    % 
LB close or above UB, fathomed
731    327    16         41.3477    52.5680    27.1363    % 
UB: 52.56796874999999
branching on 1 with b.
732    328    16         41.3477    52.5680    27.1363    % 
UB: 52.56796874999999
branching on CartesianIndex(3, 3) with a.
733    329    16         41.6449    52.5680    26.2291    % 
LB close or above UB, fathomed
734    328    16         41.6449    52.5680    26.2291    % 
UB: 52.56796874999999
branching on 2 with b.
735    329    11         42.8066    52.5680    22.8033    % 
UB: 52.56796874999999
branching on CartesianIndex(2, 3) with a.
736    330    11         42.8066    52.5680    22.8033    % 
LB close or above UB, fathomed
737    329    8          42.8109    52.5680    22.7910    % 
UB: 52.56796874999999
branching on CartesianIndex(2, 1) with a.
738    330    9          42.8109    52.5680    22.7910    % 
UB: 52.56796874999999
branching on CartesianIndex(3, 1) with a.
739    331    10         42.8109    52.5680    22.7910    % 
UB: 52.56796874999999
branching on CartesianIndex(4, 1) with a.
740    332    11         42.8109    52.5680    22.7910    % 
LB close or above UB, fathomed
741    331    11         42.8109    52.5680    22.7910    % 
UB: 52.56796874999999
branching on CartesianIndex(1, 3) with a.
742    332    12         42.8109    52.5680    22.7910    % 
UB: 52.56796874999999
branching on CartesianIndex(2, 3) with a.
743    333    13         42.8109    52.5680    22.7910    % 
LB close or above UB, fathomed
744    332    13         42.8109    52.5680    22.7910    % 
LB close or above UB, fathomed
745    331    12         42.8109    52.5680    22.7910    % 
LB close or above UB, fathomed
746    330    10         42.8109    52.5680    22.7910    % 
LB close or above UB, fathomed
747    329    9          42.8109    52.5680    22.7910    % 
LB close or above UB, fathomed
748    328    8          42.8109    52.5680    22.7910    % 
LB close or above UB, fathomed
749    327    19         42.8609    52.5680    22.6479    % 
LB close or above UB, fathomed
750    326    19         42.8609    52.5680    22.6479    % 
UB: 52.56796874999999
branching on CartesianIndex(1, 5) with c.
751    327    20         42.8609    52.5680    22.6479    % 
UB: 52.56796874999999
branching on CartesianIndex(1, 6) with c.
752    328    20         42.8609    52.5680    22.6479    % 
LB close or above UB, fathomed
753    327    21         42.8609    52.5680    22.6479    % 
LB close or above UB, fathomed
754    326    21         42.8609    52.5680    22.6479    % 
UB: 52.56796874999999
branching on CartesianIndex(1, 7) with c.
755    327    22         42.8609    52.5680    22.6479    % 
UB: 52.56796874999999
branching on 2 with b.
756    328    23         42.8609    52.5680    22.6479    % 
LB close or above UB, fathomed
757    327    23         42.8609    52.5680    22.6479    % 
UB: 52.56796874999999
branching on 3 with b.
758    328    22         42.8609    52.5680    22.6479    % 
LB close or above UB, fathomed
759    327    33         42.8609    52.5680    22.6477    % 
UB: 52.56796874999999
branching on 2 with b.
760    328    33         42.8609    52.5680    22.6477    % 
UB: 52.56796874999999
branching on 2 with b.
761    329    34         42.8609    52.5680    22.6477    % 
UB: 52.56796874999999
branching on 3 with b.
762    330    35         42.8609    52.5680    22.6477    % 
UB: 52.56796874999999
branching on 1 with b.
763    331    36         42.8609    52.5680    22.6477    % 
UB: 52.56796874999999
branching on 2 with b.
764    332    36         42.8609    52.5680    22.6477    % 
UB: 52.56796874999999
branching on 2 with b.
765    333    37         42.8609    52.5680    22.6477    % 
UB: 52.56796874999999
branching on 3 with b.
766    334    37         42.8609    52.5680    22.6477    % 
UB: 52.56796874999999
branching on 3 with b.
767    335    35         42.8609    52.5680    22.6477    % 
LB close or above UB, fathomed
768    334    34         42.8609    52.5680    22.6477    % 
LB close or above UB, fathomed
769    333    31         42.8609    52.5680    22.6477    % 
LB close or above UB, fathomed
770    332    31         42.8609    52.5680    22.6477    % 
UB: 52.56796874999999
branching on 3 with b.
771    333    32         42.8609    52.5680    22.6477    % 
UB: 52.56796874999999
branching on 1 with b.
772    334    32         42.8609    52.5680    22.6477    % 
LB close or above UB, fathomed
773    333    13         42.8609    52.5680    22.6477    % 
UB: 52.56796874999999
branching on CartesianIndex(1, 4) with c.
774    334    13         42.8609    52.5680    22.6477    % 
UB: 52.56796874999999
branching on 3 with b.
775    335    24         42.8609    52.5680    22.6477    % 
LB close or above UB, fathomed
776    334    24         42.8609    52.5680    22.6477    % 
UB: 52.56796874999999
branching on 1 with b.
777    335    25         42.8609    52.5680    22.6477    % 
UB: 52.56796874999999
branching on 2 with b.
778    336    26         42.8609    52.5680    22.6477    % 
UB: 52.56796874999999
branching on 3 with b.
779    337    26         42.8609    52.5680    22.6477    % 
UB: 52.56796874999999
branching on 3 with b.
780    338    25         42.8609    52.5680    22.6477    % 
LB close or above UB, fathomed
781    337    35         42.8609    52.5680    22.6477    % 
UB: 52.56796874999999
branching on 1 with b.
782    338    35         42.8609    52.5680    22.6477    % 
UB: 52.56796874999999
branching on 1 with b.
783    339    18         42.8609    52.5680    22.6477    % 
LB close or above UB, fathomed
784    338    18         42.8609    52.5680    22.6477    % 
UB: 52.56796874999999
branching on 2 with b.
785    339    16         42.8609    52.5680    22.6477    % 
UB: 52.56796874999999
branching on CartesianIndex(1, 3) with a.
786    340    16         42.8609    52.5680    22.6477    % 
UB: 52.56796874999999
branching on CartesianIndex(1, 3) with a.
787    341    17         42.8609    52.5680    22.6477    % 
UB: 52.56796874999999
branching on 1 with b.
788    342    18         42.8609    52.5680    22.6477    % 
LB close or above UB, fathomed
789    341    18         42.8609    52.5680    22.6477    % 
UB: 52.56796874999999
branching on CartesianIndex(2, 3) with a.
790    342    19         42.8609    52.5680    22.6477    % 
LB close or above UB, fathomed
791    341    19         42.8609    52.5680    22.6477    % 
LB close or above UB, fathomed
792    340    17         42.8609    52.5680    22.6477    % 
LB close or above UB, fathomed
793    339    24         42.8609    52.5680    22.6477    % 
UB: 52.56796874999999
branching on 3 with b.
794    340    25         42.8609    52.5680    22.6477    % 
UB: 52.56796874999999
branching on 1 with b.
795    341    26         42.8609    52.5680    22.6477    % 
UB: 52.56796874999999
branching on 2 with b.
796    342    26         42.8609    52.5680    22.6477    % 
UB: 52.56796874999999
branching on 2 with b.
797    343    27         42.8609    52.5680    22.6477    % 
UB: 52.56796874999999
branching on 3 with b.
798    344    27         42.8609    52.5680    22.6477    % 
LB close or above UB, fathomed
799    343    25         42.8609    52.5680    22.6477    % 
UB: 52.56796874999999
branching on 1 with b.
800    344    24         42.8609    52.5680    22.6477    % 
LB close or above UB, fathomed
801    343    31         42.8609    52.5680    22.6477    % 
UB: 52.56796874999999
branching on 3 with b.
802    344    32         42.8609    52.5680    22.6477    % 
UB: 52.56796874999999
branching on 1 with b.
803    345    32         42.8609    52.5680    22.6477    % 
UB: 52.56796874999999
branching on 1 with b.
804    346    31         42.8609    52.5680    22.6477    % 
LB close or above UB, fathomed
805    345    28         42.8609    52.5680    22.6477    % 
LB close or above UB, fathomed
806    344    28         42.8609    52.5680    22.6477    % 
UB: 52.56796874999999
branching on 3 with b.
807    345    29         42.8609    52.5680    22.6477    % 
LB close or above UB, fathomed
808    344    29         42.8609    52.5680    22.6477    % 
UB: 52.56796874999999
branching on 1 with b.
809    345    30         42.8609    52.5680    22.6477    % 
UB: 52.56796874999999
branching on 2 with b.
810    346    30         42.8609    52.5680    22.6477    % 
LB close or above UB, fathomed
811    345    16         42.8609    52.5680    22.6477    % 
UB: 52.56796874999999
branching on 1 with b.
812    346    17         42.8609    52.5680    22.6477    % 
UB: 52.56796874999999
branching on 2 with b.
813    347    18         42.8609    52.5680    22.6477    % 
LB close or above UB, fathomed
814    346    18         42.8609    52.5680    22.6477    % 
UB: 52.56796874999999
branching on 3 with b.
815    347    17         42.8609    52.5680    22.6477    % 
LB close or above UB, fathomed
816    346    16         42.8609    52.5680    22.6477    % 
UB: 52.56796874999999
branching on CartesianIndex(4, 3) with a.
817    347    24         42.8609    52.5680    22.6477    % 
LB close or above UB, fathomed
818    346    24         42.8609    52.5680    22.6477    % 
UB: 52.56796874999999
branching on 3 with b.
819    347    25         42.8609    52.5680    22.6477    % 
UB: 52.56796874999999
branching on 1 with b.
820    348    25         42.8609    52.5680    22.6477    % 
LB close or above UB, fathomed
821    347    13         42.8609    52.5680    22.6477    % 
UB: 52.56796874999999
branching on CartesianIndex(3, 2) with a.
822    348    14         42.8609    52.5680    22.6477    % 
LB close or above UB, fathomed
823    347    14         42.8609    52.5680    22.6477    % 
LB close or above UB, fathomed
824    346    13         42.8609    52.5680    22.6477    % 
LB close or above UB, fathomed
825    345    21         42.8609    52.5680    22.6477    % 
LB close or above UB, fathomed
826    344    21         42.8609    52.5680    22.6477    % 
UB: 52.56796874999999
branching on CartesianIndex(1, 4) with c.
827    345    22         42.8609    52.5680    22.6477    % 
LB close or above UB, fathomed
828    344    22         42.8609    52.5680    22.6477    % 
UB: 52.56796874999999
branching on CartesianIndex(1, 5) with c.
829    345    23         42.8609    52.5680    22.6477    % 
UB: 52.56796874999999
branching on CartesianIndex(1, 6) with c.
830    346    23         42.8609    52.5680    22.6477    % 
LB close or above UB, fathomed
831    345    15         42.8609    52.5680    22.6477    % 
UB: 52.56796874999999
branching on CartesianIndex(1, 5) with c.
832    346    15         42.8609    52.5680    22.6477    % 
UB: 52.56796874999999
branching on 2 with b.
833    347    14         42.8609    52.5680    22.6477    % 
UB: 52.56796874999999
branching on 1 with b.
834    348    14         42.8609    52.5680    22.6477    % 
UB: 52.56796874999999
branching on CartesianIndex(3, 3) with a.
835    349    20         42.8609    52.5680    22.6477    % 
LB close or above UB, fathomed
836    348    20         42.8609    52.5680    22.6477    % 
UB: 52.56796874999999
branching on CartesianIndex(1, 4) with c.
837    349    17         42.8609    52.5680    22.6477    % 
UB: 52.56796874999999
branching on CartesianIndex(4, 3) with a.
838    350    17         42.8609    52.5680    22.6477    % 
UB: 52.56796874999999
branching on CartesianIndex(1, 4) with c.
839    351    16         42.8609    52.5680    22.6477    % 
UB: 52.56796874999999
branching on 2 with b.
840    352    16         42.8609    52.5680    22.6477    % 
LB close or above UB, fathomed
841    351    12         42.8609    52.5680    22.6477    % 
UB: 52.56796874999999
branching on CartesianIndex(1, 3) with a.
842    352    12         42.8609    52.5680    22.6477    % 
LB close or above UB, fathomed
843    351    17         42.8609    52.5680    22.6477    % 
UB: 52.56796874999999
branching on CartesianIndex(2, 3) with a.
844    352    18         42.8609    52.5680    22.6477    % 
LB close or above UB, fathomed
845    351    18         42.8609    52.5680    22.6477    % 
LB close or above UB, fathomed
846    350    17         42.8609    52.5680    22.6477    % 
LB close or above UB, fathomed
847    349    29         42.8609    52.5680    22.6477    % 
UB: 52.56796874999999
branching on 3 with b.
848    350    29         42.8609    52.5680    22.6477    % 
LB close or above UB, fathomed
849    349    20         42.8609    52.5680    22.6477    % 
LB close or above UB, fathomed
850    348    20         42.8609    52.5680    22.6477    % 
UB: 52.56796874999999
branching on CartesianIndex(1, 5) with c.
851    349    21         42.8609    52.5680    22.6477    % 
UB: 52.56796874999999
branching on CartesianIndex(1, 6) with c.
852    350    22         42.8609    52.5680    22.6477    % 
LB close or above UB, fathomed
853    349    22         42.8609    52.5680    22.6477    % 
UB: 52.56796874999999
branching on CartesianIndex(1, 7) with c.
854    350    23         42.8609    52.5680    22.6477    % 
UB: 52.56796874999999
branching on 1 with b.
855    351    24         42.8609    52.5680    22.6477    % 
UB: 52.56796874999999
branching on 2 with b.
856    352    24         42.8609    52.5680    22.6477    % 
UB: 52.56796874999999
branching on 2 with b.
857    353    23         42.8609    52.5680    22.6477    % 
LB close or above UB, fathomed
858    352    21         42.8609    52.5680    22.6477    % 
LB close or above UB, fathomed
859    351    22         42.8609    52.5680    22.6477    % 
LB close or above UB, fathomed
860    350    22         42.8609    52.5680    22.6477    % 
UB: 52.56796874999999
branching on CartesianIndex(1, 5) with c.
861    351    23         42.8609    52.5680    22.6477    % 
UB: 52.56796874999999
branching on CartesianIndex(1, 6) with c.
862    352    24         42.8609    52.5680    22.6477    % 
LB close or above UB, fathomed
863    351    24         42.8609    52.5680    22.6477    % 
UB: 52.56796874999999
branching on CartesianIndex(1, 7) with c.
864    352    25         42.8609    52.5680    22.6477    % 
UB: 52.56796874999999
branching on 2 with b.
865    353    26         42.8609    52.5680    22.6477    % 
UB: 52.56796874999999
branching on 3 with b.
866    354    26         42.8609    52.5680    22.6477    % 
UB: 52.56796874999999
branching on 3 with b.
867    355    25         42.8609    52.5680    22.6477    % 
LB close or above UB, fathomed
868    354    23         42.8609    52.5680    22.6477    % 
LB close or above UB, fathomed
869    353    28         42.8609    52.5680    22.6477    % 
LB close or above UB, fathomed
870    352    28         42.8609    52.5680    22.6477    % 
UB: 52.56796874999999
branching on 3 with b.
871    353    17         42.8609    52.5680    22.6477    % 
LB close or above UB, fathomed
872    352    17         42.8609    52.5680    22.6477    % 
UB: 52.56796874999999
branching on CartesianIndex(1, 4) with c.
873    353    24         42.8609    52.5680    22.6477    % 
UB: 52.56796874999999
branching on 3 with b.
874    354    25         42.8609    52.5680    22.6477    % 
UB: 52.56796874999999
branching on 1 with b.
875    355    25         42.8609    52.5680    22.6477    % 
UB: 52.56796874999999
branching on 1 with b.
876    356    24         42.8609    52.5680    22.6477    % 
LB close or above UB, fathomed
877    355    17         42.8609    52.5680    22.6477    % 
LB close or above UB, fathomed
878    354    17         42.8609    52.5680    22.6477    % 
UB: 52.56796874999999
branching on CartesianIndex(1, 3) with a.
879    355    18         42.8609    52.5680    22.6477    % 
UB: 52.56796874999999
branching on CartesianIndex(2, 3) with a.
880    356    19         42.8609    52.5680    22.6477    % 
LB close or above UB, fathomed
881    355    19         42.8609    52.5680    22.6477    % 
LB close or above UB, fathomed
882    354    18         42.8609    52.5680    22.6477    % 
LB close or above UB, fathomed
883    353    15         42.8609    52.5680    22.6477    % 
LB close or above UB, fathomed
884    352    15         42.8609    52.5680    22.6477    % 
UB: 52.56796874999999
branching on CartesianIndex(1, 4) with c.
885    353    17         42.8609    52.5680    22.6477    % 
UB: 52.56796874999999
branching on CartesianIndex(3, 3) with a.
886    354    17         42.8609    52.5680    22.6477    % 
LB close or above UB, fathomed
887    353    25         42.8609    52.5680    22.6477    % 
LB close or above UB, fathomed
888    352    25         42.8609    52.5680    22.6477    % 
UB: 52.56796874999999
branching on 3 with b.
889    353    26         42.8609    52.5680    22.6477    % 
UB: 52.56796874999999
branching on 1 with b.
890    354    27         42.8609    52.5680    22.6477    % 
LB close or above UB, fathomed
891    353    27         42.8609    52.5680    22.6477    % 
UB: 52.56796874999999
branching on 2 with b.
892    354    28         42.8609    52.5680    22.6477    % 
LB close or above UB, fathomed
893    353    28         42.8609    52.5680    22.6477    % 
UB: 52.56796874999999
branching on 3 with b.
894    354    26         42.8609    52.5680    22.6477    % 
LB close or above UB, fathomed
895    353    17         42.8609    52.5680    22.6477    % 
UB: 52.56796874999999
branching on CartesianIndex(2, 3) with a.
896    354    18         42.8609    52.5680    22.6477    % 
LB close or above UB, fathomed
897    353    18         42.8609    52.5680    22.6477    % 
UB: 52.56796874999999
branching on CartesianIndex(1, 4) with c.
898    354    17         42.8609    52.5680    22.6477    % 
LB close or above UB, fathomed
899    353    20         42.8609    52.5680    22.6477    % 
UB: 52.56796874999999
branching on CartesianIndex(1, 5) with c.
900    354    20         42.8609    52.5680    22.6477    % 
LB close or above UB, fathomed
901    353    19         42.8609    52.5680    22.6477    % 
LB close or above UB, fathomed
902    352    19         42.8609    52.5680    22.6477    % 
UB: 52.56796874999999
branching on CartesianIndex(1, 5) with c.
903    353    20         42.8609    52.5680    22.6477    % 
UB: 52.56796874999999
branching on CartesianIndex(1, 6) with c.
904    354    21         42.8609    52.5680    22.6477    % 
LB close or above UB, fathomed
905    353    21         42.8609    52.5680    22.6477    % 
UB: 52.56796874999999
branching on 1 with b.
906    354    22         42.8609    52.5680    22.6477    % 
UB: 52.56796874999999
branching on CartesianIndex(1, 7) with c.
907    355    22         42.8609    52.5680    22.6477    % 
LB close or above UB, fathomed
908    354    20         42.8609    52.5680    22.6477    % 
LB close or above UB, fathomed
909    353    17         42.8609    52.5680    22.6477    % 
UB: 52.56796874999999
branching on CartesianIndex(1, 4) with c.
910    354    17         42.8609    52.5680    22.6477    % 
UB: 52.56796874999999
branching on CartesianIndex(1, 4) with c.
911    355    15         42.8609    52.5680    22.6477    % 
UB: 52.56796874999999
branching on CartesianIndex(1, 3) with a.
912    356    15         42.8609    52.5680    22.6477    % 
LB close or above UB, fathomed
913    355    13         42.8609    52.5680    22.6477    % 
LB close or above UB, fathomed
914    354    13         42.8609    52.5680    22.6477    % 
UB: 52.56796874999999
branching on CartesianIndex(1, 3) with a.
915    355    21         42.8609    52.5680    22.6477    % 
UB: 52.56796874999999
branching on CartesianIndex(1, 6) with c.
916    356    22         42.8609    52.5680    22.6477    % 
LB close or above UB, fathomed
917    355    22         42.8609    52.5680    22.6477    % 
UB: 52.56796874999999
branching on CartesianIndex(1, 7) with c.
918    356    23         42.8609    52.5680    22.6477    % 
UB: 52.56796874999999
branching on 1 with b.
919    357    24         42.8609    52.5680    22.6477    % 
UB: 52.56796874999999
branching on 2 with b.
920    358    24         42.8609    52.5680    22.6477    % 
UB: 52.56796874999999
branching on 2 with b.
921    359    23         42.8609    52.5680    22.6477    % 
LB close or above UB, fathomed
922    358    21         42.8609    52.5680    22.6477    % 
LB close or above UB, fathomed
923    357    16         42.8609    52.5680    22.6477    % 
LB close or above UB, fathomed
924    356    16         42.8609    52.5680    22.6477    % 
UB: 52.56796874999999
branching on CartesianIndex(1, 5) with c.
925    357    17         42.8609    52.5680    22.6477    % 
UB: 52.56796874999999
branching on CartesianIndex(1, 6) with c.
926    358    18         42.8609    52.5680    22.6477    % 
LB close or above UB, fathomed
927    357    18         42.8609    52.5680    22.6477    % 
UB: 52.56796874999999
branching on CartesianIndex(1, 7) with c.
928    358    19         42.8609    52.5680    22.6477    % 
UB: 52.56796874999999
branching on 1 with b.
929    359    20         42.8609    52.5680    22.6477    % 
UB: 52.56796874999999
branching on 2 with b.
930    360    20         42.8609    52.5680    22.6477    % 
LB close or above UB, fathomed
931    359    19         42.8609    52.5680    22.6477    % 
LB close or above UB, fathomed
932    358    17         42.8609    52.5680    22.6477    % 
UB: 52.56796874999999
branching on 1 with b.
933    359    24         42.8609    52.5680    22.6477    % 
LB close or above UB, fathomed
934    358    24         42.8609    52.5680    22.6477    % 
UB: 52.56796874999999
branching on CartesianIndex(1, 7) with c.
935    359    25         42.8609    52.5680    22.6477    % 
UB: 52.56796874999999
branching on 2 with b.
936    360    26         42.8609    52.5680    22.6477    % 
UB: 52.56796874999999
branching on 3 with b.
937    361    26         42.8609    52.5680    22.6477    % 
UB: 52.56796874999999
branching on 3 with b.
938    362    25         42.8609    52.5680    22.6477    % 
LB close or above UB, fathomed
939    361    20         42.8609    52.5680    22.6477    % 
UB: 52.56796874999999
branching on 3 with b.
940    362    21         42.8609    52.5680    22.6477    % 
LB close or above UB, fathomed
941    361    21         42.8609    52.5680    22.6477    % 
UB: 52.56796874999999
branching on 1 with b.
942    362    22         42.8609    52.5680    22.6477    % 
UB: 52.56796874999999
branching on CartesianIndex(1, 6) with c.
943    363    22         42.8609    52.5680    22.6477    % 
UB: 52.56796874999999
branching on 2 with b.
944    364    20         42.8609    52.5680    22.6477    % 
LB close or above UB, fathomed
945    363    28         42.8609    52.5680    22.6477    % 
UB: 52.56796874999999
branching on 1 with b.
946    364    29         42.8609    52.5680    22.6477    % 
UB: 52.56796874999999
branching on 2 with b.
947    365    29         42.8609    52.5680    22.6477    % 
UB: 52.56796874999999
branching on 2 with b.
948    366    28         42.8609    52.5680    22.6477    % 
LB close or above UB, fathomed
949    365    21         42.8609    52.5680    22.6477    % 
LB close or above UB, fathomed
950    364    21         42.8609    52.5680    22.6477    % 
UB: 52.56796874999999
branching on CartesianIndex(1, 5) with c.
951    365    22         42.8609    52.5680    22.6477    % 
UB: 52.56796874999999
branching on CartesianIndex(1, 6) with c.
952    366    23         42.8609    52.5680    22.6477    % 
LB close or above UB, fathomed
953    365    23         42.8609    52.5680    22.6477    % 
UB: 52.56796874999999
branching on CartesianIndex(1, 7) with c.
954    366    24         42.8609    52.5680    22.6477    % 
UB: 52.56796874999999
branching on 1 with b.
955    367    25         42.8609    52.5680    22.6477    % 
LB close or above UB, fathomed
956    366    25         42.8609    52.5680    22.6477    % 
UB: 52.56796874999999
branching on 2 with b.
957    367    24         42.8609    52.5680    22.6477    % 
LB close or above UB, fathomed
958    366    22         42.8609    52.5680    22.6477    % 
LB close or above UB, fathomed
959    365    22         42.8609    52.5680    22.6477    % 
LB close or above UB, fathomed
960    364    22         42.8609    52.5680    22.6477    % 
UB: 52.56796874999999
branching on 3 with b.
961    365    23         42.8609    52.5680    22.6477    % 
UB: 52.56796874999999
branching on CartesianIndex(1, 5) with c.
962    366    23         42.8609    52.5680    22.6477    % 
LB close or above UB, fathomed
963    365    16         42.8609    52.5680    22.6477    % 
UB: 52.56796874999999
branching on 1 with b.
964    366    16         42.8609    52.5680    22.6477    % 
LB close or above UB, fathomed
965    365    18         42.8609    52.5680    22.6477    % 
UB: 52.56796874999999
branching on CartesianIndex(4, 3) with a.
966    366    18         42.8609    52.5680    22.6477    % 
UB: 52.56796874999999
branching on CartesianIndex(1, 4) with c.
967    367    15         42.8609    52.5680    22.6477    % 
UB: 52.56796874999999
branching on CartesianIndex(2, 3) with a.
968    368    15         42.8609    52.5680    22.6477    % 
LB close or above UB, fathomed
969    367    20         42.8609    52.5680    22.6477    % 
UB: 52.56796874999999
branching on CartesianIndex(1, 4) with c.
970    368    20         42.8609    52.5680    22.6477    % 
UB: 52.56796874999999
branching on CartesianIndex(1, 4) with c.
971    369    13         42.8609    52.5680    22.6477    % 
LB close or above UB, fathomed
972    368    13         42.8609    52.5680    22.6477    % 
UB: 52.56796874999999
branching on CartesianIndex(1, 4) with c.
973    369    16         42.8609    52.5680    22.6477    % 
LB close or above UB, fathomed
974    368    16         42.8609    52.5680    22.6477    % 
UB: 52.56796874999999
branching on CartesianIndex(1, 4) with c.
975    369    14         42.8609    52.5680    22.6477    % 
UB: 52.56796874999999
branching on 1 with b.
976    370    14         42.8609    52.5680    22.6477    % 
UB: 52.56796874999999
branching on CartesianIndex(2, 3) with a.
977    371    16         42.8609    52.5680    22.6477    % 
UB: 52.56796874999999
branching on CartesianIndex(1, 4) with c.
978    372    16         42.8609    52.5680    22.6477    % 
UB: 52.56796874999999
branching on CartesianIndex(1, 4) with c.
979    373    15         42.8609    52.5680    22.6477    % 
UB: 52.56796874999999
branching on CartesianIndex(1, 3) with a.
980    374    16         42.8609    52.5680    22.6477    % 
UB: 52.56796874999999
branching on 3 with b.
981    375    17         42.8609    52.5680    22.6477    % 
UB: 52.56796874999999
branching on CartesianIndex(2, 3) with a.
982    376    17         42.8609    52.5680    22.6477    % 
LB close or above UB, fathomed
983    375    16         42.8609    52.5680    22.6477    % 
LB close or above UB, fathomed
984    374    15         42.8609    52.5680    22.6477    % 
UB: 52.56796874999999
branching on CartesianIndex(1, 3) with a.
985    375    14         43.3463    52.5680    21.2744    % 
UB: 52.56796874999999
branching on CartesianIndex(1, 4) with c.
986    376    14         43.3463    52.5680    21.2744    % 
LB close or above UB, fathomed
987    375    12         44.7480    52.5680    17.4755    % 
LB close or above UB, fathomed
988    374    12         44.7480    52.5680    17.4755    % 
UB: 52.56796874999999
branching on CartesianIndex(1, 5) with c.
989    375    12         44.7513    52.5680    17.4668    % 
UB: 52.56796874999999
branching on 1 with b.
990    376    13         44.7513    52.5680    17.4668    % 
UB: 52.56796874999999
branching on CartesianIndex(4, 3) with a.
991    377    13         44.7513    52.5680    17.4668    % 
LB close or above UB, fathomed
992    376    12         44.7513    52.5680    17.4668    % 
LB close or above UB, fathomed
993    375    7          44.7523    52.5680    17.4642    % 
UB: 52.56796874999999
branching on CartesianIndex(3, 1) with a.
994    376    7          44.7523    52.5680    17.4642    % 
LB close or above UB, fathomed
995    375    23         44.8023    52.5680    17.3331    % 
UB: 52.56796874999999
branching on 3 with b.
996    376    23         44.8023    52.5680    17.3331    % 
LB close or above UB, fathomed
997    375    30         44.8023    52.5680    17.3331    % 
UB: 52.56796874999999
branching on 1 with b.
998    376    31         44.8023    52.5680    17.3331    % 
UB: 52.56796874999999
branching on 2 with b.
999    377    32         44.8023    52.5680    17.3331    % 
UB: 52.56796874999999
branching on 3 with b.
1000   378    33         44.8023    52.5680    17.3331    % 
LB close or above UB, fathomed
1001   377    33         44.8023    52.5680    17.3331    % 
UB: 52.56796874999999
branching on 1 with b.
1002   378    34         44.8023    52.5680    17.3331    % 
UB: 52.56796874999999
branching on 2 with b.
1003   379    34         44.8023    52.5680    17.3331    % 
UB: 52.56796874999999
branching on 2 with b.
1004   380    32         44.8023    52.5680    17.3331    % 
LB close or above UB, fathomed
1005   379    31         44.8023    52.5680    17.3331    % 
UB: 52.56796874999999
branching on 2 with b.
1006   380    30         44.8023    52.5680    17.3331    % 
LB close or above UB, fathomed
1007   379    29         44.8023    52.5680    17.3331    % 
UB: 52.56796874999999
branching on 3 with b.
1008   380    29         44.8023    52.5680    17.3331    % 
LB close or above UB, fathomed
1009   379    25         44.8023    52.5680    17.3331    % 
UB: 52.56796874999999
branching on 3 with b.
1010   380    26         44.8023    52.5680    17.3331    % 
UB: 52.56796874999999
branching on 1 with b.
1011   381    27         44.8023    52.5680    17.3331    % 
UB: 52.56796874999999
branching on 2 with b.
1012   382    27         44.8023    52.5680    17.3331    % 
UB: 52.56796874999999
branching on 2 with b.
1013   383    26         44.8023    52.5680    17.3331    % 
LB close or above UB, fathomed
1014   382    25         44.8023    52.5680    17.3331    % 
LB close or above UB, fathomed
1015   381    29         44.8023    52.5680    17.3331    % 
UB: 52.56796874999999
branching on 1 with b.
1016   382    29         44.8023    52.5680    17.3331    % 
LB close or above UB, fathomed
1017   381    26         44.8023    52.5680    17.3331    % 
LB close or above UB, fathomed
1018   380    26         44.8023    52.5680    17.3331    % 
UB: 52.56796874999999
branching on 2 with b.
1019   381    29         44.8023    52.5680    17.3331    % 
UB: 52.56796874999999
branching on 1 with b.
1020   382    29         44.8023    52.5680    17.3331    % 
LB close or above UB, fathomed
1021   381    13         44.8023    52.5680    17.3331    % 
UB: 52.56796874999999
branching on 3 with b.
1022   382    13         44.8023    52.5680    17.3331    % 
LB close or above UB, fathomed
1023   381    15         44.8023    52.5680    17.3331    % 
LB close or above UB, fathomed
1024   380    15         44.8023    52.5680    17.3331    % 
LB close or above UB, fathomed
1025   379    16         44.8023    52.5680    17.3331    % 
LB close or above UB, fathomed
1026   378    16         44.8023    52.5680    17.3331    % 
UB: 52.56796874999999
branching on 2 with b.
1027   379    26         44.8023    52.5680    17.3331    % 
UB: 52.56796874999999
branching on 2 with b.
1028   380    27         44.8023    52.5680    17.3331    % 
UB: 52.56796874999999
branching on 3 with b.
1029   381    27         44.8023    52.5680    17.3331    % 
UB: 52.56796874999999
branching on 3 with b.
1030   382    26         44.8023    52.5680    17.3331    % 
UB: 52.56796874999999
branching on 2 with b.
1031   383    31         44.8023    52.5680    17.3331    % 
LB close or above UB, fathomed
1032   382    31         44.8023    52.5680    17.3331    % 
UB: 52.56796874999999
branching on 3 with b.
1033   383    32         44.8023    52.5680    17.3331    % 
LB close or above UB, fathomed
1034   382    32         44.8023    52.5680    17.3331    % 
UB: 52.56796874999999
branching on 1 with b.
1035   383    33         44.8023    52.5680    17.3331    % 
UB: 52.56796874999999
branching on 2 with b.
1036   384    34         44.8023    52.5680    17.3331    % 
UB: 52.56796874999999
branching on 3 with b.
1037   385    35         44.8023    52.5680    17.3331    % 
UB: 52.56796874999999
branching on 1 with b.
1038   386    35         44.8023    52.5680    17.3331    % 
UB: 52.56796874999999
branching on 1 with b.
1039   387    34         44.8023    52.5680    17.3331    % 
LB close or above UB, fathomed
1040   386    33         44.8023    52.5680    17.3331    % 
UB: 52.56796874999999
branching on 2 with b.
1041   387    19         44.8023    52.5680    17.3331    % 
UB: 52.56796874999999
branching on CartesianIndex(1, 7) with c.
1042   388    20         44.8023    52.5680    17.3331    % 
UB: 52.56796874999999
branching on 3 with b.
1043   389    20         44.8023    52.5680    17.3331    % 
LB close or above UB, fathomed
1044   388    19         44.8023    52.5680    17.3331    % 
LB close or above UB, fathomed
1045   387    36         44.8023    52.5680    17.3331    % 
LB close or above UB, fathomed
1046   386    36         44.8023    52.5680    17.3331    % 
UB: 52.56796874999999
branching on 2 with b.
1047   387    37         44.8023    52.5680    17.3331    % 
UB: 52.56796874999999
branching on 3 with b.
1048   388    37         44.8023    52.5680    17.3331    % 
UB: 52.56796874999999
branching on 3 with b.
1049   389    33         44.8023    52.5680    17.3331    % 
UB: 52.56796874999999
branching on 2 with b.
1050   390    33         44.8023    52.5680    17.3331    % 
UB: 52.56796874999999
branching on 2 with b.
1051   391    34         44.8023    52.5680    17.3331    % 
LB close or above UB, fathomed
1052   390    34         44.8023    52.5680    17.3331    % 
UB: 52.56796874999999
branching on 3 with b.
1053   391    38         44.8023    52.5680    17.3331    % 
UB: 52.56796874999999
branching on 1 with b.
1054   392    39         44.8023    52.5680    17.3331    % 
UB: 52.56796874999999
branching on 2 with b.
1055   393    40         44.8023    52.5680    17.3331    % 
UB: 52.56796874999999
branching on 3 with b.
1056   394    40         44.8023    52.5680    17.3331    % 
UB: 52.56796874999999
branching on 3 with b.
1057   395    39         44.8023    52.5680    17.3331    % 
UB: 52.56796874999999
branching on 2 with b.
1058   396    38         44.8023    52.5680    17.3331    % 
UB: 52.56796874999999
branching on 1 with b.
1059   397    17         44.8023    52.5680    17.3331    % 
LB close or above UB, fathomed
1060   396    17         44.8023    52.5680    17.3331    % 
UB: 52.56796874999999
branching on 3 with b.
1061   397    18         44.8023    52.5680    17.3331    % 
UB: 52.56796874999999
branching on CartesianIndex(1, 5) with c.
1062   398    19         44.8023    52.5680    17.3331    % 
UB: 52.56796874999999
branching on CartesianIndex(1, 6) with c.
1063   399    19         44.8023    52.5680    17.3331    % 
LB close or above UB, fathomed
1064   398    18         44.8023    52.5680    17.3331    % 
UB: 52.56796874999999
branching on 1 with b.
1065   399    31         44.8023    52.5680    17.3331    % 
UB: 52.56796874999999
branching on 3 with b.
1066   400    32         44.8023    52.5680    17.3331    % 
UB: 52.56796874999999
branching on 1 with b.
1067   401    32         44.8023    52.5680    17.3331    % 
UB: 52.56796874999999
branching on 1 with b.
1068   402    33         44.8023    52.5680    17.3331    % 
UB: 52.56796874999999
branching on 2 with b.
1069   403    34         44.8023    52.5680    17.3331    % 
UB: 52.56796874999999
branching on 3 with b.
1070   404    35         44.8023    52.5680    17.3331    % 
UB: 52.56796874999999
branching on 1 with b.
1071   405    36         44.8023    52.5680    17.3331    % 
UB: 52.56796874999999
branching on 2 with b.
1072   406    37         44.8023    52.5680    17.3331    % 
UB: 52.56796874999999
branching on 3 with b.
1073   407    37         44.8023    52.5680    17.3331    % 
UB: 50.62656249999999
branching on 3 with b.
1074   408    36         44.8023    50.6266    12.9998    % 
UB: 50.62656249999999
branching on 2 with b.
1075   289    35         44.8023    50.6266    12.9998    % 
LB close or above UB, fathomed
1076   288    34         44.8023    50.6266    12.9998    % 
LB close or above UB, fathomed
1077   287    33         44.8023    50.6266    12.9998    % 
UB: 50.62656249999999
branching on 2 with b.
1078   288    31         44.8023    50.6266    12.9998    % 
LB close or above UB, fathomed
1079   287    34         44.8023    50.6266    12.9998    % 
LB close or above UB, fathomed
1080   286    34         44.8023    50.6266    12.9998    % 
UB: 50.62656249999999
branching on 3 with b.
1081   287    31         44.8023    50.6266    12.9998    % 
UB: 50.62656249999999
branching on 3 with b.
1082   288    32         44.8023    50.6266    12.9998    % 
UB: 50.62656249999999
branching on 1 with b.
1083   289    32         44.8023    50.6266    12.9998    % 
LB close or above UB, fathomed
1084   288    31         44.8023    50.6266    12.9998    % 
LB close or above UB, fathomed
1085   287    13         44.8023    50.6266    12.9998    % 
LB close or above UB, fathomed
1086   286    13         44.8023    50.6266    12.9998    % 
LB close or above UB, fathomed
1087   285    28         44.8023    50.6266    12.9998    % 
LB close or above UB, fathomed
1088   284    28         44.8023    50.6266    12.9998    % 
UB: 50.62656249999999
branching on 3 with b.
1089   285    29         44.8023    50.6266    12.9998    % 
LB close or above UB, fathomed
1090   284    29         44.8023    50.6266    12.9998    % 
UB: 50.62656249999999
branching on 1 with b.
1091   285    30         44.8023    50.6266    12.9998    % 
LB close or above UB, fathomed
1092   284    30         44.8023    50.6266    12.9998    % 
UB: 50.62656249999999
branching on 2 with b.
1093   285    15         44.8023    50.6266    12.9998    % 
UB: 50.62656249999999
branching on CartesianIndex(4, 2) with a.
1094   286    15         44.8023    50.6266    12.9998    % 
UB: 50.62656249999999
branching on CartesianIndex(1, 3) with a.
1095   287    20         44.8023    50.6266    12.9998    % 
UB: 50.62656249999999
branching on 3 with b.
1096   288    20         44.8023    50.6266    12.9998    % 
LB close or above UB, fathomed
1097   287    13         44.8023    50.6266    12.9998    % 
LB close or above UB, fathomed
1098   286    13         44.8023    50.6266    12.9998    % 
UB: 50.62656249999999
branching on CartesianIndex(1, 4) with c.
1099   287    14         44.8023    50.6266    12.9998    % 
UB: 50.62656249999999
branching on CartesianIndex(1, 5) with c.
1100   288    15         44.8023    50.6266    12.9998    % 
LB close or above UB, fathomed
1101   287    15         44.8023    50.6266    12.9998    % 
UB: 50.62656249999999
branching on CartesianIndex(1, 6) with c.
1102   288    14         44.8023    50.6266    12.9998    % 
UB: 50.62656249999999
branching on 2 with b.
1103   289    15         44.8023    50.6266    12.9998    % 
LB close or above UB, fathomed
1104   288    15         44.8023    50.6266    12.9998    % 
LB close or above UB, fathomed
1105   287    26         44.8023    50.6266    12.9998    % 
LB close or above UB, fathomed
1106   286    26         44.8023    50.6266    12.9998    % 
UB: 50.62656249999999
branching on 1 with b.
1107   287    27         44.8023    50.6266    12.9998    % 
LB close or above UB, fathomed
1108   286    27         44.8023    50.6266    12.9998    % 
UB: 50.62656249999999
branching on 2 with b.
1109   287    28         44.8023    50.6266    12.9998    % 
UB: 50.62656249999999
branching on 3 with b.
1110   288    29         44.8023    50.6266    12.9998    % 
LB close or above UB, fathomed
1111   287    29         44.8023    50.6266    12.9998    % 
UB: 50.62656249999999
branching on 1 with b.
1112   288    30         44.8023    50.6266    12.9998    % 
UB: 50.62656249999999
branching on 2 with b.
1113   289    30         44.8023    50.6266    12.9998    % 
LB close or above UB, fathomed
1114   288    28         44.8023    50.6266    12.9998    % 
LB close or above UB, fathomed
1115   287    15         44.8023    50.6266    12.9998    % 
UB: 50.62656249999999
branching on CartesianIndex(3, 3) with a.
1116   288    16         44.8023    50.6266    12.9998    % 
UB: 50.62656249999999
branching on 1 with b.
1117   289    16         44.8023    50.6266    12.9998    % 
LB close or above UB, fathomed
1118   288    15         44.8023    50.6266    12.9998    % 
LB close or above UB, fathomed
1119   287    12         44.8023    50.6266    12.9998    % 
LB close or above UB, fathomed
1120   286    12         44.8023    50.6266    12.9998    % 
UB: 50.62656249999999
branching on 2 with b.
1121   287    13         44.8023    50.6266    12.9998    % 
LB close or above UB, fathomed
1122   286    13         44.8023    50.6266    12.9998    % 
UB: 50.62656249999999
branching on CartesianIndex(1, 4) with c.
1123   287    10         44.8023    50.6266    12.9998    % 
UB: 50.62656249999999
branching on 2 with b.
1124   288    11         44.8023    50.6266    12.9998    % 
LB close or above UB, fathomed
1125   287    11         44.8023    50.6266    12.9998    % 
LB close or above UB, fathomed
1126   286    10         44.8023    50.6266    12.9998    % 
LB close or above UB, fathomed
1127   285    15         44.8023    50.6266    12.9998    % 
UB: 50.62656249999999
branching on CartesianIndex(2, 3) with a.
1128   286    15         44.8023    50.6266    12.9998    % 
LB close or above UB, fathomed
1129   285    15         44.8023    50.6266    12.9998    % 
UB: 50.62656249999999
branching on CartesianIndex(1, 3) with a.
1130   286    16         44.8023    50.6266    12.9998    % 
UB: 50.62656249999999
branching on 2 with b.
1131   287    17         44.8023    50.6266    12.9998    % 
LB close or above UB, fathomed
1132   286    17         44.8023    50.6266    12.9998    % 
UB: 50.62656249999999
branching on CartesianIndex(2, 3) with a.
1133   287    18         44.8023    50.6266    12.9998    % 
LB close or above UB, fathomed
1134   286    18         44.8023    50.6266    12.9998    % 
LB close or above UB, fathomed
1135   285    16         44.8023    50.6266    12.9998    % 
LB close or above UB, fathomed
1136   284    15         44.8023    50.6266    12.9998    % 
LB close or above UB, fathomed
1137   283    21         44.8023    50.6266    12.9998    % 
UB: 50.62656249999999
branching on 1 with b.
1138   284    22         44.8023    50.6266    12.9998    % 
LB close or above UB, fathomed
1139   283    22         44.8023    50.6266    12.9998    % 
LB close or above UB, fathomed
1140   282    21         44.8023    50.6266    12.9998    % 
LB close or above UB, fathomed
1141   281    16         44.8023    50.6266    12.9998    % 
UB: 50.62656249999999
branching on CartesianIndex(1, 3) with a.
1142   282    16         44.8023    50.6266    12.9998    % 
UB: 50.62656249999999
branching on CartesianIndex(1, 3) with a.
1143   283    17         44.8023    50.6266    12.9998    % 
UB: 50.62656249999999
branching on CartesianIndex(2, 3) with a.
1144   284    17         44.8023    50.6266    12.9998    % 
LB close or above UB, fathomed
1145   283    20         44.8023    50.6266    12.9998    % 
LB close or above UB, fathomed
1146   282    20         44.8023    50.6266    12.9998    % 
UB: 50.62656249999999
branching on CartesianIndex(1, 7) with c.
1147   283    21         44.8023    50.6266    12.9998    % 
UB: 50.62656249999999
branching on 1 with b.
1148   284    22         44.8023    50.6266    12.9998    % 
LB close or above UB, fathomed
1149   283    22         44.8023    50.6266    12.9998    % 
LB close or above UB, fathomed
1150   282    21         44.8023    50.6266    12.9998    % 
LB close or above UB, fathomed
1151   281    21         44.8023    50.6266    12.9998    % 
UB: 50.62656249999999
branching on 1 with b.
1152   282    22         44.8023    50.6266    12.9998    % 
LB close or above UB, fathomed
1153   281    22         44.8023    50.6266    12.9998    % 
LB close or above UB, fathomed
1154   280    21         44.8023    50.6266    12.9998    % 
LB close or above UB, fathomed
1155   279    27         44.8023    50.6266    12.9998    % 
LB close or above UB, fathomed
1156   278    27         44.8023    50.6266    12.9998    % 
LB close or above UB, fathomed
1157   277    30         44.8023    50.6266    12.9998    % 
UB: 50.62656249999999
branching on 1 with b.
1158   278    31         44.8023    50.6266    12.9998    % 
LB close or above UB, fathomed
1159   277    31         44.8023    50.6266    12.9998    % 
UB: 50.62656249999999
branching on 2 with b.
1160   278    32         44.8023    50.6266    12.9998    % 
UB: 50.62656249999999
branching on 3 with b.
1161   279    33         44.8023    50.6266    12.9998    % 
LB close or above UB, fathomed
1162   278    33         44.8023    50.6266    12.9998    % 
UB: 50.62656249999999
branching on 1 with b.
1163   279    34         44.8023    50.6266    12.9998    % 
UB: 50.62656249999999
branching on 2 with b.
1164   280    34         44.8023    50.6266    12.9998    % 
UB: 50.62656249999999
branching on 2 with b.
1165   281    35         44.8023    50.6266    12.9998    % 
UB: 50.62656249999999
branching on 3 with b.
1166   282    35         44.8023    50.6266    12.9998    % 
UB: 50.62656249999999
branching on 3 with b.
1167   283    32         44.8023    50.6266    12.9998    % 
LB close or above UB, fathomed
1168   282    30         44.8023    50.6266    12.9998    % 
LB close or above UB, fathomed
1169   281    18         44.8023    50.6266    12.9998    % 
UB: 50.62656249999999
branching on CartesianIndex(4, 3) with a.
1170   282    18         44.8023    50.6266    12.9998    % 
LB close or above UB, fathomed
1171   281    19         44.8023    50.6266    12.9998    % 
LB close or above UB, fathomed
1172   280    19         44.8023    50.6266    12.9998    % 
UB: 50.62656249999999
branching on CartesianIndex(4, 3) with a.
1173   281    18         44.8023    50.6266    12.9998    % 
UB: 50.62656249999999
branching on CartesianIndex(1, 5) with c.
1174   282    18         44.8023    50.6266    12.9998    % 
LB close or above UB, fathomed
1175   281    25         44.8023    50.6266    12.9998    % 
UB: 50.62656249999999
branching on 3 with b.
1176   282    25         44.8023    50.6266    12.9998    % 
LB close or above UB, fathomed
1177   281    25         44.8023    50.6266    12.9998    % 
UB: 50.62656249999999
branching on 3 with b.
1178   282    25         44.8023    50.6266    12.9998    % 
LB close or above UB, fathomed
1179   281    33         44.8023    50.6266    12.9998    % 
UB: 50.62656249999999
branching on 2 with b.
1180   282    33         44.8023    50.6266    12.9998    % 
UB: 50.62656249999999
branching on 2 with b.
1181   283    18         44.8023    50.6266    12.9998    % 
LB close or above UB, fathomed
1182   282    18         44.8023    50.6266    12.9998    % 
LB close or above UB, fathomed
1183   281    20         44.8023    50.6266    12.9998    % 
LB close or above UB, fathomed
1184   280    20         44.8023    50.6266    12.9998    % 
UB: 50.62656249999999
branching on CartesianIndex(1, 7) with c.
1185   281    21         44.8023    50.6266    12.9998    % 
UB: 50.62656249999999
branching on 1 with b.
1186   282    22         44.8023    50.6266    12.9998    % 
LB close or above UB, fathomed
1187   281    22         44.8023    50.6266    12.9998    % 
LB close or above UB, fathomed
1188   280    21         44.8023    50.6266    12.9998    % 
LB close or above UB, fathomed
1189   279    25         44.8023    50.6266    12.9998    % 
LB close or above UB, fathomed
1190   278    25         44.8023    50.6266    12.9998    % 
UB: 50.62656249999999
branching on 3 with b.
1191   279    19         44.8023    50.6266    12.9998    % 
LB close or above UB, fathomed
1192   278    19         44.8023    50.6266    12.9998    % 
UB: 50.62656249999999
branching on CartesianIndex(1, 5) with c.
1193   279    20         44.8023    50.6266    12.9998    % 
UB: 50.62656249999999
branching on 2 with b.
1194   280    21         44.8023    50.6266    12.9998    % 
LB close or above UB, fathomed
1195   279    21         44.8023    50.6266    12.9998    % 
UB: 50.62656249999999
branching on CartesianIndex(1, 6) with c.
1196   280    22         44.8023    50.6266    12.9998    % 
LB close or above UB, fathomed
1197   279    22         44.8023    50.6266    12.9998    % 
UB: 50.62656249999999
branching on CartesianIndex(1, 7) with c.
1198   280    23         44.8023    50.6266    12.9998    % 
UB: 50.62656249999999
branching on 3 with b.
1199   281    24         44.8023    50.6266    12.9998    % 
UB: 50.62656249999999
branching on 1 with b.
1200   282    25         44.8023    50.6266    12.9998    % 
LB close or above UB, fathomed
1201   281    25         44.8023    50.6266    12.9998    % 
LB close or above UB, fathomed
1202   280    24         44.8023    50.6266    12.9998    % 
LB close or above UB, fathomed
1203   279    23         44.8023    50.6266    12.9998    % 
LB close or above UB, fathomed
1204   278    20         44.8023    50.6266    12.9998    % 
LB close or above UB, fathomed
1205   277    16         44.8023    50.6266    12.9998    % 
LB close or above UB, fathomed
1206   276    16         44.8023    50.6266    12.9998    % 
UB: 50.62656249999999
branching on CartesianIndex(1, 4) with c.
1207   277    15         44.8023    50.6266    12.9998    % 
LB close or above UB, fathomed
1208   276    15         44.8023    50.6266    12.9998    % 
UB: 50.62656249999999
branching on CartesianIndex(1, 5) with c.
1209   277    18         44.8023    50.6266    12.9998    % 
LB close or above UB, fathomed
1210   276    18         44.8023    50.6266    12.9998    % 
UB: 50.62656249999999
branching on CartesianIndex(1, 4) with c.
1211   277    19         44.8023    50.6266    12.9998    % 
LB close or above UB, fathomed
1212   276    19         44.8023    50.6266    12.9998    % 
UB: 50.62656249999999
branching on CartesianIndex(1, 5) with c.
1213   277    20         44.8023    50.6266    12.9998    % 
UB: 50.62656249999999
branching on 2 with b.
1214   278    21         44.8023    50.6266    12.9998    % 
UB: 50.62656249999999
branching on CartesianIndex(1, 6) with c.
1215   279    21         44.8023    50.6266    12.9998    % 
LB close or above UB, fathomed
1216   278    20         44.8023    50.6266    12.9998    % 
LB close or above UB, fathomed
1217   277    16         44.8023    50.6266    12.9998    % 
LB close or above UB, fathomed
1218   276    16         44.8023    50.6266    12.9998    % 
UB: 50.62656249999999
branching on 2 with b.
1219   277    17         44.8023    50.6266    12.9998    % 
UB: 50.62656249999999
branching on CartesianIndex(1, 5) with c.
1220   278    17         44.8023    50.6266    12.9998    % 
LB close or above UB, fathomed
1221   277    17         44.8023    50.6266    12.9998    % 
LB close or above UB, fathomed
1222   276    17         44.8023    50.6266    12.9998    % 
UB: 50.62656249999999
branching on 1 with b.
1223   277    18         44.8023    50.6266    12.9998    % 
LB close or above UB, fathomed
1224   276    18         44.8023    50.6266    12.9998    % 
LB close or above UB, fathomed
1225   275    16         44.8023    50.6266    12.9998    % 
LB close or above UB, fathomed
1226   274    16         44.8023    50.6266    12.9998    % 
LB close or above UB, fathomed
1227   273    17         44.8023    50.6266    12.9998    % 
LB close or above UB, fathomed
1228   272    17         44.8023    50.6266    12.9998    % 
LB close or above UB, fathomed
1229   271    24         44.8023    50.6266    12.9998    % 
UB: 50.62656249999999
branching on CartesianIndex(1, 6) with c.
1230   272    25         44.8023    50.6266    12.9998    % 
LB close or above UB, fathomed
1231   271    25         44.8023    50.6266    12.9998    % 
UB: 50.62656249999999
branching on CartesianIndex(1, 7) with c.
1232   272    26         44.8023    50.6266    12.9998    % 
UB: 50.62656249999999
branching on 1 with b.
1233   273    27         44.8023    50.6266    12.9998    % 
UB: 50.62656249999999
branching on 2 with b.
1234   274    28         44.8023    50.6266    12.9998    % 
LB close or above UB, fathomed
1235   273    28         44.8023    50.6266    12.9998    % 
UB: 50.62656249999999
branching on 3 with b.
1236   274    29         44.8023    50.6266    12.9998    % 
UB: 50.62656249999999
branching on 1 with b.
1237   275    30         44.8023    50.6266    12.9998    % 
UB: 50.62656249999999
branching on 2 with b.
1238   276    31         44.8023    50.6266    12.9998    % 
LB close or above UB, fathomed
1239   275    31         44.8023    50.6266    12.9998    % 
UB: 50.62656249999999
branching on 3 with b.
1240   276    32         44.8023    50.6266    12.9998    % 
UB: 50.62656249999999
branching on 1 with b.
1241   277    32         44.8023    50.6266    12.9998    % 
UB: 50.62656249999999
branching on 1 with b.
1242   278    30         44.8023    50.6266    12.9998    % 
LB close or above UB, fathomed
1243   277    29         44.8023    50.6266    12.9998    % 
LB close or above UB, fathomed
1244   276    27         44.8023    50.6266    12.9998    % 
LB close or above UB, fathomed
1245   275    26         44.8023    50.6266    12.9998    % 
LB close or above UB, fathomed
1246   274    24         44.8023    50.6266    12.9998    % 
LB close or above UB, fathomed
1247   273    18         44.8023    50.6266    12.9998    % 
LB close or above UB, fathomed
1248   272    18         44.8023    50.6266    12.9998    % 
LB close or above UB, fathomed
1249   271    23         44.8023    50.6266    12.9998    % 
UB: 50.62656249999999
branching on 2 with b.
1250   272    24         44.8023    50.6266    12.9998    % 
LB close or above UB, fathomed
1251   271    24         44.8023    50.6266    12.9998    % 
UB: 50.62656249999999
branching on 3 with b.
1252   272    25         44.8023    50.6266    12.9998    % 
LB close or above UB, fathomed
1253   271    25         44.8023    50.6266    12.9998    % 
UB: 50.62656249999999
branching on 1 with b.
1254   272    26         44.8023    50.6266    12.9998    % 
LB close or above UB, fathomed
1255   271    26         44.8023    50.6266    12.9998    % 
UB: 50.62656249999999
branching on 2 with b.
1256   272    23         44.8023    50.6266    12.9998    % 
LB close or above UB, fathomed
1257   271    21         44.8023    50.6266    12.9998    % 
LB close or above UB, fathomed
1258   270    21         44.8023    50.6266    12.9998    % 
LB close or above UB, fathomed
1259   269    17         44.8023    50.6266    12.9998    % 
LB close or above UB, fathomed
1260   268    17         44.8023    50.6266    12.9998    % 
LB close or above UB, fathomed
1261   267    26         44.8023    50.6266    12.9998    % 
UB: 50.62656249999999
branching on 3 with b.
1262   268    27         44.8023    50.6266    12.9998    % 
UB: 50.62656249999999
branching on 1 with b.
1263   269    28         44.8023    50.6266    12.9998    % 
UB: 50.62656249999999
branching on 2 with b.
1264   270    29         44.8023    50.6266    12.9998    % 
UB: 50.62656249999999
branching on 3 with b.
1265   271    29         44.8023    50.6266    12.9998    % 
LB close or above UB, fathomed
1266   270    28         44.8023    50.6266    12.9998    % 
LB close or above UB, fathomed
1267   269    27         44.8023    50.6266    12.9998    % 
LB close or above UB, fathomed
1268   268    26         44.8023    50.6266    12.9998    % 
LB close or above UB, fathomed
1269   267    16         44.8023    50.6266    12.9998    % 
UB: 50.62656249999999
branching on CartesianIndex(4, 3) with a.
1270   268    16         44.8023    50.6266    12.9998    % 
LB close or above UB, fathomed
1271   267    15         44.8023    50.6266    12.9998    % 
LB close or above UB, fathomed
1272   266    15         44.8023    50.6266    12.9998    % 
UB: 50.62656249999999
branching on CartesianIndex(1, 4) with c.
1273   267    25         44.8023    50.6266    12.9998    % 
LB close or above UB, fathomed
1274   266    25         44.8023    50.6266    12.9998    % 
UB: 50.62656249999999
branching on 3 with b.
1275   267    21         44.8023    50.6266    12.9998    % 
LB close or above UB, fathomed
1276   266    21         44.8023    50.6266    12.9998    % 
UB: 50.62656249999999
branching on CartesianIndex(1, 5) with c.
1277   267    22         44.8023    50.6266    12.9998    % 
LB close or above UB, fathomed
1278   266    22         44.8023    50.6266    12.9998    % 
LB close or above UB, fathomed
1279   265    16         44.8023    50.6266    12.9998    % 
UB: 50.62656249999999
branching on 1 with b.
1280   266    17         44.8023    50.6266    12.9998    % 
UB: 50.62656249999999
branching on CartesianIndex(4, 3) with a.
1281   267    18         44.8023    50.6266    12.9998    % 
LB close or above UB, fathomed
1282   266    18         44.8023    50.6266    12.9998    % 
UB: 50.62656249999999
branching on CartesianIndex(1, 4) with c.
1283   267    19         44.8023    50.6266    12.9998    % 
LB close or above UB, fathomed
1284   266    19         44.8023    50.6266    12.9998    % 
UB: 50.62656249999999
branching on CartesianIndex(1, 5) with c.
1285   267    20         44.8023    50.6266    12.9998    % 
UB: 50.62656249999999
branching on CartesianIndex(1, 6) with c.
1286   268    21         44.8023    50.6266    12.9998    % 
LB close or above UB, fathomed
1287   267    21         44.8023    50.6266    12.9998    % 
UB: 50.62656249999999
branching on CartesianIndex(1, 7) with c.
1288   268    22         44.8023    50.6266    12.9998    % 
UB: 50.62656249999999
branching on 2 with b.
1289   269    23         44.8023    50.6266    12.9998    % 
UB: 50.62656249999999
branching on 3 with b.
1290   270    23         44.8023    50.6266    12.9998    % 
LB close or above UB, fathomed
1291   269    22         44.8023    50.6266    12.9998    % 
LB close or above UB, fathomed
1292   268    20         44.8023    50.6266    12.9998    % 
LB close or above UB, fathomed
1293   267    17         44.8023    50.6266    12.9998    % 
LB close or above UB, fathomed
1294   266    16         44.8023    50.6266    12.9998    % 
LB close or above UB, fathomed
1295   265    16         44.8023    50.6266    12.9998    % 
UB: 50.62656249999999
branching on CartesianIndex(2, 3) with a.
1296   266    16         44.8023    50.6266    12.9998    % 
LB close or above UB, fathomed
1297   265    15         44.8023    50.6266    12.9998    % 
UB: 50.62656249999999
branching on CartesianIndex(2, 3) with a.
1298   266    16         44.8023    50.6266    12.9998    % 
LB close or above UB, fathomed
1299   265    16         44.8023    50.6266    12.9998    % 
UB: 50.62656249999999
branching on CartesianIndex(1, 4) with c.
1300   266    17         44.8023    50.6266    12.9998    % 
LB close or above UB, fathomed
1301   265    17         44.8023    50.6266    12.9998    % 
UB: 50.62656249999999
branching on CartesianIndex(1, 5) with c.
1302   266    18         44.8023    50.6266    12.9998    % 
UB: 50.62656249999999
branching on CartesianIndex(1, 6) with c.
1303   267    19         44.8023    50.6266    12.9998    % 
LB close or above UB, fathomed
1304   266    19         44.8023    50.6266    12.9998    % 
UB: 50.62656249999999
branching on CartesianIndex(1, 7) with c.
1305   267    20         44.8023    50.6266    12.9998    % 
UB: 50.62656249999999
branching on 2 with b.
1306   268    21         44.8023    50.6266    12.9998    % 
UB: 50.62656249999999
branching on 3 with b.
1307   269    22         44.8023    50.6266    12.9998    % 
LB close or above UB, fathomed
1308   268    22         44.8023    50.6266    12.9998    % 
UB: 50.62656249999999
branching on 1 with b.
1309   269    23         44.8023    50.6266    12.9998    % 
UB: 50.62656249999999
branching on 2 with b.
1310   270    23         44.8023    50.6266    12.9998    % 
LB close or above UB, fathomed
1311   269    21         44.8023    50.6266    12.9998    % 
LB close or above UB, fathomed
1312   268    20         44.8023    50.6266    12.9998    % 
LB close or above UB, fathomed
1313   267    18         44.8023    50.6266    12.9998    % 
LB close or above UB, fathomed
1314   266    15         44.8023    50.6266    12.9998    % 
LB close or above UB, fathomed
1315   265    22         44.8023    50.6266    12.9998    % 
UB: 50.62656249999999
branching on CartesianIndex(4, 3) with a.
1316   266    22         44.8023    50.6266    12.9998    % 
LB close or above UB, fathomed
1317   265    17         44.8023    50.6266    12.9998    % 
LB close or above UB, fathomed
1318   264    17         44.8023    50.6266    12.9998    % 
LB close or above UB, fathomed
1319   263    16         44.9320    50.6266    12.6737    % 
LB close or above UB, fathomed
1320   262    16         44.9320    50.6266    12.6737    % 
LB close or above UB, fathomed
1321   261    17         45.7730    50.6266    10.6034    % 
LB close or above UB, fathomed
1322   260    17         45.7730    50.6266    10.6034    % 
UB: 50.62656249999999
branching on CartesianIndex(1, 4) with c.
1323   261    18         45.7730    50.6266    10.6034    % 
LB close or above UB, fathomed
1324   260    18         45.7730    50.6266    10.6034    % 
UB: 50.62656249999999
branching on CartesianIndex(1, 5) with c.
1325   261    14         45.7730    50.6266    10.6034    % 
LB close or above UB, fathomed
1326   260    14         45.7730    50.6266    10.6034    % 
UB: 50.62656249999999
branching on 3 with b.
1327   261    11         46.6911    50.6266    8.4288     % 
LB close or above UB, fathomed
1328   260    11         46.6911    50.6266    8.4288     % 
UB: 50.62656249999999
branching on CartesianIndex(1, 3) with a.
1329   261    12         46.6911    50.6266    8.4288     % 
UB: 50.62656249999999
branching on CartesianIndex(2, 3) with a.
1330   262    13         46.6911    50.6266    8.4288     % 
LB close or above UB, fathomed
1331   261    13         46.6911    50.6266    8.4288     % 
LB close or above UB, fathomed
1332   260    12         46.6911    50.6266    8.4288     % 
LB close or above UB, fathomed
1333   259    8          46.6937    50.6266    8.4226     % 
LB close or above UB, fathomed
1334   258    8          46.6937    50.6266    8.4226     % 
LB close or above UB, fathomed
1335   257    24         46.7437    50.6266    8.3066     % 
LB close or above UB, fathomed
1336   256    24         46.7437    50.6266    8.3066     % 
LB close or above UB, fathomed
1337   255    34         46.7437    50.6266    8.3066     % 
UB: 50.62656249999999
branching on 3 with b.
1338   256    34         46.7437    50.6266    8.3066     % 
LB close or above UB, fathomed
1339   255    35         46.7437    50.6266    8.3066     % 
UB: 50.62656249999999
branching on 1 with b.
1340   256    36         46.7437    50.6266    8.3066     % 
UB: 50.62656249999999
branching on 2 with b.
1341   257    37         46.7437    50.6266    8.3066     % 
LB close or above UB, fathomed
1342   256    37         46.7437    50.6266    8.3066     % 
UB: 50.62656249999999
branching on 3 with b.
1343   257    36         46.7437    50.6266    8.3066     % 
UB: 50.62656249999999
branching on 2 with b.
1344   258    35         46.7437    50.6266    8.3066     % 
LB close or above UB, fathomed
1345   257    24         46.7437    50.6266    8.3066     % 
UB: 50.62656249999999
branching on 3 with b.
1346   258    25         46.7437    50.6266    8.3066     % 
UB: 50.62656249999999
branching on 1 with b.
1347   259    26         46.7437    50.6266    8.3066     % 
UB: 50.62656249999999
branching on 2 with b.
1348   260    26         46.7437    50.6266    8.3066     % 
LB close or above UB, fathomed
1349   259    25         46.7437    50.6266    8.3066     % 
LB close or above UB, fathomed
1350   258    24         46.7437    50.6266    8.3066     % 
LB close or above UB, fathomed
1351   257    33         46.7437    50.6266    8.3066     % 
LB close or above UB, fathomed
1352   256    33         46.7437    50.6266    8.3066     % 
UB: 50.62656249999999
branching on 2 with b.
1353   257    16         46.7437    50.6266    8.3066     % 
UB: 50.62656249999999
branching on CartesianIndex(1, 6) with c.
1354   258    16         46.7437    50.6266    8.3066     % 
LB close or above UB, fathomed
1355   257    34         46.7437    50.6266    8.3066     % 
UB: 50.62656249999999
branching on 3 with b.
1356   258    35         46.7437    50.6266    8.3066     % 
LB close or above UB, fathomed
1357   257    35         46.7437    50.6266    8.3066     % 
UB: 50.62656249999999
branching on 1 with b.
1358   258    34         46.7437    50.6266    8.3066     % 
LB close or above UB, fathomed
1359   257    36         46.7437    50.6266    8.3066     % 
UB: 50.62656249999999
branching on 1 with b.
1360   258    36         46.7437    50.6266    8.3066     % 
LB close or above UB, fathomed
1361   257    18         46.7437    50.6266    8.3066     % 
LB close or above UB, fathomed
1362   256    18         46.7437    50.6266    8.3066     % 
LB close or above UB, fathomed
1363   255    16         46.7437    50.6266    8.3066     % 
LB close or above UB, fathomed
1364   254    16         46.7437    50.6266    8.3066     % 
LB close or above UB, fathomed
1365   253    13         46.7437    50.6266    8.3066     % 
UB: 50.62656249999999
branching on 3 with b.
1366   254    13         46.7437    50.6266    8.3066     % 
LB close or above UB, fathomed
1367   253    31         46.7437    50.6266    8.3066     % 
LB close or above UB, fathomed
1368   252    31         46.7437    50.6266    8.3066     % 
UB: 50.62656249999999
branching on 3 with b.
1369   253    32         46.7437    50.6266    8.3066     % 
LB close or above UB, fathomed
1370   252    32         46.7437    50.6266    8.3066     % 
UB: 50.62656249999999
branching on 1 with b.
1371   253    33         46.7437    50.6266    8.3066     % 
LB close or above UB, fathomed
1372   252    33         46.7437    50.6266    8.3066     % 
UB: 50.62656249999999
branching on 2 with b.
1373   253    35         46.7437    50.6266    8.3066     % 
LB close or above UB, fathomed
1374   252    35         46.7437    50.6266    8.3066     % 
UB: 50.62656249999999
branching on 1 with b.
1375   253    38         46.7437    50.6266    8.3066     % 
UB: 50.62656249999999
branching on 1 with b.
1376   254    39         46.7437    50.6266    8.3066     % 
UB: 50.62656249999999
branching on 2 with b.
1377   255    40         46.7437    50.6266    8.3066     % 
UB: 50.62656249999999
branching on 3 with b.
1378   256    40         46.7437    50.6266    8.3066     % 
UB: 50.62656249999999
branching on 3 with b.
1379   257    39         46.7437    50.6266    8.3066     % 
UB: 50.62656249999999
branching on 2 with b.
1380   258    38         46.7437    50.6266    8.3066     % 
UB: 50.62656249999999
branching on 1 with b.
1381   259    39         46.7437    50.6266    8.3066     % 
UB: 50.62656249999999
branching on 2 with b.
1382   260    40         46.7437    50.6266    8.3066     % 
UB: 50.62656249999999
branching on 3 with b.
1383   261    40         46.7437    50.6266    8.3066     % 
UB: 50.62656249999999
branching on 3 with b.
1384   262    39         46.7437    50.6266    8.3066     % 
LB close or above UB, fathomed
1385   261    41         46.7437    50.6266    8.3066     % 
UB: 50.62656249999999
branching on 1 with b.
1386   262    41         46.7437    50.6266    8.3066     % 
UB: 50.62656249999999
branching on 1 with b.
1387   263    42         46.7437    50.6266    8.3066     % 
UB: 50.62656249999999
branching on 2 with b.
1388   264    42         46.7437    50.6266    8.3066     % 
UB: 50.62656249999999
branching on 2 with b.
1389   265    41         46.7437    50.6266    8.3066     % 
UB: 50.62656249999999
branching on 1 with b.
1390   266    41         46.7437    50.6266    8.3066     % 
UB: 50.62656249999999
branching on 1 with b.
1391   267    42         46.7437    50.6266    8.3066     % 
UB: 50.62656249999999
branching on 2 with b.
1392   268    42         46.7437    50.6266    8.3066     % 
UB: 50.62656249999999
branching on 2 with b.
1393   269    35         46.7437    50.6266    8.3066     % 
LB close or above UB, fathomed
1394   268    35         46.7437    50.6266    8.3066     % 
LB close or above UB, fathomed
1395   267    36         46.7437    50.6266    8.3066     % 
LB close or above UB, fathomed
1396   266    36         46.7437    50.6266    8.3066     % 
UB: 50.62656249999999
branching on 2 with b.
1397   267    37         46.7437    50.6266    8.3066     % 
UB: 50.62656249999999
branching on 3 with b.
1398   268    37         46.7437    50.6266    8.3066     % 
LB close or above UB, fathomed
1399   267    33         46.7437    50.6266    8.3066     % 
UB: 50.62656249999999
branching on 2 with b.
1400   268    34         46.7437    50.6266    8.3066     % 
LB close or above UB, fathomed
1401   267    34         46.7437    50.6266    8.3066     % 
UB: 50.62656249999999
branching on 3 with b.
1402   268    33         46.7437    50.6266    8.3066     % 
LB close or above UB, fathomed
1403   267    14         46.7437    50.6266    8.3066     % 
UB: 50.62656249999999
branching on 1 with b.
1404   268    14         46.7437    50.6266    8.3066     % 
LB close or above UB, fathomed
1405   267    30         46.7437    50.6266    8.3066     % 
UB: 50.62656249999999
branching on 2 with b.
1406   268    31         46.7437    50.6266    8.3066     % 
LB close or above UB, fathomed
1407   267    31         46.7437    50.6266    8.3066     % 
LB close or above UB, fathomed
1408   266    30         46.7437    50.6266    8.3066     % 
LB close or above UB, fathomed
1409   265    30         46.7437    50.6266    8.3066     % 
LB close or above UB, fathomed
1410   264    30         46.7437    50.6266    8.3066     % 
UB: 50.62656249999999
branching on 2 with b.
1411   265    31         46.7437    50.6266    8.3066     % 
LB close or above UB, fathomed
1412   264    31         46.7437    50.6266    8.3066     % 
LB close or above UB, fathomed
1413   263    35         46.7437    50.6266    8.3066     % 
LB close or above UB, fathomed
1414   262    35         46.7437    50.6266    8.3066     % 
UB: 50.62656249999999
branching on 3 with b.
1415   263    27         46.7437    50.6266    8.3066     % 
LB close or above UB, fathomed
1416   262    27         46.7437    50.6266    8.3066     % 
UB: 50.62656249999999
branching on 1 with b.
1417   263    28         46.7437    50.6266    8.3066     % 
LB close or above UB, fathomed
1418   262    28         46.7437    50.6266    8.3066     % 
UB: 50.62656249999999
branching on 2 with b.
1419   263    17         46.7437    50.6266    8.3066     % 
UB: 50.62656249999999
branching on CartesianIndex(4, 3) with a.
1420   264    17         46.7437    50.6266    8.3066     % 
LB close or above UB, fathomed
1421   263    18         46.7437    50.6266    8.3066     % 
LB close or above UB, fathomed
1422   262    18         46.7437    50.6266    8.3066     % 
UB: 50.62656249999999
branching on CartesianIndex(1, 5) with c.
1423   263    19         46.7437    50.6266    8.3066     % 
UB: 50.62656249999999
branching on CartesianIndex(1, 6) with c.
1424   264    20         46.7437    50.6266    8.3066     % 
LB close or above UB, fathomed
1425   263    20         46.7437    50.6266    8.3066     % 
UB: 50.62656249999999
branching on 3 with b.
1426   264    21         46.7437    50.6266    8.3066     % 
UB: 50.62656249999999
branching on CartesianIndex(1, 7) with c.
1427   265    21         46.7437    50.6266    8.3066     % 
LB close or above UB, fathomed
1428   264    19         46.7437    50.6266    8.3066     % 
LB close or above UB, fathomed
1429   263    16         46.7437    50.6266    8.3066     % 
UB: 50.62656249999999
branching on CartesianIndex(1, 5) with c.
1430   264    16         46.7437    50.6266    8.3066     % 
UB: 50.62656249999999
branching on 3 with b.
1431   265    17         46.7437    50.6266    8.3066     % 
UB: 50.62656249999999
branching on CartesianIndex(1, 5) with c.
1432   266    17         46.7437    50.6266    8.3066     % 
LB close or above UB, fathomed
1433   265    38         46.7437    50.6266    8.3066     % 
UB: 50.62656249999999
branching on 1 with b.
1434   266    39         46.7437    50.6266    8.3066     % 
UB: 50.62656249999999
branching on 2 with b.
1435   267    40         46.7437    50.6266    8.3066     % 
LB close or above UB, fathomed
1436   266    40         46.7437    50.6266    8.3066     % 
UB: 50.62656249999999
branching on 3 with b.
1437   267    39         46.7437    50.6266    8.3066     % 
LB close or above UB, fathomed
1438   266    38         46.7437    50.6266    8.3066     % 
UB: 50.62656249999999
branching on 1 with b.
1439   267    37         46.7437    50.6266    8.3066     % 
LB close or above UB, fathomed
1440   266    37         46.7437    50.6266    8.3066     % 
UB: 50.62656249999999
branching on 3 with b.
1441   267    26         46.7437    50.6266    8.3066     % 
UB: 50.62656249999999
branching on 1 with b.
1442   268    27         46.7437    50.6266    8.3066     % 
LB close or above UB, fathomed
1443   267    27         46.7437    50.6266    8.3066     % 
UB: 50.62656249999999
branching on 2 with b.
1444   268    26         46.7437    50.6266    8.3066     % 
LB close or above UB, fathomed
1445   267    15         46.7437    50.6266    8.3066     % 
LB close or above UB, fathomed
1446   266    15         46.7437    50.6266    8.3066     % 
UB: 50.62656249999999
branching on CartesianIndex(1, 4) with c.
1447   267    27         46.7437    50.6266    8.3066     % 
UB: 50.62656249999999
branching on 3 with b.
1448   268    27         46.7437    50.6266    8.3066     % 
LB close or above UB, fathomed
1449   267    16         46.7437    50.6266    8.3066     % 
LB close or above UB, fathomed
1450   266    16         46.7437    50.6266    8.3066     % 
UB: 50.62656249999999
branching on CartesianIndex(1, 5) with c.
1451   267    17         46.7437    50.6266    8.3066     % 
UB: 50.62656249999999
branching on CartesianIndex(1, 6) with c.
1452   268    18         46.7437    50.6266    8.3066     % 
LB close or above UB, fathomed
1453   267    18         46.7437    50.6266    8.3066     % 
UB: 50.62656249999999
branching on CartesianIndex(1, 7) with c.
1454   268    19         46.7437    50.6266    8.3066     % 
UB: 50.62656249999999
branching on 2 with b.
1455   269    19         46.7437    50.6266    8.3066     % 
LB close or above UB, fathomed
1456   268    17         46.7437    50.6266    8.3066     % 
LB close or above UB, fathomed
1457   267    33         46.7437    50.6266    8.3066     % 
LB close or above UB, fathomed
1458   266    33         46.7437    50.6266    8.3066     % 
LB close or above UB, fathomed
1459   265    16         46.7437    50.6266    8.3066     % 
UB: 50.62656249999999
branching on CartesianIndex(1, 4) with c.
1460   266    17         46.7437    50.6266    8.3066     % 
LB close or above UB, fathomed
1461   265    17         46.7437    50.6266    8.3066     % 
UB: 50.62656249999999
branching on 2 with b.
1462   266    18         46.7437    50.6266    8.3066     % 
LB close or above UB, fathomed
1463   265    18         46.7437    50.6266    8.3066     % 
UB: 50.62656249999999
branching on 3 with b.
1464   266    16         46.7437    50.6266    8.3066     % 
LB close or above UB, fathomed
1465   265    13         46.7437    50.6266    8.3066     % 
LB close or above UB, fathomed
1466   264    13         46.7437    50.6266    8.3066     % 
UB: 50.62656249999999
branching on CartesianIndex(1, 5) with c.
1467   265    14         46.7437    50.6266    8.3066     % 
UB: 50.62656249999999
branching on 2 with b.
1468   266    15         46.7437    50.6266    8.3066     % 
LB close or above UB, fathomed
1469   265    15         46.7437    50.6266    8.3066     % 
LB close or above UB, fathomed
1470   264    14         46.7437    50.6266    8.3066     % 
LB close or above UB, fathomed
1471   263    19         46.7437    50.6266    8.3066     % 
LB close or above UB, fathomed
1472   262    19         46.7437    50.6266    8.3066     % 
LB close or above UB, fathomed
1473   261    31         46.7437    50.6266    8.3066     % 
LB close or above UB, fathomed
1474   260    31         46.7437    50.6266    8.3066     % 
UB: 50.62656249999999
branching on 3 with b.
1475   261    32         46.7437    50.6266    8.3066     % 
UB: 50.62656249999999
branching on 1 with b.
1476   262    32         46.7437    50.6266    8.3066     % 
LB close or above UB, fathomed
1477   261    19         46.7437    50.6266    8.3066     % 
LB close or above UB, fathomed
1478   260    19         46.7437    50.6266    8.3066     % 
LB close or above UB, fathomed
1479   259    12         46.7437    50.6266    8.3066     % 
LB close or above UB, fathomed
1480   258    12         46.7437    50.6266    8.3066     % 
UB: 50.62656249999999
branching on CartesianIndex(1, 4) with c.
1481   259    20         46.7437    50.6266    8.3066     % 
LB close or above UB, fathomed
1482   258    20         46.7437    50.6266    8.3066     % 
UB: 50.62656249999999
branching on 3 with b.
1483   259    21         46.7437    50.6266    8.3066     % 
UB: 50.62656249999999
branching on 1 with b.
1484   260    22         46.7437    50.6266    8.3066     % 
UB: 50.62656249999999
branching on 2 with b.
1485   261    22         46.7437    50.6266    8.3066     % 
LB close or above UB, fathomed
1486   260    21         46.7437    50.6266    8.3066     % 
LB close or above UB, fathomed
1487   259    18         46.7437    50.6266    8.3066     % 
UB: 50.62656249999999
branching on CartesianIndex(1, 6) with c.
1488   260    18         46.7437    50.6266    8.3066     % 
LB close or above UB, fathomed
1489   259    22         46.7437    50.6266    8.3066     % 
UB: 50.62656249999999
branching on 1 with b.
1490   260    23         46.7437    50.6266    8.3066     % 
LB close or above UB, fathomed
1491   259    23         46.7437    50.6266    8.3066     % 
LB close or above UB, fathomed
1492   258    22         46.7437    50.6266    8.3066     % 
LB close or above UB, fathomed
1493   257    29         46.7437    50.6266    8.3066     % 
LB close or above UB, fathomed
1494   256    29         46.7437    50.6266    8.3066     % 
UB: 50.62656249999999
branching on 3 with b.
1495   257    30         46.7437    50.6266    8.3066     % 
LB close or above UB, fathomed
1496   256    30         46.7437    50.6266    8.3066     % 
UB: 50.62656249999999
branching on 1 with b.
1497   257    34         46.7437    50.6266    8.3066     % 
UB: 50.62656249999999
branching on 3 with b.
1498   258    35         46.7437    50.6266    8.3066     % 
LB close or above UB, fathomed
1499   257    35         46.7437    50.6266    8.3066     % 
UB: 50.62656249999999
branching on 1 with b.
1500   258    34         46.7437    50.6266    8.3066     % 
LB close or above UB, fathomed
1501   257    26         46.7437    50.6266    8.3066     % 
LB close or above UB, fathomed
1502   256    26         46.7437    50.6266    8.3066     % 
LB close or above UB, fathomed
1503   255    26         46.7437    50.6266    8.3066     % 
LB close or above UB, fathomed
1504   254    26         46.7437    50.6266    8.3066     % 
UB: 50.62656249999999
branching on 3 with b.
1505   255    27         46.7437    50.6266    8.3066     % 
LB close or above UB, fathomed
1506   254    27         46.7437    50.6266    8.3066     % 
UB: 50.62656249999999
branching on 1 with b.
1507   255    23         46.7437    50.6266    8.3066     % 
LB close or above UB, fathomed
1508   254    23         46.7437    50.6266    8.3066     % 
UB: 50.62656249999999
branching on CartesianIndex(1, 6) with c.
1509   255    24         46.7437    50.6266    8.3066     % 
LB close or above UB, fathomed
1510   254    24         46.7437    50.6266    8.3066     % 
UB: 50.62656249999999
branching on CartesianIndex(1, 7) with c.
1511   255    25         46.7437    50.6266    8.3066     % 
UB: 50.62656249999999
branching on 3 with b.
1512   256    26         46.7437    50.6266    8.3066     % 
LB close or above UB, fathomed
1513   255    26         46.7437    50.6266    8.3066     % 
UB: 50.62656249999999
branching on 1 with b.
1514   256    27         46.7437    50.6266    8.3066     % 
UB: 50.62656249999999
branching on 2 with b.
1515   257    27         46.7437    50.6266    8.3066     % 
LB close or above UB, fathomed
1516   256    25         46.7437    50.6266    8.3066     % 
LB close or above UB, fathomed
1517   255    27         46.7437    50.6266    8.3066     % 
LB close or above UB, fathomed
1518   254    27         46.7437    50.6266    8.3066     % 
UB: 50.62656249999999
branching on 1 with b.
1519   255    28         46.7437    50.6266    8.3066     % 
UB: 50.62656249999999
branching on 2 with b.
1520   256    28         46.7437    50.6266    8.3066     % 
LB close or above UB, fathomed
1521   255    27         46.7437    50.6266    8.3066     % 
LB close or above UB, fathomed
1522   254    27         46.7437    50.6266    8.3066     % 
LB close or above UB, fathomed
1523   253    17         46.7437    50.6266    8.3066     % 
LB close or above UB, fathomed
1524   252    17         46.7437    50.6266    8.3066     % 
LB close or above UB, fathomed
1525   251    26         46.7437    50.6266    8.3066     % 
LB close or above UB, fathomed
1526   250    26         46.7437    50.6266    8.3066     % 
UB: 50.62656249999999
branching on 3 with b.
1527   251    28         46.7438    50.6266    8.3066     % 
LB close or above UB, fathomed
1528   250    28         46.7438    50.6266    8.3066     % 
LB close or above UB, fathomed
1529   249    19         46.7438    50.6266    8.3066     % 
LB close or above UB, fathomed
1530   248    19         46.7438    50.6266    8.3066     % 
UB: 50.62656249999999
branching on CartesianIndex(1, 7) with c.
1531   249    20         46.7438    50.6266    8.3066     % 
UB: 50.62656249999999
branching on 1 with b.
1532   250    21         46.7438    50.6266    8.3066     % 
LB close or above UB, fathomed
1533   249    21         46.7438    50.6266    8.3066     % 
UB: 50.62656249999999
branching on 2 with b.
1534   250    20         46.7438    50.6266    8.3066     % 
LB close or above UB, fathomed
1535   249    17         46.7438    50.6266    8.3066     % 
LB close or above UB, fathomed
1536   248    17         46.7438    50.6266    8.3066     % 
UB: 50.62656249999999
branching on 1 with b.
1537   249    18         46.7438    50.6266    8.3066     % 
LB close or above UB, fathomed
1538   248    18         46.7438    50.6266    8.3066     % 
UB: 50.62656249999999
branching on 2 with b.
1539   249    24         46.7438    50.6266    8.3066     % 
LB close or above UB, fathomed
1540   248    24         46.7438    50.6266    8.3066     % 
LB close or above UB, fathomed
1541   247    22         46.7438    50.6266    8.3066     % 
LB close or above UB, fathomed
1542   246    22         46.7438    50.6266    8.3066     % 
UB: 50.62656249999999
branching on 3 with b.
1543   247    23         46.7438    50.6266    8.3066     % 
LB close or above UB, fathomed
1544   246    23         46.7438    50.6266    8.3066     % 
UB: 50.62656249999999
branching on CartesianIndex(1, 7) with c.
1545   247    24         46.7438    50.6266    8.3066     % 
UB: 50.62656249999999
branching on 1 with b.
1546   248    25         46.7438    50.6266    8.3066     % 
LB close or above UB, fathomed
1547   247    25         46.7438    50.6266    8.3066     % 
UB: 50.62656249999999
branching on 2 with b.
1548   248    24         46.7438    50.6266    8.3066     % 
LB close or above UB, fathomed
1549   247    26         46.7438    50.6266    8.3066     % 
LB close or above UB, fathomed
1550   246    26         46.7438    50.6266    8.3066     % 
LB close or above UB, fathomed
1551   245    20         46.7438    50.6266    8.3066     % 
LB close or above UB, fathomed
1552   244    20         46.7438    50.6266    8.3066     % 
UB: 50.62656249999999
branching on CartesianIndex(1, 4) with c.
1553   245    18         46.7438    50.6266    8.3066     % 
LB close or above UB, fathomed
1554   244    18         46.7438    50.6266    8.3066     % 
LB close or above UB, fathomed
1555   243    21         46.7438    50.6266    8.3066     % 
LB close or above UB, fathomed
1556   242    21         46.7438    50.6266    8.3066     % 
UB: 50.62656249999999
branching on 3 with b.
1557   243    22         46.7438    50.6266    8.3066     % 
UB: 50.62656249999999
branching on CartesianIndex(1, 5) with c.
1558   244    23         46.7438    50.6266    8.3066     % 
UB: 50.62656249999999
branching on CartesianIndex(1, 6) with c.
1559   245    24         46.7438    50.6266    8.3066     % 
LB close or above UB, fathomed
1560   244    24         46.7438    50.6266    8.3066     % 
UB: 50.62656249999999
branching on CartesianIndex(1, 7) with c.
1561   245    25         46.7438    50.6266    8.3066     % 
UB: 50.62656249999999
branching on 1 with b.
1562   246    26         46.7438    50.6266    8.3066     % 
LB close or above UB, fathomed
1563   245    26         46.7438    50.6266    8.3066     % 
LB close or above UB, fathomed
1564   244    25         46.7438    50.6266    8.3066     % 
LB close or above UB, fathomed
1565   243    23         46.7438    50.6266    8.3066     % 
LB close or above UB, fathomed
1566   242    22         46.7438    50.6266    8.3066     % 
LB close or above UB, fathomed
1567   241    24         46.7438    50.6266    8.3066     % 
LB close or above UB, fathomed
1568   240    24         46.7438    50.6266    8.3066     % 
UB: 50.62656249999999
branching on 1 with b.
1569   241    25         46.7438    50.6266    8.3066     % 
UB: 50.62656249999999
branching on 2 with b.
1570   242    25         46.7438    50.6266    8.3066     % 
LB close or above UB, fathomed
1571   241    18         46.7438    50.6266    8.3066     % 
LB close or above UB, fathomed
1572   240    18         46.7438    50.6266    8.3066     % 
LB close or above UB, fathomed
1573   239    17         46.7438    50.6266    8.3066     % 
UB: 50.62656249999999
branching on CartesianIndex(1, 5) with c.
1574   240    17         46.7438    50.6266    8.3066     % 
UB: 50.62656249999999
branching on 1 with b.
1575   241    28         46.7438    50.6266    8.3066     % 
UB: 50.62656249999999
branching on 3 with b.
1576   242    29         46.7438    50.6266    8.3066     % 
UB: 50.62656249999999
branching on 1 with b.
1577   243    30         46.7438    50.6266    8.3066     % 
UB: 50.62656249999999
branching on 2 with b.
1578   244    31         46.7438    50.6266    8.3066     % 
LB close or above UB, fathomed
1579   243    31         46.7438    50.6266    8.3066     % 
LB close or above UB, fathomed
1580   242    30         46.7438    50.6266    8.3066     % 
LB close or above UB, fathomed
1581   241    29         46.7438    50.6266    8.3066     % 
LB close or above UB, fathomed
1582   240    28         46.7438    50.6266    8.3066     % 
LB close or above UB, fathomed
1583   239    24         46.7438    50.6266    8.3066     % 
UB: 50.62656249999999
branching on 1 with b.
1584   240    25         46.7438    50.6266    8.3066     % 
UB: 50.62656249999999
branching on 2 with b.
1585   241    26         46.7438    50.6266    8.3066     % 
LB close or above UB, fathomed
1586   240    26         46.7438    50.6266    8.3066     % 
UB: 50.62656249999999
branching on 3 with b.
1587   241    27         46.7438    50.6266    8.3066     % 
UB: 50.62656249999999
branching on 1 with b.
1588   242    28         46.7438    50.6266    8.3066     % 
UB: 50.62656249999999
branching on 2 with b.
1589   243    28         46.7438    50.6266    8.3066     % 
LB close or above UB, fathomed
1590   242    27         46.7438    50.6266    8.3066     % 
LB close or above UB, fathomed
1591   241    25         46.7438    50.6266    8.3066     % 
LB close or above UB, fathomed
1592   240    24         46.7438    50.6266    8.3066     % 
LB close or above UB, fathomed
1593   239    16         46.7438    50.6266    8.3066     % 
UB: 50.62656249999999
branching on CartesianIndex(1, 3) with a.
1594   240    17         46.7438    50.6266    8.3066     % 
UB: 50.62656249999999
branching on CartesianIndex(2, 3) with a.
1595   241    18         46.7438    50.6266    8.3066     % 
UB: 50.62656249999999
branching on CartesianIndex(3, 3) with a.
1596   242    19         46.7438    50.6266    8.3066     % 
LB close or above UB, fathomed
1597   241    19         46.7438    50.6266    8.3066     % 
LB close or above UB, fathomed
1598   240    18         46.7438    50.6266    8.3066     % 
LB close or above UB, fathomed
1599   239    17         46.7438    50.6266    8.3066     % 
LB close or above UB, fathomed
1600   238    16         46.7438    50.6266    8.3066     % 
UB: 50.62656249999999
branching on CartesianIndex(1, 3) with a.
1601   239    17         46.7438    50.6266    8.3066     % 
UB: 50.62656249999999
branching on CartesianIndex(2, 3) with a.
1602   240    18         46.7438    50.6266    8.3066     % 
UB: 50.62656249999999
branching on 3 with b.
1603   241    19         46.7438    50.6266    8.3066     % 
LB close or above UB, fathomed
1604   240    19         46.7438    50.6266    8.3066     % 
UB: 50.62656249999999
branching on CartesianIndex(3, 3) with a.
1605   241    20         46.7438    50.6266    8.3066     % 
LB close or above UB, fathomed
1606   240    20         46.7438    50.6266    8.3066     % 
LB close or above UB, fathomed
1607   239    18         46.7438    50.6266    8.3066     % 
LB close or above UB, fathomed
1608   238    17         46.7438    50.6266    8.3066     % 
LB close or above UB, fathomed
1609   237    23         46.7438    50.6266    8.3066     % 
LB close or above UB, fathomed
1610   236    23         46.7438    50.6266    8.3066     % 
UB: 50.62656249999999
branching on CartesianIndex(1, 4) with c.
1611   237    24         46.7438    50.6266    8.3066     % 
LB close or above UB, fathomed
1612   236    24         46.7438    50.6266    8.3066     % 
UB: 50.62656249999999
branching on 1 with b.
1613   237    25         46.7438    50.6266    8.3066     % 
LB close or above UB, fathomed
1614   236    25         46.7438    50.6266    8.3066     % 
LB close or above UB, fathomed
1615   235    23         46.7438    50.6266    8.3066     % 
LB close or above UB, fathomed
1616   234    23         46.7438    50.6266    8.3066     % 
UB: 50.62656249999999
branching on CartesianIndex(1, 7) with c.
1617   235    24         46.7438    50.6266    8.3066     % 
UB: 50.62656249999999
branching on 2 with b.
1618   236    25         46.7438    50.6266    8.3066     % 
LB close or above UB, fathomed
1619   235    25         46.7438    50.6266    8.3066     % 
UB: 50.62656249999999
branching on 3 with b.
1620   236    26         46.7438    50.6266    8.3066     % 
LB close or above UB, fathomed
1621   235    26         46.7438    50.6266    8.3066     % 
UB: 50.62656249999999
branching on 1 with b.
1622   236    27         46.7438    50.6266    8.3066     % 
LB close or above UB, fathomed
1623   235    27         46.7438    50.6266    8.3066     % 
UB: 50.62656249999999
branching on 2 with b.
1624   236    28         46.7438    50.6266    8.3066     % 
LB close or above UB, fathomed
1625   235    28         46.7438    50.6266    8.3066     % 
UB: 50.62656249999999
branching on 3 with b.
1626   236    24         46.7438    50.6266    8.3066     % 
LB close or above UB, fathomed
1627   235    17         46.9063    50.6266    7.9313     % 
LB close or above UB, fathomed
1628   234    17         46.9063    50.6266    7.9313     % 
LB close or above UB, fathomed
1629   233    14         47.1320    50.6266    7.4143     % 
LB close or above UB, fathomed
1630   232    14         47.1320    50.6266    7.4143     % 
LB close or above UB, fathomed
1631   231    15         47.5527    50.6266    6.4642     % 
LB close or above UB, fathomed
1632   230    15         47.5527    50.6266    6.4642     % 
LB close or above UB, fathomed
1633   229    17         47.7145    50.6266    6.1032     % 
LB close or above UB, fathomed
1634   228    17         47.7145    50.6266    6.1032     % 
LB close or above UB, fathomed
1635   227    10         48.6352    50.6266    4.0946     % 
UB: 50.62656249999999
branching on 1 with b.
1636   228    11         48.6352    50.6266    4.0946     % 
UB: 50.62656249999999
branching on CartesianIndex(2, 2) with a.
1637   229    12         48.6352    50.6266    4.0946     % 
UB: 50.62656249999999
branching on CartesianIndex(3, 2) with a.
1638   230    12         48.6352    50.6266    4.0946     % 
LB close or above UB, fathomed
1639   229    11         48.6352    50.6266    4.0946     % 
LB close or above UB, fathomed
1640   228    10         48.6352    50.6266    4.0946     % 
LB close or above UB, fathomed
1641   227    10         48.6352    50.6266    4.0946     % 
LB close or above UB, fathomed
1642   226    10         48.6352    50.6266    4.0946     % 
LB close or above UB, fathomed
1643   225    13         48.6352    50.6266    4.0946     % 
LB close or above UB, fathomed
1644   224    13         48.6352    50.6266    4.0946     % 
LB close or above UB, fathomed
1645   223    26         48.6772    50.6266    4.0046     % 
LB close or above UB, fathomed
1646   222    26         48.6772    50.6266    4.0046     % 
UB: 50.62656249999999
branching on 3 with b.
1647   223    27         48.6772    50.6266    4.0046     % 
LB close or above UB, fathomed
1648   222    27         48.6772    50.6266    4.0046     % 
LB close or above UB, fathomed
1649   221    35         48.6852    50.6266    3.9877     % 
LB close or above UB, fathomed
1650   220    35         48.6852    50.6266    3.9877     % 
LB close or above UB, fathomed
1651   219    27         48.6852    50.6266    3.9877     % 
LB close or above UB, fathomed
1652   218    27         48.6852    50.6266    3.9877     % 
LB close or above UB, fathomed
1653   217    36         48.6852    50.6266    3.9877     % 
LB close or above UB, fathomed
1654   216    36         48.6852    50.6266    3.9877     % 
LB close or above UB, fathomed
1655   215    13         48.6852    50.6266    3.9877     % 
LB close or above UB, fathomed
1656   214    13         48.6852    50.6266    3.9877     % 
UB: 50.62656249999999
branching on 2 with b.
1657   215    14         48.6852    50.6266    3.9877     % 
LB close or above UB, fathomed
1658   214    14         48.6852    50.6266    3.9877     % 
UB: 50.62656249999999
branching on 3 with b.
1659   215    15         48.6852    50.6266    3.9877     % 
LB close or above UB, fathomed
1660   214    15         48.6852    50.6266    3.9877     % 
LB close or above UB, fathomed
1661   213    33         48.6852    50.6266    3.9877     % 
LB close or above UB, fathomed
1662   212    33         48.6852    50.6266    3.9877     % 
LB close or above UB, fathomed
1663   211    19         48.6852    50.6266    3.9877     % 
LB close or above UB, fathomed
1664   210    19         48.6852    50.6266    3.9877     % 
UB: 50.62656249999999
branching on 1 with b.
1665   211    20         48.6852    50.6266    3.9877     % 
LB close or above UB, fathomed
1666   210    20         48.6852    50.6266    3.9877     % 
LB close or above UB, fathomed
1667   209    28         48.6852    50.6266    3.9877     % 
UB: 50.62656249999999
branching on 1 with b.
1668   210    29         48.6852    50.6266    3.9877     % 
LB close or above UB, fathomed
1669   209    29         48.6852    50.6266    3.9877     % 
LB close or above UB, fathomed
1670   208    28         48.6852    50.6266    3.9877     % 
LB close or above UB, fathomed
1671   207    16         48.6852    50.6266    3.9877     % 
LB close or above UB, fathomed
1672   206    16         48.6852    50.6266    3.9877     % 
UB: 50.62656249999999
branching on 1 with b.
1673   207    17         48.6852    50.6266    3.9877     % 
LB close or above UB, fathomed
1674   206    17         48.6852    50.6266    3.9877     % 
LB close or above UB, fathomed
1675   205    28         48.6852    50.6266    3.9877     % 
UB: 50.62656249999999
branching on 3 with b.
1676   206    29         48.6852    50.6266    3.9877     % 
UB: 50.62656249999999
branching on 1 with b.
1677   207    30         48.6852    50.6266    3.9877     % 
LB close or above UB, fathomed
1678   206    30         48.6852    50.6266    3.9877     % 
UB: 50.62656249999999
branching on 2 with b.
1679   207    31         48.6852    50.6266    3.9877     % 
LB close or above UB, fathomed
1680   206    31         48.6852    50.6266    3.9877     % 
LB close or above UB, fathomed
1681   205    29         48.6852    50.6266    3.9877     % 
LB close or above UB, fathomed
1682   204    28         48.6852    50.6266    3.9877     % 
LB close or above UB, fathomed
1683   203    38         48.6852    50.6266    3.9877     % 
UB: 50.62656249999999
branching on 1 with b.
1684   204    39         48.6852    50.6266    3.9877     % 
LB close or above UB, fathomed
1685   203    39         48.6852    50.6266    3.9877     % 
UB: 50.62656249999999
branching on 2 with b.
1686   204    40         48.6852    50.6266    3.9877     % 
LB close or above UB, fathomed
1687   203    40         48.6852    50.6266    3.9877     % 
LB close or above UB, fathomed
1688   202    38         48.6852    50.6266    3.9877     % 
LB close or above UB, fathomed
1689   201    39         48.6852    50.6266    3.9877     % 
UB: 50.62656249999999
branching on 2 with b.
1690   202    40         48.6852    50.6266    3.9877     % 
LB close or above UB, fathomed
1691   201    40         48.6852    50.6266    3.9877     % 
LB close or above UB, fathomed
1692   200    39         48.6852    50.6266    3.9877     % 
LB close or above UB, fathomed
1693   199    41         48.6852    50.6266    3.9877     % 
LB close or above UB, fathomed
1694   198    41         48.6852    50.6266    3.9877     % 
UB: 50.62656249999999
branching on 1 with b.
1695   199    42         48.6852    50.6266    3.9877     % 
LB close or above UB, fathomed
1696   198    42         48.6852    50.6266    3.9877     % 
LB close or above UB, fathomed
1697   197    17         48.6852    50.6266    3.9877     % 
LB close or above UB, fathomed
1698   196    17         48.6852    50.6266    3.9877     % 
LB close or above UB, fathomed
1699   195    18         48.6852    50.6266    3.9877     % 
LB close or above UB, fathomed
1700   194    18         48.6852    50.6266    3.9877     % 
LB close or above UB, fathomed
1701   193    36         48.6852    50.6266    3.9877     % 
LB close or above UB, fathomed
1702   192    36         48.6852    50.6266    3.9877     % 
LB close or above UB, fathomed
1703   191    15         48.6852    50.6266    3.9877     % 
LB close or above UB, fathomed
1704   190    15         48.6852    50.6266    3.9877     % 
UB: 50.62656249999999
branching on CartesianIndex(2, 3) with a.
1705   191    16         48.6852    50.6266    3.9877     % 
LB close or above UB, fathomed
1706   190    16         48.6852    50.6266    3.9877     % 
LB close or above UB, fathomed
1707   189    35         48.6852    50.6266    3.9877     % 
LB close or above UB, fathomed
1708   188    35         48.6852    50.6266    3.9877     % 
UB: 50.62656249999999
branching on 1 with b.
1709   189    36         48.6852    50.6266    3.9877     % 
LB close or above UB, fathomed
1710   188    36         48.6852    50.6266    3.9877     % 
UB: 50.62656249999999
branching on 2 with b.
1711   189    37         48.6852    50.6266    3.9877     % 
LB close or above UB, fathomed
1712   188    37         48.6852    50.6266    3.9877     % 
LB close or above UB, fathomed
1713   187    38         48.6852    50.6266    3.9877     % 
LB close or above UB, fathomed
1714   186    38         48.6852    50.6266    3.9877     % 
LB close or above UB, fathomed
1715   185    43         48.6852    50.6266    3.9877     % 
UB: 50.62656249999999
branching on 3 with b.
1716   185    44         48.6852    50.6266    3.9877     % 
UB: 50.62656249999999
branching on 1 with b.
1717   185    45         48.6852    50.6266    3.9877     % 
UB: 50.62656249999999
branching on 2 with b.
1718   186    46         48.6852    50.6266    3.9877     % 
UB: 50.62656249999999
branching on 3 with b.
1719   187    47         48.6852    50.6266    3.9877     % 
UB: 50.62656249999999
branching on 1 with b.
1720   188    48         48.6852    50.6266    3.9877     % 
LB close or above UB, fathomed
1721   187    48         48.6852    50.6266    3.9877     % 
LB close or above UB, fathomed
1722   186    47         48.6852    50.6266    3.9877     % 
LB close or above UB, fathomed
1723   185    46         48.6852    50.6266    3.9877     % 
UB: 50.62656249999999
branching on 3 with b.
1724   186    47         48.6852    50.6266    3.9877     % 
UB: 50.62656249999999
branching on 1 with b.
1725   187    48         48.6852    50.6266    3.9877     % 
LB close or above UB, fathomed
1726   186    48         48.6852    50.6266    3.9877     % 
LB close or above UB, fathomed
1727   185    47         48.6852    50.6266    3.9877     % 
LB close or above UB, fathomed
1728   184    43         48.6852    50.6266    3.9877     % 
UB: 50.62656249999999
branching on 3 with b.
1729   184    44         48.6852    50.6266    3.9877     % 
UB: 50.62656249999999
branching on 1 with b.
1730   184    45         48.6852    50.6266    3.9877     % 
UB: 50.62656249999999
branching on 2 with b.
1731   184    46         48.6852    50.6266    3.9877     % 
UB: 50.62656249999999
branching on 3 with b.
1732   185    47         48.6852    50.6266    3.9877     % 
UB: 50.62656249999999
branching on 1 with b.
1733   186    48         48.6852    50.6266    3.9877     % 
LB close or above UB, fathomed
1734   185    48         48.6852    50.6266    3.9877     % 
LB close or above UB, fathomed
1735   184    47         48.6852    50.6266    3.9877     % 
LB close or above UB, fathomed
1736   183    43         48.6852    50.6266    3.9877     % 
UB: 50.62656249999999
branching on 3 with b.
1737   183    44         48.6852    50.6266    3.9877     % 
UB: 50.62656249999999
branching on 1 with b.
1738   184    45         48.6852    50.6266    3.9877     % 
LB close or above UB, fathomed
1739   183    45         48.6852    50.6266    3.9877     % 
LB close or above UB, fathomed
1740   182    43         48.6852    50.6266    3.9877     % 
UB: 50.62656249999999
branching on 3 with b.
1741   182    44         48.6852    50.6266    3.9877     % 
UB: 50.62656249999999
branching on 1 with b.
1742   183    45         48.6852    50.6266    3.9877     % 
LB close or above UB, fathomed
1743   182    45         48.6852    50.6266    3.9877     % 
LB close or above UB, fathomed
1744   181    42         48.6852    50.6266    3.9877     % 
LB close or above UB, fathomed
1745   180    42         48.6852    50.6266    3.9877     % 
LB close or above UB, fathomed
1746   179    43         48.6852    50.6266    3.9877     % 
UB: 50.62656249999999
branching on 3 with b.
1747   179    44         48.6852    50.6266    3.9877     % 
UB: 50.62656249999999
branching on 1 with b.
1748   179    45         48.6852    50.6266    3.9877     % 
UB: 50.62656249999999
branching on 2 with b.
1749   180    46         48.6852    50.6266    3.9877     % 
LB close or above UB, fathomed
1750   179    46         48.6852    50.6266    3.9877     % 
UB: 50.62656249999999
branching on 3 with b.
1751   180    47         48.6852    50.6266    3.9877     % 
UB: 50.62656249999999
branching on 1 with b.
1752   181    48         48.6852    50.6266    3.9877     % 
LB close or above UB, fathomed
1753   180    48         48.6852    50.6266    3.9877     % 
LB close or above UB, fathomed
1754   179    47         48.6852    50.6266    3.9877     % 
LB close or above UB, fathomed
1755   178    43         48.6852    50.6266    3.9877     % 
LB close or above UB, fathomed
1756   177    43         48.6852    50.6266    3.9877     % 
UB: 50.62656249999999
branching on 3 with b.
1757   177    44         48.6852    50.6266    3.9877     % 
UB: 50.62656249999999
branching on 1 with b.
1758   178    45         48.6852    50.6266    3.9877     % 
LB close or above UB, fathomed
1759   177    45         48.6852    50.6266    3.9877     % 
LB close or above UB, fathomed
1760   176    43         48.6852    50.6266    3.9877     % 
LB close or above UB, fathomed
1761   175    42         48.6852    50.6266    3.9877     % 
LB close or above UB, fathomed
1762   174    42         48.6852    50.6266    3.9877     % 
LB close or above UB, fathomed
1763   173    41         48.6852    50.6266    3.9877     % 
UB: 50.62656249999999
branching on 1 with b.
1764   174    42         48.6852    50.6266    3.9877     % 
LB close or above UB, fathomed
1765   173    42         48.6852    50.6266    3.9877     % 
LB close or above UB, fathomed
1766   172    41         48.6852    50.6266    3.9877     % 
LB close or above UB, fathomed
1767   171    41         48.6852    50.6266    3.9877     % 
UB: 50.62656249999999
branching on 1 with b.
1768   172    42         48.6852    50.6266    3.9877     % 
LB close or above UB, fathomed
1769   171    42         48.6852    50.6266    3.9877     % 
LB close or above UB, fathomed
1770   170    41         48.6852    50.6266    3.9877     % 
LB close or above UB, fathomed
1771   169    39         48.6852    50.6266    3.9877     % 
UB: 50.62656249999999
branching on 2 with b.
1772   170    40         48.6852    50.6266    3.9877     % 
LB close or above UB, fathomed
1773   169    40         48.6852    50.6266    3.9877     % 
LB close or above UB, fathomed
1774   168    39         48.6852    50.6266    3.9877     % 
LB close or above UB, fathomed
1775   167    40         48.6852    50.6266    3.9877     % 
LB close or above UB, fathomed
1776   166    40         48.6852    50.6266    3.9877     % 
LB close or above UB, fathomed
1777   165    41         48.6852    50.6266    3.9877     % 
LB close or above UB, fathomed
1778   164    41         48.6852    50.6266    3.9877     % 
UB: 50.62656249999999
branching on 1 with b.
1779   165    42         48.6852    50.6266    3.9877     % 
UB: 50.62656249999999
branching on 2 with b.
1780   166    43         48.6852    50.6266    3.9877     % 
UB: 50.62656249999999
branching on 3 with b.
1781   166    44         48.6852    50.6266    3.9877     % 
UB: 50.62656249999999
branching on 1 with b.
1782   167    45         48.6852    50.6266    3.9877     % 
UB: 50.62656249999999
branching on 2 with b.
1783   168    46         48.6852    50.6266    3.9877     % 
LB close or above UB, fathomed
1784   167    46         48.6852    50.6266    3.9877     % 
UB: 50.62656249999999
branching on 3 with b.
1785   168    47         48.6852    50.6266    3.9877     % 
UB: 50.62656249999999
branching on 1 with b.
1786   169    48         48.6852    50.6266    3.9877     % 
LB close or above UB, fathomed
1787   168    48         48.6852    50.6266    3.9877     % 
UB: 50.62656249999999
branching on 2 with b.
1788   169    49         48.6852    50.6266    3.9877     % 
UB: 50.62656249999999
branching on 3 with b.
1789   170    50         48.6852    50.6266    3.9877     % 
UB: 50.62656249999999
branching on 1 with b.
1790   170    51         48.6852    50.6266    3.9877     % 
UB: 50.62656249999999
branching on 2 with b.
1791   170    52         48.6852    50.6266    3.9877     % 
UB: 50.62656249999999
branching on 3 with b.
1792   171    53         48.6852    50.6266    3.9877     % 
LB close or above UB, fathomed
1793   170    53         48.6852    50.6266    3.9877     % 
LB close or above UB, fathomed
1794   169    50         48.6852    50.6266    3.9877     % 
LB close or above UB, fathomed
1795   168    49         48.6852    50.6266    3.9877     % 
UB: 50.62656249999999
branching on 3 with b.
1796   169    50         48.6852    50.6266    3.9877     % 
UB: 50.62656249999999
branching on 1 with b.
1797   169    51         48.6852    50.6266    3.9877     % 
UB: 50.62656249999999
branching on 2 with b.
1798   169    52         48.6852    50.6266    3.9877     % 
UB: 50.62656249999999
branching on 3 with b.
1799   170    53         48.6852    50.6266    3.9877     % 
LB close or above UB, fathomed
1800   169    53         48.6852    50.6266    3.9877     % 
LB close or above UB, fathomed
1801   168    50         48.6852    50.6266    3.9877     % 
LB close or above UB, fathomed
1802   167    47         48.6852    50.6266    3.9877     % 
LB close or above UB, fathomed
1803   166    45         48.6852    50.6266    3.9877     % 
UB: 50.62656249999999
branching on 2 with b.
1804   167    46         48.6852    50.6266    3.9877     % 
LB close or above UB, fathomed
1805   166    46         48.6852    50.6266    3.9877     % 
UB: 50.62656249999999
branching on 3 with b.
1806   167    47         48.6852    50.6266    3.9877     % 
UB: 50.62656249999999
branching on 1 with b.
1807   167    48         48.6852    50.6266    3.9877     % 
UB: 50.62656249999999
branching on 2 with b.
1808   168    49         48.6852    50.6266    3.9877     % 
UB: 50.62656249999999
branching on 3 with b.
1809   169    50         48.6852    50.6266    3.9877     % 
UB: 50.62656249999999
branching on 1 with b.
1810   169    51         48.6852    50.6266    3.9877     % 
UB: 50.62656249999999
branching on 2 with b.
1811   169    52         48.6852    50.6266    3.9877     % 
UB: 50.62656249999999
branching on 3 with b.
1812   170    53         48.6852    50.6266    3.9877     % 
LB close or above UB, fathomed
1813   169    53         48.6852    50.6266    3.9877     % 
LB close or above UB, fathomed
1814   168    50         48.6852    50.6266    3.9877     % 
LB close or above UB, fathomed
1815   167    49         48.6852    50.6266    3.9877     % 
UB: 50.62656249999999
branching on 3 with b.
1816   168    50         48.6852    50.6266    3.9877     % 
UB: 50.62656249999999
branching on 1 with b.
1817   168    51         48.6852    50.6266    3.9877     % 
UB: 50.62656249999999
branching on 2 with b.
1818   168    52         48.6852    50.6266    3.9877     % 
UB: 50.62656249999999
branching on 3 with b.
1819   169    53         48.6852    50.6266    3.9877     % 
LB close or above UB, fathomed
1820   168    53         48.6852    50.6266    3.9877     % 
LB close or above UB, fathomed
1821   167    50         48.6852    50.6266    3.9877     % 
LB close or above UB, fathomed
1822   166    47         48.6852    50.6266    3.9877     % 
LB close or above UB, fathomed
1823   165    43         48.6852    50.6266    3.9877     % 
LB close or above UB, fathomed
1824   164    42         48.6852    50.6266    3.9877     % 
LB close or above UB, fathomed
1825   163    41         48.6852    50.6266    3.9877     % 
LB close or above UB, fathomed
1826   162    41         48.6852    50.6266    3.9877     % 
UB: 50.62656249999999
branching on 1 with b.
1827   163    42         48.6852    50.6266    3.9877     % 
UB: 50.62656249999999
branching on 2 with b.
1828   164    43         48.6852    50.6266    3.9877     % 
UB: 50.62656249999999
branching on 3 with b.
1829   164    44         48.6852    50.6266    3.9877     % 
UB: 50.62656249999999
branching on 1 with b.
1830   165    45         48.6852    50.6266    3.9877     % 
UB: 50.62656249999999
branching on 2 with b.
1831   166    46         48.6852    50.6266    3.9877     % 
UB: 50.62656249999999
branching on 3 with b.
1832   167    47         48.6852    50.6266    3.9877     % 
UB: 50.62656249999999
branching on 1 with b.
1833   168    48         48.6852    50.6266    3.9877     % 
LB close or above UB, fathomed
1834   167    48         48.6852    50.6266    3.9877     % 
UB: 50.62656249999999
branching on 2 with b.
1835   167    49         48.6852    50.6266    3.9877     % 
UB: 50.62656249999999
branching on 3 with b.
1836   168    50         48.6852    50.6266    3.9877     % 
UB: 50.62656249999999
branching on 1 with b.
1837   168    51         48.6852    50.6266    3.9877     % 
UB: 50.62656249999999
branching on 2 with b.
1838   168    52         48.6852    50.6266    3.9877     % 
UB: 50.62656249999999
branching on 3 with b.
1839   169    53         48.6852    50.6266    3.9877     % 
LB close or above UB, fathomed
1840   168    53         48.6852    50.6266    3.9877     % 
LB close or above UB, fathomed
1841   167    50         48.6852    50.6266    3.9877     % 
LB close or above UB, fathomed
1842   166    47         48.6852    50.6266    3.9877     % 
LB close or above UB, fathomed
1843   165    46         48.6852    50.6266    3.9877     % 
UB: 50.62656249999999
branching on 3 with b.
1844   166    47         48.6852    50.6266    3.9877     % 
UB: 50.62656249999999
branching on 1 with b.
1845   167    48         48.6852    50.6266    3.9877     % 
LB close or above UB, fathomed
1846   166    48         48.6852    50.6266    3.9877     % 
UB: 50.62656249999999
branching on 2 with b.
1847   166    49         48.6852    50.6266    3.9877     % 
UB: 50.62656249999999
branching on 3 with b.
1848   167    50         48.6852    50.6266    3.9877     % 
UB: 50.62656249999999
branching on 1 with b.
1849   167    51         48.6852    50.6266    3.9877     % 
UB: 50.62656249999999
branching on 2 with b.
1850   167    52         48.6852    50.6266    3.9877     % 
UB: 50.62656249999999
branching on 3 with b.
1851   168    53         48.6852    50.6266    3.9877     % 
LB close or above UB, fathomed
1852   167    53         48.6852    50.6266    3.9877     % 
LB close or above UB, fathomed
1853   166    50         48.6852    50.6266    3.9877     % 
LB close or above UB, fathomed
1854   165    47         48.6852    50.6266    3.9877     % 
LB close or above UB, fathomed
1855   164    45         48.6852    50.6266    3.9877     % 
UB: 50.62656249999999
branching on 2 with b.
1856   165    46         48.6852    50.6266    3.9877     % 
UB: 50.62656249999999
branching on 3 with b.
1857   166    47         48.6852    50.6266    3.9877     % 
UB: 50.62656249999999
branching on 1 with b.
1858   166    48         48.6852    50.6266    3.9877     % 
UB: 50.62656249999999
branching on 2 with b.
1859   166    49         48.6852    50.6266    3.9877     % 
UB: 50.62656249999999
branching on 3 with b.
1860   167    50         48.6852    50.6266    3.9877     % 
UB: 50.62656249999999
branching on 1 with b.
1861   167    51         48.6852    50.6266    3.9877     % 
UB: 50.62656249999999
branching on 2 with b.
1862   167    52         48.6852    50.6266    3.9877     % 
UB: 50.62656249999999
branching on 3 with b.
1863   168    53         48.6852    50.6266    3.9877     % 
LB close or above UB, fathomed
1864   167    53         48.6852    50.6266    3.9877     % 
LB close or above UB, fathomed
1865   166    50         48.6852    50.6266    3.9877     % 
LB close or above UB, fathomed
1866   165    47         48.6852    50.6266    3.9877     % 
LB close or above UB, fathomed
1867   164    46         48.6852    50.6266    3.9877     % 
UB: 50.62656249999999
branching on 3 with b.
1868   165    47         48.6852    50.6266    3.9877     % 
UB: 50.62656249999999
branching on 1 with b.
1869   165    48         48.6852    50.6266    3.9877     % 
UB: 50.62656249999999
branching on 2 with b.
1870   165    49         48.6852    50.6266    3.9877     % 
UB: 50.62656249999999
branching on 3 with b.
1871   166    50         48.6852    50.6266    3.9877     % 
UB: 50.62656249999999
branching on 1 with b.
1872   166    51         48.6852    50.6266    3.9877     % 
UB: 50.62656249999999
branching on 2 with b.
1873   166    52         48.6852    50.6266    3.9877     % 
UB: 50.62656249999999
branching on 3 with b.
1874   167    53         48.6852    50.6266    3.9877     % 
LB close or above UB, fathomed
1875   166    53         48.6852    50.6266    3.9877     % 
LB close or above UB, fathomed
1876   165    50         48.6852    50.6266    3.9877     % 
LB close or above UB, fathomed
1877   164    47         48.6852    50.6266    3.9877     % 
LB close or above UB, fathomed
1878   163    43         48.6852    50.6266    3.9877     % 
UB: 50.62656249999999
branching on 3 with b.
1879   163    44         48.6852    50.6266    3.9877     % 
UB: 50.62656249999999
branching on 1 with b.
1880   164    45         48.6852    50.6266    3.9877     % 
UB: 50.62656249999999
branching on 2 with b.
1881   164    46         48.6852    50.6266    3.9877     % 
UB: 50.62656249999999
branching on 3 with b.
1882   165    47         48.6852    50.6266    3.9877     % 
UB: 50.62656249999999
branching on 1 with b.
1883   166    48         48.6852    50.6266    3.9877     % 
LB close or above UB, fathomed
1884   165    48         48.6852    50.6266    3.9877     % 
UB: 50.62656249999999
branching on 2 with b.
1885   165    49         48.6852    50.6266    3.9877     % 
UB: 50.62656249999999
branching on 3 with b.
1886   166    50         48.6852    50.6266    3.9877     % 
UB: 50.62656249999999
branching on 1 with b.
1887   166    51         48.6852    50.6266    3.9877     % 
UB: 50.62656249999999
branching on 2 with b.
1888   166    52         48.6852    50.6266    3.9877     % 
UB: 50.62656249999999
branching on 3 with b.
1889   167    53         48.6852    50.6266    3.9877     % 
LB close or above UB, fathomed
1890   166    53         48.6852    50.6266    3.9877     % 
LB close or above UB, fathomed
1891   165    50         48.6852    50.6266    3.9877     % 
LB close or above UB, fathomed
1892   164    47         48.6852    50.6266    3.9877     % 
LB close or above UB, fathomed
1893   163    45         48.6852    50.6266    3.9877     % 
UB: 50.62656249999999
branching on 2 with b.
1894   163    46         48.6852    50.6266    3.9877     % 
UB: 50.62656249999999
branching on 3 with b.
1895   164    47         48.6852    50.6266    3.9877     % 
UB: 50.62656249999999
branching on 1 with b.
1896   164    48         48.6852    50.6266    3.9877     % 
UB: 50.62656249999999
branching on 2 with b.
1897   164    49         48.6852    50.6266    3.9877     % 
UB: 50.62656249999999
branching on 3 with b.
1898   165    50         48.6852    50.6266    3.9877     % 
UB: 50.62656249999999
branching on 1 with b.
1899   165    51         48.6852    50.6266    3.9877     % 
UB: 50.62656249999999
branching on 2 with b.
1900   165    52         48.6852    50.6266    3.9877     % 
UB: 50.62656249999999
branching on 3 with b.
1901   166    53         48.6852    50.6266    3.9877     % 
LB close or above UB, fathomed
1902   165    53         48.6852    50.6266    3.9877     % 
LB close or above UB, fathomed
1903   164    50         48.6852    50.6266    3.9877     % 
LB close or above UB, fathomed
1904   163    47         48.6852    50.6266    3.9877     % 
LB close or above UB, fathomed
1905   162    42         48.6852    50.6266    3.9877     % 
LB close or above UB, fathomed
1906   161    36         48.6852    50.6266    3.9877     % 
UB: 50.62656249999999
branching on 2 with b.
1907   162    37         48.6852    50.6266    3.9877     % 
LB close or above UB, fathomed
1908   161    37         48.6852    50.6266    3.9877     % 
LB close or above UB, fathomed
1909   160    36         48.6852    50.6266    3.9877     % 
LB close or above UB, fathomed
1910   159    34         48.6852    50.6266    3.9877     % 
UB: 50.62656249999999
branching on 3 with b.
1911   160    35         48.6852    50.6266    3.9877     % 
LB close or above UB, fathomed
1912   159    35         48.6852    50.6266    3.9877     % 
LB close or above UB, fathomed
1913   158    34         48.6852    50.6266    3.9877     % 
LB close or above UB, fathomed
1914   157    33         48.6852    50.6266    3.9877     % 
LB close or above UB, fathomed
1915   156    33         48.6852    50.6266    3.9877     % 
UB: 50.62656249999999
branching on 2 with b.
1916   157    34         48.6852    50.6266    3.9877     % 
LB close or above UB, fathomed
1917   156    34         48.6852    50.6266    3.9877     % 
LB close or above UB, fathomed
1918   155    14         48.6852    50.6266    3.9877     % 
LB close or above UB, fathomed
1919   154    14         48.6852    50.6266    3.9877     % 
LB close or above UB, fathomed
1920   153    37         48.6852    50.6266    3.9877     % 
LB close or above UB, fathomed
1921   152    37         48.6852    50.6266    3.9877     % 
LB close or above UB, fathomed
1922   151    36         48.6852    50.6266    3.9877     % 
UB: 50.62656249999999
branching on 2 with b.
1923   152    37         48.6852    50.6266    3.9877     % 
LB close or above UB, fathomed
1924   151    37         48.6852    50.6266    3.9877     % 
LB close or above UB, fathomed
1925   150    36         48.6852    50.6266    3.9877     % 
UB: 50.62656249999999
branching on 2 with b.
1926   151    37         48.6852    50.6266    3.9877     % 
LB close or above UB, fathomed
1927   150    37         48.6852    50.6266    3.9877     % 
LB close or above UB, fathomed
1928   149    34         48.6852    50.6266    3.9877     % 
LB close or above UB, fathomed
1929   148    34         48.6852    50.6266    3.9877     % 
UB: 50.62656249999999
branching on 3 with b.
1930   149    35         48.6852    50.6266    3.9877     % 
UB: 50.62656249999999
branching on 1 with b.
1931   150    36         48.6852    50.6266    3.9877     % 
LB close or above UB, fathomed
1932   149    36         48.6852    50.6266    3.9877     % 
LB close or above UB, fathomed
1933   148    35         48.6852    50.6266    3.9877     % 
LB close or above UB, fathomed
1934   147    27         48.6852    50.6266    3.9877     % 
LB close or above UB, fathomed
1935   146    27         48.6852    50.6266    3.9877     % 
LB close or above UB, fathomed
1936   145    37         48.6852    50.6266    3.9877     % 
LB close or above UB, fathomed
1937   144    37         48.6852    50.6266    3.9877     % 
LB close or above UB, fathomed
1938   143    38         48.6852    50.6266    3.9877     % 
UB: 50.62656249999999
branching on 1 with b.
1939   144    39         48.6852    50.6266    3.9877     % 
UB: 50.62656249999999
branching on 2 with b.
1940   145    40         48.6852    50.6266    3.9877     % 
LB close or above UB, fathomed
1941   144    40         48.6852    50.6266    3.9877     % 
LB close or above UB, fathomed
1942   143    39         48.6852    50.6266    3.9877     % 
UB: 50.62656249999999
branching on 2 with b.
1943   144    40         48.6852    50.6266    3.9877     % 
LB close or above UB, fathomed
1944   143    40         48.6852    50.6266    3.9877     % 
LB close or above UB, fathomed
1945   142    38         48.6852    50.6266    3.9877     % 
UB: 50.62656249999999
branching on 1 with b.
1946   143    39         48.6852    50.6266    3.9877     % 
LB close or above UB, fathomed
1947   142    39         48.6852    50.6266    3.9877     % 
UB: 50.62656249999999
branching on 2 with b.
1948   143    40         48.6852    50.6266    3.9877     % 
LB close or above UB, fathomed
1949   142    40         48.6852    50.6266    3.9877     % 
LB close or above UB, fathomed
1950   141    26         48.6852    50.6266    3.9877     % 
UB: 50.62656249999999
branching on 1 with b.
1951   142    27         48.6852    50.6266    3.9877     % 
UB: 50.62656249999999
branching on 2 with b.
1952   143    28         48.6852    50.6266    3.9877     % 
UB: 50.62656249999999
branching on 3 with b.
1953   144    29         48.6852    50.6266    3.9877     % 
LB close or above UB, fathomed
1954   143    29         48.6852    50.6266    3.9877     % 
LB close or above UB, fathomed
1955   142    28         48.6852    50.6266    3.9877     % 
LB close or above UB, fathomed
1956   141    27         48.6852    50.6266    3.9877     % 
LB close or above UB, fathomed
1957   140    26         48.6852    50.6266    3.9877     % 
LB close or above UB, fathomed
1958   139    36         48.6852    50.6266    3.9877     % 
LB close or above UB, fathomed
1959   138    36         48.6852    50.6266    3.9877     % 
LB close or above UB, fathomed
1960   137    35         48.6852    50.6266    3.9877     % 
LB close or above UB, fathomed
1961   136    35         48.6852    50.6266    3.9877     % 
LB close or above UB, fathomed
1962   135    17         48.6852    50.6266    3.9877     % 
LB close or above UB, fathomed
1963   134    17         48.6852    50.6266    3.9877     % 
LB close or above UB, fathomed
1964   133    14         48.6852    50.6266    3.9877     % 
LB close or above UB, fathomed
1965   132    14         48.6852    50.6266    3.9877     % 
UB: 50.62656249999999
branching on 1 with b.
1966   133    15         48.6852    50.6266    3.9877     % 
LB close or above UB, fathomed
1967   132    15         48.6852    50.6266    3.9877     % 
UB: 50.62656249999999
branching on CartesianIndex(1, 5) with c.
1968   133    16         48.6852    50.6266    3.9877     % 
UB: 50.62656249999999
branching on CartesianIndex(1, 6) with c.
1969   134    17         48.6852    50.6266    3.9877     % 
LB close or above UB, fathomed
1970   133    17         48.6852    50.6266    3.9877     % 
UB: 50.62656249999999
branching on 2 with b.
1971   134    18         48.6852    50.6266    3.9877     % 
UB: 50.62656249999999
branching on CartesianIndex(1, 7) with c.
1972   135    19         48.6852    50.6266    3.9877     % 
UB: 50.62656249999999
branching on 3 with b.
1973   136    20         48.6852    50.6266    3.9877     % 
LB close or above UB, fathomed
1974   135    20         48.6852    50.6266    3.9877     % 
LB close or above UB, fathomed
1975   134    19         48.6852    50.6266    3.9877     % 
LB close or above UB, fathomed
1976   133    18         48.6852    50.6266    3.9877     % 
LB close or above UB, fathomed
1977   132    16         48.6852    50.6266    3.9877     % 
LB close or above UB, fathomed
1978   131    31         48.6852    50.6266    3.9877     % 
UB: 50.62656249999999
branching on 3 with b.
1979   132    32         48.6852    50.6266    3.9877     % 
LB close or above UB, fathomed
1980   131    32         48.6852    50.6266    3.9877     % 
LB close or above UB, fathomed
1981   130    31         48.6852    50.6266    3.9877     % 
LB close or above UB, fathomed
1982   129    15         48.6852    50.6266    3.9877     % 
UB: 50.62656249999999
branching on 3 with b.
1983   130    16         48.6852    50.6266    3.9877     % 
UB: 50.62656249999999
branching on 1 with b.
1984   131    16         48.6852    50.6266    3.9877     % 
LB close or above UB, fathomed
1985   130    15         48.6852    50.6266    3.9877     % 
UB: 50.62656249999999
branching on 3 with b.
1986   131    16         48.6852    50.6266    3.9877     % 
LB close or above UB, fathomed
1987   130    16         48.6852    50.6266    3.9877     % 
LB close or above UB, fathomed
1988   129    16         48.6852    50.6266    3.9877     % 
LB close or above UB, fathomed
1989   128    16         48.6852    50.6266    3.9877     % 
LB close or above UB, fathomed
1990   127    37         48.6852    50.6266    3.9877     % 
LB close or above UB, fathomed
1991   126    37         48.6852    50.6266    3.9877     % 
LB close or above UB, fathomed
1992   125    38         48.6852    50.6266    3.9877     % 
UB: 50.62656249999999
branching on 1 with b.
1993   126    39         48.6852    50.6266    3.9877     % 
UB: 50.62656249999999
branching on 2 with b.
1994   127    40         48.6852    50.6266    3.9877     % 
LB close or above UB, fathomed
1995   126    40         48.6852    50.6266    3.9877     % 
LB close or above UB, fathomed
1996   125    39         48.6852    50.6266    3.9877     % 
LB close or above UB, fathomed
1997   124    38         48.6852    50.6266    3.9877     % 
LB close or above UB, fathomed
1998   123    40         48.6852    50.6266    3.9877     % 
LB close or above UB, fathomed
1999   122    40         48.6852    50.6266    3.9877     % 
LB close or above UB, fathomed
2000   121    38         48.6852    50.6266    3.9877     % 
LB close or above UB, fathomed
2001   120    38         48.6852    50.6266    3.9877     % 
LB close or above UB, fathomed
2002   119    38         48.6852    50.6266    3.9877     % 
LB close or above UB, fathomed
2003   118    38         48.6852    50.6266    3.9877     % 
LB close or above UB, fathomed
2004   117    34         48.6852    50.6266    3.9877     % 
UB: 50.62656249999999
branching on 3 with b.
2005   118    35         48.6852    50.6266    3.9877     % 
LB close or above UB, fathomed
2006   117    35         48.6852    50.6266    3.9877     % 
LB close or above UB, fathomed
2007   116    34         48.6852    50.6266    3.9877     % 
LB close or above UB, fathomed
2008   115    27         48.6852    50.6266    3.9877     % 
LB close or above UB, fathomed
2009   114    27         48.6852    50.6266    3.9877     % 
LB close or above UB, fathomed
2010   113    28         48.6852    50.6266    3.9877     % 
UB: 50.62656249999999
branching on 1 with b.
2011   114    29         48.6852    50.6266    3.9877     % 
LB close or above UB, fathomed
2012   113    29         48.6852    50.6266    3.9877     % 
LB close or above UB, fathomed
2013   112    28         48.6852    50.6266    3.9877     % 
LB close or above UB, fathomed
2014   111    17         48.6852    50.6266    3.9877     % 
UB: 50.62656249999999
branching on 3 with b.
2015   112    18         48.6852    50.6266    3.9877     % 
UB: 50.62656249999999
branching on CartesianIndex(1, 6) with c.
2016   113    19         48.6852    50.6266    3.9877     % 
LB close or above UB, fathomed
2017   112    19         48.6852    50.6266    3.9877     % 
UB: 50.62656249999999
branching on CartesianIndex(1, 7) with c.
2018   113    20         48.6852    50.6266    3.9877     % 
UB: 50.62656249999999
branching on 1 with b.
2019   114    21         48.6852    50.6266    3.9877     % 
LB close or above UB, fathomed
2020   113    21         48.6852    50.6266    3.9877     % 
LB close or above UB, fathomed
2021   112    20         48.6852    50.6266    3.9877     % 
LB close or above UB, fathomed
2022   111    18         48.6852    50.6266    3.9877     % 
LB close or above UB, fathomed
2023   110    17         48.6852    50.6266    3.9877     % 
LB close or above UB, fathomed
2024   109    28         48.6852    50.6266    3.9877     % 
UB: 50.62656249999999
branching on 3 with b.
2025   110    29         48.6852    50.6266    3.9877     % 
LB close or above UB, fathomed
2026   109    29         48.6852    50.6266    3.9877     % 
LB close or above UB, fathomed
2027   108    28         48.6852    50.6266    3.9877     % 
LB close or above UB, fathomed
2028   107    19         48.6852    50.6266    3.9877     % 
LB close or above UB, fathomed
2029   106    19         48.6852    50.6266    3.9877     % 
UB: 50.62656249999999
branching on CartesianIndex(1, 4) with c.
2030   107    20         48.6852    50.6266    3.9877     % 
LB close or above UB, fathomed
2031   106    20         48.6852    50.6266    3.9877     % 
UB: 50.62656249999999
branching on CartesianIndex(1, 5) with c.
2032   107    21         48.6852    50.6266    3.9877     % 
LB close or above UB, fathomed
2033   106    21         48.6852    50.6266    3.9877     % 
LB close or above UB, fathomed
2034   105    16         48.6852    50.6266    3.9877     % 
LB close or above UB, fathomed
2035   104    16         48.6852    50.6266    3.9877     % 
LB close or above UB, fathomed
2036   103    19         48.6852    50.6266    3.9877     % 
UB: 50.62656249999999
branching on CartesianIndex(1, 5) with c.
2037   104    19         48.6852    50.6266    3.9877     % 
LB close or above UB, fathomed
2038   103    26         48.6852    50.6266    3.9877     % 
LB close or above UB, fathomed
2039   102    26         48.6852    50.6266    3.9877     % 
UB: 50.62656249999999
branching on 2 with b.
2040   103    27         48.6852    50.6266    3.9877     % 
LB close or above UB, fathomed
2041   102    27         48.6852    50.6266    3.9877     % 
LB close or above UB, fathomed
2042   101    27         48.6852    50.6266    3.9877     % 
LB close or above UB, fathomed
2043   100    27         48.6852    50.6266    3.9877     % 
UB: 50.62656249999999
branching on 1 with b.
2044   101    28         48.6852    50.6266    3.9877     % 
LB close or above UB, fathomed
2045   100    28         48.6852    50.6266    3.9877     % 
UB: 50.62656249999999
branching on 2 with b.
2046   101    29         48.6852    50.6266    3.9877     % 
UB: 50.62656249999999
branching on 3 with b.
2047   102    30         48.6852    50.6266    3.9877     % 
LB close or above UB, fathomed
2048   101    30         48.6852    50.6266    3.9877     % 
LB close or above UB, fathomed
2049   100    29         48.6852    50.6266    3.9877     % 
LB close or above UB, fathomed
2050   99     15         48.6852    50.6266    3.9877     % 
LB close or above UB, fathomed
2051   98     15         48.6852    50.6266    3.9877     % 
LB close or above UB, fathomed
2052   97     26         48.6852    50.6266    3.9877     % 
LB close or above UB, fathomed
2053   96     26         48.6852    50.6266    3.9877     % 
UB: 50.62656249999999
branching on 2 with b.
2054   97     27         48.6852    50.6266    3.9877     % 
LB close or above UB, fathomed
2055   96     27         48.6852    50.6266    3.9877     % 
LB close or above UB, fathomed
2056   95     28         48.6852    50.6266    3.9877     % 
LB close or above UB, fathomed
2057   94     28         48.6852    50.6266    3.9877     % 
LB close or above UB, fathomed
2058   93     27         48.6852    50.6266    3.9877     % 
LB close or above UB, fathomed
2059   92     27         48.6852    50.6266    3.9877     % 
LB close or above UB, fathomed
2060   91     36         48.6852    50.6266    3.9877     % 
LB close or above UB, fathomed
2061   90     36         48.6852    50.6266    3.9877     % 
UB: 50.62656249999999
branching on 2 with b.
2062   91     37         48.6852    50.6266    3.9877     % 
LB close or above UB, fathomed
2063   90     37         48.6852    50.6266    3.9877     % 
LB close or above UB, fathomed
2064   89     34         48.6852    50.6266    3.9877     % 
UB: 50.62656249999999
branching on 3 with b.
2065   90     35         48.6852    50.6266    3.9877     % 
UB: 50.62656249999999
branching on 1 with b.
2066   91     36         48.6852    50.6266    3.9877     % 
LB close or above UB, fathomed
2067   90     36         48.6852    50.6266    3.9877     % 
LB close or above UB, fathomed
2068   89     35         48.6852    50.6266    3.9877     % 
LB close or above UB, fathomed
2069   88     34         48.6852    50.6266    3.9877     % 
LB close or above UB, fathomed
2070   87     26         48.6852    50.6266    3.9877     % 
UB: 50.62656249999999
branching on 1 with b.
2071   88     27         48.6852    50.6266    3.9877     % 
LB close or above UB, fathomed
2072   87     27         48.6852    50.6266    3.9877     % 
LB close or above UB, fathomed
2073   86     26         48.6852    50.6266    3.9877     % 
LB close or above UB, fathomed
2074   85     15         48.6852    50.6266    3.9877     % 
UB: 50.62656249999999
branching on CartesianIndex(1, 4) with c.
2075   86     16         48.6852    50.6266    3.9877     % 
LB close or above UB, fathomed
2076   85     16         48.6852    50.6266    3.9877     % 
UB: 50.62656249999999
branching on CartesianIndex(1, 5) with c.
2077   86     15         48.6852    50.6266    3.9877     % 
LB close or above UB, fathomed
2078   85     17         48.6852    50.6266    3.9877     % 
LB close or above UB, fathomed
2079   84     17         48.6852    50.6266    3.9877     % 
UB: 50.62656249999999
branching on CartesianIndex(3, 3) with a.
2080   85     18         48.6852    50.6266    3.9877     % 
LB close or above UB, fathomed
2081   84     18         48.6852    50.6266    3.9877     % 
UB: 50.62656249999999
branching on CartesianIndex(1, 4) with c.
2082   85     21         48.6852    50.6266    3.9877     % 
UB: 50.62656249999999
branching on CartesianIndex(1, 6) with c.
2083   86     21         48.6852    50.6266    3.9877     % 
LB close or above UB, fathomed
2084   85     18         48.6852    50.6266    3.9877     % 
LB close or above UB, fathomed
2085   84     18         48.6852    50.6266    3.9877     % 
LB close or above UB, fathomed
2086   83     14         48.6852    50.6266    3.9877     % 
UB: 50.62656249999999
branching on CartesianIndex(1, 4) with c.
2087   84     14         48.6852    50.6266    3.9877     % 
LB close or above UB, fathomed
2088   83     15         48.6852    50.6266    3.9877     % 
LB close or above UB, fathomed
2089   82     15         48.6852    50.6266    3.9877     % 
LB close or above UB, fathomed
2090   81     22         48.6852    50.6266    3.9877     % 
LB close or above UB, fathomed
2091   80     22         48.6852    50.6266    3.9877     % 
UB: 50.62656249999999
branching on CartesianIndex(1, 7) with c.
2092   81     23         48.6852    50.6266    3.9877     % 
LB close or above UB, fathomed
2093   80     23         48.6852    50.6266    3.9877     % 
LB close or above UB, fathomed
2094   79     19         48.6852    50.6266    3.9877     % 
LB close or above UB, fathomed
2095   78     19         48.6852    50.6266    3.9877     % 
UB: 50.62656249999999
branching on CartesianIndex(1, 5) with c.
2096   79     20         48.6852    50.6266    3.9877     % 
UB: 50.62656249999999
branching on CartesianIndex(1, 6) with c.
2097   80     21         48.6852    50.6266    3.9877     % 
LB close or above UB, fathomed
2098   79     21         48.6852    50.6266    3.9877     % 
UB: 50.62656249999999
branching on CartesianIndex(1, 7) with c.
2099   80     22         48.6852    50.6266    3.9877     % 
UB: 50.62656249999999
branching on 3 with b.
2100   81     23         48.6852    50.6266    3.9877     % 
LB close or above UB, fathomed
2101   80     23         48.6852    50.6266    3.9877     % 
LB close or above UB, fathomed
2102   79     22         48.6852    50.6266    3.9877     % 
LB close or above UB, fathomed
2103   78     20         48.6852    50.6266    3.9877     % 
LB close or above UB, fathomed
2104   77     17         48.6852    50.6266    3.9877     % 
LB close or above UB, fathomed
2105   76     17         48.6852    50.6266    3.9877     % 
LB close or above UB, fathomed
2106   75     17         48.6852    50.6266    3.9877     % 
LB close or above UB, fathomed
2107   74     17         48.6852    50.6266    3.9877     % 
LB close or above UB, fathomed
2108   73     29         48.6852    50.6266    3.9877     % 
LB close or above UB, fathomed
2109   72     29         48.6852    50.6266    3.9877     % 
UB: 50.62656249999999
branching on 3 with b.
2110   73     30         48.6852    50.6266    3.9877     % 
UB: 50.62656249999999
branching on 1 with b.
2111   74     31         48.6852    50.6266    3.9877     % 
LB close or above UB, fathomed
2112   73     31         48.6852    50.6266    3.9877     % 
LB close or above UB, fathomed
2113   72     30         48.6852    50.6266    3.9877     % 
LB close or above UB, fathomed
2114   71     22         48.6852    50.6266    3.9877     % 
LB close or above UB, fathomed
2115   70     22         48.6852    50.6266    3.9877     % 
LB close or above UB, fathomed
2116   69     28         48.6852    50.6266    3.9877     % 
LB close or above UB, fathomed
2117   68     28         48.6852    50.6266    3.9877     % 
LB close or above UB, fathomed
2118   67     31         48.6852    50.6266    3.9877     % 
LB close or above UB, fathomed
2119   66     31         48.6852    50.6266    3.9877     % 
LB close or above UB, fathomed
2120   65     33         48.6852    50.6266    3.9877     % 
LB close or above UB, fathomed
2121   64     33         48.6852    50.6266    3.9877     % 
LB close or above UB, fathomed
2122   63     18         48.6852    50.6266    3.9877     % 
UB: 50.62656249999999
branching on CartesianIndex(1, 6) with c.
2123   64     19         48.6852    50.6266    3.9877     % 
LB close or above UB, fathomed
2124   63     19         48.6852    50.6266    3.9877     % 
UB: 50.62656249999999
branching on CartesianIndex(1, 7) with c.
2125   64     20         48.6852    50.6266    3.9877     % 
UB: 50.62656249999999
branching on 3 with b.
2126   65     21         48.6852    50.6266    3.9877     % 
LB close or above UB, fathomed
2127   64     21         48.6852    50.6266    3.9877     % 
UB: 50.62656249999999
branching on 1 with b.
2128   65     22         48.6852    50.6266    3.9877     % 
LB close or above UB, fathomed
2129   64     22         48.6852    50.6266    3.9877     % 
LB close or above UB, fathomed
2130   63     20         48.6852    50.6266    3.9877     % 
LB close or above UB, fathomed
2131   62     18         48.6852    50.6266    3.9877     % 
LB close or above UB, fathomed
2132   61     30         48.6852    50.6266    3.9877     % 
LB close or above UB, fathomed
2133   60     30         48.6852    50.6266    3.9877     % 
LB close or above UB, fathomed
2134   59     20         48.6852    50.6266    3.9877     % 
UB: 50.62656249999999
branching on CartesianIndex(1, 6) with c.
2135   60     21         48.6852    50.6266    3.9877     % 
LB close or above UB, fathomed
2136   59     21         48.6852    50.6266    3.9877     % 
UB: 50.62656249999999
branching on CartesianIndex(1, 7) with c.
2137   60     22         48.6852    50.6266    3.9877     % 
UB: 50.62656249999999
branching on 3 with b.
2138   61     23         48.6852    50.6266    3.9877     % 
LB close or above UB, fathomed
2139   60     23         48.6852    50.6266    3.9877     % 
UB: 50.62656249999999
branching on 1 with b.
2140   61     24         48.6852    50.6266    3.9877     % 
LB close or above UB, fathomed
2141   60     24         48.6852    50.6266    3.9877     % 
LB close or above UB, fathomed
2142   59     22         48.6852    50.6266    3.9877     % 
LB close or above UB, fathomed
2143   58     20         48.6852    50.6266    3.9877     % 
LB close or above UB, fathomed
2144   57     28         48.6852    50.6266    3.9877     % 
UB: 50.62656249999999
branching on 3 with b.
2145   58     29         48.6852    50.6266    3.9877     % 
UB: 50.62656249999999
branching on 1 with b.
2146   59     30         48.6852    50.6266    3.9877     % 
LB close or above UB, fathomed
2147   58     30         48.6852    50.6266    3.9877     % 
UB: 50.62656249999999
branching on 2 with b.
2148   59     31         48.6852    50.6266    3.9877     % 
UB: 50.62656249999999
branching on 3 with b.
2149   60     32         48.6852    50.6266    3.9877     % 
LB close or above UB, fathomed
2150   59     32         48.6852    50.6266    3.9877     % 
LB close or above UB, fathomed
2151   58     31         48.6852    50.6266    3.9877     % 
LB close or above UB, fathomed
2152   57     29         48.6852    50.6266    3.9877     % 
LB close or above UB, fathomed
2153   56     28         48.6852    50.6266    3.9877     % 
LB close or above UB, fathomed
2154   55     20         48.6852    50.6266    3.9877     % 
LB close or above UB, fathomed
2155   54     20         48.6852    50.6266    3.9877     % 
UB: 50.62656249999999
branching on CartesianIndex(1, 6) with c.
2156   55     21         48.6852    50.6266    3.9877     % 
LB close or above UB, fathomed
2157   54     21         48.6852    50.6266    3.9877     % 
UB: 50.62656249999999
branching on 1 with b.
2158   55     22         48.6852    50.6266    3.9877     % 
LB close or above UB, fathomed
2159   54     22         48.6852    50.6266    3.9877     % 
LB close or above UB, fathomed
2160   53     29         48.6852    50.6266    3.9877     % 
LB close or above UB, fathomed
2161   52     29         48.6852    50.6266    3.9877     % 
LB close or above UB, fathomed
2162   51     18         48.6852    50.6266    3.9877     % 
LB close or above UB, fathomed
2163   50     18         48.6852    50.6266    3.9877     % 
LB close or above UB, fathomed
2164   49     26         48.6852    50.6266    3.9877     % 
UB: 50.62656249999999
branching on 3 with b.
2165   50     27         48.6852    50.6266    3.9877     % 
LB close or above UB, fathomed
2166   49     27         48.6852    50.6266    3.9877     % 
UB: 50.62656249999999
branching on 1 with b.
2167   50     28         48.6852    50.6266    3.9877     % 
UB: 50.62656249999999
branching on 2 with b.
2168   51     29         48.6852    50.6266    3.9877     % 
UB: 50.62656249999999
branching on 3 with b.
2169   52     30         48.6852    50.6266    3.9877     % 
LB close or above UB, fathomed
2170   51     30         48.6852    50.6266    3.9877     % 
LB close or above UB, fathomed
2171   50     29         48.6852    50.6266    3.9877     % 
LB close or above UB, fathomed
2172   49     28         48.6852    50.6266    3.9877     % 
LB close or above UB, fathomed
2173   48     26         48.6852    50.6266    3.9877     % 
LB close or above UB, fathomed
2174   47     21         48.6852    50.6266    3.9877     % 
LB close or above UB, fathomed
2175   46     21         48.6852    50.6266    3.9877     % 
UB: 50.62656249999999
branching on CartesianIndex(1, 5) with c.
2176   47     22         48.6852    50.6266    3.9877     % 
LB close or above UB, fathomed
2177   46     22         48.6852    50.6266    3.9877     % 
LB close or above UB, fathomed
2178   45     26         48.6852    50.6266    3.9877     % 
LB close or above UB, fathomed
2179   44     26         48.6852    50.6266    3.9877     % 
UB: 50.62656249999999
branching on 3 with b.
2180   45     27         48.6852    50.6266    3.9877     % 
LB close or above UB, fathomed
2181   44     27         48.6852    50.6266    3.9877     % 
LB close or above UB, fathomed
2182   43     19         48.6852    50.6266    3.9877     % 
LB close or above UB, fathomed
2183   42     19         48.6852    50.6266    3.9877     % 
UB: 50.62656249999999
branching on CartesianIndex(1, 7) with c.
2184   43     20         48.6852    50.6266    3.9877     % 
UB: 50.62656249999999
branching on 3 with b.
2185   44     21         48.6852    50.6266    3.9877     % 
LB close or above UB, fathomed
2186   43     21         48.6852    50.6266    3.9877     % 
UB: 50.62656249999999
branching on 1 with b.
2187   44     22         48.6852    50.6266    3.9877     % 
LB close or above UB, fathomed
2188   43     22         48.6852    50.6266    3.9877     % 
LB close or above UB, fathomed
2189   42     20         48.6852    50.6266    3.9877     % 
LB close or above UB, fathomed
2190   41     29         48.6852    50.6266    3.9877     % 
UB: 50.62656249999999
branching on 3 with b.
2191   42     30         48.6852    50.6266    3.9877     % 
LB close or above UB, fathomed
2192   41     30         48.6852    50.6266    3.9877     % 
UB: 50.62656249999999
branching on 1 with b.
2193   42     31         48.6852    50.6266    3.9877     % 
UB: 50.62656249999999
branching on 2 with b.
2194   43     32         48.6852    50.6266    3.9877     % 
UB: 50.62656249999999
branching on 3 with b.
2195   44     33         48.6852    50.6266    3.9877     % 
LB close or above UB, fathomed
2196   43     33         48.6852    50.6266    3.9877     % 
LB close or above UB, fathomed
2197   42     32         48.6852    50.6266    3.9877     % 
LB close or above UB, fathomed
2198   41     31         48.6852    50.6266    3.9877     % 
LB close or above UB, fathomed
2199   40     29         48.6852    50.6266    3.9877     % 
LB close or above UB, fathomed
2200   39     23         48.6852    50.6266    3.9877     % 
UB: 50.62656249999999
branching on 3 with b.
2201   40     24         48.6852    50.6266    3.9877     % 
UB: 50.62656249999999
branching on 1 with b.
2202   41     25         48.6852    50.6266    3.9877     % 
LB close or above UB, fathomed
2203   40     25         48.6852    50.6266    3.9877     % 
LB close or above UB, fathomed
2204   39     24         48.6852    50.6266    3.9877     % 
LB close or above UB, fathomed
2205   38     23         48.6852    50.6266    3.9877     % 
LB close or above UB, fathomed
2206   37     19         48.6852    50.6266    3.9877     % 
UB: 50.62656249999999
branching on 2 with b.
2207   38     20         48.6852    50.6266    3.9877     % 
LB close or above UB, fathomed
2208   37     20         48.6852    50.6266    3.9877     % 
UB: 50.62656249999999
branching on CartesianIndex(1, 6) with c.
2209   38     21         48.6852    50.6266    3.9877     % 
LB close or above UB, fathomed
2210   37     21         48.6852    50.6266    3.9877     % 
UB: 50.62656249999999
branching on CartesianIndex(1, 7) with c.
2211   38     22         48.6852    50.6266    3.9877     % 
UB: 50.62656249999999
branching on 3 with b.
2212   39     23         48.6852    50.6266    3.9877     % 
LB close or above UB, fathomed
2213   38     23         48.6852    50.6266    3.9877     % 
LB close or above UB, fathomed
2214   37     22         48.6852    50.6266    3.9877     % 
LB close or above UB, fathomed
2215   36     19         48.6852    50.6266    3.9877     % 
LB close or above UB, fathomed
2216   35     26         48.6852    50.6266    3.9877     % 
LB close or above UB, fathomed
2217   34     26         48.6852    50.6266    3.9877     % 
UB: 50.62656249999999
branching on 1 with b.
2218   35     27         48.6852    50.6266    3.9877     % 
UB: 50.62656249999999
branching on 2 with b.
2219   36     28         48.6852    50.6266    3.9877     % 
UB: 50.62656249999999
branching on 3 with b.
2220   37     29         48.6852    50.6266    3.9877     % 
LB close or above UB, fathomed
2221   36     29         48.6852    50.6266    3.9877     % 
UB: 50.62656249999999
branching on 1 with b.
2222   37     30         48.6852    50.6266    3.9877     % 
UB: 50.62656249999999
branching on 2 with b.
2223   38     31         48.6852    50.6266    3.9877     % 
UB: 50.62656249999999
branching on 3 with b.
2224   39     32         48.6852    50.6266    3.9877     % 
LB close or above UB, fathomed
2225   38     32         48.6852    50.6266    3.9877     % 
UB: 50.62656249999999
branching on 1 with b.
2226   39     33         48.6852    50.6266    3.9877     % 
LB close or above UB, fathomed
2227   38     33         48.6852    50.6266    3.9877     % 
LB close or above UB, fathomed
2228   37     31         48.6852    50.6266    3.9877     % 
LB close or above UB, fathomed
2229   36     30         48.6852    50.6266    3.9877     % 
LB close or above UB, fathomed
2230   35     28         48.6852    50.6266    3.9877     % 
LB close or above UB, fathomed
2231   34     27         48.6852    50.6266    3.9877     % 
LB close or above UB, fathomed
2232   33     17         48.6852    50.6266    3.9877     % 
LB close or above UB, fathomed
2233   32     17         48.6852    50.6266    3.9877     % 
LB close or above UB, fathomed
2234   31     30         48.6852    50.6266    3.9877     % 
LB close or above UB, fathomed
2235   30     30         48.6852    50.6266    3.9877     % 
LB close or above UB, fathomed
2236   29     27         48.6852    50.6266    3.9877     % 
LB close or above UB, fathomed
2237   28     27         48.6852    50.6266    3.9877     % 
LB close or above UB, fathomed
2238   27     19         48.6852    50.6266    3.9877     % 
LB close or above UB, fathomed
2239   26     19         48.6852    50.6266    3.9877     % 
LB close or above UB, fathomed
2240   25     17         48.6852    50.6266    3.9877     % 
LB close or above UB, fathomed
2241   24     17         48.6852    50.6266    3.9877     % 
UB: 50.62656249999999
branching on CartesianIndex(1, 5) with c.
2242   25     18         48.6852    50.6266    3.9877     % 
UB: 50.62656249999999
branching on CartesianIndex(1, 6) with c.
2243   26     18         48.6852    50.6266    3.9877     % 
LB close or above UB, fathomed
2244   25     21         48.6852    50.6266    3.9877     % 
LB close or above UB, fathomed
2245   24     21         48.6852    50.6266    3.9877     % 
UB: 50.62656249999999
branching on CartesianIndex(1, 5) with c.
2246   25     22         48.6852    50.6266    3.9877     % 
UB: 50.62656249999999
branching on 3 with b.
2247   26     23         48.6852    50.6266    3.9877     % 
LB close or above UB, fathomed
2248   25     23         48.6852    50.6266    3.9877     % 
UB: 50.62656249999999
branching on CartesianIndex(1, 6) with c.
2249   26     24         48.6852    50.6266    3.9877     % 
LB close or above UB, fathomed
2250   25     24         48.6852    50.6266    3.9877     % 
UB: 50.62656249999999
branching on CartesianIndex(1, 7) with c.
2251   26     25         48.6852    50.6266    3.9877     % 
UB: 50.62656249999999
branching on 1 with b.
2252   27     26         48.6852    50.6266    3.9877     % 
LB close or above UB, fathomed
2253   26     26         48.6852    50.6266    3.9877     % 
LB close or above UB, fathomed
2254   25     25         48.6852    50.6266    3.9877     % 
LB close or above UB, fathomed
2255   24     22         48.6852    50.6266    3.9877     % 
LB close or above UB, fathomed
2256   23     19         48.6852    50.6266    3.9877     % 
LB close or above UB, fathomed
2257   22     19         48.6852    50.6266    3.9877     % 
UB: 50.62656249999999
branching on 2 with b.
2258   23     25         48.6852    50.6266    3.9877     % 
LB close or above UB, fathomed
2259   22     25         48.6852    50.6266    3.9877     % 
UB: 50.62656249999999
branching on 3 with b.
2260   23     26         48.6852    50.6266    3.9877     % 
LB close or above UB, fathomed
2261   22     26         48.6852    50.6266    3.9877     % 
UB: 50.62656249999999
branching on 1 with b.
2262   23     27         48.6852    50.6266    3.9877     % 
LB close or above UB, fathomed
2263   22     27         48.6852    50.6266    3.9877     % 
UB: 50.62656249999999
branching on 2 with b.
2264   23     28         48.6852    50.6266    3.9877     % 
LB close or above UB, fathomed
2265   22     28         48.6852    50.6266    3.9877     % 
LB close or above UB, fathomed
2266   21     24         48.6852    50.6266    3.9877     % 
UB: 50.62656249999999
branching on 3 with b.
2267   22     25         48.6852    50.6266    3.9877     % 
LB close or above UB, fathomed
2268   21     25         48.6852    50.6266    3.9877     % 
LB close or above UB, fathomed
2269   20     24         48.6852    50.6266    3.9877     % 
LB close or above UB, fathomed
2270   19     17         48.6852    50.6266    3.9877     % 
UB: 50.62656249999999
branching on CartesianIndex(1, 4) with c.
2271   20     18         48.6852    50.6266    3.9877     % 
LB close or above UB, fathomed
2272   19     18         48.6852    50.6266    3.9877     % 
UB: 50.62656249999999
branching on CartesianIndex(1, 5) with c.
2273   20     19         48.6852    50.6266    3.9877     % 
UB: 50.62656249999999
branching on CartesianIndex(1, 6) with c.
2274   21     20         48.6852    50.6266    3.9877     % 
LB close or above UB, fathomed
2275   20     20         48.6852    50.6266    3.9877     % 
UB: 50.62656249999999
branching on CartesianIndex(1, 7) with c.
2276   21     21         48.6852    50.6266    3.9877     % 
UB: 50.62656249999999
branching on 1 with b.
2277   22     22         48.6852    50.6266    3.9877     % 
UB: 50.62656249999999
branching on 2 with b.
2278   23     23         48.6852    50.6266    3.9877     % 
UB: 50.62656249999999
branching on 3 with b.
2279   24     24         48.6852    50.6266    3.9877     % 
LB close or above UB, fathomed
2280   23     24         48.6852    50.6266    3.9877     % 
UB: 50.62656249999999
branching on 1 with b.
2281   24     25         48.6852    50.6266    3.9877     % 
LB close or above UB, fathomed
2282   23     25         48.6852    50.6266    3.9877     % 
LB close or above UB, fathomed
2283   22     23         48.6852    50.6266    3.9877     % 
LB close or above UB, fathomed
2284   21     22         48.6852    50.6266    3.9877     % 
LB close or above UB, fathomed
2285   20     21         48.6852    50.6266    3.9877     % 
LB close or above UB, fathomed
2286   19     19         48.6852    50.6266    3.9877     % 
LB close or above UB, fathomed
2287   18     17         48.6852    50.6266    3.9877     % 
LB close or above UB, fathomed
2288   17     18         48.6852    50.6266    3.9877     % 
LB close or above UB, fathomed
2289   16     18         48.6852    50.6266    3.9877     % 
UB: 50.62656249999999
branching on CartesianIndex(1, 6) with c.
2290   17     19         48.6852    50.6266    3.9877     % 
LB close or above UB, fathomed
2291   16     19         48.6852    50.6266    3.9877     % 
UB: 50.62656249999999
branching on CartesianIndex(1, 7) with c.
2292   17     20         48.6852    50.6266    3.9877     % 
UB: 50.62656249999999
branching on 1 with b.
2293   18     21         48.6852    50.6266    3.9877     % 
LB close or above UB, fathomed
2294   17     21         48.6852    50.6266    3.9877     % 
LB close or above UB, fathomed
2295   16     20         48.6852    50.6266    3.9877     % 
LB close or above UB, fathomed
2296   15     16         48.6852    50.6266    3.9877     % 
LB close or above UB, fathomed
2297   14     16         48.6852    50.6266    3.9877     % 
UB: 50.62656249999999
branching on 2 with b.
2298   15     17         48.6852    50.6266    3.9877     % 
LB close or above UB, fathomed
2299   14     17         48.6852    50.6266    3.9877     % 
UB: 50.62656249999999
branching on 3 with b.
2300   15     17         48.6852    50.6266    3.9877     % 
LB close or above UB, fathomed
2301   14     17         48.6852    50.6266    3.9877     % 
UB: 50.62656249999999
branching on 2 with b.
2302   15     18         48.6852    50.6266    3.9877     % 
UB: 50.62656249999999
branching on 3 with b.
2303   16     19         48.6852    50.6266    3.9877     % 
UB: 50.62656249999999
branching on CartesianIndex(4, 3) with a.
2304   17     20         48.6852    50.6266    3.9877     % 
UB: 50.62656249999999
branching on CartesianIndex(1, 4) with c.
2305   18     21         48.6852    50.6266    3.9877     % 
LB close or above UB, fathomed
2306   17     21         48.6852    50.6266    3.9877     % 
UB: 50.62656249999999
branching on CartesianIndex(1, 5) with c.
2307   18     22         48.6852    50.6266    3.9877     % 
UB: 50.62656249999999
branching on CartesianIndex(1, 6) with c.
2308   19     23         48.6852    50.6266    3.9877     % 
UB: 50.62656249999999
branching on CartesianIndex(1, 7) with c.
2309   20     24         48.6852    50.6266    3.9877     % 
LB close or above UB, fathomed
2310   19     24         48.6852    50.6266    3.9877     % 
UB: 50.62656249999999
branching on 1 with b.
2311   20     25         48.6852    50.6266    3.9877     % 
LB close or above UB, fathomed
2312   19     25         48.6852    50.6266    3.9877     % 
LB close or above UB, fathomed
2313   18     23         48.6852    50.6266    3.9877     % 
LB close or above UB, fathomed
2314   17     22         48.6852    50.6266    3.9877     % 
LB close or above UB, fathomed
2315   16     20         48.6852    50.6266    3.9877     % 
LB close or above UB, fathomed
2316   15     19         48.6852    50.6266    3.9877     % 
LB close or above UB, fathomed
2317   14     18         48.6852    50.6266    3.9877     % 
LB close or above UB, fathomed
2318   13     18         48.6852    50.6266    3.9877     % 
LB close or above UB, fathomed
2319   12     18         48.6852    50.6266    3.9877     % 
UB: 50.62656249999999
branching on CartesianIndex(1, 5) with c.
2320   13     19         48.6852    50.6266    3.9877     % 
LB close or above UB, fathomed
2321   12     19         48.6852    50.6266    3.9877     % 
LB close or above UB, fathomed
2322   11     20         48.6852    50.6266    3.9877     % 
LB close or above UB, fathomed
2323   10     20         48.6852    50.6266    3.9877     % 
UB: 50.62656249999999
branching on CartesianIndex(1, 5) with c.
2324   11     21         48.6852    50.6266    3.9877     % 
LB close or above UB, fathomed
2325   10     21         48.6852    50.6266    3.9877     % 
LB close or above UB, fathomed
2326   9      19         48.6852    50.6266    3.9877     % 
LB close or above UB, fathomed
2327   8      19         48.6852    50.6266    3.9877     % 
UB: 50.62656249999999
branching on CartesianIndex(1, 7) with c.
2328   9      20         48.6852    50.6266    3.9877     % 
UB: 50.62656249999999
branching on 2 with b.
2329   10     21         48.6852    50.6266    3.9877     % 
LB close or above UB, fathomed
2330   9      21         48.6852    50.6266    3.9877     % 
UB: 50.62656249999999
branching on 3 with b.
2331   10     22         48.6852    50.6266    3.9877     % 
LB close or above UB, fathomed
2332   9      22         48.6852    50.6266    3.9877     % 
UB: 50.62656249999999
branching on 1 with b.
2333   10     23         48.6852    50.6266    3.9877     % 
LB close or above UB, fathomed
2334   9      23         48.6852    50.6266    3.9877     % 
LB close or above UB, fathomed
2335   8      20         48.6852    50.6266    3.9877     % 
LB close or above UB, fathomed
2336   7      18         48.6852    50.6266    3.9877     % 
LB close or above UB, fathomed
2337   6      18         48.6852    50.6266    3.9877     % 
UB: 50.62656249999999
branching on 1 with b.
2338   7      19         48.6852    50.6266    3.9877     % 
LB close or above UB, fathomed
2339   6      19         48.6852    50.6266    3.9877     % 
LB close or above UB, fathomed
2340   5      19         49.0198    50.6266    3.2778     % 
LB close or above UB, fathomed
2341   4      19         49.0198    50.6266    3.2778     % 
LB close or above UB, fathomed
2342   3      11         49.4617    50.6266    2.3550     % 
UB: 50.62656249999999
branching on 2 with b.
2343   4      11         49.4617    50.6266    2.3550     % 
LB close or above UB, fathomed
2344   3      8          49.6501    50.6266    1.9667     % 
LB close or above UB, fathomed
2345   2      8          49.6501    50.6266    1.9667     % 
LB close or above UB, fathomed
2346   1      12         49.9794    50.6266    1.2948     % 
UB: 50.62656249999999
branching on CartesianIndex(2, 3) with a.
2347   2      13         49.9794    50.6266    1.2948     % 
LB close or above UB, fathomed
2348   1      13         49.9794    50.6266    1.2948     % 
LB close or above UB, fathomed
2349   0      12         49.9794    50.6266    1.2948     % 
LB close or above UB, fathomed
all node solved
solved nodes:  2350
2350                                                  5.0574e+01     5.0627e+01     0.1042  % 
5×3 Matrix{Float64}:
 0.0  0.0  0.0
 0.0  1.0  1.0
 1.0  0.0  0.0
 0.0  0.0  0.0
 0.0  0.0  0.0
3-element Vector{Float64}:
 0.46545356601905097
 0.5549849570893834
 0.36415453371010237
2×7 Matrix{Float64}:
 0.0  0.0  0.0  1.0  0.0  1.0  0.0
 0.0  0.0  0.0  0.0  1.0  0.0  1.0
3-element Vector{Float64}:
 1.0
 1.0
 1.0
5×3 Matrix{Float64}:
 0.0  0.0  0.0
 0.0  0.0  0.0
 0.0  0.0  1.0
 0.0  1.0  0.0
 1.0  0.0  0.0
3-element Vector{Float64}:
 0.40682317464429135
 0.27108189827433105
 0.5843383338653584
2×7 Matrix{Float64}:
 0.0  0.0  0.0  1.0  0.0  1.0  0.0
 0.0  0.0  0.0  0.0  1.0  0.0  1.0
3-element Vector{Float64}:
 1.0
 1.0
 1.0
comparison (CRT and Glb)on prediction: Dict{Bool, Int64}(0 => 16, 1 => 109)
Dataname	 time	 objv	 lb	 gap	 train_w	 train_g	 test_w	 test_g
body_264.body	 164.87	 50.62656249999999	 50.574	 0.001	 90.86	 93.011	 89.6	 92.8
