Running 6 processes.
Start training body_293.body with seed 1.
Any[]
(5, 497)
(5, 248)
(5, 124)
(5, 125)
dimension: 5, class: 2
cart cost: 54.50937500000003
size of X: (5, 372)
ngroups: 12
UB: 54.50937500000003
Iter	left	lev	LB	UB	gap	
0      0      1          5.9404     54.5094    817.6040   % 
UB: 54.50937499999999
branching on 1 with d.
1      1      2          5.9404     54.5094    817.6040   % 
LB close or above UB, fathomed
2      0      2          5.9404     54.5094    817.6040   % 
UB: 54.50937499999999
branching on 2 with d.
3      1      3          5.9404     54.5094    817.6040   % 
UB: 54.50937499999999
branching on 3 with d.
4      2      3          5.9404     54.5094    817.6040   % 
UB: 54.50937499999999
branching on 3 with d.
5      3      4          5.9404     54.5094    817.6040   % 
UB: 54.50937499999999
branching on CartesianIndex(1, 1) with a.
6      4      4          5.9404     54.5094    817.6040   % 
UB: 54.50937499999999
branching on CartesianIndex(1, 1) with a.
7      5      5          5.9485     54.5094    816.3600   % 
UB: 54.50937499999999
branching on CartesianIndex(2, 1) with a.
8      6      6          5.9485     54.5094    816.3600   % 
UB: 54.50937499999999
branching on CartesianIndex(3, 1) with a.
9      7      6          5.9485     54.5094    816.3600   % 
UB: 54.50937499999999
branching on 1 with b.
10     8      5          5.9485     54.5094    816.3600   % 
UB: 54.50937499999999
branching on CartesianIndex(1, 2) with a.
11     9      7          5.9656     54.5094    813.7340   % 
UB: 54.50937499999999
branching on 1 with b.
12     10     8          5.9656     54.5094    813.7340   % 
UB: 54.50937499999999
branching on CartesianIndex(4, 1) with a.
13     11     9          5.9656     54.5094    813.7340   % 
UB: 54.50937499999999
branching on CartesianIndex(1, 2) with a.
14     12     9          5.9656     54.5094    813.7340   % 
UB: 54.50937499999999
branching on CartesianIndex(1, 2) with a.
15     13     8          5.9656     54.5094    813.7340   % 
UB: 54.50937499999999
branching on CartesianIndex(4, 1) with a.
16     14     7          5.9656     54.5094    813.7340   % 
UB: 54.50937499999999
branching on CartesianIndex(1, 2) with a.
17     15     10         7.9070     54.5094    589.3839   % 
UB: 54.50937499999999
branching on 1 with b.
18     16     10         7.9070     54.5094    589.3839   % 
UB: 54.50937499999999
branching on 1 with b.
19     17     11         9.8484     54.5094    453.4860   % 
UB: 54.50937499999999
branching on CartesianIndex(2, 2) with a.
20     18     11         9.8484     54.5094    453.4860   % 
UB: 54.50937499999999
branching on 2 with b.
21     19     12         9.8484     54.5094    453.4860   % 
UB: 54.50937499999999
branching on 3 with b.
22     20     13         9.8484     54.5094    453.4860   % 
UB: 54.50937499999999
branching on CartesianIndex(2, 2) with a.
23     21     13         9.8484     54.5094    453.4860   % 
UB: 54.50937499999999
branching on CartesianIndex(2, 2) with a.
24     22     14         9.8484     54.5094    453.4860   % 
UB: 54.50937499999999
branching on CartesianIndex(3, 2) with a.
25     23     15         9.8484     54.5094    453.4860   % 
UB: 54.50937499999999
branching on CartesianIndex(4, 2) with a.
26     24     16         9.8484     54.5094    453.4860   % 
LB close or above UB, fathomed
27     23     16         9.8484     54.5094    453.4860   % 
UB: 54.50937499999999
branching on CartesianIndex(1, 3) with a.
28     24     15         9.8484     54.5094    453.4860   % 
UB: 54.50937499999999
branching on CartesianIndex(1, 3) with a.
29     25     14         9.8484     54.5094    453.4860   % 
UB: 54.50937499999999
branching on 1 with b.
30     26     12         9.8484     54.5094    453.4860   % 
UB: 54.50937499999999
branching on 3 with b.
31     27     17         11.7898    54.5094    362.3442   % 
UB: 54.50937499999999
branching on CartesianIndex(2, 3) with a.
32     28     17         11.7898    54.5094    362.3442   % 
UB: 54.50937499999999
branching on CartesianIndex(1, 4) with c.
33     29     18         13.7312    54.5094    296.9734   % 
UB: 54.50937499999999
branching on CartesianIndex(3, 3) with a.
34     30     18         13.7312    54.5094    296.9734   % 
UB: 54.50937499999999
branching on CartesianIndex(1, 4) with c.
35     31     19         15.6726    54.5094    247.7994   % 
UB: 54.50937499999999
branching on CartesianIndex(4, 3) with a.
36     32     19         15.6726    54.5094    247.7994   % 
UB: 54.50937499999999
branching on CartesianIndex(1, 4) with c.
37     33     14         15.6812    54.5094    247.6086   % 
UB: 54.50937499999999
branching on CartesianIndex(3, 2) with a.
38     34     14         15.6812    54.5094    247.6086   % 
UB: 54.50937499999999
branching on 1 with b.
39     35     20         19.5555    54.5094    178.7425   % 
LB close or above UB, fathomed
40     34     20         19.5555    54.5094    178.7425   % 
UB: 54.50937499999999
branching on CartesianIndex(1, 5) with c.
41     35     21         19.5555    54.5094    178.7425   % 
UB: 54.50937499999999
branching on CartesianIndex(1, 6) with c.
42     36     22         19.5555    54.5094    178.7425   % 
LB close or above UB, fathomed
43     35     22         19.5555    54.5094    178.7425   % 
UB: 54.50937499999999
branching on 1 with b.
44     36     23         19.5555    54.5094    178.7425   % 
UB: 54.50937499999999
branching on CartesianIndex(1, 7) with c.
45     37     23         19.5555    54.5094    178.7425   % 
UB: 54.50937499999999
branching on CartesianIndex(1, 7) with c.
46     38     21         19.5555    54.5094    178.7425   % 
LB close or above UB, fathomed
47     37     15         19.5641    54.5094    178.6199   % 
UB: 54.50937499999999
branching on 1 with b.
48     38     16         19.5641    54.5094    178.6199   % 
UB: 54.50937499999999
branching on CartesianIndex(4, 2) with a.
49     39     16         19.5641    54.5094    178.6199   % 
UB: 54.50937499999999
branching on CartesianIndex(4, 2) with a.
50     40     15         19.5641    54.5094    178.6199   % 
UB: 54.50937499999999
branching on 1 with b.
51     41     16         19.5641    54.5094    178.6199   % 
UB: 54.50937499999999
branching on CartesianIndex(2, 3) with a.
52     42     16         19.5641    54.5094    178.6199   % 
UB: 54.50937499999999
branching on CartesianIndex(1, 4) with c.
53     43     11         19.5641    54.5094    178.6199   % 
UB: 54.50937499999999
branching on 2 with b.
54     44     11         19.5641    54.5094    178.6199   % 
UB: 54.50937499999999
branching on CartesianIndex(1, 3) with a.
55     45     12         19.5641    54.5094    178.6199   % 
UB: 54.50937499999999
branching on 2 with b.
56     46     13         19.5641    54.5094    178.6199   % 
UB: 54.50937499999999
branching on 3 with b.
57     47     14         19.5641    54.5094    178.6199   % 
UB: 54.50937499999999
branching on 1 with b.
58     48     14         19.5641    54.5094    178.6199   % 
UB: 54.50937499999999
branching on 1 with b.
59     49     15         19.5641    54.5094    178.6199   % 
UB: 54.50937499999999
branching on 2 with b.
60     50     15         19.5641    54.5094    178.6199   % 
UB: 54.50937499999999
branching on CartesianIndex(2, 3) with a.
61     51     13         19.5641    54.5094    178.6199   % 
LB close or above UB, fathomed
62     50     12         19.5641    54.5094    178.6199   % 
UB: 54.50937499999999
branching on CartesianIndex(1, 4) with c.
63     51     17         21.5055    54.5094    153.4675   % 
UB: 54.50937499999999
branching on CartesianIndex(3, 3) with a.
64     52     17         21.5055    54.5094    153.4675   % 
UB: 54.50937499999999
branching on 1 with b.
65     53     24         25.3883    54.5094    114.7029   % 
UB: 54.50937499999999
branching on 2 with b.
66     54     24         25.3883    54.5094    114.7029   % 
LB close or above UB, fathomed
67     53     25         25.3883    54.5094    114.7029   % 
UB: 54.50937499999999
branching on 3 with b.
68     54     25         25.3883    54.5094    114.7029   % 
UB: 54.50937499999999
branching on 3 with b.
69     55     19         25.5270    54.5094    113.5365   % 
LB close or above UB, fathomed
70     54     19         25.5270    54.5094    113.5365   % 
UB: 54.50937499999999
branching on CartesianIndex(1, 5) with c.
71     55     8          27.3297    54.5094    99.4511    % 
UB: 54.50937499999999
branching on CartesianIndex(2, 2) with a.
72     56     9          27.3297    54.5094    99.4511    % 
UB: 54.50937499999999
branching on CartesianIndex(3, 2) with a.
73     57     9          27.3297    54.5094    99.4511    % 
UB: 54.50937499999999
branching on CartesianIndex(1, 3) with a.
74     58     8          27.3297    54.5094    99.4511    % 
UB: 54.50937499999999
branching on CartesianIndex(1, 3) with a.
75     59     16         27.3297    54.5094    99.4511    % 
UB: 54.50937499999999
branching on CartesianIndex(2, 3) with a.
76     60     16         27.3297    54.5094    99.4511    % 
UB: 54.50937499999999
branching on CartesianIndex(2, 3) with a.
77     61     13         29.2711    54.5094    86.2225    % 
LB close or above UB, fathomed
78     60     13         29.2711    54.5094    86.2225    % 
UB: 54.50937499999999
branching on CartesianIndex(1, 5) with c.
79     61     20         29.2711    54.5094    86.2225    % 
UB: 54.50937499999999
branching on 1 with b.
80     62     20         29.2711    54.5094    86.2225    % 
LB close or above UB, fathomed
81     61     18         29.2711    54.5094    86.2225    % 
UB: 54.50937499999999
branching on CartesianIndex(4, 3) with a.
82     62     18         29.2711    54.5094    86.2225    % 
UB: 54.50937499999999
branching on CartesianIndex(1, 4) with c.
83     63     21         29.2711    54.5094    86.2225    % 
UB: 54.50937499999999
branching on 2 with b.
84     64     21         29.2711    54.5094    86.2225    % 
UB: 54.50937499999999
branching on CartesianIndex(1, 6) with c.
85     65     16         29.2711    54.5094    86.2225    % 
UB: 54.50937499999999
branching on CartesianIndex(1, 3) with a.
86     66     16         29.2711    54.5094    86.2225    % 
UB: 54.50937499999999
branching on CartesianIndex(1, 3) with a.
87     67     17         29.2711    54.5094    86.2225    % 
LB close or above UB, fathomed
88     66     17         29.2711    54.5094    86.2225    % 
UB: 54.50937499999999
branching on 2 with b.
89     67     7          31.1954    54.5094    74.7353    % 
UB: 54.50937499999999
branching on 1 with b.
90     68     7          31.1954    54.5094    74.7353    % 
UB: 54.50937499999999
branching on CartesianIndex(1, 2) with a.
91     69     8          31.1954    54.5094    74.7353    % 
LB close or above UB, fathomed
92     68     8          31.1954    54.5094    74.7353    % 
UB: 54.50937499999999
branching on 2 with b.
93     69     9          31.1954    54.5094    74.7353    % 
UB: 54.50937499999999
branching on CartesianIndex(1, 2) with a.
94     70     9          31.1954    54.5094    74.7353    % 
UB: 54.50937499999999
branching on CartesianIndex(1, 2) with a.
95     71     18         31.2124    54.5094    74.6399    % 
LB close or above UB, fathomed
96     70     18         31.2124    54.5094    74.6399    % 
UB: 54.50937499999999
branching on CartesianIndex(1, 5) with c.
97     71     19         31.2124    54.5094    74.6399    % 
UB: 54.50937499999999
branching on 1 with b.
98     72     20         31.2124    54.5094    74.6399    % 
LB close or above UB, fathomed
99     71     20         31.2124    54.5094    74.6399    % 
UB: 54.50937499999999
branching on CartesianIndex(1, 6) with c.
100    72     19         31.2124    54.5094    74.6399    % 
LB close or above UB, fathomed
101    71     10         31.2125    54.5094    74.6396    % 
UB: 54.50937499999999
branching on CartesianIndex(2, 3) with a.
102    72     11         31.2125    54.5094    74.6396    % 
UB: 54.50937499999999
branching on CartesianIndex(3, 3) with a.
103    73     11         31.2125    54.5094    74.6396    % 
UB: 54.50937499999999
branching on CartesianIndex(1, 4) with c.
104    74     10         31.2125    54.5094    74.6396    % 
UB: 54.50937499999999
branching on CartesianIndex(1, 4) with c.
105    75     17         31.2125    54.5094    74.6396    % 
LB close or above UB, fathomed
106    74     17         31.2125    54.5094    74.6396    % 
UB: 54.50937499999999
branching on CartesianIndex(1, 3) with a.
107    75     18         31.2125    54.5094    74.6396    % 
UB: 54.50937499999999
branching on CartesianIndex(2, 3) with a.
108    76     18         31.2125    54.5094    74.6396    % 
UB: 54.50937499999999
branching on CartesianIndex(1, 4) with c.
109    77     19         31.2125    54.5094    74.6396    % 
LB close or above UB, fathomed
110    76     19         31.2125    54.5094    74.6396    % 
UB: 54.50937499999999
branching on 1 with b.
111    77     20         31.2125    54.5094    74.6396    % 
UB: 54.50937499999999
branching on CartesianIndex(1, 5) with c.
112    78     20         31.2125    54.5094    74.6396    % 
UB: 54.50937499999999
branching on 2 with b.
113    79     10         31.2125    54.5094    74.6396    % 
UB: 54.50937499999999
branching on CartesianIndex(2, 2) with a.
114    80     11         31.2125    54.5094    74.6396    % 
UB: 54.50937499999999
branching on CartesianIndex(3, 2) with a.
115    81     11         31.2125    54.5094    74.6396    % 
UB: 54.50937499999999
branching on 1 with b.
116    82     10         31.2125    54.5094    74.6396    % 
UB: 54.50937499999999
branching on 1 with b.
117    83     18         31.2125    54.5094    74.6396    % 
UB: 54.50937499999999
branching on CartesianIndex(1, 3) with a.
118    84     18         31.2125    54.5094    74.6396    % 
UB: 54.50937499999999
branching on CartesianIndex(1, 3) with a.
119    85     17         31.2125    54.5094    74.6396    % 
UB: 54.50937499999999
branching on CartesianIndex(3, 3) with a.
120    86     17         31.2125    54.5094    74.6396    % 
LB close or above UB, fathomed
121    85     26         31.2125    54.5094    74.6396    % 
UB: 54.50937499999999
branching on 1 with b.
122    86     27         31.2125    54.5094    74.6396    % 
UB: 54.50937499999999
branching on 2 with b.
123    87     27         31.2125    54.5094    74.6396    % 
UB: 54.50937499999999
branching on 2 with b.
124    88     26         31.2125    54.5094    74.6396    % 
LB close or above UB, fathomed
125    87     17         31.2125    54.5094    74.6396    % 
UB: 54.50937499999999
branching on 3 with b.
126    88     17         31.2125    54.5094    74.6396    % 
UB: 54.50937499999999
branching on CartesianIndex(1, 4) with c.
127    89     10         31.2125    54.5094    74.6396    % 
UB: 54.50937499999999
branching on CartesianIndex(2, 2) with a.
128    90     11         31.2125    54.5094    74.6396    % 
UB: 54.50937499999999
branching on 3 with b.
129    91     11         31.2125    54.5094    74.6396    % 
UB: 54.50937499999999
branching on 3 with b.
130    92     10         31.2125    54.5094    74.6396    % 
UB: 54.50937499999999
branching on 3 with b.
131    93     24         33.1453    54.5094    64.4558    % 
UB: 54.50937499999999
branching on 2 with b.
132    94     25         33.1453    54.5094    64.4558    % 
UB: 54.50937499999999
branching on 3 with b.
133    95     25         33.1453    54.5094    64.4558    % 
UB: 54.50937499999999
branching on 3 with b.
134    96     24         33.1453    54.5094    64.4558    % 
LB close or above UB, fathomed
135    95     21         33.1539    54.5094    64.4134    % 
LB close or above UB, fathomed
136    94     21         33.1539    54.5094    64.4134    % 
UB: 54.50937499999999
branching on 2 with b.
137    95     22         33.1539    54.5094    64.4134    % 
UB: 54.50937499999999
branching on CartesianIndex(1, 7) with c.
138    96     22         33.1539    54.5094    64.4134    % 
UB: 54.50937499999999
branching on 3 with b.
139    97     12         33.1539    54.5094    64.4131    % 
UB: 54.50937499999999
branching on CartesianIndex(1, 5) with c.
140    98     12         33.1539    54.5094    64.4131    % 
UB: 54.50937499999999
branching on CartesianIndex(1, 5) with c.
141    99     13         33.1539    54.5094    64.4131    % 
UB: 54.50937499999999
branching on CartesianIndex(1, 6) with c.
142    100    14         33.1539    54.5094    64.4131    % 
LB close or above UB, fathomed
143    99     14         33.1539    54.5094    64.4131    % 
UB: 54.50937499999999
branching on 1 with b.
144    100    15         33.1539    54.5094    64.4131    % 
UB: 54.50937499999999
branching on CartesianIndex(1, 7) with c.
145    101    15         33.1539    54.5094    64.4131    % 
UB: 54.50937499999999
branching on CartesianIndex(1, 7) with c.
146    102    13         33.1539    54.5094    64.4131    % 
UB: 54.50937499999999
branching on 1 with b.
147    103    14         33.1539    54.5094    64.4131    % 
UB: 54.50937499999999
branching on CartesianIndex(1, 6) with c.
148    104    15         33.1539    54.5094    64.4131    % 
LB close or above UB, fathomed
149    103    15         33.1539    54.5094    64.4131    % 
UB: 54.50937499999999
branching on 2 with b.
150    104    16         33.1539    54.5094    64.4131    % 
UB: 54.50937499999999
branching on CartesianIndex(1, 7) with c.
151    105    17         33.1539    54.5094    64.4131    % 
UB: 54.50937499999999
branching on 3 with b.
152    106    18         33.1539    54.5094    64.4131    % 
UB: 54.50937499999999
branching on 1 with b.
153    107    18         33.1539    54.5094    64.4131    % 
UB: 54.50937499999999
branching on 1 with b.
154    108    17         33.1539    54.5094    64.4131    % 
LB close or above UB, fathomed
155    107    16         33.1539    54.5094    64.4131    % 
LB close or above UB, fathomed
156    106    14         33.1539    54.5094    64.4131    % 
LB close or above UB, fathomed
157    105    28         33.1539    54.5094    64.4131    % 
LB close or above UB, fathomed
158    104    28         33.1539    54.5094    64.4131    % 
UB: 54.50937499999999
branching on 3 with b.
159    105    29         33.1539    54.5094    64.4131    % 
UB: 54.50937499999999
branching on 1 with b.
160    106    30         33.1539    54.5094    64.4131    % 
UB: 54.50937499999999
branching on 2 with b.
161    107    30         33.1539    54.5094    64.4131    % 
UB: 54.50937499999999
branching on 2 with b.
162    108    29         33.1539    54.5094    64.4131    % 
LB close or above UB, fathomed
163    107    12         33.1539    54.5094    64.4131    % 
UB: 54.50937499999999
branching on 1 with b.
164    108    12         33.1539    54.5094    64.4131    % 
UB: 54.50937499999999
branching on 1 with b.
165    109    15         33.1539    54.5094    64.4131    % 
UB: 54.50937499999999
branching on CartesianIndex(2, 3) with a.
166    110    15         33.1539    54.5094    64.4131    % 
UB: 54.50937499999999
branching on CartesianIndex(2, 3) with a.
167    111    6          33.1539    54.5094    64.4131    % 
UB: 54.50937499999999
branching on CartesianIndex(2, 2) with a.
168    112    7          33.1539    54.5094    64.4131    % 
UB: 54.50937499999999
branching on 1 with b.
169    113    7          33.1539    54.5094    64.4131    % 
UB: 54.50937499999999
branching on 1 with b.
170    114    6          33.1539    54.5094    64.4131    % 
UB: 54.50937499999999
branching on 1 with b.
171    115    22         33.1539    54.5094    64.4131    % 
LB close or above UB, fathomed
172    114    22         33.1539    54.5094    64.4131    % 
UB: 54.50937499999999
branching on CartesianIndex(1, 7) with c.
173    115    12         33.1728    54.5094    64.3196    % 
LB close or above UB, fathomed
174    114    12         33.1728    54.5094    64.3196    % 
UB: 54.50937499999999
branching on CartesianIndex(1, 3) with a.
175    115    13         33.1861    54.5094    64.2536    % 
UB: 54.50937499999999
branching on CartesianIndex(2, 3) with a.
176    116    13         33.1861    54.5094    64.2536    % 
LB close or above UB, fathomed
177    115    16         35.0953    54.5094    55.3181    % 
UB: 54.50937499999999
branching on 1 with b.
178    116    16         35.0953    54.5094    55.3181    % 
LB close or above UB, fathomed
179    115    19         35.0953    54.5094    55.3181    % 
UB: 54.50937499999999
branching on CartesianIndex(3, 3) with a.
180    116    20         35.0953    54.5094    55.3181    % 
UB: 54.50937499999999
branching on 2 with b.
181    117    20         35.0953    54.5094    55.3181    % 
UB: 54.50937499999999
branching on CartesianIndex(1, 4) with c.
182    118    19         35.0953    54.5094    55.3181    % 
LB close or above UB, fathomed
183    117    10         35.0953    54.5094    55.3181    % 
UB: 54.50937499999999
branching on 1 with b.
184    118    10         35.0953    54.5094    55.3181    % 
UB: 54.50937499999999
branching on CartesianIndex(1, 3) with a.
185    119    17         35.0953    54.5094    55.3181    % 
LB close or above UB, fathomed
186    118    17         35.0953    54.5094    55.3181    % 
UB: 54.50937499999999
branching on 2 with b.
187    119    18         35.0953    54.5094    55.3181    % 
LB close or above UB, fathomed
188    118    18         35.0953    54.5094    55.3181    % 
UB: 54.50937499999999
branching on 3 with b.
189    119    19         35.0953    54.5094    55.3181    % 
UB: 54.50937499999999
branching on 1 with b.
190    120    20         35.0953    54.5094    55.3181    % 
UB: 54.50937499999999
branching on 2 with b.
191    121    20         35.0953    54.5094    55.3181    % 
UB: 54.50937499999999
branching on 2 with b.
192    122    21         35.0953    54.5094    55.3181    % 
UB: 54.50937499999999
branching on 3 with b.
193    123    22         35.0953    54.5094    55.3181    % 
LB close or above UB, fathomed
194    122    22         35.0953    54.5094    55.3181    % 
UB: 54.50937499999999
branching on 1 with b.
195    123    23         35.0953    54.5094    55.3181    % 
UB: 54.50937499999999
branching on 2 with b.
196    124    23         35.0953    54.5094    55.3181    % 
UB: 54.50937499999999
branching on 2 with b.
197    125    21         35.0953    54.5094    55.3181    % 
UB: 54.50937499999999
branching on 3 with b.
198    126    19         35.0953    54.5094    55.3181    % 
LB close or above UB, fathomed
199    125    8          35.0953    54.5094    55.3181    % 
UB: 54.50937499999999
branching on 1 with b.
200    126    9          35.0953    54.5094    55.3181    % 
LB close or above UB, fathomed
201    125    9          35.0953    54.5094    55.3181    % 
UB: 54.50937499999999
branching on 2 with b.
202    126    10         35.0953    54.5094    55.3181    % 
UB: 54.50937499999999
branching on 3 with b.
203    127    11         35.0953    54.5094    55.3181    % 
UB: 54.50937499999999
branching on CartesianIndex(3, 2) with a.
204    128    11         35.0953    54.5094    55.3181    % 
UB: 54.50937499999999
branching on CartesianIndex(3, 2) with a.
205    129    10         35.0953    54.5094    55.3181    % 
LB close or above UB, fathomed
206    128    8          35.0953    54.5094    55.3181    % 
LB close or above UB, fathomed
207    127    13         35.0953    54.5094    55.3181    % 
UB: 54.50937499999999
branching on 2 with b.
208    128    13         35.0953    54.5094    55.3181    % 
UB: 54.50937499999999
branching on CartesianIndex(4, 2) with a.
209    129    31         35.0953    54.5094    55.3181    % 
LB close or above UB, fathomed
210    128    31         35.0953    54.5094    55.3181    % 
UB: 54.50937499999999
branching on 3 with b.
211    129    18         35.0953    54.5094    55.3181    % 
LB close or above UB, fathomed
212    128    18         35.0953    54.5094    55.3181    % 
UB: 54.50937499999999
branching on CartesianIndex(1, 4) with c.
213    129    19         35.0953    54.5094    55.3181    % 
LB close or above UB, fathomed
214    128    19         35.0953    54.5094    55.3181    % 
UB: 54.50937499999999
branching on CartesianIndex(1, 5) with c.
215    129    20         35.0953    54.5094    55.3181    % 
UB: 54.50937499999999
branching on CartesianIndex(1, 6) with c.
216    130    21         35.0953    54.5094    55.3181    % 
LB close or above UB, fathomed
217    129    21         35.0953    54.5094    55.3181    % 
UB: 54.50937499999999
branching on CartesianIndex(1, 7) with c.
218    130    22         35.0953    54.5094    55.3181    % 
UB: 54.50937499999999
branching on 3 with b.
219    131    23         35.0953    54.5094    55.3181    % 
UB: 54.50937499999999
branching on 1 with b.
220    132    24         35.0953    54.5094    55.3181    % 
UB: 54.50937499999999
branching on 2 with b.
221    133    24         35.0953    54.5094    55.3181    % 
UB: 54.50937499999999
branching on 2 with b.
222    134    23         35.0953    54.5094    55.3181    % 
LB close or above UB, fathomed
223    133    22         35.0953    54.5094    55.3181    % 
LB close or above UB, fathomed
224    132    20         35.0953    54.5094    55.3181    % 
LB close or above UB, fathomed
225    131    21         35.0953    54.5094    55.3181    % 
UB: 54.50937499999999
branching on CartesianIndex(1, 6) with c.
226    132    22         35.0953    54.5094    55.3181    % 
LB close or above UB, fathomed
227    131    22         35.0953    54.5094    55.3181    % 
UB: 54.50937499999999
branching on CartesianIndex(1, 7) with c.
228    132    23         35.0953    54.5094    55.3181    % 
UB: 54.50937499999999
branching on 2 with b.
229    133    24         35.0953    54.5094    55.3181    % 
LB close or above UB, fathomed
230    132    24         35.0953    54.5094    55.3181    % 
UB: 54.50937499999999
branching on 3 with b.
231    133    25         35.0953    54.5094    55.3181    % 
UB: 54.50937499999999
branching on 1 with b.
232    134    26         35.0953    54.5094    55.3181    % 
UB: 54.50937499999999
branching on 2 with b.
233    135    26         35.0953    54.5094    55.3181    % 
UB: 54.50937499999999
branching on 2 with b.
234    136    25         35.0953    54.5094    55.3181    % 
LB close or above UB, fathomed
235    135    23         35.0953    54.5094    55.3181    % 
LB close or above UB, fathomed
236    134    21         35.0953    54.5094    55.3181    % 
LB close or above UB, fathomed
237    133    23         35.0953    54.5094    55.3181    % 
UB: 54.50937499999999
branching on 2 with b.
238    134    23         35.0953    54.5094    55.3181    % 
LB close or above UB, fathomed
239    133    19         35.0953    54.5094    55.3181    % 
UB: 54.50937499999999
branching on CartesianIndex(2, 3) with a.
240    134    19         35.0953    54.5094    55.3181    % 
UB: 54.50937499999999
branching on CartesianIndex(1, 4) with c.
241    135    24         35.0953    54.5094    55.3181    % 
UB: 54.50937499999999
branching on 3 with b.
242    136    24         35.0953    54.5094    55.3181    % 
UB: 54.50937499999999
branching on 3 with b.
243    137    18         35.0953    54.5094    55.3181    % 
UB: 54.50937499999999
branching on 1 with b.
244    138    19         35.0953    54.5094    55.3181    % 
UB: 54.50937499999999
branching on CartesianIndex(3, 3) with a.
245    139    19         35.0953    54.5094    55.3181    % 
UB: 54.50937499999999
branching on CartesianIndex(3, 3) with a.
246    140    18         35.0953    54.5094    55.3181    % 
LB close or above UB, fathomed
247    139    12         35.0953    54.5094    55.3181    % 
UB: 54.50937499999999
branching on CartesianIndex(1, 3) with a.
248    140    12         35.0953    54.5094    55.3181    % 
LB close or above UB, fathomed
249    139    10         37.0196    54.5094    47.2445    % 
UB: 54.50937499999999
branching on CartesianIndex(2, 2) with a.
250    140    10         37.0196    54.5094    47.2445    % 
UB: 54.50937499999999
branching on CartesianIndex(1, 3) with a.
251    141    13         37.0367    54.5094    47.1766    % 
UB: 54.50937499999999
branching on CartesianIndex(2, 3) with a.
252    142    13         37.0367    54.5094    47.1766    % 
LB close or above UB, fathomed
253    141    14         37.0367    54.5094    47.1766    % 
UB: 54.50937499999999
branching on CartesianIndex(1, 3) with a.
254    142    14         37.0367    54.5094    47.1766    % 
UB: 54.50937499999999
branching on CartesianIndex(1, 3) with a.
255    143    12         37.0367    54.5094    47.1766    % 
UB: 54.50937499999999
branching on CartesianIndex(4, 2) with a.
256    144    12         37.0367    54.5094    47.1766    % 
UB: 54.50937499999999
branching on CartesianIndex(1, 3) with a.
257    145    24         37.0367    54.5094    47.1766    % 
UB: 54.50937499999999
branching on 3 with b.
258    146    24         37.0367    54.5094    47.1766    % 
UB: 54.50937499999999
branching on 3 with b.
259    147    11         37.0367    54.5094    47.1766    % 
UB: 54.50937499999999
branching on 1 with b.
260    148    12         37.0367    54.5094    47.1766    % 
LB close or above UB, fathomed
261    147    12         37.0367    54.5094    47.1766    % 
UB: 54.50937499999999
branching on CartesianIndex(4, 2) with a.
262    148    13         37.0367    54.5094    47.1766    % 
UB: 54.50937499999999
branching on 2 with b.
263    149    13         37.0367    54.5094    47.1766    % 
UB: 54.50937499999999
branching on CartesianIndex(1, 3) with a.
264    150    14         37.0367    54.5094    47.1766    % 
UB: 54.50937499999999
branching on CartesianIndex(2, 3) with a.
265    151    14         37.0367    54.5094    47.1766    % 
LB close or above UB, fathomed
266    150    11         37.0367    54.5094    47.1766    % 
LB close or above UB, fathomed
267    149    13         37.0367    54.5094    47.1766    % 
LB close or above UB, fathomed
268    148    13         37.0367    54.5094    47.1766    % 
UB: 54.50937499999999
branching on CartesianIndex(1, 3) with a.
269    149    12         37.0367    54.5094    47.1766    % 
UB: 54.50937499999999
branching on 1 with b.
270    150    13         37.0367    54.5094    47.1766    % 
UB: 54.50937499999999
branching on 2 with b.
271    151    13         37.0367    54.5094    47.1766    % 
UB: 54.50937499999999
branching on 2 with b.
272    152    12         37.0367    54.5094    47.1766    % 
LB close or above UB, fathomed
273    151    18         37.0367    54.5094    47.1766    % 
UB: 54.50937499999999
branching on 2 with b.
274    152    18         37.0367    54.5094    47.1766    % 
UB: 54.50937499999999
branching on CartesianIndex(1, 4) with c.
275    153    20         37.0367    54.5094    47.1766    % 
LB close or above UB, fathomed
276    152    20         37.0367    54.5094    47.1766    % 
UB: 54.50937499999999
branching on CartesianIndex(1, 4) with c.
277    153    32         37.0367    54.5094    47.1766    % 
UB: 54.50937499999999
branching on 1 with b.
278    154    32         37.0367    54.5094    47.1766    % 
UB: 54.50937499999999
branching on 1 with b.
279    155    14         37.0367    54.5094    47.1766    % 
UB: 54.50937499999999
branching on CartesianIndex(3, 3) with a.
280    156    15         37.0367    54.5094    47.1766    % 
UB: 54.50937499999999
branching on CartesianIndex(4, 3) with a.
281    157    15         37.0367    54.5094    47.1766    % 
UB: 54.50937499999999
branching on CartesianIndex(1, 4) with c.
282    158    14         37.0367    54.5094    47.1766    % 
UB: 54.50937499999999
branching on 2 with b.
283    159    17         37.0367    54.5094    47.1766    % 
UB: 54.50937499999999
branching on CartesianIndex(2, 3) with a.
284    160    17         37.0367    54.5094    47.1766    % 
LB close or above UB, fathomed
285    159    17         37.0367    54.5094    47.1766    % 
LB close or above UB, fathomed
286    158    17         37.0367    54.5094    47.1766    % 
UB: 54.50937499999999
branching on CartesianIndex(1, 5) with c.
287    159    18         37.0367    54.5094    47.1766    % 
UB: 54.50937499999999
branching on 1 with b.
288    160    19         37.0367    54.5094    47.1766    % 
LB close or above UB, fathomed
289    159    19         37.0367    54.5094    47.1766    % 
UB: 54.50937499999999
branching on CartesianIndex(1, 6) with c.
290    160    20         37.0367    54.5094    47.1766    % 
LB close or above UB, fathomed
291    159    20         37.0367    54.5094    47.1766    % 
UB: 54.50937499999999
branching on CartesianIndex(1, 7) with c.
292    160    21         37.0367    54.5094    47.1766    % 
UB: 54.50937499999999
branching on 2 with b.
293    161    22         37.0367    54.5094    47.1766    % 
LB close or above UB, fathomed
294    160    22         37.0367    54.5094    47.1766    % 
UB: 54.50937499999999
branching on 3 with b.
295    161    23         37.0367    54.5094    47.1766    % 
UB: 54.50937499999999
branching on 1 with b.
296    162    24         37.0367    54.5094    47.1766    % 
UB: 54.50937499999999
branching on 2 with b.
297    163    25         37.0367    54.5094    47.1766    % 
UB: 54.50937499999999
branching on 3 with b.
298    164    25         37.0367    54.5094    47.1766    % 
UB: 54.50937499999999
branching on 3 with b.
299    165    24         37.0367    54.5094    47.1766    % 
UB: 54.50937499999999
branching on 2 with b.
300    166    23         37.0367    54.5094    47.1766    % 
LB close or above UB, fathomed
301    165    21         37.0367    54.5094    47.1766    % 
LB close or above UB, fathomed
302    164    18         37.0367    54.5094    47.1766    % 
LB close or above UB, fathomed
303    163    26         37.0367    54.5094    47.1766    % 
UB: 54.50937499999999
branching on 1 with b.
304    164    27         37.0367    54.5094    47.1766    % 
LB close or above UB, fathomed
305    163    27         37.0367    54.5094    47.1766    % 
UB: 54.50937499999999
branching on 2 with b.
306    164    26         37.0367    54.5094    47.1766    % 
LB close or above UB, fathomed
307    163    26         37.0367    54.5094    47.1766    % 
UB: 54.50937499999999
branching on 1 with b.
308    164    27         37.0367    54.5094    47.1766    % 
UB: 54.50937499999999
branching on 2 with b.
309    165    28         37.0367    54.5094    47.1766    % 
UB: 54.50937499999999
branching on 3 with b.
310    166    29         37.0367    54.5094    47.1766    % 
UB: 54.50937499999999
branching on 1 with b.
311    167    30         37.0367    54.5094    47.1766    % 
UB: 54.50937499999999
branching on 2 with b.
312    168    30         37.0367    54.5094    47.1766    % 
UB: 54.50937499999999
branching on 2 with b.
313    169    29         37.0367    54.5094    47.1766    % 
UB: 54.50937499999999
branching on 1 with b.
314    170    28         37.0367    54.5094    47.1766    % 
LB close or above UB, fathomed
315    169    27         37.0367    54.5094    47.1766    % 
UB: 54.50937499999999
branching on 2 with b.
316    170    26         37.0367    54.5094    47.1766    % 
LB close or above UB, fathomed
317    169    14         37.0696    54.5094    47.0459    % 
UB: 54.50937499999999
branching on CartesianIndex(3, 2) with a.
318    170    14         37.0696    54.5094    47.0459    % 
UB: 54.50937499999999
branching on CartesianIndex(3, 2) with a.
319    171    15         37.2498    54.5094    46.3348    % 
UB: 54.50937499999999
branching on 3 with b.
320    172    15         37.2498    54.5094    46.3348    % 
UB: 54.50937499999999
branching on CartesianIndex(1, 4) with c.
321    173    13         38.2293    54.5094    42.5853    % 
LB close or above UB, fathomed
322    172    13         38.2293    54.5094    42.5853    % 
UB: 54.50937499999999
branching on CartesianIndex(1, 3) with a.
323    173    11         38.9610    54.5094    39.9074    % 
UB: 54.50937499999999
branching on 3 with b.
324    174    12         38.9610    54.5094    39.9074    % 
UB: 54.50937499999999
branching on CartesianIndex(3, 2) with a.
325    175    13         38.9610    54.5094    39.9074    % 
UB: 54.50937499999999
branching on CartesianIndex(4, 2) with a.
326    176    13         38.9610    54.5094    39.9074    % 
UB: 54.50937499999999
branching on CartesianIndex(1, 3) with a.
327    177    12         38.9610    54.5094    39.9074    % 
LB close or above UB, fathomed
328    176    11         38.9610    54.5094    39.9074    % 
UB: 54.50937499999999
branching on 3 with b.
329    177    14         38.9781    54.5094    39.8461    % 
UB: 54.50937499999999
branching on 1 with b.
330    178    15         38.9781    54.5094    39.8461    % 
UB: 54.50937499999999
branching on CartesianIndex(2, 3) with a.
331    179    15         38.9781    54.5094    39.8461    % 
UB: 54.50937499999999
branching on CartesianIndex(2, 3) with a.
332    180    14         38.9781    54.5094    39.8461    % 
LB close or above UB, fathomed
333    179    18         38.9781    54.5094    39.8461    % 
UB: 54.50937499999999
branching on CartesianIndex(3, 3) with a.
334    180    18         38.9781    54.5094    39.8461    % 
LB close or above UB, fathomed
335    179    21         38.9781    54.5094    39.8461    % 
LB close or above UB, fathomed
336    178    21         38.9781    54.5094    39.8461    % 
UB: 54.50937499999999
branching on CartesianIndex(1, 5) with c.
337    179    15         38.9781    54.5094    39.8461    % 
UB: 54.50937499999999
branching on CartesianIndex(3, 3) with a.
338    180    15         38.9781    54.5094    39.8461    % 
UB: 54.50937499999999
branching on 2 with b.
339    181    16         38.9781    54.5094    39.8461    % 
UB: 54.50937499999999
branching on CartesianIndex(1, 4) with c.
340    182    17         38.9781    54.5094    39.8461    % 
UB: 54.50937499999999
branching on 3 with b.
341    183    17         38.9781    54.5094    39.8461    % 
UB: 54.50937499999999
branching on 3 with b.
342    184    18         38.9781    54.5094    39.8461    % 
UB: 54.50937499999999
branching on CartesianIndex(1, 5) with c.
343    185    18         38.9781    54.5094    39.8461    % 
LB close or above UB, fathomed
344    184    16         38.9781    54.5094    39.8461    % 
UB: 54.50937499999999
branching on 3 with b.
345    185    14         38.9781    54.5094    39.8461    % 
UB: 54.50937499999999
branching on CartesianIndex(3, 3) with a.
346    186    15         38.9781    54.5094    39.8461    % 
UB: 54.50937499999999
branching on CartesianIndex(4, 3) with a.
347    187    15         38.9781    54.5094    39.8461    % 
UB: 54.50937499999999
branching on CartesianIndex(1, 4) with c.
348    188    14         38.9781    54.5094    39.8461    % 
LB close or above UB, fathomed
349    187    12         38.9781    54.5094    39.8461    % 
UB: 54.50937499999999
branching on 1 with b.
350    188    12         38.9781    54.5094    39.8461    % 
UB: 54.50937499999999
branching on CartesianIndex(1, 3) with a.
351    189    16         38.9781    54.5094    39.8461    % 
UB: 54.50937499999999
branching on CartesianIndex(3, 3) with a.
352    190    16         38.9781    54.5094    39.8461    % 
UB: 54.50937499999999
branching on CartesianIndex(1, 4) with c.
353    191    21         38.9781    54.5094    39.8461    % 
UB: 54.50937499999999
branching on CartesianIndex(4, 3) with a.
354    192    21         38.9781    54.5094    39.8461    % 
UB: 54.50937499999999
branching on CartesianIndex(4, 3) with a.
355    193    21         38.9781    54.5094    39.8461    % 
LB close or above UB, fathomed
356    192    21         38.9781    54.5094    39.8461    % 
UB: 54.50937499999999
branching on CartesianIndex(1, 5) with c.
357    193    22         38.9781    54.5094    39.8461    % 
UB: 54.50937499999999
branching on CartesianIndex(1, 6) with c.
358    194    23         38.9781    54.5094    39.8461    % 
LB close or above UB, fathomed
359    193    23         38.9781    54.5094    39.8461    % 
UB: 54.50937499999999
branching on CartesianIndex(1, 7) with c.
360    194    24         38.9781    54.5094    39.8461    % 
UB: 54.50937499999999
branching on 3 with b.
361    195    25         38.9781    54.5094    39.8461    % 
UB: 54.50937499999999
branching on 1 with b.
362    196    25         38.9781    54.5094    39.8461    % 
LB close or above UB, fathomed
363    195    24         38.9781    54.5094    39.8461    % 
LB close or above UB, fathomed
364    194    22         38.9781    54.5094    39.8461    % 
LB close or above UB, fathomed
365    193    17         38.9781    54.5094    39.8461    % 
UB: 54.50937499999999
branching on CartesianIndex(2, 3) with a.
366    194    17         38.9781    54.5094    39.8461    % 
UB: 54.50937499999999
branching on CartesianIndex(1, 4) with c.
367    195    18         38.9781    54.5094    39.8461    % 
UB: 54.50937499999999
branching on 2 with b.
368    196    18         38.9781    54.5094    39.8461    % 
UB: 54.50937499999999
branching on 2 with b.
369    197    26         38.9781    54.5094    39.8461    % 
UB: 54.50937499999999
branching on 2 with b.
370    198    26         38.9781    54.5094    39.8461    % 
UB: 54.50937499999999
branching on 2 with b.
371    199    19         38.9781    54.5094    39.8461    % 
UB: 54.50937499999999
branching on CartesianIndex(1, 6) with c.
372    200    20         38.9781    54.5094    39.8461    % 
LB close or above UB, fathomed
373    199    20         38.9781    54.5094    39.8461    % 
UB: 54.50937499999999
branching on 1 with b.
374    200    21         38.9781    54.5094    39.8461    % 
UB: 54.50937499999999
branching on 2 with b.
375    201    21         38.9781    54.5094    39.8461    % 
UB: 54.50937499999999
branching on CartesianIndex(1, 7) with c.
376    202    19         38.9781    54.5094    39.8461    % 
UB: 54.50937499999999
branching on 1 with b.
377    203    28         38.9781    54.5094    39.8461    % 
UB: 54.50937499999999
branching on 3 with b.
378    204    29         38.9781    54.5094    39.8461    % 
UB: 54.50937499999999
branching on 1 with b.
379    205    30         38.9781    54.5094    39.8461    % 
UB: 54.50937499999999
branching on 2 with b.
380    206    30         38.9781    54.5094    39.8461    % 
UB: 54.50937499999999
branching on 2 with b.
381    207    29         38.9781    54.5094    39.8461    % 
LB close or above UB, fathomed
382    206    28         38.9781    54.5094    39.8461    % 
LB close or above UB, fathomed
383    205    27         38.9781    54.5094    39.8461    % 
UB: 54.50937499999999
branching on 3 with b.
384    206    27         38.9781    54.5094    39.8461    % 
UB: 54.50937499999999
branching on 3 with b.
385    207    23         38.9781    54.5094    39.8461    % 
UB: 54.50937499999999
branching on CartesianIndex(1, 7) with c.
386    208    24         38.9781    54.5094    39.8461    % 
UB: 54.50937499999999
branching on 1 with b.
387    209    25         38.9781    54.5094    39.8461    % 
UB: 54.50937499999999
branching on 2 with b.
388    210    25         38.9781    54.5094    39.8461    % 
UB: 54.50937499999999
branching on 2 with b.
389    211    24         38.9781    54.5094    39.8461    % 
LB close or above UB, fathomed
390    210    23         38.9781    54.5094    39.8461    % 
LB close or above UB, fathomed
391    209    20         38.9781    54.5094    39.8461    % 
LB close or above UB, fathomed
392    208    20         38.9781    54.5094    39.8461    % 
UB: 54.50937499999999
branching on CartesianIndex(1, 4) with c.
393    209    21         38.9781    54.5094    39.8461    % 
LB close or above UB, fathomed
394    208    21         38.9781    54.5094    39.8461    % 
UB: 54.50937499999999
branching on CartesianIndex(1, 5) with c.
395    209    22         38.9781    54.5094    39.8461    % 
UB: 54.50937499999999
branching on CartesianIndex(1, 6) with c.
396    210    23         38.9781    54.5094    39.8461    % 
LB close or above UB, fathomed
397    209    23         38.9781    54.5094    39.8461    % 
UB: 54.50937499999999
branching on CartesianIndex(1, 7) with c.
398    210    24         38.9781    54.5094    39.8461    % 
UB: 54.50937499999999
branching on 2 with b.
399    211    25         38.9781    54.5094    39.8461    % 
UB: 54.50937499999999
branching on 3 with b.
400    212    26         38.9781    54.5094    39.8461    % 
UB: 54.50937499999999
branching on 1 with b.
401    213    27         38.9781    54.5094    39.8461    % 
UB: 54.50937499999999
branching on 2 with b.
402    214    27         38.9781    54.5094    39.8461    % 
UB: 54.50937499999999
branching on 2 with b.
403    215    26         38.9781    54.5094    39.8461    % 
LB close or above UB, fathomed
404    214    25         38.9781    54.5094    39.8461    % 
LB close or above UB, fathomed
405    213    24         38.9781    54.5094    39.8461    % 
LB close or above UB, fathomed
406    212    22         38.9781    54.5094    39.8461    % 
LB close or above UB, fathomed
407    211    25         38.9781    54.5094    39.8461    % 
UB: 54.50937499999999
branching on 1 with b.
408    212    26         38.9781    54.5094    39.8461    % 
UB: 54.50937499999999
branching on 2 with b.
409    213    26         38.9781    54.5094    39.8461    % 
UB: 54.50937499999999
branching on 2 with b.
410    214    25         38.9781    54.5094    39.8461    % 
LB close or above UB, fathomed
411    213    20         38.9781    54.5094    39.8461    % 
UB: 54.50937499999999
branching on CartesianIndex(3, 3) with a.
412    214    20         38.9781    54.5094    39.8461    % 
UB: 54.50937499999999
branching on CartesianIndex(1, 4) with c.
413    215    14         40.9024    54.5094    33.2668    % 
UB: 54.50937499999999
branching on CartesianIndex(1, 3) with a.
414    216    14         40.9024    54.5094    33.2668    % 
UB: 54.50937499999999
branching on 1 with b.
415    217    22         40.9195    54.5094    33.2111    % 
UB: 54.50937499999999
branching on CartesianIndex(1, 6) with c.
416    218    23         40.9195    54.5094    33.2111    % 
LB close or above UB, fathomed
417    217    23         40.9195    54.5094    33.2111    % 
UB: 54.50937499999999
branching on CartesianIndex(1, 7) with c.
418    218    24         40.9195    54.5094    33.2111    % 
UB: 54.50937499999999
branching on 1 with b.
419    219    25         40.9195    54.5094    33.2111    % 
LB close or above UB, fathomed
420    218    25         40.9195    54.5094    33.2111    % 
UB: 54.50937499999999
branching on 2 with b.
421    219    24         40.9195    54.5094    33.2111    % 
LB close or above UB, fathomed
422    218    22         40.9195    54.5094    33.2111    % 
LB close or above UB, fathomed
423    217    14         40.9195    54.5094    33.2111    % 
UB: 54.50937499999999
branching on CartesianIndex(2, 3) with a.
424    218    14         40.9195    54.5094    33.2111    % 
LB close or above UB, fathomed
425    217    14         40.9195    54.5094    33.2111    % 
UB: 54.50937499999999
branching on 2 with b.
426    218    15         40.9195    54.5094    33.2111    % 
UB: 54.50937499999999
branching on 3 with b.
427    219    16         40.9195    54.5094    33.2111    % 
UB: 54.50937499999999
branching on 1 with b.
428    220    16         40.9195    54.5094    33.2111    % 
UB: 54.50937499999999
branching on 1 with b.
429    221    15         40.9195    54.5094    33.2111    % 
UB: 54.50937499999999
branching on 3 with b.
430    222    14         40.9195    54.5094    33.2111    % 
LB close or above UB, fathomed
431    221    25         40.9195    54.5094    33.2111    % 
UB: 54.50937499999999
branching on 1 with b.
432    222    26         40.9195    54.5094    33.2111    % 
UB: 54.50937499999999
branching on 2 with b.
433    223    26         40.9195    54.5094    33.2111    % 
UB: 54.50937499999999
branching on 2 with b.
434    224    25         40.9195    54.5094    33.2111    % 
UB: 54.50937499999999
branching on 1 with b.
435    225    16         40.9195    54.5094    33.2111    % 
UB: 54.50937499999999
branching on CartesianIndex(3, 3) with a.
436    226    16         40.9195    54.5094    33.2111    % 
LB close or above UB, fathomed
437    225    16         40.9195    54.5094    33.2111    % 
UB: 54.50937499999999
branching on CartesianIndex(3, 3) with a.
438    226    16         40.9195    54.5094    33.2111    % 
LB close or above UB, fathomed
439    225    19         40.9195    54.5094    33.2111    % 
UB: 54.50937499999999
branching on 2 with b.
440    226    19         40.9195    54.5094    33.2111    % 
LB close or above UB, fathomed
441    225    15         40.9195    54.5094    33.2111    % 
UB: 54.50937499999999
branching on CartesianIndex(1, 3) with a.
442    226    15         40.9195    54.5094    33.2111    % 
LB close or above UB, fathomed
443    225    9          40.9195    54.5094    33.2111    % 
UB: 54.50937499999999
branching on CartesianIndex(1, 2) with a.
444    226    9          40.9195    54.5094    33.2111    % 
LB close or above UB, fathomed
445    225    27         40.9195    54.5094    33.2111    % 
UB: 54.50937499999999
branching on 3 with b.
446    226    27         40.9195    54.5094    33.2111    % 
UB: 54.50937499999999
branching on 3 with b.
447    227    26         40.9195    54.5094    33.2111    % 
UB: 54.50937499999999
branching on 1 with b.
448    228    27         40.9195    54.5094    33.2111    % 
UB: 54.50937499999999
branching on 2 with b.
449    229    27         40.9195    54.5094    33.2111    % 
UB: 54.50937499999999
branching on 2 with b.
450    230    26         40.9195    54.5094    33.2111    % 
LB close or above UB, fathomed
451    229    19         40.9195    54.5094    33.2111    % 
LB close or above UB, fathomed
452    228    19         40.9195    54.5094    33.2111    % 
UB: 54.50937499999999
branching on 2 with b.
453    229    20         40.9195    54.5094    33.2111    % 
LB close or above UB, fathomed
454    228    20         40.9195    54.5094    33.2111    % 
UB: 54.50937499999999
branching on 3 with b.
455    229    21         40.9195    54.5094    33.2111    % 
UB: 54.50937499999999
branching on 1 with b.
456    230    22         40.9195    54.5094    33.2111    % 
UB: 54.50937499999999
branching on 2 with b.
457    231    22         40.9195    54.5094    33.2111    % 
UB: 54.50937499999999
branching on 2 with b.
458    232    21         40.9195    54.5094    33.2111    % 
LB close or above UB, fathomed
459    231    15         40.9195    54.5094    33.2111    % 
UB: 54.50937499999999
branching on CartesianIndex(1, 3) with a.
460    232    15         40.9195    54.5094    33.2111    % 
UB: 54.50937499999999
branching on CartesianIndex(1, 3) with a.
461    233    27         40.9195    54.5094    33.2111    % 
UB: 54.50937499999999
branching on 3 with b.
462    234    28         40.9195    54.5094    33.2111    % 
UB: 54.50937499999999
branching on 1 with b.
463    235    29         40.9195    54.5094    33.2111    % 
UB: 54.50937499999999
branching on 2 with b.
464    236    29         40.9195    54.5094    33.2111    % 
UB: 54.50937499999999
branching on 2 with b.
465    237    28         40.9195    54.5094    33.2111    % 
LB close or above UB, fathomed
466    236    27         40.9195    54.5094    33.2111    % 
LB close or above UB, fathomed
467    235    26         40.9195    54.5094    33.2111    % 
UB: 54.50937499999999
branching on 3 with b.
468    236    27         40.9195    54.5094    33.2111    % 
UB: 54.50937499999999
branching on 1 with b.
469    237    28         40.9195    54.5094    33.2111    % 
UB: 54.50937499999999
branching on 2 with b.
470    238    28         40.9195    54.5094    33.2111    % 
UB: 54.50937499999999
branching on 2 with b.
471    239    29         40.9195    54.5094    33.2111    % 
UB: 54.50937499999999
branching on 3 with b.
472    240    29         40.9195    54.5094    33.2111    % 
LB close or above UB, fathomed
473    239    27         40.9195    54.5094    33.2111    % 
LB close or above UB, fathomed
474    238    26         40.9195    54.5094    33.2111    % 
LB close or above UB, fathomed
475    237    28         40.9195    54.5094    33.2111    % 
UB: 54.50937499999999
branching on 1 with b.
476    238    29         40.9195    54.5094    33.2111    % 
UB: 54.50937499999999
branching on 2 with b.
477    239    29         40.9195    54.5094    33.2111    % 
UB: 54.50937499999999
branching on 2 with b.
478    240    28         40.9195    54.5094    33.2111    % 
LB close or above UB, fathomed
479    239    16         40.9195    54.5094    33.2111    % 
LB close or above UB, fathomed
480    238    16         40.9195    54.5094    33.2111    % 
UB: 54.50937499999999
branching on 3 with b.
481    239    17         40.9195    54.5094    33.2111    % 
UB: 54.50937499999999
branching on 1 with b.
482    240    18         40.9195    54.5094    33.2111    % 
UB: 54.50937499999999
branching on CartesianIndex(1, 5) with c.
483    241    18         40.9195    54.5094    33.2111    % 
LB close or above UB, fathomed
484    240    17         40.9195    54.5094    33.2111    % 
LB close or above UB, fathomed
485    239    31         40.9195    54.5094    33.2111    % 
UB: 54.50937499999999
branching on 3 with b.
486    240    31         40.9195    54.5094    33.2111    % 
LB close or above UB, fathomed
487    239    31         40.9195    54.5094    33.2111    % 
UB: 54.50937499999999
branching on 3 with b.
488    240    32         40.9195    54.5094    33.2111    % 
UB: 54.50937499999999
branching on 1 with b.
489    241    32         40.9195    54.5094    33.2111    % 
UB: 54.50937499999999
branching on 1 with b.
490    242    31         40.9195    54.5094    33.2111    % 
LB close or above UB, fathomed
491    241    19         40.9195    54.5094    33.2111    % 
LB close or above UB, fathomed
492    240    19         40.9195    54.5094    33.2111    % 
UB: 54.50937499999999
branching on CartesianIndex(1, 5) with c.
493    241    15         41.5141    54.5094    31.3033    % 
UB: 54.50937499999999
branching on CartesianIndex(2, 3) with a.
494    242    16         41.5141    54.5094    31.3033    % 
LB close or above UB, fathomed
495    241    16         41.5141    54.5094    31.3033    % 
UB: 54.50937499999999
branching on CartesianIndex(1, 4) with c.
496    242    15         41.5141    54.5094    31.3033    % 
LB close or above UB, fathomed
497    241    15         41.8902    54.5094    30.1243    % 
LB close or above UB, fathomed
498    240    15         41.8902    54.5094    30.1243    % 
UB: 54.50937499999999
branching on 1 with b.
499    241    5          42.8109    54.5094    27.3258    % 
UB: 54.50937499999999
branching on CartesianIndex(2, 1) with a.
500    242    6          42.8109    54.5094    27.3258    % 
UB: 54.50937499999999
branching on 1 with b.
501    243    7          42.8109    54.5094    27.3258    % 
UB: 54.50937499999999
branching on 1 with b.
502    244    7          42.8109    54.5094    27.3258    % 
UB: 54.50937499999999
branching on CartesianIndex(3, 1) with a.
503    245    6          42.8109    54.5094    27.3258    % 
UB: 54.50937499999999
branching on 1 with b.
504    246    5          42.8109    54.5094    27.3258    % 
LB close or above UB, fathomed
505    245    26         42.8523    54.5094    27.2028    % 
UB: 54.50937499999999
branching on 1 with b.
506    246    27         42.8523    54.5094    27.2028    % 
UB: 54.50937499999999
branching on 2 with b.
507    247    28         42.8523    54.5094    27.2028    % 
LB close or above UB, fathomed
508    246    28         42.8523    54.5094    27.2028    % 
UB: 54.50937499999999
branching on 3 with b.
509    247    29         42.8523    54.5094    27.2028    % 
UB: 54.50937499999999
branching on 1 with b.
510    248    29         42.8523    54.5094    27.2028    % 
LB close or above UB, fathomed
511    247    27         42.8523    54.5094    27.2028    % 
LB close or above UB, fathomed
512    246    26         42.8523    54.5094    27.2028    % 
LB close or above UB, fathomed
513    245    30         42.8609    54.5094    27.1773    % 
UB: 54.50937499999999
branching on 3 with b.
514    246    30         42.8609    54.5094    27.1773    % 
LB close or above UB, fathomed
515    245    17         42.8609    54.5094    27.1773    % 
UB: 54.50937499999999
branching on CartesianIndex(4, 3) with a.
516    246    17         42.8609    54.5094    27.1773    % 
UB: 54.50937499999999
branching on CartesianIndex(1, 4) with c.
517    247    27         42.8609    54.5094    27.1773    % 
UB: 54.50937499999999
branching on 3 with b.
518    248    28         42.8609    54.5094    27.1773    % 
LB close or above UB, fathomed
519    247    28         42.8609    54.5094    27.1773    % 
UB: 54.50937499999999
branching on 1 with b.
520    248    29         42.8609    54.5094    27.1773    % 
UB: 54.50937499999999
branching on 2 with b.
521    249    29         42.8609    54.5094    27.1773    % 
UB: 54.50937499999999
branching on 2 with b.
522    250    27         42.8609    54.5094    27.1773    % 
UB: 54.50937499999999
branching on 3 with b.
523    251    17         42.8609    54.5094    27.1773    % 
UB: 54.50937499999999
branching on CartesianIndex(2, 3) with a.
524    252    18         42.8609    54.5094    27.1773    % 
LB close or above UB, fathomed
525    251    18         42.8609    54.5094    27.1773    % 
UB: 54.50937499999999
branching on CartesianIndex(1, 4) with c.
526    252    17         42.8609    54.5094    27.1773    % 
UB: 54.50937499999999
branching on 2 with b.
527    253    17         42.8609    54.5094    27.1773    % 
UB: 54.50937499999999
branching on CartesianIndex(4, 3) with a.
528    254    17         42.8609    54.5094    27.1773    % 
UB: 54.50937499999999
branching on CartesianIndex(1, 4) with c.
529    255    18         42.8609    54.5094    27.1773    % 
LB close or above UB, fathomed
530    254    18         42.8609    54.5094    27.1773    % 
UB: 54.50937499999999
branching on 2 with b.
531    255    19         42.8609    54.5094    27.1773    % 
LB close or above UB, fathomed
532    254    19         42.8609    54.5094    27.1773    % 
UB: 54.50937499999999
branching on 3 with b.
533    255    20         42.8609    54.5094    27.1773    % 
UB: 54.50937499999999
branching on CartesianIndex(1, 5) with c.
534    256    21         42.8609    54.5094    27.1773    % 
UB: 54.50937499999999
branching on CartesianIndex(1, 6) with c.
535    257    22         42.8609    54.5094    27.1773    % 
LB close or above UB, fathomed
536    256    22         42.8609    54.5094    27.1773    % 
UB: 54.50937499999999
branching on CartesianIndex(1, 7) with c.
537    257    23         42.8609    54.5094    27.1773    % 
UB: 54.50937499999999
branching on 1 with b.
538    258    24         42.8609    54.5094    27.1773    % 
UB: 54.50937499999999
branching on 2 with b.
539    259    24         42.8609    54.5094    27.1773    % 
UB: 54.50937499999999
branching on 2 with b.
540    260    23         42.8609    54.5094    27.1773    % 
LB close or above UB, fathomed
541    259    21         42.8609    54.5094    27.1773    % 
LB close or above UB, fathomed
542    258    20         42.8609    54.5094    27.1773    % 
LB close or above UB, fathomed
543    257    26         42.8609    54.5094    27.1773    % 
UB: 54.50937499999999
branching on 1 with b.
544    258    27         42.8609    54.5094    27.1773    % 
UB: 54.50937499999999
branching on 2 with b.
545    259    27         42.8609    54.5094    27.1773    % 
UB: 54.50937499999999
branching on 2 with b.
546    260    26         42.8609    54.5094    27.1773    % 
LB close or above UB, fathomed
547    259    14         42.8609    54.5094    27.1773    % 
UB: 54.50937499999999
branching on 3 with b.
548    260    14         42.8609    54.5094    27.1773    % 
UB: 54.50937499999999
branching on 3 with b.
549    261    13         42.8609    54.5094    27.1773    % 
UB: 54.50937499999999
branching on CartesianIndex(2, 3) with a.
550    262    13         42.8609    54.5094    27.1773    % 
LB close or above UB, fathomed
551    261    15         42.8609    54.5094    27.1773    % 
UB: 54.50937499999999
branching on 2 with b.
552    262    16         42.8609    54.5094    27.1773    % 
UB: 54.50937499999999
branching on CartesianIndex(2, 3) with a.
553    263    17         42.8609    54.5094    27.1773    % 
UB: 54.50937499999999
branching on 3 with b.
554    264    17         42.8609    54.5094    27.1773    % 
LB close or above UB, fathomed
555    263    16         42.8609    54.5094    27.1773    % 
UB: 54.50937499999999
branching on 3 with b.
556    264    15         42.8609    54.5094    27.1773    % 
LB close or above UB, fathomed
557    263    25         42.8609    54.5094    27.1773    % 
LB close or above UB, fathomed
558    262    25         42.8609    54.5094    27.1773    % 
UB: 54.50937499999999
branching on 3 with b.
559    263    26         42.8609    54.5094    27.1773    % 
UB: 54.50937499999999
branching on 1 with b.
560    264    27         42.8609    54.5094    27.1773    % 
LB close or above UB, fathomed
561    263    27         42.8609    54.5094    27.1773    % 
UB: 54.50937499999999
branching on 2 with b.
562    264    28         42.8609    54.5094    27.1773    % 
LB close or above UB, fathomed
563    263    28         42.8609    54.5094    27.1773    % 
UB: 54.50937499999999
branching on 3 with b.
564    264    29         42.8609    54.5094    27.1773    % 
UB: 54.50937499999999
branching on 1 with b.
565    265    29         42.8609    54.5094    27.1773    % 
LB close or above UB, fathomed
566    264    26         42.8609    54.5094    27.1773    % 
LB close or above UB, fathomed
567    263    11         42.8609    54.5094    27.1773    % 
UB: 54.50937499999999
branching on CartesianIndex(2, 3) with a.
568    264    12         42.8609    54.5094    27.1773    % 
LB close or above UB, fathomed
569    263    12         42.8609    54.5094    27.1773    % 
UB: 54.50937499999999
branching on 1 with b.
570    264    11         42.8609    54.5094    27.1773    % 
LB close or above UB, fathomed
571    263    31         42.8609    54.5094    27.1773    % 
LB close or above UB, fathomed
572    262    31         42.8609    54.5094    27.1773    % 
UB: 54.50937499999999
branching on 3 with b.
573    263    11         42.8609    54.5094    27.1773    % 
UB: 54.50937499999999
branching on 1 with b.
574    264    12         42.8609    54.5094    27.1773    % 
UB: 54.50937499999999
branching on 2 with b.
575    265    12         42.8609    54.5094    27.1773    % 
UB: 54.50937499999999
branching on CartesianIndex(1, 3) with a.
576    266    11         42.8609    54.5094    27.1773    % 
LB close or above UB, fathomed
577    265    28         42.8609    54.5094    27.1773    % 
LB close or above UB, fathomed
578    264    28         42.8609    54.5094    27.1773    % 
UB: 54.50937499999999
branching on 3 with b.
579    265    29         42.8609    54.5094    27.1773    % 
UB: 54.50937499999999
branching on 1 with b.
580    266    30         42.8609    54.5094    27.1773    % 
LB close or above UB, fathomed
581    265    30         42.8609    54.5094    27.1773    % 
UB: 54.50937499999999
branching on 2 with b.
582    266    31         42.8609    54.5094    27.1773    % 
UB: 54.50937499999999
branching on 3 with b.
583    267    31         42.8609    54.5094    27.1773    % 
UB: 54.50937499999999
branching on 3 with b.
584    268    29         42.8609    54.5094    27.1773    % 
LB close or above UB, fathomed
585    267    12         42.8609    54.5094    27.1773    % 
UB: 54.50937499999999
branching on 1 with b.
586    268    12         42.8609    54.5094    27.1773    % 
LB close or above UB, fathomed
587    267    8          42.8609    54.5094    27.1773    % 
UB: 54.50937499999999
branching on CartesianIndex(2, 2) with a.
588    268    9          42.8609    54.5094    27.1773    % 
UB: 54.50937499999999
branching on CartesianIndex(3, 2) with a.
589    269    9          42.8609    54.5094    27.1773    % 
LB close or above UB, fathomed
590    268    8          42.8609    54.5094    27.1773    % 
LB close or above UB, fathomed
591    267    12         42.8609    54.5094    27.1773    % 
UB: 54.50937499999999
branching on 2 with b.
592    268    12         42.8609    54.5094    27.1773    % 
UB: 54.50937499999999
branching on 2 with b.
593    269    30         42.8609    54.5094    27.1773    % 
UB: 54.50937499999999
branching on 2 with b.
594    270    30         42.8609    54.5094    27.1773    % 
LB close or above UB, fathomed
595    269    30         42.8609    54.5094    27.1773    % 
UB: 54.50937499999999
branching on 1 with b.
596    270    30         42.8609    54.5094    27.1773    % 
LB close or above UB, fathomed
597    269    31         42.8609    54.5094    27.1773    % 
UB: 54.50937499999999
branching on 3 with b.
598    270    32         42.8609    54.5094    27.1773    % 
UB: 54.50937499999999
branching on 1 with b.
599    271    32         42.8609    54.5094    27.1773    % 
UB: 54.50937499999999
branching on 1 with b.
600    272    31         42.8609    54.5094    27.1773    % 
LB close or above UB, fathomed
601    271    33         42.8609    54.5094    27.1773    % 
UB: 54.50937499999999
branching on 2 with b.
602    272    34         42.8609    54.5094    27.1773    % 
UB: 54.50937499999999
branching on 3 with b.
603    273    34         42.8609    54.5094    27.1773    % 
UB: 54.50937499999999
branching on 3 with b.
604    274    33         42.8609    54.5094    27.1773    % 
UB: 54.50937499999999
branching on 2 with b.
605    275    19         42.8609    54.5094    27.1773    % 
LB close or above UB, fathomed
606    274    19         42.8609    54.5094    27.1773    % 
UB: 54.50937499999999
branching on CartesianIndex(1, 5) with c.
607    275    20         42.8609    54.5094    27.1773    % 
UB: 54.50937499999999
branching on CartesianIndex(1, 6) with c.
608    276    21         42.8609    54.5094    27.1773    % 
LB close or above UB, fathomed
609    275    21         42.8609    54.5094    27.1773    % 
UB: 54.50937499999999
branching on CartesianIndex(1, 7) with c.
610    276    22         42.8609    54.5094    27.1773    % 
UB: 54.50937499999999
branching on 2 with b.
611    277    23         42.8609    54.5094    27.1773    % 
LB close or above UB, fathomed
612    276    23         42.8609    54.5094    27.1773    % 
UB: 54.50937499999999
branching on 3 with b.
613    277    24         42.8609    54.5094    27.1773    % 
UB: 54.50937499999999
branching on 1 with b.
614    278    25         42.8609    54.5094    27.1773    % 
UB: 54.50937499999999
branching on 2 with b.
615    279    25         42.8609    54.5094    27.1773    % 
UB: 54.50937499999999
branching on 2 with b.
616    280    24         42.8609    54.5094    27.1773    % 
LB close or above UB, fathomed
617    279    22         42.8609    54.5094    27.1773    % 
LB close or above UB, fathomed
618    278    20         42.8609    54.5094    27.1773    % 
LB close or above UB, fathomed
619    277    26         42.8609    54.5094    27.1773    % 
UB: 54.50937499999999
branching on 3 with b.
620    278    26         42.8609    54.5094    27.1773    % 
UB: 54.50937499999999
branching on 3 with b.
621    279    20         42.8609    54.5094    27.1773    % 
UB: 54.50937499999999
branching on CartesianIndex(1, 6) with c.
622    280    21         42.8609    54.5094    27.1773    % 
LB close or above UB, fathomed
623    279    21         42.8609    54.5094    27.1773    % 
UB: 54.50937499999999
branching on CartesianIndex(1, 7) with c.
624    280    22         42.8609    54.5094    27.1773    % 
UB: 54.50937499999999
branching on 2 with b.
625    281    23         42.8609    54.5094    27.1773    % 
UB: 54.50937499999999
branching on 3 with b.
626    282    23         42.8609    54.5094    27.1773    % 
LB close or above UB, fathomed
627    281    22         42.8609    54.5094    27.1773    % 
LB close or above UB, fathomed
628    280    20         42.8609    54.5094    27.1773    % 
LB close or above UB, fathomed
629    279    33         42.8609    54.5094    27.1773    % 
UB: 54.50937499999999
branching on 2 with b.
630    280    33         42.8609    54.5094    27.1773    % 
UB: 54.50937499999999
branching on 2 with b.
631    281    32         42.8609    54.5094    27.1773    % 
UB: 54.50937499999999
branching on 1 with b.
632    282    32         42.8609    54.5094    27.1773    % 
UB: 54.50937499999999
branching on 1 with b.
633    283    33         42.8609    54.5094    27.1773    % 
UB: 54.50937499999999
branching on 2 with b.
634    284    33         42.8609    54.5094    27.1773    % 
UB: 54.50937499999999
branching on 2 with b.
635    285    16         42.8609    54.5094    27.1773    % 
UB: 54.50937499999999
branching on CartesianIndex(3, 3) with a.
636    286    17         42.8609    54.5094    27.1773    % 
UB: 54.50937499999999
branching on CartesianIndex(4, 3) with a.
637    287    17         42.8609    54.5094    27.1773    % 
UB: 54.50937499999999
branching on CartesianIndex(1, 4) with c.
638    288    16         42.8609    54.5094    27.1773    % 
LB close or above UB, fathomed
639    287    25         42.8609    54.5094    27.1773    % 
LB close or above UB, fathomed
640    286    25         42.8609    54.5094    27.1773    % 
UB: 54.50937499999999
branching on 3 with b.
641    287    26         42.8609    54.5094    27.1773    % 
UB: 54.50937499999999
branching on 1 with b.
642    288    27         42.8609    54.5094    27.1773    % 
UB: 54.50937499999999
branching on 2 with b.
643    289    27         42.8609    54.5094    27.1773    % 
LB close or above UB, fathomed
644    288    26         42.8609    54.5094    27.1773    % 
LB close or above UB, fathomed
645    287    21         42.8609    54.5094    27.1773    % 
LB close or above UB, fathomed
646    286    21         42.8609    54.5094    27.1773    % 
UB: 54.50937499999999
branching on 2 with b.
647    287    19         42.8609    54.5094    27.1773    % 
UB: 54.50937499999999
branching on CartesianIndex(2, 3) with a.
648    288    19         42.8609    54.5094    27.1773    % 
LB close or above UB, fathomed
649    287    22         42.8609    54.5094    27.1773    % 
UB: 54.50937499999999
branching on 3 with b.
650    288    22         42.8609    54.5094    27.1773    % 
UB: 54.50937499999999
branching on CartesianIndex(1, 6) with c.
651    289    23         42.8609    54.5094    27.1773    % 
UB: 54.50937499999999
branching on 3 with b.
652    290    24         42.8609    54.5094    27.1773    % 
UB: 54.50937499999999
branching on 1 with b.
653    291    25         42.8609    54.5094    27.1773    % 
UB: 54.50937499999999
branching on 2 with b.
654    292    25         42.8609    54.5094    27.1773    % 
UB: 54.50937499999999
branching on 2 with b.
655    293    24         42.8609    54.5094    27.1773    % 
LB close or above UB, fathomed
656    292    23         42.8609    54.5094    27.1773    % 
LB close or above UB, fathomed
657    291    22         42.8609    54.5094    27.1773    % 
UB: 54.50937499999999
branching on 2 with b.
658    292    23         42.8609    54.5094    27.1773    % 
LB close or above UB, fathomed
659    291    23         42.8609    54.5094    27.1773    % 
UB: 54.50937499999999
branching on 3 with b.
660    292    24         42.8609    54.5094    27.1773    % 
LB close or above UB, fathomed
661    291    24         42.8609    54.5094    27.1773    % 
UB: 54.50937499999999
branching on 1 with b.
662    292    25         42.8609    54.5094    27.1773    % 
UB: 54.50937499999999
branching on 2 with b.
663    293    26         42.8609    54.5094    27.1773    % 
UB: 54.50937499999999
branching on 3 with b.
664    294    26         42.8609    54.5094    27.1773    % 
UB: 54.50937499999999
branching on 3 with b.
665    295    25         42.8609    54.5094    27.1773    % 
LB close or above UB, fathomed
666    294    22         42.8609    54.5094    27.1773    % 
LB close or above UB, fathomed
667    293    16         42.8677    54.5094    27.1571    % 
UB: 54.50937499999999
branching on 2 with b.
668    294    16         42.8677    54.5094    27.1571    % 
LB close or above UB, fathomed
669    293    4          44.6768    54.5094    22.0083    % 
LB close or above UB, fathomed
670    292    4          44.6768    54.5094    22.0083    % 
UB: 54.50937499999999
branching on CartesianIndex(1, 1) with a.
671    293    5          44.6807    54.5094    21.9976    % 
UB: 54.50937499999999
branching on 1 with b.
672    294    5          44.6807    54.5094    21.9976    % 
LB close or above UB, fathomed
673    293    6          44.6847    54.5094    21.9866    % 
UB: 54.50937499999999
branching on 1 with b.
674    294    7          44.6847    54.5094    21.9866    % 
LB close or above UB, fathomed
675    293    7          44.6847    54.5094    21.9866    % 
UB: 54.50937499999999
branching on 3 with b.
676    294    6          44.6847    54.5094    21.9866    % 
LB close or above UB, fathomed
677    293    8          44.6881    54.5094    21.9774    % 
UB: 54.50937499999999
branching on CartesianIndex(2, 1) with a.
678    294    8          44.6881    54.5094    21.9774    % 
LB close or above UB, fathomed
679    293    9          44.6923    54.5094    21.9660    % 
UB: 54.50937499999999
branching on CartesianIndex(3, 1) with a.
680    294    9          44.6923    54.5094    21.9660    % 
UB: 54.50937499999999
branching on CartesianIndex(1, 3) with a.
681    295    8          44.7523    54.5094    21.8023    % 
LB close or above UB, fathomed
682    294    8          44.7523    54.5094    21.8023    % 
UB: 54.50937499999999
branching on CartesianIndex(3, 1) with a.
683    295    9          44.7523    54.5094    21.8023    % 
UB: 54.50937499999999
branching on CartesianIndex(4, 1) with a.
684    296    9          44.7523    54.5094    21.8023    % 
LB close or above UB, fathomed
685    295    15         44.7852    54.5094    21.7128    % 
UB: 54.50937499999999
branching on CartesianIndex(2, 3) with a.
686    296    16         44.7852    54.5094    21.7128    % 
UB: 54.50937499999999
branching on CartesianIndex(3, 3) with a.
687    297    17         44.7852    54.5094    21.7128    % 
LB close or above UB, fathomed
688    296    17         44.7852    54.5094    21.7128    % 
UB: 54.50937499999999
branching on CartesianIndex(1, 4) with c.
689    297    16         44.7852    54.5094    21.7128    % 
LB close or above UB, fathomed
690    296    15         44.7852    54.5094    21.7128    % 
LB close or above UB, fathomed
691    295    23         44.8023    54.5094    21.6665    % 
UB: 54.50937499999999
branching on 3 with b.
692    296    24         44.8023    54.5094    21.6665    % 
UB: 54.50937499999999
branching on 1 with b.
693    297    25         44.8023    54.5094    21.6665    % 
UB: 54.50937499999999
branching on 2 with b.
694    298    26         44.8023    54.5094    21.6665    % 
LB close or above UB, fathomed
695    297    26         44.8023    54.5094    21.6665    % 
UB: 54.50937499999999
branching on 3 with b.
696    298    27         44.8023    54.5094    21.6665    % 
UB: 54.50937499999999
branching on 1 with b.
697    299    28         44.8023    54.5094    21.6665    % 
UB: 54.50937499999999
branching on 2 with b.
698    300    28         44.8023    54.5094    21.6665    % 
LB close or above UB, fathomed
699    299    27         44.8023    54.5094    21.6665    % 
LB close or above UB, fathomed
700    298    25         44.8023    54.5094    21.6665    % 
LB close or above UB, fathomed
701    297    24         44.8023    54.5094    21.6665    % 
LB close or above UB, fathomed
702    296    23         44.8023    54.5094    21.6665    % 
LB close or above UB, fathomed
703    295    34         44.8023    54.5094    21.6663    % 
UB: 54.50937499999999
branching on 3 with b.
704    296    34         44.8023    54.5094    21.6663    % 
LB close or above UB, fathomed
705    295    31         44.8023    54.5094    21.6663    % 
UB: 54.50937499999999
branching on 2 with b.
706    296    31         44.8023    54.5094    21.6663    % 
UB: 54.50937499999999
branching on 2 with b.
707    297    31         44.8023    54.5094    21.6663    % 
LB close or above UB, fathomed
708    296    31         44.8023    54.5094    21.6663    % 
UB: 54.50937499999999
branching on 3 with b.
709    297    13         44.8023    54.5094    21.6663    % 
UB: 54.50937499999999
branching on CartesianIndex(3, 2) with a.
710    298    13         44.8023    54.5094    21.6663    % 
LB close or above UB, fathomed
711    297    10         44.8023    54.5094    21.6663    % 
UB: 54.50937499999999
branching on 1 with b.
712    298    10         44.8023    54.5094    21.6663    % 
UB: 54.50937499999999
branching on 1 with b.
713    299    13         44.8023    54.5094    21.6663    % 
UB: 54.50937499999999
branching on CartesianIndex(4, 3) with a.
714    300    13         44.8023    54.5094    21.6663    % 
UB: 54.50937499999999
branching on 1 with b.
715    301    32         44.8023    54.5094    21.6663    % 
UB: 54.50937499999999
branching on 1 with b.
716    302    32         44.8023    54.5094    21.6663    % 
LB close or above UB, fathomed
717    301    32         44.8023    54.5094    21.6663    % 
UB: 54.50937499999999
branching on 1 with b.
718    302    32         44.8023    54.5094    21.6663    % 
UB: 54.50937499999999
branching on 1 with b.
719    303    15         44.8023    54.5094    21.6663    % 
UB: 54.50937499999999
branching on CartesianIndex(1, 3) with a.
720    304    16         44.8023    54.5094    21.6663    % 
UB: 54.50937499999999
branching on 1 with b.
721    305    17         44.8023    54.5094    21.6663    % 
UB: 54.50937499999999
branching on CartesianIndex(2, 3) with a.
722    306    17         44.8023    54.5094    21.6663    % 
UB: 54.50937499999999
branching on CartesianIndex(2, 3) with a.
723    307    18         44.8023    54.5094    21.6663    % 
LB close or above UB, fathomed
724    306    18         44.8023    54.5094    21.6663    % 
UB: 54.50937499999999
branching on CartesianIndex(1, 4) with c.
725    307    19         44.8023    54.5094    21.6663    % 
UB: 54.50937499999999
branching on 2 with b.
726    308    19         44.8023    54.5094    21.6663    % 
UB: 54.50937499999999
branching on CartesianIndex(1, 5) with c.
727    309    16         44.8023    54.5094    21.6663    % 
LB close or above UB, fathomed
728    308    15         44.8023    54.5094    21.6663    % 
LB close or above UB, fathomed
729    307    28         44.8023    54.5094    21.6663    % 
LB close or above UB, fathomed
730    306    28         44.8023    54.5094    21.6663    % 
UB: 54.50937499999999
branching on 1 with b.
731    307    29         44.8023    54.5094    21.6663    % 
LB close or above UB, fathomed
732    306    29         44.8023    54.5094    21.6663    % 
UB: 54.50937499999999
branching on 2 with b.
733    307    10         44.8023    54.5094    21.6663    % 
UB: 54.50937499999999
branching on 1 with b.
734    308    10         44.8023    54.5094    21.6663    % 
LB close or above UB, fathomed
735    307    16         44.8023    54.5094    21.6663    % 
UB: 54.50937499999999
branching on CartesianIndex(2, 3) with a.
736    308    17         44.8023    54.5094    21.6663    % 
UB: 54.50937499999999
branching on CartesianIndex(3, 3) with a.
737    309    17         44.8023    54.5094    21.6663    % 
LB close or above UB, fathomed
738    308    16         44.8023    54.5094    21.6663    % 
LB close or above UB, fathomed
739    307    26         44.8023    54.5094    21.6663    % 
UB: 54.50937499999999
branching on 2 with b.
740    308    26         44.8023    54.5094    21.6663    % 
LB close or above UB, fathomed
741    307    22         44.8023    54.5094    21.6663    % 
LB close or above UB, fathomed
742    306    22         44.8023    54.5094    21.6663    % 
UB: 54.50937499999999
branching on CartesianIndex(1, 4) with c.
743    307    17         44.8023    54.5094    21.6663    % 
LB close or above UB, fathomed
744    306    17         44.8023    54.5094    21.6663    % 
UB: 54.50937499999999
branching on CartesianIndex(1, 5) with c.
745    307    18         44.8023    54.5094    21.6663    % 
UB: 54.50937499999999
branching on 2 with b.
746    308    18         44.8023    54.5094    21.6663    % 
LB close or above UB, fathomed
747    307    19         44.8023    54.5094    21.6663    % 
UB: 54.50937499999999
branching on CartesianIndex(4, 3) with a.
748    308    19         44.8023    54.5094    21.6663    % 
UB: 54.50937499999999
branching on CartesianIndex(1, 4) with c.
749    309    12         44.8023    54.5094    21.6663    % 
UB: 54.50937499999999
branching on CartesianIndex(1, 3) with a.
750    310    12         44.8023    54.5094    21.6663    % 
LB close or above UB, fathomed
751    309    25         44.8023    54.5094    21.6663    % 
LB close or above UB, fathomed
752    308    25         44.8023    54.5094    21.6663    % 
UB: 54.50937499999999
branching on 3 with b.
753    309    33         44.8023    54.5094    21.6663    % 
UB: 54.50937499999999
branching on 2 with b.
754    310    33         44.8023    54.5094    21.6663    % 
UB: 54.50937499999999
branching on 2 with b.
755    311    14         44.8023    54.5094    21.6663    % 
UB: 54.50937499999999
branching on CartesianIndex(3, 2) with a.
756    312    14         44.8023    54.5094    21.6663    % 
UB: 54.50937499999999
branching on CartesianIndex(3, 2) with a.
757    313    15         44.8023    54.5094    21.6663    % 
UB: 54.50937499999999
branching on CartesianIndex(4, 2) with a.
758    314    16         44.8023    54.5094    21.6663    % 
UB: 54.50937499999999
branching on 3 with b.
759    315    16         44.8023    54.5094    21.6663    % 
UB: 54.50937499999999
branching on 3 with b.
760    316    17         44.8023    54.5094    21.6663    % 
LB close or above UB, fathomed
761    315    17         44.8023    54.5094    21.6663    % 
UB: 54.50937499999999
branching on CartesianIndex(1, 3) with a.
762    316    15         44.8023    54.5094    21.6663    % 
UB: 54.50937499999999
branching on 3 with b.
763    317    11         44.8023    54.5094    21.6663    % 
UB: 54.50937499999999
branching on 3 with b.
764    318    12         44.8023    54.5094    21.6663    % 
UB: 54.50937499999999
branching on CartesianIndex(2, 3) with a.
765    319    12         44.8023    54.5094    21.6663    % 
LB close or above UB, fathomed
766    318    11         44.8023    54.5094    21.6663    % 
LB close or above UB, fathomed
767    317    8          44.8023    54.5094    21.6663    % 
UB: 54.50937499999999
branching on 1 with b.
768    318    9          44.8023    54.5094    21.6663    % 
LB close or above UB, fathomed
769    317    9          44.8023    54.5094    21.6663    % 
UB: 54.50937499999999
branching on CartesianIndex(1, 3) with a.
770    318    10         44.8023    54.5094    21.6663    % 
UB: 54.50937499999999
branching on 2 with b.
771    319    11         44.8023    54.5094    21.6663    % 
UB: 54.50937499999999
branching on CartesianIndex(2, 3) with a.
772    320    11         44.8023    54.5094    21.6663    % 
UB: 54.50937499999999
branching on CartesianIndex(2, 3) with a.
773    321    10         44.8023    54.5094    21.6663    % 
LB close or above UB, fathomed
774    320    8          44.8023    54.5094    21.6663    % 
LB close or above UB, fathomed
775    319    13         44.8023    54.5094    21.6663    % 
LB close or above UB, fathomed
776    318    13         44.8023    54.5094    21.6663    % 
UB: 54.50937499999999
branching on CartesianIndex(1, 6) with c.
777    319    11         44.8023    54.5094    21.6663    % 
LB close or above UB, fathomed
778    318    11         44.8023    54.5094    21.6663    % 
UB: 54.50937499999999
branching on CartesianIndex(1, 3) with a.
779    319    12         44.8023    54.5094    21.6663    % 
UB: 54.50937499999999
branching on CartesianIndex(2, 3) with a.
780    320    13         44.8023    54.5094    21.6663    % 
LB close or above UB, fathomed
781    319    13         44.8023    54.5094    21.6663    % 
UB: 54.50937499999999
branching on 2 with b.
782    320    12         44.8023    54.5094    21.6663    % 
LB close or above UB, fathomed
783    319    9          44.8023    54.5094    21.6663    % 
UB: 54.50937499999999
branching on 1 with b.
784    320    10         44.8023    54.5094    21.6663    % 
UB: 54.50937499999999
branching on 1 with b.
785    321    11         44.8023    54.5094    21.6663    % 
LB close or above UB, fathomed
786    320    11         44.8023    54.5094    21.6663    % 
UB: 54.50937499999999
branching on 2 with b.
787    321    12         44.8023    54.5094    21.6663    % 
UB: 54.50937499999999
branching on 3 with b.
788    322    13         44.8023    54.5094    21.6663    % 
UB: 54.50937499999999
branching on CartesianIndex(2, 3) with a.
789    323    14         44.8023    54.5094    21.6663    % 
LB close or above UB, fathomed
790    322    14         44.8023    54.5094    21.6663    % 
UB: 54.50937499999999
branching on CartesianIndex(1, 4) with c.
791    323    13         44.8023    54.5094    21.6663    % 
LB close or above UB, fathomed
792    322    12         44.8023    54.5094    21.6663    % 
UB: 54.50937499999999
branching on 3 with b.
793    323    10         44.8023    54.5094    21.6663    % 
LB close or above UB, fathomed
794    322    9          44.8023    54.5094    21.6663    % 
LB close or above UB, fathomed
795    321    19         44.8023    54.5094    21.6663    % 
LB close or above UB, fathomed
796    320    19         44.8023    54.5094    21.6663    % 
UB: 54.50937499999999
branching on 3 with b.
797    321    20         44.8023    54.5094    21.6663    % 
UB: 54.50937499999999
branching on CartesianIndex(1, 6) with c.
798    322    21         44.8023    54.5094    21.6663    % 
LB close or above UB, fathomed
799    321    21         44.8023    54.5094    21.6663    % 
UB: 54.50937499999999
branching on CartesianIndex(1, 7) with c.
800    322    20         44.8023    54.5094    21.6663    % 
LB close or above UB, fathomed
801    321    23         44.8023    54.5094    21.6663    % 
LB close or above UB, fathomed
802    320    23         44.8023    54.5094    21.6663    % 
UB: 54.50937499999999
branching on 3 with b.
803    321    24         44.8023    54.5094    21.6663    % 
LB close or above UB, fathomed
804    320    24         44.8023    54.5094    21.6663    % 
UB: 54.50937499999999
branching on 1 with b.
805    321    26         44.8023    54.5094    21.6663    % 
UB: 54.50937499999999
branching on 3 with b.
806    322    26         44.8023    54.5094    21.6663    % 
LB close or above UB, fathomed
807    321    34         44.8023    54.5094    21.6663    % 
UB: 54.50937499999999
branching on 3 with b.
808    322    34         44.8023    54.5094    21.6663    % 
LB close or above UB, fathomed
809    321    24         44.8023    54.5094    21.6663    % 
LB close or above UB, fathomed
810    320    24         44.8023    54.5094    21.6663    % 
UB: 54.50937499999999
branching on 1 with b.
811    321    25         44.8023    54.5094    21.6663    % 
LB close or above UB, fathomed
812    320    25         44.8023    54.5094    21.6663    % 
UB: 54.50937499999999
branching on 2 with b.
813    321    25         44.8023    54.5094    21.6663    % 
UB: 54.50937499999999
branching on 3 with b.
814    322    26         44.8023    54.5094    21.6663    % 
UB: 54.50937499999999
branching on 1 with b.
815    323    27         44.8023    54.5094    21.6663    % 
UB: 54.50937499999999
branching on 2 with b.
816    324    27         44.8023    54.5094    21.6663    % 
UB: 54.50937499999999
branching on 2 with b.
817    325    28         44.8023    54.5094    21.6663    % 
UB: 54.50937499999999
branching on 3 with b.
818    326    28         44.8023    54.5094    21.6663    % 
LB close or above UB, fathomed
819    325    26         44.8023    54.5094    21.6663    % 
LB close or above UB, fathomed
820    324    25         44.8023    54.5094    21.6663    % 
LB close or above UB, fathomed
821    323    31         44.8023    54.5094    21.6663    % 
UB: 54.50937499999999
branching on 1 with b.
822    324    31         44.8023    54.5094    21.6663    % 
LB close or above UB, fathomed
823    323    29         44.8023    54.5094    21.6663    % 
UB: 54.50937499999999
branching on 3 with b.
824    324    30         44.8023    54.5094    21.6663    % 
UB: 54.50937499999999
branching on 1 with b.
825    325    30         44.8023    54.5094    21.6663    % 
LB close or above UB, fathomed
826    324    29         44.8023    54.5094    21.6663    % 
LB close or above UB, fathomed
827    323    28         44.8023    54.5094    21.6663    % 
UB: 54.50937499999999
branching on 1 with b.
828    324    29         44.8023    54.5094    21.6663    % 
UB: 54.50937499999999
branching on 2 with b.
829    325    29         44.8023    54.5094    21.6663    % 
UB: 54.50937499999999
branching on 2 with b.
830    326    28         44.8023    54.5094    21.6663    % 
LB close or above UB, fathomed
831    325    25         44.8023    54.5094    21.6663    % 
LB close or above UB, fathomed
832    324    25         44.8023    54.5094    21.6663    % 
UB: 54.50937499999999
branching on CartesianIndex(1, 5) with c.
833    325    12         44.8023    54.5094    21.6663    % 
UB: 54.50937499999999
branching on 3 with b.
834    326    12         44.8023    54.5094    21.6663    % 
LB close or above UB, fathomed
835    325    20         44.8023    54.5094    21.6663    % 
UB: 54.50937499999999
branching on CartesianIndex(1, 5) with c.
836    326    21         44.8023    54.5094    21.6663    % 
LB close or above UB, fathomed
837    325    21         44.8023    54.5094    21.6663    % 
UB: 54.50937499999999
branching on CartesianIndex(1, 6) with c.
838    326    22         44.8023    54.5094    21.6663    % 
LB close or above UB, fathomed
839    325    22         44.8023    54.5094    21.6663    % 
UB: 54.50937499999999
branching on 3 with b.
840    326    23         44.8023    54.5094    21.6663    % 
LB close or above UB, fathomed
841    325    23         44.8023    54.5094    21.6663    % 
UB: 54.50937499999999
branching on CartesianIndex(1, 7) with c.
842    326    24         44.8023    54.5094    21.6663    % 
UB: 54.50937499999999
branching on 1 with b.
843    327    25         44.8023    54.5094    21.6663    % 
UB: 54.50937499999999
branching on 2 with b.
844    328    25         44.8023    54.5094    21.6663    % 
LB close or above UB, fathomed
845    327    24         44.8023    54.5094    21.6663    % 
LB close or above UB, fathomed
846    326    20         44.8023    54.5094    21.6663    % 
LB close or above UB, fathomed
847    325    27         44.8023    54.5094    21.6663    % 
UB: 54.50937499999999
branching on 1 with b.
848    326    28         44.8023    54.5094    21.6663    % 
UB: 54.50937499999999
branching on 2 with b.
849    327    28         44.8023    54.5094    21.6663    % 
LB close or above UB, fathomed
850    326    27         44.8023    54.5094    21.6663    % 
UB: 54.50937499999999
branching on 1 with b.
851    327    20         44.8023    54.5094    21.6663    % 
UB: 54.50937499999999
branching on CartesianIndex(3, 3) with a.
852    328    20         44.8023    54.5094    21.6663    % 
LB close or above UB, fathomed
853    327    22         44.8023    54.5094    21.6663    % 
UB: 54.50937499999999
branching on CartesianIndex(1, 5) with c.
854    328    22         44.8023    54.5094    21.6663    % 
LB close or above UB, fathomed
855    327    30         44.8023    54.5094    21.6663    % 
UB: 54.50937499999999
branching on 3 with b.
856    328    30         44.8023    54.5094    21.6663    % 
LB close or above UB, fathomed
857    327    16         44.8023    54.5094    21.6663    % 
UB: 54.50937499999999
branching on 2 with b.
858    328    17         44.8023    54.5094    21.6663    % 
UB: 54.50937499999999
branching on CartesianIndex(2, 3) with a.
859    329    18         44.8023    54.5094    21.6663    % 
UB: 54.50937499999999
branching on CartesianIndex(3, 3) with a.
860    330    19         44.8023    54.5094    21.6663    % 
UB: 54.50937499999999
branching on CartesianIndex(4, 3) with a.
861    331    19         44.8023    54.5094    21.6663    % 
UB: 54.50937499999999
branching on CartesianIndex(1, 4) with c.
862    332    18         44.8023    54.5094    21.6663    % 
LB close or above UB, fathomed
863    331    17         44.8023    54.5094    21.6663    % 
UB: 54.50937499999999
branching on CartesianIndex(2, 3) with a.
864    332    16         44.8023    54.5094    21.6663    % 
LB close or above UB, fathomed
865    331    26         44.8023    54.5094    21.6663    % 
LB close or above UB, fathomed
866    330    26         44.8023    54.5094    21.6663    % 
UB: 54.50937499999999
branching on 3 with b.
867    331    28         44.8023    54.5094    21.6663    % 
UB: 54.50937499999999
branching on 3 with b.
868    332    28         44.8023    54.5094    21.6663    % 
LB close or above UB, fathomed
869    331    16         44.8023    54.5094    21.6663    % 
UB: 54.50937499999999
branching on CartesianIndex(1, 5) with c.
870    332    16         44.8023    54.5094    21.6663    % 
UB: 54.50937499999999
branching on CartesianIndex(1, 5) with c.
871    333    15         44.8023    54.5094    21.6663    % 
UB: 54.50937499999999
branching on CartesianIndex(4, 2) with a.
872    334    16         44.8023    54.5094    21.6663    % 
UB: 54.50937499999999
branching on CartesianIndex(1, 3) with a.
873    335    16         44.8023    54.5094    21.6663    % 
UB: 54.50937499999999
branching on CartesianIndex(1, 3) with a.
874    336    17         44.8023    54.5094    21.6663    % 
UB: 54.50937499999999
branching on 3 with b.
875    337    18         44.8023    54.5094    21.6663    % 
UB: 54.50937499999999
branching on 1 with b.
876    338    18         44.8023    54.5094    21.6663    % 
UB: 54.50937499999999
branching on CartesianIndex(2, 3) with a.
877    339    17         44.8023    54.5094    21.6663    % 
LB close or above UB, fathomed
878    338    15         44.8023    54.5094    21.6663    % 
UB: 54.50937499999999
branching on CartesianIndex(1, 3) with a.
879    339    17         44.8023    54.5094    21.6663    % 
UB: 54.50937499999999
branching on CartesianIndex(1, 6) with c.
880    340    17         44.8023    54.5094    21.6663    % 
UB: 54.50937499999999
branching on 1 with b.
881    341    19         44.8023    54.5094    21.6663    % 
UB: 54.50937499999999
branching on CartesianIndex(1, 6) with c.
882    342    20         44.8023    54.5094    21.6663    % 
LB close or above UB, fathomed
883    341    20         44.8023    54.5094    21.6663    % 
UB: 54.50937499999999
branching on CartesianIndex(1, 7) with c.
884    342    21         44.8023    54.5094    21.6663    % 
UB: 54.50937499999999
branching on 2 with b.
885    343    22         44.8023    54.5094    21.6663    % 
UB: 54.50937499999999
branching on 3 with b.
886    344    23         44.8023    54.5094    21.6663    % 
LB close or above UB, fathomed
887    343    23         44.8023    54.5094    21.6663    % 
UB: 54.50937499999999
branching on 1 with b.
888    344    24         44.8023    54.5094    21.6663    % 
UB: 54.50937499999999
branching on 2 with b.
889    345    24         44.8023    54.5094    21.6663    % 
UB: 54.50937499999999
branching on 2 with b.
890    346    22         44.8023    54.5094    21.6663    % 
LB close or above UB, fathomed
891    345    21         44.8023    54.5094    21.6663    % 
LB close or above UB, fathomed
892    344    19         44.8023    54.5094    21.6663    % 
LB close or above UB, fathomed
893    343    26         44.8023    54.5094    21.6663    % 
UB: 54.50937499999999
branching on 3 with b.
894    344    27         44.8023    54.5094    21.6663    % 
UB: 54.50937499999999
branching on 1 with b.
895    345    28         44.8023    54.5094    21.6663    % 
UB: 54.50937499999999
branching on 2 with b.
896    346    29         44.8023    54.5094    21.6663    % 
UB: 54.50937499999999
branching on 3 with b.
897    347    29         44.8023    54.5094    21.6663    % 
LB close or above UB, fathomed
898    346    28         44.8023    54.5094    21.6663    % 
UB: 54.50937499999999
branching on 2 with b.
899    347    27         44.8023    54.5094    21.6663    % 
LB close or above UB, fathomed
900    346    26         44.8023    54.5094    21.6663    % 
LB close or above UB, fathomed
901    345    19         44.8023    54.5094    21.6663    % 
LB close or above UB, fathomed
902    344    19         44.8023    54.5094    21.6663    % 
UB: 54.50937499999999
branching on CartesianIndex(3, 3) with a.
903    345    20         44.8023    54.5094    21.6663    % 
UB: 54.50937499999999
branching on CartesianIndex(4, 3) with a.
904    346    20         44.8023    54.5094    21.6663    % 
LB close or above UB, fathomed
905    345    18         44.8023    54.5094    21.6663    % 
LB close or above UB, fathomed
906    344    18         44.8023    54.5094    21.6663    % 
UB: 54.50937499999999
branching on CartesianIndex(1, 7) with c.
907    345    19         44.8023    54.5094    21.6663    % 
UB: 54.50937499999999
branching on 1 with b.
908    346    20         44.8023    54.5094    21.6663    % 
UB: 54.50937499999999
branching on 2 with b.
909    347    20         44.8023    54.5094    21.6663    % 
UB: 54.50937499999999
branching on 2 with b.
910    348    21         44.8023    54.5094    21.6663    % 
LB close or above UB, fathomed
911    347    21         44.8023    54.5094    21.6663    % 
UB: 54.50937499999999
branching on 3 with b.
912    348    22         44.8023    54.5094    21.6663    % 
LB close or above UB, fathomed
913    347    22         44.8023    54.5094    21.6663    % 
UB: 54.50937499999999
branching on 1 with b.
914    348    23         44.8023    54.5094    21.6663    % 
UB: 54.50937499999999
branching on 2 with b.
915    349    24         44.8023    54.5094    21.6663    % 
UB: 54.50937499999999
branching on 3 with b.
916    350    24         44.8023    54.5094    21.6663    % 
UB: 54.50937499999999
branching on 3 with b.
917    351    23         44.8023    54.5094    21.6663    % 
LB close or above UB, fathomed
918    350    19         44.8023    54.5094    21.6663    % 
LB close or above UB, fathomed
919    349    10         45.0297    54.5094    21.0521    % 
LB close or above UB, fathomed
920    348    10         45.0297    54.5094    21.0521    % 
UB: 54.50937499999999
branching on 2 with b.
921    349    12         45.3783    54.5094    20.1222    % 
UB: 54.50937499999999
branching on CartesianIndex(1, 3) with a.
922    350    13         45.3783    54.5094    20.1222    % 
UB: 54.50937499999999
branching on CartesianIndex(2, 3) with a.
923    351    14         45.3783    54.5094    20.1222    % 
UB: 54.50937499999999
branching on CartesianIndex(3, 3) with a.
924    352    14         45.3783    54.5094    20.1222    % 
LB close or above UB, fathomed
925    351    13         45.3783    54.5094    20.1222    % 
LB close or above UB, fathomed
926    350    12         45.3783    54.5094    20.1222    % 
LB close or above UB, fathomed
927    349    16         45.4495    54.5094    19.9340    % 
LB close or above UB, fathomed
928    348    16         45.4495    54.5094    19.9340    % 
UB: 54.50937499999999
branching on CartesianIndex(1, 4) with c.
929    349    16         45.5789    54.5094    19.5934    % 
UB: 54.50937499999999
branching on CartesianIndex(1, 4) with c.
930    350    16         45.5789    54.5094    19.5934    % 
LB close or above UB, fathomed
931    349    10         46.6409    54.5094    16.8704    % 
LB close or above UB, fathomed
932    348    10         46.6409    54.5094    16.8704    % 
UB: 54.50937499999999
branching on 1 with b.
933    349    10         46.6865    54.5094    16.7561    % 
UB: 54.50937499999999
branching on CartesianIndex(2, 3) with a.
934    350    11         46.6865    54.5094    16.7561    % 
UB: 54.50937499999999
branching on CartesianIndex(3, 3) with a.
935    351    12         46.6865    54.5094    16.7561    % 
LB close or above UB, fathomed
936    350    12         46.6865    54.5094    16.7561    % 
UB: 54.50937499999999
branching on CartesianIndex(1, 5) with c.
937    351    11         46.6865    54.5094    16.7561    % 
LB close or above UB, fathomed
938    350    10         46.6865    54.5094    16.7561    % 
LB close or above UB, fathomed
939    349    26         46.7437    54.5094    16.6132    % 
UB: 54.50937499999999
branching on 3 with b.
940    350    26         46.7437    54.5094    16.6132    % 
LB close or above UB, fathomed
941    349    28         46.7437    54.5094    16.6132    % 
UB: 54.50937499999999
branching on 2 with b.
942    350    28         46.7437    54.5094    16.6132    % 
LB close or above UB, fathomed
943    349    32         46.7437    54.5094    16.6132    % 
UB: 54.50937499999999
branching on 2 with b.
944    350    33         46.7437    54.5094    16.6132    % 
UB: 54.50937499999999
branching on 3 with b.
945    351    33         46.7437    54.5094    16.6132    % 
LB close or above UB, fathomed
946    350    32         46.7437    54.5094    16.6132    % 
UB: 54.50937499999999
branching on 2 with b.
947    351    28         46.7437    54.5094    16.6132    % 
UB: 54.50937499999999
branching on 3 with b.
948    352    28         46.7437    54.5094    16.6132    % 
LB close or above UB, fathomed
949    351    35         46.7437    54.5094    16.6132    % 
UB: 54.50937499999999
branching on 1 with b.
950    352    36         46.7437    54.5094    16.6132    % 
UB: 54.50937499999999
branching on 2 with b.
951    353    37         46.7437    54.5094    16.6132    % 
UB: 54.50937499999999
branching on 3 with b.
952    354    37         46.7437    54.5094    16.6132    % 
UB: 54.50937499999999
branching on 3 with b.
953    355    38         46.7437    54.5094    16.6132    % 
UB: 54.50937499999999
branching on 1 with b.
954    356    38         46.7437    54.5094    16.6132    % 
UB: 54.50937499999999
branching on 1 with b.
955    357    36         46.7437    54.5094    16.6132    % 
UB: 54.50937499999999
branching on 2 with b.
956    358    37         46.7437    54.5094    16.6132    % 
UB: 54.50937499999999
branching on 3 with b.
957    359    37         46.7437    54.5094    16.6132    % 
UB: 54.50937499999999
branching on 3 with b.
958    360    38         46.7437    54.5094    16.6132    % 
UB: 54.50937499999999
branching on 1 with b.
959    361    38         46.7437    54.5094    16.6132    % 
UB: 54.50937499999999
branching on 1 with b.
960    362    35         46.7437    54.5094    16.6132    % 
UB: 54.50937499999999
branching on 1 with b.
961    363    15         46.7437    54.5094    16.6132    % 
UB: 54.50937499999999
branching on CartesianIndex(1, 5) with c.
962    364    15         46.7437    54.5094    16.6132    % 
UB: 54.50937499999999
branching on 1 with b.
963    365    16         46.7437    54.5094    16.6132    % 
LB close or above UB, fathomed
964    364    16         46.7437    54.5094    16.6132    % 
UB: 54.50937499999999
branching on CartesianIndex(1, 5) with c.
965    365    13         46.7437    54.5094    16.6132    % 
UB: 54.50937499999999
branching on CartesianIndex(3, 3) with a.
966    366    14         46.7437    54.5094    16.6132    % 
LB close or above UB, fathomed
967    365    14         46.7437    54.5094    16.6132    % 
UB: 54.50937499999999
branching on CartesianIndex(1, 4) with c.
968    366    13         46.7437    54.5094    16.6132    % 
LB close or above UB, fathomed
969    365    18         46.7437    54.5094    16.6132    % 
UB: 54.50937499999999
branching on CartesianIndex(2, 3) with a.
970    366    19         46.7437    54.5094    16.6132    % 
UB: 54.50937499999999
branching on CartesianIndex(3, 3) with a.
971    367    20         46.7437    54.5094    16.6132    % 
LB close or above UB, fathomed
972    366    20         46.7437    54.5094    16.6132    % 
UB: 54.50937499999999
branching on CartesianIndex(1, 4) with c.
973    367    19         46.7437    54.5094    16.6132    % 
LB close or above UB, fathomed
974    366    18         46.7437    54.5094    16.6132    % 
LB close or above UB, fathomed
975    365    17         46.7437    54.5094    16.6132    % 
LB close or above UB, fathomed
976    364    17         46.7437    54.5094    16.6132    % 
UB: 54.50937499999999
branching on CartesianIndex(1, 3) with a.
977    365    15         46.7437    54.5094    16.6132    % 
UB: 54.50937499999999
branching on CartesianIndex(4, 2) with a.
978    366    16         46.7437    54.5094    16.6132    % 
UB: 54.50937499999999
branching on CartesianIndex(1, 3) with a.
979    367    17         46.7437    54.5094    16.6132    % 
UB: 54.50937499999999
branching on CartesianIndex(2, 3) with a.
980    368    18         46.7437    54.5094    16.6132    % 
UB: 54.50937499999999
branching on 3 with b.
981    369    19         46.7437    54.5094    16.6132    % 
LB close or above UB, fathomed
982    368    19         46.7437    54.5094    16.6132    % 
UB: 54.50937499999999
branching on CartesianIndex(3, 3) with a.
983    369    18         46.7437    54.5094    16.6132    % 
LB close or above UB, fathomed
984    368    17         46.7437    54.5094    16.6132    % 
LB close or above UB, fathomed
985    367    16         46.7437    54.5094    16.6132    % 
UB: 54.50937499999999
branching on CartesianIndex(1, 3) with a.
986    368    17         46.7437    54.5094    16.6132    % 
UB: 54.50937499999999
branching on CartesianIndex(2, 3) with a.
987    369    18         46.7437    54.5094    16.6132    % 
UB: 54.50937499999999
branching on CartesianIndex(3, 3) with a.
988    370    19         46.7437    54.5094    16.6132    % 
LB close or above UB, fathomed
989    369    19         46.7437    54.5094    16.6132    % 
UB: 54.50937499999999
branching on 3 with b.
990    370    18         46.7437    54.5094    16.6132    % 
LB close or above UB, fathomed
991    369    17         46.7437    54.5094    16.6132    % 
LB close or above UB, fathomed
992    368    15         46.7437    54.5094    16.6132    % 
UB: 54.50937499999999
branching on 3 with b.
993    369    16         46.7437    54.5094    16.6132    % 
LB close or above UB, fathomed
994    368    16         46.7437    54.5094    16.6132    % 
UB: 54.50937499999999
branching on CartesianIndex(1, 3) with a.
995    369    34         46.7437    54.5094    16.6132    % 
LB close or above UB, fathomed
996    368    34         46.7437    54.5094    16.6132    % 
UB: 54.50937499999999
branching on 3 with b.
997    369    26         46.7437    54.5094    16.6132    % 
UB: 54.50937499999999
branching on 1 with b.
998    370    27         46.7437    54.5094    16.6132    % 
UB: 54.50937499999999
branching on 2 with b.
999    371    28         46.7437    54.5094    16.6132    % 
UB: 54.50937499999999
branching on 3 with b.
1000   372    29         46.7437    54.5094    16.6132    % 
UB: 54.50937499999999
branching on 1 with b.
1001   373    29         46.7437    54.5094    16.6132    % 
LB close or above UB, fathomed
1002   372    28         46.7437    54.5094    16.6132    % 
LB close or above UB, fathomed
1003   371    27         46.7437    54.5094    16.6132    % 
UB: 54.50937499999999
branching on 2 with b.
1004   372    26         46.7437    54.5094    16.6132    % 
LB close or above UB, fathomed
1005   371    13         46.7437    54.5094    16.6132    % 
UB: 54.50937499999999
branching on CartesianIndex(2, 3) with a.
1006   372    14         46.7437    54.5094    16.6132    % 
UB: 54.50937499999999
branching on CartesianIndex(3, 3) with a.
1007   373    15         46.7437    54.5094    16.6132    % 
LB close or above UB, fathomed
1008   372    15         46.7437    54.5094    16.6132    % 
UB: 54.50937499999999
branching on CartesianIndex(1, 4) with c.
1009   373    14         46.7437    54.5094    16.6132    % 
LB close or above UB, fathomed
1010   372    13         46.7437    54.5094    16.6132    % 
LB close or above UB, fathomed
1011   371    27         46.7437    54.5094    16.6132    % 
UB: 54.50937499999999
branching on 3 with b.
1012   372    28         46.7437    54.5094    16.6132    % 
UB: 54.50937499999999
branching on 1 with b.
1013   373    29         46.7437    54.5094    16.6132    % 
LB close or above UB, fathomed
1014   372    29         46.7437    54.5094    16.6132    % 
UB: 54.50937499999999
branching on 2 with b.
1015   373    28         46.7437    54.5094    16.6132    % 
LB close or above UB, fathomed
1016   372    27         46.7437    54.5094    16.6132    % 
UB: 54.50937499999999
branching on 3 with b.
1017   373    11         46.7437    54.5094    16.6132    % 
UB: 54.50937499999999
branching on 2 with b.
1018   374    12         46.7437    54.5094    16.6132    % 
LB close or above UB, fathomed
1019   373    12         46.7437    54.5094    16.6132    % 
UB: 54.50937499999999
branching on 3 with b.
1020   374    13         46.7437    54.5094    16.6132    % 
UB: 54.50937499999999
branching on CartesianIndex(1, 3) with a.
1021   375    13         46.7437    54.5094    16.6132    % 
LB close or above UB, fathomed
1022   374    11         46.7437    54.5094    16.6132    % 
LB close or above UB, fathomed
1023   373    14         46.7437    54.5094    16.6132    % 
UB: 54.50937499999999
branching on 3 with b.
1024   374    15         46.7437    54.5094    16.6132    % 
UB: 54.50937499999999
branching on CartesianIndex(4, 2) with a.
1025   375    15         46.7437    54.5094    16.6132    % 
LB close or above UB, fathomed
1026   374    14         46.7437    54.5094    16.6132    % 
UB: 54.50937499999999
branching on 3 with b.
1027   375    15         46.7437    54.5094    16.6132    % 
LB close or above UB, fathomed
1028   374    15         46.7437    54.5094    16.6132    % 
LB close or above UB, fathomed
1029   373    32         46.7437    54.5094    16.6132    % 
UB: 54.50937499999999
branching on 1 with b.
1030   374    32         46.7437    54.5094    16.6132    % 
UB: 54.50937499999999
branching on 1 with b.
1031   375    35         46.7437    54.5094    16.6132    % 
UB: 54.50937499999999
branching on 1 with b.
1032   376    36         46.7437    54.5094    16.6132    % 
UB: 54.50937499999999
branching on 2 with b.
1033   377    36         46.7437    54.5094    16.6132    % 
UB: 54.50937499999999
branching on 2 with b.
1034   378    37         46.7437    54.5094    16.6132    % 
UB: 54.50937499999999
branching on 3 with b.
1035   379    37         46.7437    54.5094    16.6132    % 
UB: 54.50937499999999
branching on 3 with b.
1036   380    35         46.7437    54.5094    16.6132    % 
LB close or above UB, fathomed
1037   379    17         46.7437    54.5094    16.6132    % 
LB close or above UB, fathomed
1038   378    17         46.7437    54.5094    16.6132    % 
UB: 54.50937499999999
branching on CartesianIndex(1, 4) with c.
1039   379    27         46.7437    54.5094    16.6132    % 
UB: 54.50937499999999
branching on 1 with b.
1040   380    28         46.7437    54.5094    16.6132    % 
UB: 54.50937499999999
branching on 2 with b.
1041   381    28         46.7437    54.5094    16.6132    % 
LB close or above UB, fathomed
1042   380    27         46.7437    54.5094    16.6132    % 
UB: 54.50937499999999
branching on 1 with b.
1043   381    35         46.7437    54.5094    16.6132    % 
UB: 54.50937499999999
branching on 1 with b.
1044   382    35         46.7437    54.5094    16.6132    % 
UB: 54.50937499999999
branching on 1 with b.
1045   383    13         46.7437    54.5094    16.6132    % 
UB: 54.50937499999999
branching on CartesianIndex(2, 3) with a.
1046   384    14         46.7437    54.5094    16.6132    % 
UB: 54.50937499999999
branching on CartesianIndex(3, 3) with a.
1047   385    14         46.7437    54.5094    16.6132    % 
LB close or above UB, fathomed
1048   384    13         46.7437    54.5094    16.6132    % 
LB close or above UB, fathomed
1049   383    13         46.7437    54.5094    16.6132    % 
UB: 54.50937499999999
branching on CartesianIndex(1, 3) with a.
1050   384    14         46.7437    54.5094    16.6132    % 
UB: 54.50937499999999
branching on CartesianIndex(2, 3) with a.
1051   385    15         46.7437    54.5094    16.6132    % 
UB: 54.50937499999999
branching on CartesianIndex(3, 3) with a.
1052   386    16         46.7437    54.5094    16.6132    % 
LB close or above UB, fathomed
1053   385    16         46.7437    54.5094    16.6132    % 
UB: 54.50937499999999
branching on 3 with b.
1054   386    15         46.7437    54.5094    16.6132    % 
LB close or above UB, fathomed
1055   385    14         46.7437    54.5094    16.6132    % 
LB close or above UB, fathomed
1056   384    13         46.7437    54.5094    16.6132    % 
UB: 54.50937499999999
branching on CartesianIndex(1, 3) with a.
1057   385    14         46.7437    54.5094    16.6132    % 
UB: 54.50937499999999
branching on CartesianIndex(2, 3) with a.
1058   386    15         46.7437    54.5094    16.6132    % 
UB: 54.50937499999999
branching on CartesianIndex(3, 3) with a.
1059   387    16         46.7437    54.5094    16.6132    % 
LB close or above UB, fathomed
1060   386    16         46.7437    54.5094    16.6132    % 
UB: 54.50937499999999
branching on CartesianIndex(1, 4) with c.
1061   387    15         46.7437    54.5094    16.6132    % 
LB close or above UB, fathomed
1062   386    14         46.7437    54.5094    16.6132    % 
LB close or above UB, fathomed
1063   385    13         46.7437    54.5094    16.6132    % 
UB: 54.50937499999999
branching on CartesianIndex(1, 4) with c.
1064   386    14         46.7437    54.5094    16.6132    % 
UB: 54.50937499999999
branching on 1 with b.
1065   387    14         46.7437    54.5094    16.6132    % 
UB: 54.50937499999999
branching on 1 with b.
1066   388    15         46.7437    54.5094    16.6132    % 
LB close or above UB, fathomed
1067   387    15         46.7437    54.5094    16.6132    % 
UB: 54.50937499999999
branching on CartesianIndex(1, 5) with c.
1068   388    16         46.7437    54.5094    16.6132    % 
UB: 54.50937499999999
branching on CartesianIndex(1, 6) with c.
1069   389    17         46.7437    54.5094    16.6132    % 
LB close or above UB, fathomed
1070   388    17         46.7437    54.5094    16.6132    % 
UB: 54.50937499999999
branching on 2 with b.
1071   389    18         46.7437    54.5094    16.6132    % 
UB: 54.50937499999999
branching on CartesianIndex(1, 7) with c.
1072   390    19         46.7437    54.5094    16.6132    % 
UB: 54.50937499999999
branching on 3 with b.
1073   391    20         46.7437    54.5094    16.6132    % 
UB: 54.50937499999999
branching on 1 with b.
1074   392    21         46.7437    54.5094    16.6132    % 
LB close or above UB, fathomed
1075   391    21         46.7437    54.5094    16.6132    % 
UB: 54.50937499999999
branching on 2 with b.
1076   392    20         46.7437    54.5094    16.6132    % 
LB close or above UB, fathomed
1077   391    19         46.7437    54.5094    16.6132    % 
LB close or above UB, fathomed
1078   390    18         46.7437    54.5094    16.6132    % 
UB: 54.50937499999999
branching on CartesianIndex(1, 7) with c.
1079   391    16         46.7437    54.5094    16.6132    % 
UB: 54.50937499999999
branching on CartesianIndex(1, 6) with c.
1080   392    13         46.7437    54.5094    16.6132    % 
LB close or above UB, fathomed
1081   391    18         46.7437    54.5094    16.6132    % 
LB close or above UB, fathomed
1082   390    18         46.7437    54.5094    16.6132    % 
LB close or above UB, fathomed
1083   389    30         46.7437    54.5094    16.6132    % 
LB close or above UB, fathomed
1084   388    30         46.7437    54.5094    16.6132    % 
UB: 54.50937499999999
branching on 3 with b.
1085   389    30         46.7437    54.5094    16.6132    % 
LB close or above UB, fathomed
1086   388    30         46.7437    54.5094    16.6132    % 
UB: 54.50937499999999
branching on 3 with b.
1087   389    16         46.7437    54.5094    16.6132    % 
UB: 54.50937499999999
branching on CartesianIndex(2, 3) with a.
1088   390    17         46.7437    54.5094    16.6132    % 
UB: 54.50937499999999
branching on CartesianIndex(3, 3) with a.
1089   391    18         46.7437    54.5094    16.6132    % 
LB close or above UB, fathomed
1090   390    18         46.7437    54.5094    16.6132    % 
UB: 54.50937499999999
branching on 2 with b.
1091   391    17         46.7437    54.5094    16.6132    % 
LB close or above UB, fathomed
1092   390    16         46.7437    54.5094    16.6132    % 
LB close or above UB, fathomed
1093   389    28         46.7437    54.5094    16.6132    % 
UB: 54.50937499999999
branching on 3 with b.
1094   390    29         46.7437    54.5094    16.6132    % 
UB: 54.50937499999999
branching on 1 with b.
1095   391    29         46.7437    54.5094    16.6132    % 
LB close or above UB, fathomed
1096   390    28         46.7437    54.5094    16.6132    % 
LB close or above UB, fathomed
1097   389    28         46.7437    54.5094    16.6132    % 
UB: 54.50937499999999
branching on 1 with b.
1098   390    29         46.7437    54.5094    16.6132    % 
UB: 54.50937499999999
branching on 2 with b.
1099   391    29         46.7437    54.5094    16.6132    % 
UB: 54.50937499999999
branching on 2 with b.
1100   392    28         46.7437    54.5094    16.6132    % 
LB close or above UB, fathomed
1101   391    13         46.7437    54.5094    16.6132    % 
UB: 54.50937499999999
branching on CartesianIndex(2, 3) with a.
1102   392    13         46.7437    54.5094    16.6132    % 
LB close or above UB, fathomed
1103   391    13         46.7437    54.5094    16.6132    % 
UB: 54.50937499999999
branching on 2 with b.
1104   392    14         46.7437    54.5094    16.6132    % 
LB close or above UB, fathomed
1105   391    14         46.7437    54.5094    16.6132    % 
UB: 54.50937499999999
branching on CartesianIndex(4, 2) with a.
1106   392    13         46.7437    54.5094    16.6132    % 
LB close or above UB, fathomed
1107   391    16         46.7437    54.5094    16.6132    % 
UB: 54.50937499999999
branching on CartesianIndex(3, 3) with a.
1108   392    17         46.7437    54.5094    16.6132    % 
LB close or above UB, fathomed
1109   391    17         46.7437    54.5094    16.6132    % 
UB: 54.50937499999999
branching on CartesianIndex(1, 4) with c.
1110   392    16         46.7437    54.5094    16.6132    % 
LB close or above UB, fathomed
1111   391    24         46.7437    54.5094    16.6132    % 
UB: 54.50937499999999
branching on 3 with b.
1112   392    24         46.7437    54.5094    16.6132    % 
LB close or above UB, fathomed
1113   391    7          46.7437    54.5094    16.6132    % 
UB: 54.50937499999999
branching on CartesianIndex(1, 3) with a.
1114   392    8          46.7437    54.5094    16.6132    % 
UB: 54.50937499999999
branching on 1 with b.
1115   393    9          46.7437    54.5094    16.6132    % 
LB close or above UB, fathomed
1116   392    9          46.7437    54.5094    16.6132    % 
UB: 54.50937499999999
branching on 2 with b.
1117   393    8          46.7437    54.5094    16.6132    % 
LB close or above UB, fathomed
1118   392    7          46.7437    54.5094    16.6132    % 
LB close or above UB, fathomed
1119   391    11         46.7437    54.5094    16.6132    % 
LB close or above UB, fathomed
1120   390    11         46.7437    54.5094    16.6132    % 
UB: 54.50937499999999
branching on 1 with b.
1121   391    12         46.7437    54.5094    16.6132    % 
UB: 54.50937499999999
branching on CartesianIndex(1, 5) with c.
1122   392    12         46.7437    54.5094    16.6132    % 
UB: 54.50937499999999
branching on CartesianIndex(1, 5) with c.
1123   393    13         46.7437    54.5094    16.6132    % 
UB: 54.50937499999999
branching on 1 with b.
1124   394    13         46.7437    54.5094    16.6132    % 
LB close or above UB, fathomed
1125   393    30         46.7437    54.5094    16.6132    % 
UB: 54.50937499999999
branching on 3 with b.
1126   394    31         46.7437    54.5094    16.6132    % 
LB close or above UB, fathomed
1127   393    31         46.7437    54.5094    16.6132    % 
UB: 54.50937499999999
branching on 1 with b.
1128   394    32         46.7437    54.5094    16.6132    % 
UB: 54.50937499999999
branching on 2 with b.
1129   395    32         46.7437    54.5094    16.6132    % 
UB: 54.50937499999999
branching on 2 with b.
1130   396    33         46.7437    54.5094    16.6132    % 
UB: 54.50937499999999
branching on 3 with b.
1131   397    34         46.7437    54.5094    16.6132    % 
UB: 54.50937499999999
branching on 1 with b.
1132   398    35         46.7437    54.5094    16.6132    % 
UB: 54.50937499999999
branching on 2 with b.
1133   399    35         46.7437    54.5094    16.6132    % 
UB: 54.50937499999999
branching on 2 with b.
1134   400    34         46.7437    54.5094    16.6132    % 
UB: 54.50937499999999
branching on 1 with b.
1135   401    33         46.7437    54.5094    16.6132    % 
LB close or above UB, fathomed
1136   400    30         46.7437    54.5094    16.6132    % 
LB close or above UB, fathomed
1137   399    31         46.7437    54.5094    16.6132    % 
UB: 54.50937499999999
branching on 2 with b.
1138   400    31         46.7437    54.5094    16.6132    % 
UB: 54.50937499999999
branching on 2 with b.
1139   401    32         46.7437    54.5094    16.6132    % 
UB: 54.50937499999999
branching on 3 with b.
1140   402    32         46.7437    54.5094    16.6132    % 
LB close or above UB, fathomed
1141   401    26         46.7437    54.5094    16.6132    % 
LB close or above UB, fathomed
1142   400    26         46.7437    54.5094    16.6132    % 
UB: 54.50937499999999
branching on 3 with b.
1143   401    27         46.7437    54.5094    16.6132    % 
LB close or above UB, fathomed
1144   400    27         46.7437    54.5094    16.6132    % 
UB: 54.50937499999999
branching on 1 with b.
1145   401    28         46.7437    54.5094    16.6132    % 
UB: 54.50937499999999
branching on 2 with b.
1146   402    28         46.7437    54.5094    16.6132    % 
LB close or above UB, fathomed
1147   401    22         46.7437    54.5094    16.6132    % 
UB: 54.50937499999999
branching on 1 with b.
1148   402    23         46.7437    54.5094    16.6132    % 
UB: 54.50937499999999
branching on 2 with b.
1149   403    23         46.7437    54.5094    16.6132    % 
UB: 54.50937499999999
branching on 2 with b.
1150   404    22         46.7437    54.5094    16.6132    % 
LB close or above UB, fathomed
1151   403    16         46.7437    54.5094    16.6132    % 
LB close or above UB, fathomed
1152   402    16         46.7437    54.5094    16.6132    % 
UB: 54.50937499999999
branching on CartesianIndex(1, 3) with a.
1153   403    34         46.7437    54.5094    16.6132    % 
UB: 54.50937499999999
branching on 3 with b.
1154   404    34         46.7437    54.5094    16.6132    % 
LB close or above UB, fathomed
1155   403    27         46.7437    54.5094    16.6132    % 
UB: 54.50937499999999
branching on 1 with b.
1156   404    28         46.7437    54.5094    16.6132    % 
UB: 54.50937499999999
branching on 2 with b.
1157   405    28         46.7437    54.5094    16.6132    % 
UB: 54.50937499999999
branching on 2 with b.
1158   406    27         46.7437    54.5094    16.6132    % 
LB close or above UB, fathomed
1159   405    33         46.7437    54.5094    16.6132    % 
UB: 54.50937499999999
branching on 2 with b.
1160   406    33         46.7437    54.5094    16.6132    % 
UB: 54.50937499999999
branching on 2 with b.
1161   407    30         46.7437    54.5094    16.6132    % 
UB: 54.50937499999999
branching on 2 with b.
1162   408    30         46.7437    54.5094    16.6132    % 
UB: 54.50937499999999
branching on 2 with b.
1163   409    28         46.7437    54.5094    16.6132    % 
UB: 54.50937499999999
branching on 3 with b.
1164   410    29         46.7437    54.5094    16.6132    % 
UB: 54.50937499999999
branching on 1 with b.
1165   411    29         46.7437    54.5094    16.6132    % 
LB close or above UB, fathomed
1166   410    28         46.7437    54.5094    16.6132    % 
LB close or above UB, fathomed
1167   409    28         46.7437    54.5094    16.6132    % 
UB: 54.50937499999999
branching on 1 with b.
1168   410    29         46.7437    54.5094    16.6132    % 
UB: 54.50937499999999
branching on 2 with b.
1169   411    29         46.7437    54.5094    16.6132    % 
UB: 54.50937499999999
branching on 2 with b.
1170   412    28         46.7437    54.5094    16.6132    % 
LB close or above UB, fathomed
1171   411    31         46.7437    54.5094    16.6132    % 
UB: 54.50937499999999
branching on 3 with b.
1172   412    32         46.7437    54.5094    16.6132    % 
UB: 54.50937499999999
branching on 1 with b.
1173   413    32         46.7437    54.5094    16.6132    % 
LB close or above UB, fathomed
1174   412    31         46.7437    54.5094    16.6132    % 
LB close or above UB, fathomed
1175   411    27         46.7437    54.5094    16.6132    % 
LB close or above UB, fathomed
1176   410    27         46.7437    54.5094    16.6132    % 
UB: 54.50937499999999
branching on 3 with b.
1177   411    15         46.7437    54.5094    16.6132    % 
UB: 54.50937499999999
branching on 3 with b.
1178   412    16         46.7437    54.5094    16.6132    % 
LB close or above UB, fathomed
1179   411    16         46.7437    54.5094    16.6132    % 
UB: 54.50937499999999
branching on CartesianIndex(4, 2) with a.
1180   412    15         46.7437    54.5094    16.6132    % 
UB: 54.50937499999999
branching on CartesianIndex(1, 3) with a.
1181   413    25         46.7438    54.5094    16.6132    % 
LB close or above UB, fathomed
1182   412    25         46.7438    54.5094    16.6132    % 
UB: 54.50937499999999
branching on 1 with b.
1183   413    19         46.7438    54.5094    16.6132    % 
UB: 54.50937499999999
branching on CartesianIndex(3, 3) with a.
1184   414    20         46.7438    54.5094    16.6132    % 
UB: 54.50937499999999
branching on CartesianIndex(4, 3) with a.
1185   415    20         46.7438    54.5094    16.6132    % 
UB: 54.50937499999999
branching on 1 with b.
1186   416    19         46.7438    54.5094    16.6132    % 
LB close or above UB, fathomed
1187   415    27         46.7438    54.5094    16.6132    % 
UB: 54.50937499999999
branching on 1 with b.
1188   416    28         46.7438    54.5094    16.6132    % 
LB close or above UB, fathomed
1189   415    28         46.7438    54.5094    16.6132    % 
UB: 54.50937499999999
branching on 2 with b.
1190   416    27         46.7438    54.5094    16.6132    % 
LB close or above UB, fathomed
1191   415    31         46.7438    54.5094    16.6132    % 
UB: 54.50937499999999
branching on 1 with b.
1192   416    31         46.7438    54.5094    16.6132    % 
LB close or above UB, fathomed
1193   415    29         46.7438    54.5094    16.6132    % 
LB close or above UB, fathomed
1194   414    29         46.7438    54.5094    16.6132    % 
UB: 54.50937499999999
branching on 3 with b.
1195   415    26         46.7438    54.5094    16.6132    % 
UB: 54.50937499999999
branching on 3 with b.
1196   416    26         46.7438    54.5094    16.6132    % 
LB close or above UB, fathomed
1197   415    26         46.7438    54.5094    16.6132    % 
UB: 54.50937499999999
branching on CartesianIndex(1, 6) with c.
1198   416    27         46.7438    54.5094    16.6132    % 
LB close or above UB, fathomed
1199   415    27         46.7438    54.5094    16.6132    % 
UB: 54.50937499999999
branching on 2 with b.
1200   416    28         46.7438    54.5094    16.6132    % 
LB close or above UB, fathomed
1201   415    28         46.7438    54.5094    16.6132    % 
UB: 54.50937499999999
branching on CartesianIndex(1, 7) with c.
1202   416    29         46.7438    54.5094    16.6132    % 
UB: 54.50937499999999
branching on 3 with b.
1203   417    30         46.7438    54.5094    16.6132    % 
LB close or above UB, fathomed
1204   416    30         46.7438    54.5094    16.6132    % 
UB: 54.50937499999999
branching on 1 with b.
1205   417    29         46.7438    54.5094    16.6132    % 
LB close or above UB, fathomed
1206   416    26         46.7438    54.5094    16.6132    % 
LB close or above UB, fathomed
1207   415    28         46.7438    54.5094    16.6132    % 
LB close or above UB, fathomed
1208   414    28         46.7438    54.5094    16.6132    % 
UB: 54.50937499999999
branching on 3 with b.
1209   415    29         46.7438    54.5094    16.6132    % 
UB: 54.50937499999999
branching on 1 with b.
1210   416    29         46.7438    54.5094    16.6132    % 
LB close or above UB, fathomed
1211   415    18         46.7438    54.5094    16.6132    % 
LB close or above UB, fathomed
1212   414    18         46.7438    54.5094    16.6132    % 
UB: 54.50937499999999
branching on CartesianIndex(1, 5) with c.
1213   415    19         46.7438    54.5094    16.6132    % 
UB: 54.50937499999999
branching on 2 with b.
1214   416    20         46.7438    54.5094    16.6132    % 
UB: 54.50937499999999
branching on CartesianIndex(1, 6) with c.
1215   417    20         46.7438    54.5094    16.6132    % 
UB: 54.50937499999999
branching on CartesianIndex(1, 6) with c.
1216   418    19         46.7438    54.5094    16.6132    % 
LB close or above UB, fathomed
1217   417    18         46.7438    54.5094    16.6132    % 
LB close or above UB, fathomed
1218   416    18         46.7438    54.5094    16.6132    % 
UB: 54.50937499999999
branching on 2 with b.
1219   417    25         46.7438    54.5094    16.6132    % 
UB: 54.50937499999999
branching on 1 with b.
1220   418    26         46.7438    54.5094    16.6132    % 
UB: 54.50937499999999
branching on 2 with b.
1221   419    27         46.7438    54.5094    16.6132    % 
LB close or above UB, fathomed
1222   418    27         46.7438    54.5094    16.6132    % 
UB: 54.50937499999999
branching on 3 with b.
1223   419    28         46.7438    54.5094    16.6132    % 
UB: 54.50937499999999
branching on 1 with b.
1224   420    29         46.7438    54.5094    16.6132    % 
UB: 54.50937499999999
branching on 2 with b.
1225   421    29         46.7438    54.5094    16.6132    % 
LB close or above UB, fathomed
1226   420    28         46.7438    54.5094    16.6132    % 
LB close or above UB, fathomed
1227   419    26         46.7438    54.5094    16.6132    % 
LB close or above UB, fathomed
1228   418    25         46.7438    54.5094    16.6132    % 
LB close or above UB, fathomed
1229   417    18         46.7438    54.5094    16.6132    % 
LB close or above UB, fathomed
1230   416    18         46.7438    54.5094    16.6132    % 
UB: 54.50937499999999
branching on 2 with b.
1231   417    21         46.7438    54.5094    16.6132    % 
UB: 54.50937499999999
branching on CartesianIndex(4, 3) with a.
1232   418    21         46.7438    54.5094    16.6132    % 
UB: 54.50937499999999
branching on CartesianIndex(1, 4) with c.
1233   419    28         46.7438    54.5094    16.6132    % 
UB: 54.50937499999999
branching on 3 with b.
1234   420    29         46.7438    54.5094    16.6132    % 
UB: 54.50937499999999
branching on 1 with b.
1235   421    30         46.7438    54.5094    16.6132    % 
UB: 54.50937499999999
branching on 2 with b.
1236   422    31         46.7438    54.5094    16.6132    % 
UB: 54.50937499999999
branching on 3 with b.
1237   423    31         46.7438    54.5094    16.6132    % 
LB close or above UB, fathomed
1238   422    30         46.7438    54.5094    16.6132    % 
UB: 54.50937499999999
branching on 2 with b.
1239   423    29         46.7438    54.5094    16.6132    % 
UB: 54.50937499999999
branching on 1 with b.
1240   424    28         46.7438    54.5094    16.6132    % 
LB close or above UB, fathomed
1241   423    19         46.7438    54.5094    16.6132    % 
UB: 54.50937499999999
branching on 3 with b.
1242   424    20         46.7438    54.5094    16.6132    % 
UB: 54.50937499999999
branching on CartesianIndex(1, 4) with c.
1243   425    20         46.7438    54.5094    16.6132    % 
UB: 54.50937499999999
branching on CartesianIndex(1, 4) with c.
1244   426    19         46.7438    54.5094    16.6132    % 
LB close or above UB, fathomed
1245   425    21         46.7438    54.5094    16.6132    % 
LB close or above UB, fathomed
1246   424    21         46.7438    54.5094    16.6132    % 
UB: 54.50937499999999
branching on CartesianIndex(1, 7) with c.
1247   425    22         46.7438    54.5094    16.6132    % 
UB: 54.50937499999999
branching on 3 with b.
1248   426    23         46.7438    54.5094    16.6132    % 
LB close or above UB, fathomed
1249   425    23         46.7438    54.5094    16.6132    % 
UB: 54.50937499999999
branching on 1 with b.
1250   426    24         46.7438    54.5094    16.6132    % 
UB: 54.50937499999999
branching on 2 with b.
1251   427    24         46.7438    54.5094    16.6132    % 
UB: 54.50937499999999
branching on 2 with b.
1252   428    22         46.7438    54.5094    16.6132    % 
LB close or above UB, fathomed
1253   427    21         46.7438    54.5094    16.6132    % 
LB close or above UB, fathomed
1254   426    21         46.7438    54.5094    16.6132    % 
UB: 54.50937499999999
branching on CartesianIndex(1, 5) with c.
1255   427    22         46.7438    54.5094    16.6132    % 
UB: 54.50937499999999
branching on 3 with b.
1256   428    23         46.7438    54.5094    16.6132    % 
LB close or above UB, fathomed
1257   427    23         46.7438    54.5094    16.6132    % 
UB: 54.50937499999999
branching on CartesianIndex(1, 6) with c.
1258   428    24         46.7438    54.5094    16.6132    % 
LB close or above UB, fathomed
1259   427    24         46.7438    54.5094    16.6132    % 
UB: 54.50937499999999
branching on CartesianIndex(1, 7) with c.
1260   428    25         46.7438    54.5094    16.6132    % 
UB: 54.50937499999999
branching on 1 with b.
1261   429    26         46.7438    54.5094    16.6132    % 
UB: 54.50937499999999
branching on 2 with b.
1262   430    27         46.7438    54.5094    16.6132    % 
UB: 54.50937499999999
branching on 3 with b.
1263   431    28         46.7438    54.5094    16.6132    % 
LB close or above UB, fathomed
1264   430    28         46.7438    54.5094    16.6132    % 
UB: 54.50937499999999
branching on 1 with b.
1265   431    29         46.7438    54.5094    16.6132    % 
UB: 54.50937499999999
branching on 2 with b.
1266   432    29         46.7438    54.5094    16.6132    % 
UB: 54.50937499999999
branching on 2 with b.
1267   433    27         46.7438    54.5094    16.6132    % 
LB close or above UB, fathomed
1268   432    26         46.7438    54.5094    16.6132    % 
LB close or above UB, fathomed
1269   431    25         46.7438    54.5094    16.6132    % 
LB close or above UB, fathomed
1270   430    22         46.7438    54.5094    16.6132    % 
LB close or above UB, fathomed
1271   429    16         46.7505    54.5094    16.5962    % 
LB close or above UB, fathomed
1272   428    16         46.7505    54.5094    16.5962    % 
UB: 54.50937499999999
branching on CartesianIndex(1, 5) with c.
1273   429    18         47.4240    54.5094    14.9406    % 
UB: 54.50937499999999
branching on CartesianIndex(1, 5) with c.
1274   430    18         47.4240    54.5094    14.9406    % 
LB close or above UB, fathomed
1275   429    17         47.4240    54.5094    14.9406    % 
UB: 54.50937499999999
branching on CartesianIndex(1, 4) with c.
1276   430    17         47.4240    54.5094    14.9406    % 
LB close or above UB, fathomed
1277   429    18         47.4272    54.5094    14.9327    % 
LB close or above UB, fathomed
1278   428    18         47.4272    54.5094    14.9327    % 
LB close or above UB, fathomed
1279   427    8          47.6645    54.5094    14.3606    % 
LB close or above UB, fathomed
1280   426    8          47.6645    54.5094    14.3606    % 
UB: 54.50937499999999
branching on CartesianIndex(1, 2) with a.
1281   427    16         48.3388    54.5094    12.7652    % 
UB: 54.50937499999999
branching on CartesianIndex(1, 4) with c.
1282   428    16         48.3388    54.5094    12.7652    % 
LB close or above UB, fathomed
1283   427    18         48.6681    54.5094    12.0024    % 
LB close or above UB, fathomed
1284   426    18         48.6681    54.5094    12.0024    % 
UB: 54.50937499999999
branching on CartesianIndex(1, 5) with c.
1285   427    19         48.6681    54.5094    12.0024    % 
UB: 54.50937499999999
branching on CartesianIndex(1, 6) with c.
1286   428    19         48.6681    54.5094    12.0024    % 
UB: 54.50937499999999
branching on 1 with b.
1287   429    29         48.6851    54.5094    11.9632    % 
LB close or above UB, fathomed
1288   428    29         48.6851    54.5094    11.9632    % 
UB: 54.50937499999999
branching on 3 with b.
1289   429    28         48.6852    54.5094    11.9630    % 
LB close or above UB, fathomed
1290   428    28         48.6852    54.5094    11.9630    % 
UB: 54.50937499999999
branching on 3 with b.
1291   429    29         48.6852    54.5094    11.9630    % 
UB: 54.50937499999999
branching on 1 with b.
1292   430    29         48.6852    54.5094    11.9630    % 
LB close or above UB, fathomed
1293   429    30         48.6852    54.5094    11.9630    % 
LB close or above UB, fathomed
1294   428    30         48.6852    54.5094    11.9630    % 
UB: 54.50937499999999
branching on 3 with b.
1295   429    30         48.6852    54.5094    11.9630    % 
LB close or above UB, fathomed
1296   428    30         48.6852    54.5094    11.9630    % 
UB: 54.50937499999999
branching on 1 with b.
1297   429    31         48.6852    54.5094    11.9630    % 
LB close or above UB, fathomed
1298   428    31         48.6852    54.5094    11.9630    % 
LB close or above UB, fathomed
1299   427    32         48.6852    54.5094    11.9630    % 
UB: 54.50937499999999
branching on 2 with b.
1300   428    32         48.6852    54.5094    11.9630    % 
LB close or above UB, fathomed
1301   427    28         48.6852    54.5094    11.9630    % 
UB: 54.50937499999999
branching on 1 with b.
1302   428    29         48.6852    54.5094    11.9630    % 
UB: 54.50937499999999
branching on 2 with b.
1303   429    30         48.6852    54.5094    11.9630    % 
UB: 54.50937499999999
branching on 3 with b.
1304   430    31         48.6852    54.5094    11.9630    % 
LB close or above UB, fathomed
1305   429    31         48.6852    54.5094    11.9630    % 
UB: 54.50937499999999
branching on 1 with b.
1306   430    32         48.6852    54.5094    11.9630    % 
UB: 54.50937499999999
branching on 2 with b.
1307   431    32         48.6852    54.5094    11.9630    % 
UB: 54.50937499999999
branching on 2 with b.
1308   432    30         48.6852    54.5094    11.9630    % 
LB close or above UB, fathomed
1309   431    29         48.6852    54.5094    11.9630    % 
UB: 54.50937499999999
branching on 2 with b.
1310   432    28         48.6852    54.5094    11.9630    % 
UB: 54.50937499999999
branching on 1 with b.
1311   433    30         48.6852    54.5094    11.9630    % 
LB close or above UB, fathomed
1312   432    30         48.6852    54.5094    11.9630    % 
UB: 54.50937499999999
branching on 2 with b.
1313   433    31         48.6852    54.5094    11.9630    % 
UB: 54.50937499999999
branching on 3 with b.
1314   434    32         48.6852    54.5094    11.9630    % 
UB: 54.50937499999999
branching on 1 with b.
1315   435    32         48.6852    54.5094    11.9630    % 
UB: 54.50937499999999
branching on 1 with b.
1316   436    31         48.6852    54.5094    11.9630    % 
LB close or above UB, fathomed
1317   435    34         48.6852    54.5094    11.9630    % 
UB: 54.50937499999999
branching on 3 with b.
1318   436    34         48.6852    54.5094    11.9630    % 
LB close or above UB, fathomed
1319   435    17         48.6852    54.5094    11.9630    % 
UB: 54.50937499999999
branching on CartesianIndex(2, 3) with a.
1320   436    18         48.6852    54.5094    11.9630    % 
UB: 54.50937499999999
branching on CartesianIndex(3, 3) with a.
1321   437    19         48.6852    54.5094    11.9630    % 
LB close or above UB, fathomed
1322   436    19         48.6852    54.5094    11.9630    % 
UB: 54.50937499999999
branching on CartesianIndex(1, 4) with c.
1323   437    18         48.6852    54.5094    11.9630    % 
LB close or above UB, fathomed
1324   436    17         48.6852    54.5094    11.9630    % 
LB close or above UB, fathomed
1325   435    33         48.6852    54.5094    11.9630    % 
UB: 54.50937499999999
branching on 1 with b.
1326   436    33         48.6852    54.5094    11.9630    % 
UB: 54.50937499999999
branching on 1 with b.
1327   437    36         48.6852    54.5094    11.9630    % 
LB close or above UB, fathomed
1328   436    36         48.6852    54.5094    11.9630    % 
LB close or above UB, fathomed
1329   435    14         48.6852    54.5094    11.9630    % 
UB: 54.50937499999999
branching on CartesianIndex(1, 6) with c.
1330   436    15         48.6852    54.5094    11.9630    % 
LB close or above UB, fathomed
1331   435    15         48.6852    54.5094    11.9630    % 
UB: 54.50937499999999
branching on CartesianIndex(1, 7) with c.
1332   436    14         48.6852    54.5094    11.9630    % 
LB close or above UB, fathomed
1333   435    10         48.6852    54.5094    11.9630    % 
UB: 54.50937499999999
branching on 3 with b.
1334   436    11         48.6852    54.5094    11.9630    % 
LB close or above UB, fathomed
1335   435    11         48.6852    54.5094    11.9630    % 
LB close or above UB, fathomed
1336   434    10         48.6852    54.5094    11.9630    % 
LB close or above UB, fathomed
1337   433    14         48.6852    54.5094    11.9630    % 
UB: 54.50937499999999
branching on 1 with b.
1338   434    14         48.6852    54.5094    11.9630    % 
UB: 54.50937499999999
branching on CartesianIndex(1, 4) with c.
1339   435    31         48.6852    54.5094    11.9630    % 
LB close or above UB, fathomed
1340   434    31         48.6852    54.5094    11.9630    % 
LB close or above UB, fathomed
1341   433    31         48.6852    54.5094    11.9630    % 
LB close or above UB, fathomed
1342   432    31         48.6852    54.5094    11.9630    % 
UB: 54.50937499999999
branching on 1 with b.
1343   433    22         48.6852    54.5094    11.9630    % 
LB close or above UB, fathomed
1344   432    22         48.6852    54.5094    11.9630    % 
UB: 54.50937499999999
branching on 3 with b.
1345   433    23         48.6852    54.5094    11.9630    % 
LB close or above UB, fathomed
1346   432    23         48.6852    54.5094    11.9630    % 
UB: 54.50937499999999
branching on 1 with b.
1347   433    24         48.6852    54.5094    11.9630    % 
UB: 54.50937499999999
branching on 2 with b.
1348   434    25         48.6852    54.5094    11.9630    % 
LB close or above UB, fathomed
1349   433    25         48.6852    54.5094    11.9630    % 
UB: 54.50937499999999
branching on 3 with b.
1350   434    24         48.6852    54.5094    11.9630    % 
LB close or above UB, fathomed
1351   433    15         48.6852    54.5094    11.9630    % 
LB close or above UB, fathomed
1352   432    15         48.6852    54.5094    11.9630    % 
UB: 54.50937499999999
branching on 2 with b.
1353   433    36         48.6852    54.5094    11.9630    % 
LB close or above UB, fathomed
1354   432    36         48.6852    54.5094    11.9630    % 
UB: 54.50937499999999
branching on 2 with b.
1355   433    28         48.6852    54.5094    11.9630    % 
UB: 54.50937499999999
branching on 2 with b.
1356   434    28         48.6852    54.5094    11.9630    % 
LB close or above UB, fathomed
1357   433    38         48.6852    54.5094    11.9630    % 
UB: 54.50937499999999
branching on 1 with b.
1358   434    38         48.6852    54.5094    11.9630    % 
LB close or above UB, fathomed
1359   433    37         48.6852    54.5094    11.9630    % 
UB: 54.50937499999999
branching on 3 with b.
1360   434    37         48.6852    54.5094    11.9630    % 
UB: 54.50937499999999
branching on 3 with b.
1361   435    33         48.6852    54.5094    11.9630    % 
UB: 54.50937499999999
branching on 2 with b.
1362   436    33         48.6852    54.5094    11.9630    % 
UB: 54.50937499999999
branching on 2 with b.
1363   437    28         48.6852    54.5094    11.9630    % 
UB: 54.50937499999999
branching on 1 with b.
1364   438    29         48.6852    54.5094    11.9630    % 
LB close or above UB, fathomed
1365   437    29         48.6852    54.5094    11.9630    % 
UB: 54.50937499999999
branching on 2 with b.
1366   438    28         48.6852    54.5094    11.9630    % 
LB close or above UB, fathomed
1367   437    28         48.6852    54.5094    11.9630    % 
UB: 54.50937499999999
branching on 3 with b.
1368   438    28         48.6852    54.5094    11.9630    % 
LB close or above UB, fathomed
1369   437    30         48.6852    54.5094    11.9630    % 
UB: 54.50937499999999
branching on 2 with b.
1370   438    30         48.6852    54.5094    11.9630    % 
UB: 54.50937499999999
branching on 2 with b.
1371   439    17         48.6852    54.5094    11.9630    % 
UB: 54.50937499999999
branching on 1 with b.
1372   440    18         48.6852    54.5094    11.9630    % 
LB close or above UB, fathomed
1373   439    18         48.6852    54.5094    11.9630    % 
UB: 54.50937499999999
branching on CartesianIndex(2, 3) with a.
1374   440    19         48.6852    54.5094    11.9630    % 
UB: 54.50937499999999
branching on CartesianIndex(3, 3) with a.
1375   441    20         48.6852    54.5094    11.9630    % 
LB close or above UB, fathomed
1376   440    20         48.6852    54.5094    11.9630    % 
UB: 54.50937499999999
branching on CartesianIndex(1, 4) with c.
1377   441    19         48.6852    54.5094    11.9630    % 
LB close or above UB, fathomed
1378   440    17         48.6852    54.5094    11.9630    % 
LB close or above UB, fathomed
1379   439    20         48.6852    54.5094    11.9630    % 
LB close or above UB, fathomed
1380   438    20         48.6852    54.5094    11.9630    % 
UB: 54.50937499999999
branching on CartesianIndex(1, 4) with c.
1381   439    18         48.6852    54.5094    11.9630    % 
UB: 54.50937499999999
branching on CartesianIndex(2, 3) with a.
1382   440    19         48.6852    54.5094    11.9630    % 
UB: 54.50937499999999
branching on CartesianIndex(3, 3) with a.
1383   441    20         48.6852    54.5094    11.9630    % 
LB close or above UB, fathomed
1384   440    20         48.6852    54.5094    11.9630    % 
UB: 54.50937499999999
branching on CartesianIndex(1, 4) with c.
1385   441    19         48.6852    54.5094    11.9630    % 
LB close or above UB, fathomed
1386   440    18         48.6852    54.5094    11.9630    % 
LB close or above UB, fathomed
1387   439    39         48.6852    54.5094    11.9630    % 
UB: 54.50937499999999
branching on 2 with b.
1388   440    40         48.6852    54.5094    11.9630    % 
UB: 54.50937499999999
branching on 3 with b.
1389   441    40         48.6852    54.5094    11.9630    % 
LB close or above UB, fathomed
1390   440    39         48.6852    54.5094    11.9630    % 
UB: 54.50937499999999
branching on 2 with b.
1391   441    39         48.6852    54.5094    11.9630    % 
UB: 54.50937499999999
branching on 2 with b.
1392   442    40         48.6852    54.5094    11.9630    % 
UB: 54.50937499999999
branching on 3 with b.
1393   443    40         48.6852    54.5094    11.9630    % 
LB close or above UB, fathomed
1394   442    39         48.6852    54.5094    11.9630    % 
UB: 54.50937499999999
branching on 2 with b.
1395   443    40         48.6852    54.5094    11.9630    % 
UB: 54.50937499999999
branching on 3 with b.
1396   444    40         48.6852    54.5094    11.9630    % 
LB close or above UB, fathomed
1397   443    33         48.6852    54.5094    11.9630    % 
UB: 54.50937499999999
branching on 3 with b.
1398   444    33         48.6852    54.5094    11.9630    % 
LB close or above UB, fathomed
1399   443    34         48.6852    54.5094    11.9630    % 
UB: 54.50937499999999
branching on 1 with b.
1400   444    34         48.6852    54.5094    11.9630    % 
LB close or above UB, fathomed
1401   443    29         48.6852    54.5094    11.9630    % 
LB close or above UB, fathomed
1402   442    29         48.6852    54.5094    11.9630    % 
UB: 54.50937499999999
branching on 3 with b.
1403   443    30         48.6852    54.5094    11.9630    % 
UB: 54.50937499999999
branching on 1 with b.
1404   444    30         48.6852    54.5094    11.9630    % 
LB close or above UB, fathomed
1405   443    11         48.6852    54.5094    11.9630    % 
UB: 54.50937499999999
branching on 2 with b.
1406   444    12         48.6852    54.5094    11.9630    % 
UB: 54.50937499999999
branching on CartesianIndex(2, 2) with a.
1407   445    12         48.6852    54.5094    11.9630    % 
LB close or above UB, fathomed
1408   444    11         48.6852    54.5094    11.9630    % 
LB close or above UB, fathomed
1409   443    30         48.6852    54.5094    11.9630    % 
UB: 54.50937499999999
branching on 3 with b.
1410   444    31         48.6852    54.5094    11.9630    % 
LB close or above UB, fathomed
1411   443    31         48.6852    54.5094    11.9630    % 
UB: 54.50937499999999
branching on 1 with b.
1412   444    30         48.6852    54.5094    11.9630    % 
UB: 54.50937499999999
branching on 3 with b.
1413   445    33         48.6852    54.5094    11.9630    % 
LB close or above UB, fathomed
1414   444    33         48.6852    54.5094    11.9630    % 
UB: 54.50937499999999
branching on 2 with b.
1415   445    33         48.6852    54.5094    11.9630    % 
UB: 54.50937499999999
branching on 2 with b.
1416   446    33         48.6852    54.5094    11.9630    % 
UB: 54.50937499999999
branching on 2 with b.
1417   447    34         48.6852    54.5094    11.9630    % 
LB close or above UB, fathomed
1418   446    34         48.6852    54.5094    11.9630    % 
UB: 54.50937499999999
branching on 3 with b.
1419   447    32         48.6852    54.5094    11.9630    % 
UB: 54.50937499999999
branching on 3 with b.
1420   448    32         48.6852    54.5094    11.9630    % 
LB close or above UB, fathomed
1421   447    34         48.6852    54.5094    11.9630    % 
UB: 54.50937499999999
branching on 3 with b.
1422   448    34         48.6852    54.5094    11.9630    % 
LB close or above UB, fathomed
1423   447    27         48.6852    54.5094    11.9630    % 
UB: 54.50937499999999
branching on 1 with b.
1424   448    28         48.6852    54.5094    11.9630    % 
UB: 54.50937499999999
branching on 2 with b.
1425   449    28         48.6852    54.5094    11.9630    % 
LB close or above UB, fathomed
1426   448    27         48.6852    54.5094    11.9630    % 
LB close or above UB, fathomed
1427   447    33         48.6852    54.5094    11.9630    % 
UB: 54.50937499999999
branching on 2 with b.
1428   448    33         48.6852    54.5094    11.9630    % 
UB: 54.50937499999999
branching on 2 with b.
1429   449    14         48.6852    54.5094    11.9630    % 
LB close or above UB, fathomed
1430   448    14         48.6852    54.5094    11.9630    % 
LB close or above UB, fathomed
1431   447    33         48.6852    54.5094    11.9630    % 
UB: 54.50937499999999
branching on 2 with b.
1432   448    33         48.6852    54.5094    11.9630    % 
UB: 54.50937499999999
branching on 2 with b.
1433   449    28         48.6852    54.5094    11.9630    % 
UB: 54.50937499999999
branching on 3 with b.
1434   450    29         48.6852    54.5094    11.9630    % 
UB: 54.50937499999999
branching on 1 with b.
1435   451    29         48.6852    54.5094    11.9630    % 
LB close or above UB, fathomed
1436   450    28         48.6852    54.5094    11.9630    % 
LB close or above UB, fathomed
1437   449    20         48.6852    54.5094    11.9630    % 
UB: 54.50937499999999
branching on 3 with b.
1438   450    21         48.6852    54.5094    11.9630    % 
LB close or above UB, fathomed
1439   449    21         48.6852    54.5094    11.9630    % 
UB: 54.50937499999999
branching on 1 with b.
1440   450    22         48.6852    54.5094    11.9630    % 
LB close or above UB, fathomed
1441   449    22         48.6852    54.5094    11.9630    % 
LB close or above UB, fathomed
1442   448    20         48.6852    54.5094    11.9630    % 
UB: 54.50937499999999
branching on 3 with b.
1443   449    17         48.6852    54.5094    11.9630    % 
LB close or above UB, fathomed
1444   448    17         48.6852    54.5094    11.9630    % 
UB: 54.50937499999999
branching on CartesianIndex(2, 3) with a.
1445   449    16         48.6852    54.5094    11.9630    % 
UB: 54.50937499999999
branching on 1 with b.
1446   450    17         48.6852    54.5094    11.9630    % 
UB: 54.50937499999999
branching on 2 with b.
1447   451    18         48.6852    54.5094    11.9630    % 
LB close or above UB, fathomed
1448   450    18         48.6852    54.5094    11.9630    % 
UB: 54.50937499999999
branching on 3 with b.
1449   451    19         48.6852    54.5094    11.9630    % 
UB: 54.50937499999999
branching on 1 with b.
1450   452    20         48.6852    54.5094    11.9630    % 
UB: 54.50937499999999
branching on 2 with b.
1451   453    21         48.6852    54.5094    11.9630    % 
UB: 54.50937499999999
branching on 3 with b.
1452   454    22         48.6852    54.5094    11.9630    % 
LB close or above UB, fathomed
1453   453    22         48.6852    54.5094    11.9630    % 
UB: 54.50937499999999
branching on 1 with b.
1454   454    23         48.6852    54.5094    11.9630    % 
UB: 54.50937499999999
branching on 2 with b.
1455   455    23         48.6852    54.5094    11.9630    % 
LB close or above UB, fathomed
1456   454    21         48.6852    54.5094    11.9630    % 
LB close or above UB, fathomed
1457   453    20         48.6852    54.5094    11.9630    % 
LB close or above UB, fathomed
1458   452    19         48.6852    54.5094    11.9630    % 
LB close or above UB, fathomed
1459   451    17         48.6852    54.5094    11.9630    % 
LB close or above UB, fathomed
1460   450    16         48.6852    54.5094    11.9630    % 
LB close or above UB, fathomed
1461   449    19         48.6852    54.5094    11.9630    % 
LB close or above UB, fathomed
1462   448    19         48.6852    54.5094    11.9630    % 
UB: 54.50937499999999
branching on 1 with b.
1463   449    20         48.6852    54.5094    11.9630    % 
LB close or above UB, fathomed
1464   448    20         48.6852    54.5094    11.9630    % 
UB: 54.50937499999999
branching on CartesianIndex(1, 4) with c.
1465   449    21         48.6852    54.5094    11.9630    % 
LB close or above UB, fathomed
1466   448    21         48.6852    54.5094    11.9630    % 
UB: 54.50937499999999
branching on CartesianIndex(1, 5) with c.
1467   449    22         48.6852    54.5094    11.9630    % 
UB: 54.50937499999999
branching on CartesianIndex(1, 6) with c.
1468   450    23         48.6852    54.5094    11.9630    % 
LB close or above UB, fathomed
1469   449    23         48.6852    54.5094    11.9630    % 
UB: 54.50937499999999
branching on CartesianIndex(1, 7) with c.
1470   450    24         48.6852    54.5094    11.9630    % 
UB: 54.50937499999999
branching on 2 with b.
1471   451    25         48.6852    54.5094    11.9630    % 
LB close or above UB, fathomed
1472   450    25         48.6852    54.5094    11.9630    % 
UB: 54.50937499999999
branching on 3 with b.
1473   451    26         48.6852    54.5094    11.9630    % 
UB: 54.50937499999999
branching on 1 with b.
1474   452    27         48.6852    54.5094    11.9630    % 
LB close or above UB, fathomed
1475   451    27         48.6852    54.5094    11.9630    % 
UB: 54.50937499999999
branching on 2 with b.
1476   452    26         48.6852    54.5094    11.9630    % 
LB close or above UB, fathomed
1477   451    24         48.6852    54.5094    11.9630    % 
LB close or above UB, fathomed
1478   450    22         48.6852    54.5094    11.9630    % 
LB close or above UB, fathomed
1479   449    15         48.6852    54.5094    11.9630    % 
UB: 54.50937499999999
branching on CartesianIndex(1, 3) with a.
1480   450    16         48.6852    54.5094    11.9630    % 
UB: 54.50937499999999
branching on CartesianIndex(2, 3) with a.
1481   451    16         48.6852    54.5094    11.9630    % 
LB close or above UB, fathomed
1482   450    15         48.6852    54.5094    11.9630    % 
LB close or above UB, fathomed
1483   449    26         48.6852    54.5094    11.9630    % 
UB: 54.50937499999999
branching on 2 with b.
1484   450    27         48.6852    54.5094    11.9630    % 
LB close or above UB, fathomed
1485   449    27         48.6852    54.5094    11.9630    % 
UB: 54.50937499999999
branching on 3 with b.
1486   450    28         48.6852    54.5094    11.9630    % 
UB: 54.50937499999999
branching on 1 with b.
1487   451    29         48.6852    54.5094    11.9630    % 
UB: 54.50937499999999
branching on 2 with b.
1488   452    29         48.6852    54.5094    11.9630    % 
LB close or above UB, fathomed
1489   451    28         48.6852    54.5094    11.9630    % 
LB close or above UB, fathomed
1490   450    26         48.6852    54.5094    11.9630    % 
LB close or above UB, fathomed
1491   449    30         48.6852    54.5094    11.9630    % 
LB close or above UB, fathomed
1492   448    30         48.6852    54.5094    11.9630    % 
UB: 54.50937499999999
branching on 3 with b.
1493   449    31         48.6852    54.5094    11.9630    % 
LB close or above UB, fathomed
1494   448    31         48.6852    54.5094    11.9630    % 
UB: 54.50937499999999
branching on 1 with b.
1495   449    32         48.6852    54.5094    11.9630    % 
UB: 54.50937499999999
branching on 2 with b.
1496   450    32         48.6852    54.5094    11.9630    % 
UB: 54.50937499999999
branching on 2 with b.
1497   451    33         48.6852    54.5094    11.9630    % 
LB close or above UB, fathomed
1498   450    33         48.6852    54.5094    11.9630    % 
UB: 54.50937499999999
branching on 3 with b.
1499   451    35         48.6852    54.5094    11.9630    % 
UB: 54.50937499999999
branching on 1 with b.
1500   452    36         48.6852    54.5094    11.9630    % 
UB: 54.50937499999999
branching on 2 with b.
1501   453    37         48.6852    54.5094    11.9630    % 
UB: 54.50937499999999
branching on 3 with b.
1502   454    37         48.6852    54.5094    11.9630    % 
UB: 54.50937499999999
branching on 3 with b.
1503   455    38         48.6852    54.5094    11.9630    % 
UB: 54.50937499999999
branching on 1 with b.
1504   455    38         48.6852    54.5094    11.9630    % 
UB: 54.50937499999999
branching on 1 with b.
1505   455    36         48.6852    54.5094    11.9630    % 
UB: 54.50937499999999
branching on 2 with b.
1506   456    35         48.6852    54.5094    11.9630    % 
LB close or above UB, fathomed
1507   455    24         48.6852    54.5094    11.9630    % 
UB: 54.50937499999999
branching on 3 with b.
1508   456    25         48.6852    54.5094    11.9630    % 
UB: 54.50937499999999
branching on 1 with b.
1509   457    26         48.6852    54.5094    11.9630    % 
UB: 54.50937499999999
branching on 2 with b.
1510   458    26         48.6852    54.5094    11.9630    % 
UB: 54.50937499999999
branching on 2 with b.
1511   459    27         48.6852    54.5094    11.9630    % 
LB close or above UB, fathomed
1512   458    27         48.6852    54.5094    11.9630    % 
LB close or above UB, fathomed
1513   457    25         48.6852    54.5094    11.9630    % 
LB close or above UB, fathomed
1514   456    24         48.6852    54.5094    11.9630    % 
LB close or above UB, fathomed
1515   455    21         48.6852    54.5094    11.9630    % 
LB close or above UB, fathomed
1516   454    21         48.6852    54.5094    11.9630    % 
UB: 54.50937499999999
branching on 3 with b.
1517   455    22         48.6852    54.5094    11.9630    % 
LB close or above UB, fathomed
1518   454    22         48.6852    54.5094    11.9630    % 
UB: 54.50937499999999
branching on 1 with b.
1519   455    23         48.6852    54.5094    11.9630    % 
LB close or above UB, fathomed
1520   454    23         48.6852    54.5094    11.9630    % 
UB: 54.50937499999999
branching on 2 with b.
1521   455    24         48.6852    54.5094    11.9630    % 
UB: 54.50937499999999
branching on 3 with b.
1522   456    25         48.6852    54.5094    11.9630    % 
LB close or above UB, fathomed
1523   455    25         48.6852    54.5094    11.9630    % 
UB: 54.50937499999999
branching on 1 with b.
1524   456    26         48.6852    54.5094    11.9630    % 
LB close or above UB, fathomed
1525   455    26         48.6852    54.5094    11.9630    % 
UB: 54.50937499999999
branching on 2 with b.
1526   456    24         48.6852    54.5094    11.9630    % 
UB: 54.50937499999999
branching on 3 with b.
1527   457    19         48.6852    54.5094    11.9630    % 
LB close or above UB, fathomed
1528   456    19         48.6852    54.5094    11.9630    % 
UB: 54.50937499999999
branching on CartesianIndex(1, 5) with c.
1529   457    20         48.6852    54.5094    11.9630    % 
UB: 54.50937499999999
branching on CartesianIndex(1, 6) with c.
1530   458    20         48.6852    54.5094    11.9630    % 
LB close or above UB, fathomed
1531   457    30         48.6852    54.5094    11.9630    % 
LB close or above UB, fathomed
1532   456    30         48.6852    54.5094    11.9630    % 
UB: 54.50937499999999
branching on 3 with b.
1533   457    31         48.6852    54.5094    11.9630    % 
LB close or above UB, fathomed
1534   456    31         48.6852    54.5094    11.9630    % 
UB: 54.50937499999999
branching on 1 with b.
1535   457    27         48.6852    54.5094    11.9630    % 
UB: 54.50937499999999
branching on 3 with b.
1536   458    28         48.6852    54.5094    11.9630    % 
UB: 54.50937499999999
branching on 1 with b.
1537   459    29         48.6852    54.5094    11.9630    % 
LB close or above UB, fathomed
1538   458    29         48.6852    54.5094    11.9630    % 
UB: 54.50937499999999
branching on 2 with b.
1539   459    28         48.6852    54.5094    11.9630    % 
LB close or above UB, fathomed
1540   458    27         48.6852    54.5094    11.9630    % 
LB close or above UB, fathomed
1541   457    30         48.6852    54.5094    11.9630    % 
UB: 54.50937499999999
branching on 3 with b.
1542   458    30         48.6852    54.5094    11.9630    % 
LB close or above UB, fathomed
1543   457    21         48.6852    54.5094    11.9630    % 
UB: 54.50937499999999
branching on CartesianIndex(1, 4) with c.
1544   458    21         48.6852    54.5094    11.9630    % 
LB close or above UB, fathomed
1545   457    15         48.6852    54.5094    11.9630    % 
LB close or above UB, fathomed
1546   456    15         48.6852    54.5094    11.9630    % 
UB: 54.50937499999999
branching on 3 with b.
1547   457    16         48.6852    54.5094    11.9630    % 
UB: 54.50937499999999
branching on CartesianIndex(1, 3) with a.
1548   458    17         48.6852    54.5094    11.9630    % 
UB: 54.50937499999999
branching on CartesianIndex(2, 3) with a.
1549   459    18         48.6852    54.5094    11.9630    % 
LB close or above UB, fathomed
1550   458    18         48.6852    54.5094    11.9630    % 
LB close or above UB, fathomed
1551   457    17         48.6852    54.5094    11.9630    % 
LB close or above UB, fathomed
1552   456    16         48.6852    54.5094    11.9630    % 
LB close or above UB, fathomed
1553   455    18         48.6852    54.5094    11.9630    % 
LB close or above UB, fathomed
1554   454    18         48.6852    54.5094    11.9630    % 
UB: 54.50937499999999
branching on CartesianIndex(1, 5) with c.
1555   455    19         48.6852    54.5094    11.9630    % 
UB: 54.50937499999999
branching on CartesianIndex(1, 6) with c.
1556   456    20         48.6852    54.5094    11.9630    % 
UB: 54.50937499999999
branching on 3 with b.
1557   457    21         48.6852    54.5094    11.9630    % 
LB close or above UB, fathomed
1558   456    21         48.6852    54.5094    11.9630    % 
LB close or above UB, fathomed
1559   455    20         48.6852    54.5094    11.9630    % 
LB close or above UB, fathomed
1560   454    19         48.6852    54.5094    11.9630    % 
LB close or above UB, fathomed
1561   453    21         48.6852    54.5094    11.9630    % 
LB close or above UB, fathomed
1562   452    21         48.6852    54.5094    11.9630    % 
UB: 54.50937499999999
branching on CartesianIndex(1, 5) with c.
1563   453    22         48.6852    54.5094    11.9630    % 
LB close or above UB, fathomed
1564   452    22         48.6852    54.5094    11.9630    % 
UB: 54.50937499999999
branching on CartesianIndex(1, 6) with c.
1565   453    17         48.6852    54.5094    11.9630    % 
UB: 54.50937499999999
branching on CartesianIndex(1, 6) with c.
1566   454    17         48.6852    54.5094    11.9630    % 
UB: 54.50937499999999
branching on 2 with b.
1567   455    16         48.6852    54.5094    11.9630    % 
UB: 54.50937499999999
branching on 3 with b.
1568   456    17         48.6852    54.5094    11.9630    % 
LB close or above UB, fathomed
1569   455    17         48.6852    54.5094    11.9630    % 
UB: 54.50937499999999
branching on 1 with b.
1570   456    16         48.6852    54.5094    11.9630    % 
LB close or above UB, fathomed
1571   455    29         48.6852    54.5094    11.9630    % 
LB close or above UB, fathomed
1572   454    29         48.6852    54.5094    11.9630    % 
UB: 54.50937499999999
branching on 1 with b.
1573   455    23         48.6852    54.5094    11.9630    % 
UB: 54.50937499999999
branching on CartesianIndex(1, 6) with c.
1574   456    24         48.6852    54.5094    11.9630    % 
LB close or above UB, fathomed
1575   455    24         48.6852    54.5094    11.9630    % 
UB: 54.50937499999999
branching on CartesianIndex(1, 7) with c.
1576   456    25         48.6852    54.5094    11.9630    % 
UB: 54.50937499999999
branching on 3 with b.
1577   457    26         48.6852    54.5094    11.9630    % 
LB close or above UB, fathomed
1578   456    26         48.6852    54.5094    11.9630    % 
UB: 54.50937499999999
branching on 1 with b.
1579   457    27         48.6852    54.5094    11.9630    % 
UB: 54.50937499999999
branching on 2 with b.
1580   458    27         48.6852    54.5094    11.9630    % 
UB: 54.50937499999999
branching on 2 with b.
1581   459    25         48.6852    54.5094    11.9630    % 
LB close or above UB, fathomed
1582   458    23         48.6852    54.5094    11.9630    % 
LB close or above UB, fathomed
1583   457    21         48.6852    54.5094    11.9630    % 
LB close or above UB, fathomed
1584   456    21         48.6852    54.5094    11.9630    % 
LB close or above UB, fathomed
1585   455    23         48.6852    54.5094    11.9630    % 
UB: 54.50937499999999
branching on CartesianIndex(1, 6) with c.
1586   456    24         48.6852    54.5094    11.9630    % 
LB close or above UB, fathomed
1587   455    24         48.6852    54.5094    11.9630    % 
UB: 54.50937499999999
branching on CartesianIndex(1, 7) with c.
1588   456    25         48.6852    54.5094    11.9630    % 
UB: 54.50937499999999
branching on 1 with b.
1589   457    26         48.6852    54.5094    11.9630    % 
LB close or above UB, fathomed
1590   456    26         48.6852    54.5094    11.9630    % 
UB: 54.50937499999999
branching on 2 with b.
1591   457    27         48.6852    54.5094    11.9630    % 
LB close or above UB, fathomed
1592   456    27         48.6852    54.5094    11.9630    % 
UB: 54.50937499999999
branching on 3 with b.
1593   457    28         48.6852    54.5094    11.9630    % 
UB: 54.50937499999999
branching on 1 with b.
1594   458    29         48.6852    54.5094    11.9630    % 
UB: 54.50937499999999
branching on 2 with b.
1595   459    29         48.6852    54.5094    11.9630    % 
LB close or above UB, fathomed
1596   458    28         48.6852    54.5094    11.9630    % 
LB close or above UB, fathomed
1597   457    25         48.6852    54.5094    11.9630    % 
LB close or above UB, fathomed
1598   456    23         48.6852    54.5094    11.9630    % 
LB close or above UB, fathomed
1599   455    26         48.6852    54.5094    11.9630    % 
LB close or above UB, fathomed
1600   454    26         48.6852    54.5094    11.9630    % 
UB: 54.50937499999999
branching on 3 with b.
1601   455    23         48.6852    54.5094    11.9630    % 
UB: 54.50937499999999
branching on 3 with b.
1602   456    24         48.6852    54.5094    11.9630    % 
UB: 54.50937499999999
branching on 1 with b.
1603   457    25         48.6852    54.5094    11.9630    % 
UB: 54.50937499999999
branching on 2 with b.
1604   458    26         48.6852    54.5094    11.9630    % 
LB close or above UB, fathomed
1605   457    26         48.6852    54.5094    11.9630    % 
LB close or above UB, fathomed
1606   456    25         48.6852    54.5094    11.9630    % 
LB close or above UB, fathomed
1607   455    24         48.6852    54.5094    11.9630    % 
LB close or above UB, fathomed
1608   454    23         48.6852    54.5094    11.9630    % 
LB close or above UB, fathomed
1609   453    19         48.6852    54.5094    11.9630    % 
LB close or above UB, fathomed
1610   452    19         48.6852    54.5094    11.9630    % 
UB: 54.50937499999999
branching on CartesianIndex(1, 4) with c.
1611   453    20         48.6852    54.5094    11.9630    % 
LB close or above UB, fathomed
1612   452    20         48.6852    54.5094    11.9630    % 
UB: 54.50937499999999
branching on 3 with b.
1613   453    21         48.6852    54.5094    11.9630    % 
LB close or above UB, fathomed
1614   452    21         48.6852    54.5094    11.9630    % 
UB: 54.50937499999999
branching on CartesianIndex(1, 5) with c.
1615   453    22         48.6852    54.5094    11.9630    % 
UB: 54.50937499999999
branching on CartesianIndex(1, 6) with c.
1616   454    23         48.6852    54.5094    11.9630    % 
LB close or above UB, fathomed
1617   453    23         48.6852    54.5094    11.9630    % 
UB: 54.50937499999999
branching on 1 with b.
1618   454    24         48.6852    54.5094    11.9630    % 
UB: 54.50937499999999
branching on CartesianIndex(1, 7) with c.
1619   455    24         48.6852    54.5094    11.9630    % 
LB close or above UB, fathomed
1620   454    22         48.6852    54.5094    11.9630    % 
LB close or above UB, fathomed
1621   453    22         48.6852    54.5094    11.9630    % 
LB close or above UB, fathomed
1622   452    22         48.6852    54.5094    11.9630    % 
UB: 54.50937499999999
branching on 3 with b.
1623   453    23         48.6852    54.5094    11.9630    % 
LB close or above UB, fathomed
1624   452    23         48.6852    54.5094    11.9630    % 
UB: 54.50937499999999
branching on CartesianIndex(1, 4) with c.
1625   453    24         48.6852    54.5094    11.9630    % 
LB close or above UB, fathomed
1626   452    24         48.6852    54.5094    11.9630    % 
UB: 54.50937499999999
branching on CartesianIndex(1, 5) with c.
1627   453    25         48.6852    54.5094    11.9630    % 
UB: 54.50937499999999
branching on CartesianIndex(1, 6) with c.
1628   454    26         48.6852    54.5094    11.9630    % 
LB close or above UB, fathomed
1629   453    26         48.6852    54.5094    11.9630    % 
UB: 54.50937499999999
branching on CartesianIndex(1, 7) with c.
1630   454    27         48.6852    54.5094    11.9630    % 
UB: 54.50937499999999
branching on 1 with b.
1631   455    28         48.6852    54.5094    11.9630    % 
UB: 54.50937499999999
branching on 2 with b.
1632   456    29         48.6852    54.5094    11.9630    % 
UB: 54.50937499999999
branching on 3 with b.
1633   457    30         48.6852    54.5094    11.9630    % 
LB close or above UB, fathomed
1634   456    30         48.6852    54.5094    11.9630    % 
UB: 54.50937499999999
branching on 1 with b.
1635   457    31         48.6852    54.5094    11.9630    % 
UB: 54.50937499999999
branching on 2 with b.
1636   458    31         48.6852    54.5094    11.9630    % 
UB: 54.50937499999999
branching on 2 with b.
1637   459    29         48.6852    54.5094    11.9630    % 
LB close or above UB, fathomed
1638   458    28         48.6852    54.5094    11.9630    % 
LB close or above UB, fathomed
1639   457    27         48.6852    54.5094    11.9630    % 
LB close or above UB, fathomed
1640   456    25         48.6852    54.5094    11.9630    % 
LB close or above UB, fathomed
1641   455    14         48.6852    54.5094    11.9630    % 
UB: 54.50937499999999
branching on 1 with b.
1642   456    15         48.6852    54.5094    11.9630    % 
UB: 54.50937499999999
branching on CartesianIndex(2, 3) with a.
1643   457    16         48.6852    54.5094    11.9630    % 
UB: 54.50937499999999
branching on 2 with b.
1644   458    17         48.6852    54.5094    11.9630    % 
UB: 54.50937499999999
branching on CartesianIndex(3, 3) with a.
1645   459    18         48.6852    54.5094    11.9630    % 
UB: 54.50937499999999
branching on CartesianIndex(4, 3) with a.
1646   460    19         48.6852    54.5094    11.9630    % 
LB close or above UB, fathomed
1647   459    19         48.6852    54.5094    11.9630    % 
UB: 54.50937499999999
branching on CartesianIndex(1, 4) with c.
1648   460    20         48.6852    54.5094    11.9630    % 
LB close or above UB, fathomed
1649   459    20         48.6852    54.5094    11.9630    % 
UB: 54.50937499999999
branching on CartesianIndex(1, 5) with c.
1650   460    21         48.6852    54.5094    11.9630    % 
UB: 54.50937499999999
branching on 3 with b.
1651   461    22         48.6852    54.5094    11.9630    % 
UB: 54.50937499999999
branching on CartesianIndex(1, 6) with c.
1652   462    22         48.6852    54.5094    11.9630    % 
LB close or above UB, fathomed
1653   461    21         48.6852    54.5094    11.9630    % 
LB close or above UB, fathomed
1654   460    18         48.6852    54.5094    11.9630    % 
UB: 54.50937499999999
branching on 3 with b.
1655   461    17         48.6852    54.5094    11.9630    % 
LB close or above UB, fathomed
1656   460    16         48.6852    54.5094    11.9630    % 
LB close or above UB, fathomed
1657   459    15         48.6852    54.5094    11.9630    % 
LB close or above UB, fathomed
1658   458    14         48.6852    54.5094    11.9630    % 
LB close or above UB, fathomed
1659   457    27         48.6852    54.5094    11.9630    % 
UB: 54.50937499999999
branching on 3 with b.
1660   458    28         48.6852    54.5094    11.9630    % 
UB: 54.50937499999999
branching on 1 with b.
1661   459    29         48.6852    54.5094    11.9630    % 
UB: 54.50937499999999
branching on 2 with b.
1662   460    29         48.6852    54.5094    11.9630    % 
LB close or above UB, fathomed
1663   459    28         48.6852    54.5094    11.9630    % 
LB close or above UB, fathomed
1664   458    27         48.6852    54.5094    11.9630    % 
LB close or above UB, fathomed
1665   457    18         48.6852    54.5094    11.9630    % 
LB close or above UB, fathomed
1666   456    18         48.6852    54.5094    11.9630    % 
UB: 54.50937499999999
branching on 2 with b.
1667   457    19         48.6852    54.5094    11.9630    % 
LB close or above UB, fathomed
1668   456    19         48.6852    54.5094    11.9630    % 
UB: 54.50937499999999
branching on CartesianIndex(1, 7) with c.
1669   457    20         48.6852    54.5094    11.9630    % 
UB: 54.50937499999999
branching on 3 with b.
1670   458    21         48.6852    54.5094    11.9630    % 
LB close or above UB, fathomed
1671   457    21         48.6852    54.5094    11.9630    % 
UB: 54.50937499999999
branching on 1 with b.
1672   458    22         48.6852    54.5094    11.9630    % 
UB: 54.50937499999999
branching on 2 with b.
1673   459    23         48.6852    54.5094    11.9630    % 
LB close or above UB, fathomed
1674   458    23         48.6852    54.5094    11.9630    % 
UB: 54.50937499999999
branching on 3 with b.
1675   459    24         48.6852    54.5094    11.9630    % 
UB: 54.50937499999999
branching on 1 with b.
1676   460    25         48.6852    54.5094    11.9630    % 
UB: 54.50937499999999
branching on 2 with b.
1677   461    25         48.6852    54.5094    11.9630    % 
LB close or above UB, fathomed
1678   460    24         48.6852    54.5094    11.9630    % 
UB: 54.50937499999999
branching on 1 with b.
1679   461    22         48.6852    54.5094    11.9630    % 
LB close or above UB, fathomed
1680   460    20         48.6852    54.5094    11.9630    % 
LB close or above UB, fathomed
1681   459    18         48.6852    54.5094    11.9630    % 
UB: 54.50937499999999
branching on CartesianIndex(3, 3) with a.
1682   460    19         48.6852    54.5094    11.9630    % 
LB close or above UB, fathomed
1683   459    19         48.6852    54.5094    11.9630    % 
UB: 54.50937499999999
branching on CartesianIndex(1, 4) with c.
1684   460    18         48.6852    54.5094    11.9630    % 
LB close or above UB, fathomed
1685   459    20         48.6852    54.5094    11.9630    % 
LB close or above UB, fathomed
1686   458    20         48.6852    54.5094    11.9630    % 
UB: 54.50937499999999
branching on CartesianIndex(1, 5) with c.
1687   459    21         48.6852    54.5094    11.9630    % 
UB: 54.50937499999999
branching on CartesianIndex(1, 6) with c.
1688   460    22         48.6852    54.5094    11.9630    % 
LB close or above UB, fathomed
1689   459    22         48.6852    54.5094    11.9630    % 
UB: 54.50937499999999
branching on CartesianIndex(1, 7) with c.
1690   460    23         48.6852    54.5094    11.9630    % 
UB: 54.50937499999999
branching on 3 with b.
1691   461    24         48.6852    54.5094    11.9630    % 
LB close or above UB, fathomed
1692   460    24         48.6852    54.5094    11.9630    % 
UB: 54.50937499999999
branching on 1 with b.
1693   461    25         48.6852    54.5094    11.9630    % 
UB: 54.50937499999999
branching on 2 with b.
1694   462    25         48.6852    54.5094    11.9630    % 
LB close or above UB, fathomed
1695   461    23         48.6852    54.5094    11.9630    % 
LB close or above UB, fathomed
1696   460    21         48.6852    54.5094    11.9630    % 
LB close or above UB, fathomed
1697   459    15         48.8469    54.5094    11.5922    % 
LB close or above UB, fathomed
1698   458    15         48.8469    54.5094    11.5922    % 
LB close or above UB, fathomed
1699   457    13         48.8529    54.5094    11.5785    % 
LB close or above UB, fathomed
1700   456    13         48.8529    54.5094    11.5785    % 
LB close or above UB, fathomed
1701   455    11         50.5280    54.5094    7.8795     % 
LB close or above UB, fathomed
1702   454    11         50.5280    54.5094    7.8795     % 
UB: 54.50937499999999
branching on CartesianIndex(1, 3) with a.
1703   455    13         50.5766    54.5094    7.7760     % 
LB close or above UB, fathomed
1704   454    13         50.5766    54.5094    7.7760     % 
UB: 54.50937499999999
branching on CartesianIndex(1, 6) with c.
1705   455    14         50.5766    54.5094    7.7760     % 
LB close or above UB, fathomed
1706   454    14         50.5766    54.5094    7.7760     % 
UB: 54.50937499999999
branching on CartesianIndex(1, 7) with c.
1707   455    15         50.5766    54.5094    7.7760     % 
UB: 54.50937499999999
branching on 1 with b.
1708   456    16         50.5766    54.5094    7.7760     % 
UB: 54.50937499999999
branching on 3 with b.
1709   457    17         50.5766    54.5094    7.7760     % 
LB close or above UB, fathomed
1710   456    17         50.5766    54.5094    7.7760     % 
UB: 54.50937499999999
branching on 1 with b.
1711   457    18         50.5766    54.5094    7.7760     % 
LB close or above UB, fathomed
1712   456    18         50.5766    54.5094    7.7760     % 
UB: 54.50937499999999
branching on 3 with b.
1713   457    19         50.5766    54.5094    7.7760     % 
LB close or above UB, fathomed
1714   456    19         50.5766    54.5094    7.7760     % 
UB: 54.50937499999999
branching on 1 with b.
1715   457    16         50.5766    54.5094    7.7760     % 
LB close or above UB, fathomed
1716   456    15         50.5766    54.5094    7.7760     % 
LB close or above UB, fathomed
1717   455    20         50.6095    54.5094    7.7059     % 
LB close or above UB, fathomed
1718   454    20         50.6095    54.5094    7.7059     % 
UB: 54.50937499999999
branching on CartesianIndex(1, 7) with c.
1719   455    21         50.6095    54.5094    7.7059     % 
UB: 54.50937499999999
branching on 1 with b.
1720   456    22         50.6095    54.5094    7.7059     % 
UB: 54.50937499999999
branching on 2 with b.
1721   457    22         50.6095    54.5094    7.7059     % 
LB close or above UB, fathomed
1722   456    21         50.6095    54.5094    7.7059     % 
LB close or above UB, fathomed
1723   455    30         50.6265    54.5094    7.6696     % 
UB: 54.50937499999999
branching on 1 with b.
1724   456    30         50.6265    54.5094    7.6696     % 
LB close or above UB, fathomed
1725   455    34         50.6266    54.5094    7.6695     % 
UB: 54.50937499999999
branching on 1 with b.
1726   456    35         50.6266    54.5094    7.6695     % 
UB: 54.50937499999999
branching on 2 with b.
1727   457    35         50.6266    54.5094    7.6695     % 
LB close or above UB, fathomed
1728   456    34         50.6266    54.5094    7.6695     % 
LB close or above UB, fathomed
1729   455    30         50.6266    54.5094    7.6695     % 
LB close or above UB, fathomed
1730   454    30         50.6266    54.5094    7.6695     % 
UB: 54.50937499999999
branching on 2 with b.
1731   455    31         50.6266    54.5094    7.6695     % 
LB close or above UB, fathomed
1732   454    31         50.6266    54.5094    7.6695     % 
UB: 54.50937499999999
branching on 3 with b.
1733   455    27         50.6266    54.5094    7.6695     % 
UB: 54.50937499999999
branching on 1 with b.
1734   456    27         50.6266    54.5094    7.6695     % 
LB close or above UB, fathomed
1735   455    28         50.6266    54.5094    7.6695     % 
LB close or above UB, fathomed
1736   454    28         50.6266    54.5094    7.6695     % 
UB: 54.50937499999999
branching on 3 with b.
1737   455    29         50.6266    54.5094    7.6695     % 
LB close or above UB, fathomed
1738   454    29         50.6266    54.5094    7.6695     % 
UB: 54.50937499999999
branching on 1 with b.
1739   455    30         50.6266    54.5094    7.6695     % 
UB: 54.50937499999999
branching on 2 with b.
1740   456    30         50.6266    54.5094    7.6695     % 
LB close or above UB, fathomed
1741   455    27         50.6266    54.5094    7.6695     % 
LB close or above UB, fathomed
1742   454    27         50.6266    54.5094    7.6695     % 
UB: 54.50937499999999
branching on 3 with b.
1743   455    28         50.6266    54.5094    7.6695     % 
UB: 54.50937499999999
branching on 1 with b.
1744   456    29         50.6266    54.5094    7.6695     % 
UB: 54.50937499999999
branching on 2 with b.
1745   457    29         50.6266    54.5094    7.6695     % 
UB: 54.50937499999999
branching on 2 with b.
1746   458    28         50.6266    54.5094    7.6695     % 
LB close or above UB, fathomed
1747   457    37         50.6266    54.5094    7.6695     % 
LB close or above UB, fathomed
1748   456    37         50.6266    54.5094    7.6695     % 
UB: 54.50937499999999
branching on 3 with b.
1749   457    38         50.6266    54.5094    7.6695     % 
UB: 54.50937499999999
branching on 1 with b.
1750   458    38         50.6266    54.5094    7.6695     % 
LB close or above UB, fathomed
1751   457    30         50.6266    54.5094    7.6695     % 
LB close or above UB, fathomed
1752   456    30         50.6266    54.5094    7.6695     % 
UB: 54.50937499999999
branching on 3 with b.
1753   457    17         50.6266    54.5094    7.6695     % 
LB close or above UB, fathomed
1754   456    17         50.6266    54.5094    7.6695     % 
LB close or above UB, fathomed
1755   455    28         50.6266    54.5094    7.6695     % 
LB close or above UB, fathomed
1756   454    28         50.6266    54.5094    7.6695     % 
UB: 54.50937499999999
branching on 3 with b.
1757   455    24         50.6266    54.5094    7.6695     % 
UB: 54.50937499999999
branching on 3 with b.
1758   456    25         50.6266    54.5094    7.6695     % 
UB: 54.50937499999999
branching on 1 with b.
1759   457    26         50.6266    54.5094    7.6695     % 
LB close or above UB, fathomed
1760   456    26         50.6266    54.5094    7.6695     % 
LB close or above UB, fathomed
1761   455    25         50.6266    54.5094    7.6695     % 
LB close or above UB, fathomed
1762   454    24         50.6266    54.5094    7.6695     % 
LB close or above UB, fathomed
1763   453    30         50.6266    54.5094    7.6695     % 
LB close or above UB, fathomed
1764   452    30         50.6266    54.5094    7.6695     % 
UB: 54.50937499999999
branching on 2 with b.
1765   453    31         50.6266    54.5094    7.6695     % 
UB: 54.50937499999999
branching on 3 with b.
1766   454    31         50.6266    54.5094    7.6695     % 
LB close or above UB, fathomed
1767   453    34         50.6266    54.5094    7.6695     % 
UB: 54.50937499999999
branching on 3 with b.
1768   454    34         50.6266    54.5094    7.6695     % 
LB close or above UB, fathomed
1769   453    34         50.6266    54.5094    7.6695     % 
UB: 54.50937499999999
branching on 3 with b.
1770   454    34         50.6266    54.5094    7.6695     % 
LB close or above UB, fathomed
1771   453    34         50.6266    54.5094    7.6695     % 
UB: 54.50937499999999
branching on 3 with b.
1772   454    34         50.6266    54.5094    7.6695     % 
LB close or above UB, fathomed
1773   453    35         50.6266    54.5094    7.6695     % 
UB: 54.50937499999999
branching on 1 with b.
1774   454    36         50.6266    54.5094    7.6695     % 
UB: 54.50937499999999
branching on 2 with b.
1775   455    37         50.6266    54.5094    7.6695     % 
LB close or above UB, fathomed
1776   454    37         50.6266    54.5094    7.6695     % 
UB: 54.50937499999999
branching on 3 with b.
1777   455    38         50.6266    54.5094    7.6695     % 
UB: 54.50937499999999
branching on 1 with b.
1778   456    38         50.6266    54.5094    7.6695     % 
UB: 54.50937499999999
branching on 1 with b.
1779   457    36         50.6266    54.5094    7.6695     % 
UB: 54.50937499999999
branching on 2 with b.
1780   458    35         50.6266    54.5094    7.6695     % 
UB: 54.50937499999999
branching on 1 with b.
1781   459    33         50.6266    54.5094    7.6695     % 
LB close or above UB, fathomed
1782   458    33         50.6266    54.5094    7.6695     % 
UB: 54.50937499999999
branching on 1 with b.
1783   459    13         50.6266    54.5094    7.6695     % 
UB: 54.50937499999999
branching on CartesianIndex(3, 2) with a.
1784   460    14         50.6266    54.5094    7.6695     % 
LB close or above UB, fathomed
1785   459    14         50.6266    54.5094    7.6695     % 
LB close or above UB, fathomed
1786   458    13         50.6266    54.5094    7.6695     % 
LB close or above UB, fathomed
1787   457    31         50.6266    54.5094    7.6695     % 
UB: 54.50937499999999
branching on 2 with b.
1788   458    31         50.6266    54.5094    7.6695     % 
LB close or above UB, fathomed
1789   457    30         50.6266    54.5094    7.6695     % 
UB: 54.50937499999999
branching on 1 with b.
1790   458    31         50.6266    54.5094    7.6695     % 
LB close or above UB, fathomed
1791   457    31         50.6266    54.5094    7.6695     % 
LB close or above UB, fathomed
1792   456    30         50.6266    54.5094    7.6695     % 
LB close or above UB, fathomed
1793   455    34         50.6266    54.5094    7.6695     % 
UB: 54.50937499999999
branching on 1 with b.
1794   456    34         50.6266    54.5094    7.6695     % 
LB close or above UB, fathomed
1795   455    41         50.6266    54.5094    7.6695     % 
LB close or above UB, fathomed
1796   454    41         50.6266    54.5094    7.6695     % 
LB close or above UB, fathomed
1797   453    41         50.6266    54.5094    7.6695     % 
LB close or above UB, fathomed
1798   452    41         50.6266    54.5094    7.6695     % 
LB close or above UB, fathomed
1799   451    40         50.6266    54.5094    7.6695     % 
UB: 54.50937499999999
branching on 3 with b.
1800   452    40         50.6266    54.5094    7.6695     % 
LB close or above UB, fathomed
1801   451    41         50.6266    54.5094    7.6695     % 
LB close or above UB, fathomed
1802   450    41         50.6266    54.5094    7.6695     % 
UB: 54.50937499999999
branching on 1 with b.
1803   451    31         50.6266    54.5094    7.6695     % 
UB: 54.50937499999999
branching on 3 with b.
1804   452    31         50.6266    54.5094    7.6695     % 
LB close or above UB, fathomed
1805   451    31         50.6266    54.5094    7.6695     % 
UB: 54.50937499999999
branching on 3 with b.
1806   452    31         50.6266    54.5094    7.6695     % 
LB close or above UB, fathomed
1807   451    29         50.6266    54.5094    7.6695     % 
UB: 54.50937499999999
branching on 1 with b.
1808   452    29         50.6266    54.5094    7.6695     % 
LB close or above UB, fathomed
1809   451    34         50.6266    54.5094    7.6695     % 
LB close or above UB, fathomed
1810   450    34         50.6266    54.5094    7.6695     % 
UB: 54.50937499999999
branching on 3 with b.
1811   451    35         50.6266    54.5094    7.6695     % 
UB: 54.50937499999999
branching on 1 with b.
1812   452    36         50.6266    54.5094    7.6695     % 
UB: 54.50937499999999
branching on 2 with b.
1813   453    36         50.6266    54.5094    7.6695     % 
UB: 54.50937499999999
branching on 2 with b.
1814   454    37         50.6266    54.5094    7.6695     % 
LB close or above UB, fathomed
1815   453    37         50.6266    54.5094    7.6695     % 
LB close or above UB, fathomed
1816   452    35         50.6266    54.5094    7.6695     % 
LB close or above UB, fathomed
1817   451    38         50.6266    54.5094    7.6695     % 
UB: 54.50937499999999
branching on 1 with b.
1818   452    38         50.6266    54.5094    7.6695     % 
LB close or above UB, fathomed
1819   451    39         50.6266    54.5094    7.6695     % 
UB: 54.50937499999999
branching on 2 with b.
1820   452    40         50.6266    54.5094    7.6695     % 
UB: 54.50937499999999
branching on 3 with b.
1821   453    40         50.6266    54.5094    7.6695     % 
LB close or above UB, fathomed
1822   452    39         50.6266    54.5094    7.6695     % 
UB: 54.50937499999999
branching on 2 with b.
1823   453    40         50.6266    54.5094    7.6695     % 
UB: 54.50937499999999
branching on 3 with b.
1824   454    40         50.6266    54.5094    7.6695     % 
LB close or above UB, fathomed
1825   453    37         50.6266    54.5094    7.6695     % 
LB close or above UB, fathomed
1826   452    37         50.6266    54.5094    7.6695     % 
LB close or above UB, fathomed
1827   451    26         50.6266    54.5094    7.6695     % 
UB: 54.50937499999999
branching on 1 with b.
1828   452    27         50.6266    54.5094    7.6695     % 
LB close or above UB, fathomed
1829   451    27         50.6266    54.5094    7.6695     % 
LB close or above UB, fathomed
1830   450    26         50.6266    54.5094    7.6695     % 
LB close or above UB, fathomed
1831   449    34         50.6266    54.5094    7.6695     % 
UB: 54.50937499999999
branching on 2 with b.
1832   450    34         50.6266    54.5094    7.6695     % 
UB: 54.50937499999999
branching on 2 with b.
1833   451    35         50.6266    54.5094    7.6695     % 
LB close or above UB, fathomed
1834   450    35         50.6266    54.5094    7.6695     % 
UB: 54.50937499999999
branching on 3 with b.
1835   451    36         50.6266    54.5094    7.6695     % 
UB: 54.50937499999999
branching on 1 with b.
1836   452    36         50.6266    54.5094    7.6695     % 
LB close or above UB, fathomed
1837   451    35         50.6266    54.5094    7.6695     % 
UB: 54.50937499999999
branching on 1 with b.
1838   452    36         50.6266    54.5094    7.6695     % 
UB: 54.50937499999999
branching on 2 with b.
1839   453    36         50.6266    54.5094    7.6695     % 
UB: 54.50937499999999
branching on 2 with b.
1840   454    37         50.6266    54.5094    7.6695     % 
LB close or above UB, fathomed
1841   453    37         50.6266    54.5094    7.6695     % 
UB: 54.50937499999999
branching on 3 with b.
1842   454    35         50.6266    54.5094    7.6695     % 
LB close or above UB, fathomed
1843   453    33         50.6266    54.5094    7.6695     % 
LB close or above UB, fathomed
1844   452    33         50.6266    54.5094    7.6695     % 
LB close or above UB, fathomed
1845   451    30         50.6266    54.5094    7.6695     % 
UB: 54.50937499999999
branching on 3 with b.
1846   452    30         50.6266    54.5094    7.6695     % 
LB close or above UB, fathomed
1847   451    33         50.6266    54.5094    7.6695     % 
UB: 54.50937499999999
branching on 3 with b.
1848   452    33         50.6266    54.5094    7.6695     % 
LB close or above UB, fathomed
1849   451    33         50.6266    54.5094    7.6695     % 
UB: 54.50937499999999
branching on 3 with b.
1850   452    33         50.6266    54.5094    7.6695     % 
LB close or above UB, fathomed
1851   451    33         50.6266    54.5094    7.6695     % 
UB: 54.50937499999999
branching on 3 with b.
1852   452    33         50.6266    54.5094    7.6695     % 
LB close or above UB, fathomed
1853   451    31         50.6266    54.5094    7.6695     % 
UB: 54.50937499999999
branching on 1 with b.
1854   452    31         50.6266    54.5094    7.6695     % 
LB close or above UB, fathomed
1855   451    19         50.6266    54.5094    7.6695     % 
LB close or above UB, fathomed
1856   450    19         50.6266    54.5094    7.6695     % 
UB: 54.50937499999999
branching on CartesianIndex(1, 6) with c.
1857   451    20         50.6266    54.5094    7.6695     % 
LB close or above UB, fathomed
1858   450    20         50.6266    54.5094    7.6695     % 
UB: 54.50937499999999
branching on 1 with b.
1859   451    21         50.6266    54.5094    7.6695     % 
LB close or above UB, fathomed
1860   450    21         50.6266    54.5094    7.6695     % 
UB: 54.50937499999999
branching on CartesianIndex(1, 7) with c.
1861   451    30         50.6266    54.5094    7.6695     % 
UB: 54.50937499999999
branching on 3 with b.
1862   452    30         50.6266    54.5094    7.6695     % 
LB close or above UB, fathomed
1863   451    30         50.6266    54.5094    7.6695     % 
UB: 54.50937499999999
branching on 2 with b.
1864   452    31         50.6266    54.5094    7.6695     % 
LB close or above UB, fathomed
1865   451    31         50.6266    54.5094    7.6695     % 
UB: 54.50937499999999
branching on 3 with b.
1866   452    30         50.6266    54.5094    7.6695     % 
LB close or above UB, fathomed
1867   451    31         50.6266    54.5094    7.6695     % 
LB close or above UB, fathomed
1868   450    31         50.6266    54.5094    7.6695     % 
LB close or above UB, fathomed
1869   449    17         50.6266    54.5094    7.6695     % 
UB: 54.50937499999999
branching on CartesianIndex(1, 3) with a.
1870   450    17         50.6266    54.5094    7.6695     % 
UB: 54.50937499999999
branching on CartesianIndex(1, 3) with a.
1871   451    31         50.6266    54.5094    7.6695     % 
LB close or above UB, fathomed
1872   450    31         50.6266    54.5094    7.6695     % 
LB close or above UB, fathomed
1873   449    31         50.6266    54.5094    7.6695     % 
LB close or above UB, fathomed
1874   448    31         50.6266    54.5094    7.6695     % 
LB close or above UB, fathomed
1875   447    29         50.6266    54.5094    7.6695     % 
UB: 54.50937499999999
branching on 3 with b.
1876   448    30         50.6266    54.5094    7.6695     % 
UB: 54.50937499999999
branching on 1 with b.
1877   449    30         50.6266    54.5094    7.6695     % 
LB close or above UB, fathomed
1878   448    29         50.6266    54.5094    7.6695     % 
LB close or above UB, fathomed
1879   447    29         50.6266    54.5094    7.6695     % 
LB close or above UB, fathomed
1880   446    29         50.6266    54.5094    7.6695     % 
UB: 54.50937499999999
branching on 3 with b.
1881   447    32         50.6266    54.5094    7.6695     % 
UB: 54.50937499999999
branching on 3 with b.
1882   448    32         50.6266    54.5094    7.6695     % 
LB close or above UB, fathomed
1883   447    36         50.6266    54.5094    7.6695     % 
LB close or above UB, fathomed
1884   446    36         50.6266    54.5094    7.6695     % 
LB close or above UB, fathomed
1885   445    33         50.6266    54.5094    7.6695     % 
UB: 54.50937499999999
branching on 3 with b.
1886   446    34         50.6266    54.5094    7.6695     % 
UB: 54.50937499999999
branching on 1 with b.
1887   447    35         50.6266    54.5094    7.6695     % 
UB: 54.50937499999999
branching on 2 with b.
1888   448    35         50.6266    54.5094    7.6695     % 
UB: 54.50937499999999
branching on 2 with b.
1889   449    36         50.6266    54.5094    7.6695     % 
LB close or above UB, fathomed
1890   448    36         50.6266    54.5094    7.6695     % 
LB close or above UB, fathomed
1891   447    34         50.6266    54.5094    7.6695     % 
LB close or above UB, fathomed
1892   446    33         50.6266    54.5094    7.6695     % 
LB close or above UB, fathomed
1893   445    13         50.6266    54.5094    7.6695     % 
UB: 54.50937499999999
branching on CartesianIndex(1, 6) with c.
1894   446    14         50.6266    54.5094    7.6695     % 
LB close or above UB, fathomed
1895   445    14         50.6266    54.5094    7.6695     % 
UB: 54.50937499999999
branching on 1 with b.
1896   446    13         50.6266    54.5094    7.6695     % 
LB close or above UB, fathomed
1897   445    25         50.6266    54.5094    7.6695     % 
UB: 54.50937499999999
branching on 1 with b.
1898   446    26         50.6266    54.5094    7.6695     % 
LB close or above UB, fathomed
1899   445    26         50.6266    54.5094    7.6695     % 
UB: 54.50937499999999
branching on 2 with b.
1900   446    27         50.6266    54.5094    7.6695     % 
UB: 54.50937499999999
branching on 3 with b.
1901   447    27         50.6266    54.5094    7.6695     % 
LB close or above UB, fathomed
1902   446    25         50.6266    54.5094    7.6695     % 
LB close or above UB, fathomed
1903   445    17         50.6266    54.5094    7.6695     % 
LB close or above UB, fathomed
1904   444    17         50.6266    54.5094    7.6695     % 
UB: 54.50937499999999
branching on CartesianIndex(1, 7) with c.
1905   445    18         50.6266    54.5094    7.6695     % 
UB: 54.50937499999999
branching on 2 with b.
1906   446    19         50.6266    54.5094    7.6695     % 
UB: 54.50937499999999
branching on 3 with b.
1907   447    20         50.6266    54.5094    7.6695     % 
UB: 54.50937499999999
branching on 1 with b.
1908   448    21         50.6266    54.5094    7.6695     % 
LB close or above UB, fathomed
1909   447    21         50.6266    54.5094    7.6695     % 
UB: 54.50937499999999
branching on 2 with b.
1910   448    20         50.6266    54.5094    7.6695     % 
LB close or above UB, fathomed
1911   447    19         50.6266    54.5094    7.6695     % 
UB: 54.50937499999999
branching on 3 with b.
1912   448    18         50.6266    54.5094    7.6695     % 
LB close or above UB, fathomed
1913   447    19         50.6266    54.5094    7.6695     % 
UB: 54.50937499999999
branching on 3 with b.
1914   448    20         50.6266    54.5094    7.6695     % 
UB: 54.50937499999999
branching on 1 with b.
1915   449    21         50.6266    54.5094    7.6695     % 
LB close or above UB, fathomed
1916   448    21         50.6266    54.5094    7.6695     % 
UB: 54.50937499999999
branching on 2 with b.
1917   449    20         50.6266    54.5094    7.6695     % 
LB close or above UB, fathomed
1918   448    19         50.6266    54.5094    7.6695     % 
LB close or above UB, fathomed
1919   447    15         50.6266    54.5094    7.6695     % 
LB close or above UB, fathomed
1920   446    15         50.6266    54.5094    7.6695     % 
UB: 54.50937499999999
branching on CartesianIndex(1, 5) with c.
1921   447    16         50.6266    54.5094    7.6695     % 
LB close or above UB, fathomed
1922   446    16         50.6266    54.5094    7.6695     % 
UB: 54.50937499999999
branching on CartesianIndex(1, 6) with c.
1923   447    17         50.6266    54.5094    7.6695     % 
LB close or above UB, fathomed
1924   446    17         50.6266    54.5094    7.6695     % 
UB: 54.50937499999999
branching on CartesianIndex(1, 7) with c.
1925   447    18         50.6266    54.5094    7.6695     % 
UB: 54.50937499999999
branching on 2 with b.
1926   448    19         50.6266    54.5094    7.6695     % 
UB: 54.50937499999999
branching on 3 with b.
1927   449    20         50.6266    54.5094    7.6695     % 
UB: 54.50937499999999
branching on 1 with b.
1928   450    21         50.6266    54.5094    7.6695     % 
LB close or above UB, fathomed
1929   449    21         50.6266    54.5094    7.6695     % 
UB: 54.50937499999999
branching on 2 with b.
1930   450    20         50.6266    54.5094    7.6695     % 
LB close or above UB, fathomed
1931   449    19         50.6266    54.5094    7.6695     % 
LB close or above UB, fathomed
1932   448    18         50.6266    54.5094    7.6695     % 
LB close or above UB, fathomed
1933   447    36         50.6266    54.5094    7.6695     % 
LB close or above UB, fathomed
1934   446    36         50.6266    54.5094    7.6695     % 
UB: 54.50937499999999
branching on 2 with b.
1935   447    29         50.6266    54.5094    7.6695     % 
UB: 54.50937499999999
branching on 3 with b.
1936   448    30         50.6266    54.5094    7.6695     % 
LB close or above UB, fathomed
1937   447    30         50.6266    54.5094    7.6695     % 
UB: 54.50937499999999
branching on 1 with b.
1938   448    31         50.6266    54.5094    7.6695     % 
LB close or above UB, fathomed
1939   447    31         50.6266    54.5094    7.6695     % 
LB close or above UB, fathomed
1940   446    29         50.6266    54.5094    7.6695     % 
LB close or above UB, fathomed
1941   445    38         50.6266    54.5094    7.6695     % 
UB: 54.50937499999999
branching on 1 with b.
1942   446    38         50.6266    54.5094    7.6695     % 
LB close or above UB, fathomed
1943   445    30         50.6266    54.5094    7.6695     % 
LB close or above UB, fathomed
1944   444    30         50.6266    54.5094    7.6695     % 
UB: 54.50937499999999
branching on 3 with b.
1945   445    35         50.6266    54.5094    7.6695     % 
UB: 54.50937499999999
branching on 1 with b.
1946   446    36         50.6266    54.5094    7.6695     % 
LB close or above UB, fathomed
1947   445    36         50.6266    54.5094    7.6695     % 
UB: 54.50937499999999
branching on 2 with b.
1948   446    35         50.6266    54.5094    7.6695     % 
LB close or above UB, fathomed
1949   445    39         50.6266    54.5094    7.6695     % 
UB: 54.50937499999999
branching on 2 with b.
1950   446    40         50.6266    54.5094    7.6695     % 
UB: 54.50937499999999
branching on 3 with b.
1951   447    40         50.6266    54.5094    7.6695     % 
LB close or above UB, fathomed
1952   446    39         50.6266    54.5094    7.6695     % 
UB: 54.50937499999999
branching on 2 with b.
1953   447    38         50.6266    54.5094    7.6695     % 
UB: 54.50937499999999
branching on 1 with b.
1954   448    38         50.6266    54.5094    7.6695     % 
LB close or above UB, fathomed
1955   447    38         50.6266    54.5094    7.6695     % 
UB: 54.50937499999999
branching on 1 with b.
1956   448    38         50.6266    54.5094    7.6695     % 
LB close or above UB, fathomed
1957   447    29         50.6266    54.5094    7.6695     % 
LB close or above UB, fathomed
1958   446    29         50.6266    54.5094    7.6695     % 
UB: 54.50937499999999
branching on 1 with b.
1959   447    30         50.6266    54.5094    7.6695     % 
LB close or above UB, fathomed
1960   446    30         50.6266    54.5094    7.6695     % 
UB: 54.50937499999999
branching on 2 with b.
1961   447    31         50.6266    54.5094    7.6695     % 
LB close or above UB, fathomed
1962   446    31         50.6266    54.5094    7.6695     % 
LB close or above UB, fathomed
1963   445    17         50.6266    54.5094    7.6695     % 
LB close or above UB, fathomed
1964   444    17         50.6266    54.5094    7.6695     % 
UB: 54.50937499999999
branching on CartesianIndex(1, 5) with c.
1965   445    18         50.6266    54.5094    7.6695     % 
LB close or above UB, fathomed
1966   444    18         50.6266    54.5094    7.6695     % 
LB close or above UB, fathomed
1967   443    25         50.6266    54.5094    7.6695     % 
LB close or above UB, fathomed
1968   442    25         50.6266    54.5094    7.6695     % 
UB: 54.50937499999999
branching on 1 with b.
1969   443    30         50.6266    54.5094    7.6695     % 
UB: 54.50937499999999
branching on 3 with b.
1970   444    31         50.6266    54.5094    7.6695     % 
LB close or above UB, fathomed
1971   443    31         50.6266    54.5094    7.6695     % 
UB: 54.50937499999999
branching on 1 with b.
1972   444    32         50.6266    54.5094    7.6695     % 
LB close or above UB, fathomed
1973   443    32         50.6266    54.5094    7.6695     % 
UB: 54.50937499999999
branching on 2 with b.
1974   444    33         50.6266    54.5094    7.6695     % 
UB: 54.50937499999999
branching on 3 with b.
1975   445    33         50.6266    54.5094    7.6695     % 
LB close or above UB, fathomed
1976   444    30         50.6266    54.5094    7.6695     % 
LB close or above UB, fathomed
1977   443    14         50.6266    54.5094    7.6695     % 
LB close or above UB, fathomed
1978   442    14         50.6266    54.5094    7.6695     % 
UB: 54.50937499999999
branching on 1 with b.
1979   443    15         50.6266    54.5094    7.6695     % 
UB: 54.50937499999999
branching on 1 with b.
1980   444    16         50.6266    54.5094    7.6695     % 
LB close or above UB, fathomed
1981   443    16         50.6266    54.5094    7.6695     % 
UB: 54.50937499999999
branching on CartesianIndex(1, 7) with c.
1982   444    15         50.6266    54.5094    7.6695     % 
LB close or above UB, fathomed
1983   443    12         50.6266    54.5094    7.6695     % 
UB: 54.50937499999999
branching on 3 with b.
1984   444    12         50.6266    54.5094    7.6695     % 
LB close or above UB, fathomed
1985   443    20         50.6266    54.5094    7.6695     % 
LB close or above UB, fathomed
1986   442    20         50.6266    54.5094    7.6695     % 
UB: 54.50937499999999
branching on 2 with b.
1987   443    18         50.6266    54.5094    7.6695     % 
LB close or above UB, fathomed
1988   442    18         50.6266    54.5094    7.6695     % 
UB: 54.50937499999999
branching on CartesianIndex(1, 4) with c.
1989   443    19         50.6266    54.5094    7.6695     % 
LB close or above UB, fathomed
1990   442    19         50.6266    54.5094    7.6695     % 
UB: 54.50937499999999
branching on CartesianIndex(1, 5) with c.
1991   443    20         50.6266    54.5094    7.6695     % 
UB: 54.50937499999999
branching on CartesianIndex(1, 6) with c.
1992   444    21         50.6266    54.5094    7.6695     % 
LB close or above UB, fathomed
1993   443    21         50.6266    54.5094    7.6695     % 
UB: 54.50937499999999
branching on CartesianIndex(1, 7) with c.
1994   444    22         50.6266    54.5094    7.6695     % 
UB: 54.50937499999999
branching on 2 with b.
1995   445    23         50.6266    54.5094    7.6695     % 
LB close or above UB, fathomed
1996   444    23         50.6266    54.5094    7.6695     % 
UB: 54.50937499999999
branching on 3 with b.
1997   445    24         50.6266    54.5094    7.6695     % 
UB: 54.50937499999999
branching on 1 with b.
1998   446    25         50.6266    54.5094    7.6695     % 
LB close or above UB, fathomed
1999   445    25         50.6266    54.5094    7.6695     % 
LB close or above UB, fathomed
2000   444    24         50.6266    54.5094    7.6695     % 
LB close or above UB, fathomed
2001   443    22         50.6266    54.5094    7.6695     % 
LB close or above UB, fathomed
2002   442    20         50.6266    54.5094    7.6695     % 
LB close or above UB, fathomed
2003   441    33         50.6266    54.5094    7.6695     % 
LB close or above UB, fathomed
2004   440    33         50.6266    54.5094    7.6695     % 
LB close or above UB, fathomed
2005   439    14         50.6266    54.5094    7.6695     % 
UB: 54.50937499999999
branching on 2 with b.
2006   440    15         50.6266    54.5094    7.6695     % 
LB close or above UB, fathomed
2007   439    15         50.6266    54.5094    7.6695     % 
LB close or above UB, fathomed
2008   438    14         50.6266    54.5094    7.6695     % 
LB close or above UB, fathomed
2009   437    33         50.6266    54.5094    7.6695     % 
LB close or above UB, fathomed
2010   436    33         50.6266    54.5094    7.6695     % 
LB close or above UB, fathomed
2011   435    34         50.6266    54.5094    7.6695     % 
LB close or above UB, fathomed
2012   434    34         50.6266    54.5094    7.6695     % 
UB: 54.50937499999999
branching on 3 with b.
2013   435    35         50.6266    54.5094    7.6695     % 
LB close or above UB, fathomed
2014   434    35         50.6266    54.5094    7.6695     % 
UB: 54.50937499999999
branching on 1 with b.
2015   435    32         50.6266    54.5094    7.6695     % 
LB close or above UB, fathomed
2016   434    32         50.6266    54.5094    7.6695     % 
LB close or above UB, fathomed
2017   433    28         50.6266    54.5094    7.6695     % 
LB close or above UB, fathomed
2018   432    28         50.6266    54.5094    7.6695     % 
UB: 54.50937499999999
branching on 3 with b.
2019   433    29         50.6266    54.5094    7.6695     % 
UB: 54.50937499999999
branching on 1 with b.
2020   434    29         50.6266    54.5094    7.6695     % 
LB close or above UB, fathomed
2021   433    18         50.6266    54.5094    7.6695     % 
LB close or above UB, fathomed
2022   432    18         50.6266    54.5094    7.6695     % 
UB: 54.50937499999999
branching on CartesianIndex(1, 4) with c.
2023   433    19         50.6266    54.5094    7.6695     % 
LB close or above UB, fathomed
2024   432    19         50.6266    54.5094    7.6695     % 
UB: 54.50937499999999
branching on CartesianIndex(1, 5) with c.
2025   433    20         50.6266    54.5094    7.6695     % 
UB: 54.50937499999999
branching on CartesianIndex(1, 6) with c.
2026   434    21         50.6266    54.5094    7.6695     % 
LB close or above UB, fathomed
2027   433    21         50.6266    54.5094    7.6695     % 
UB: 54.50937499999999
branching on CartesianIndex(1, 7) with c.
2028   434    22         50.6266    54.5094    7.6695     % 
UB: 54.50937499999999
branching on 2 with b.
2029   435    23         50.6266    54.5094    7.6695     % 
LB close or above UB, fathomed
2030   434    23         50.6266    54.5094    7.6695     % 
UB: 54.50937499999999
branching on 3 with b.
2031   435    22         50.6266    54.5094    7.6695     % 
LB close or above UB, fathomed
2032   434    20         50.6266    54.5094    7.6695     % 
LB close or above UB, fathomed
2033   433    18         50.6266    54.5094    7.6695     % 
LB close or above UB, fathomed
2034   432    18         50.6266    54.5094    7.6695     % 
UB: 54.50937499999999
branching on CartesianIndex(2, 3) with a.
2035   433    18         50.6266    54.5094    7.6695     % 
LB close or above UB, fathomed
2036   432    18         50.6266    54.5094    7.6695     % 
UB: 54.50937499999999
branching on CartesianIndex(1, 4) with c.
2037   433    19         50.6266    54.5094    7.6695     % 
LB close or above UB, fathomed
2038   432    19         50.6266    54.5094    7.6695     % 
UB: 54.50937499999999
branching on CartesianIndex(1, 5) with c.
2039   433    20         50.6266    54.5094    7.6695     % 
UB: 54.50937499999999
branching on CartesianIndex(1, 6) with c.
2040   434    20         50.6266    54.5094    7.6695     % 
LB close or above UB, fathomed
2041   433    17         50.6266    54.5094    7.6695     % 
UB: 54.50937499999999
branching on CartesianIndex(4, 3) with a.
2042   434    17         50.6266    54.5094    7.6695     % 
LB close or above UB, fathomed
2043   433    27         50.6266    54.5094    7.6695     % 
UB: 54.50937499999999
branching on 3 with b.
2044   434    28         50.6266    54.5094    7.6695     % 
LB close or above UB, fathomed
2045   433    28         50.6266    54.5094    7.6695     % 
UB: 54.50937499999999
branching on 1 with b.
2046   434    29         50.6266    54.5094    7.6695     % 
UB: 54.50937499999999
branching on 2 with b.
2047   435    30         50.6266    54.5094    7.6695     % 
LB close or above UB, fathomed
2048   434    30         50.6266    54.5094    7.6695     % 
UB: 54.50937499999999
branching on 3 with b.
2049   435    29         50.6266    54.5094    7.6695     % 
LB close or above UB, fathomed
2050   434    27         50.6266    54.5094    7.6695     % 
UB: 54.50937499999999
branching on 3 with b.
2051   435    16         50.6266    54.5094    7.6695     % 
LB close or above UB, fathomed
2052   434    16         50.6266    54.5094    7.6695     % 
UB: 54.50937499999999
branching on 1 with b.
2053   435    17         50.6266    54.5094    7.6695     % 
LB close or above UB, fathomed
2054   434    17         50.6266    54.5094    7.6695     % 
UB: 54.50937499999999
branching on 2 with b.
2055   435    18         50.6266    54.5094    7.6695     % 
LB close or above UB, fathomed
2056   434    18         50.6266    54.5094    7.6695     % 
UB: 54.50937499999999
branching on 3 with b.
2057   435    30         50.6266    54.5094    7.6695     % 
LB close or above UB, fathomed
2058   434    30         50.6266    54.5094    7.6695     % 
UB: 54.50937499999999
branching on 2 with b.
2059   435    25         50.6266    54.5094    7.6695     % 
UB: 54.50937499999999
branching on 1 with b.
2060   436    26         50.6266    54.5094    7.6695     % 
UB: 54.50937499999999
branching on 2 with b.
2061   437    26         50.6266    54.5094    7.6695     % 
LB close or above UB, fathomed
2062   436    25         50.6266    54.5094    7.6695     % 
LB close or above UB, fathomed
2063   435    14         50.6266    54.5094    7.6695     % 
UB: 54.50937499999999
branching on CartesianIndex(4, 2) with a.
2064   436    15         50.6266    54.5094    7.6695     % 
UB: 54.50937499999999
branching on 3 with b.
2065   437    15         50.6266    54.5094    7.6695     % 
LB close or above UB, fathomed
2066   436    14         50.6266    54.5094    7.6695     % 
UB: 54.50937499999999
branching on 3 with b.
2067   437    15         50.6266    54.5094    7.6695     % 
LB close or above UB, fathomed
2068   436    15         50.6266    54.5094    7.6695     % 
LB close or above UB, fathomed
2069   435    14         50.6266    54.5094    7.6695     % 
UB: 54.50937499999999
branching on CartesianIndex(1, 6) with c.
2070   436    15         50.6266    54.5094    7.6695     % 
LB close or above UB, fathomed
2071   435    15         50.6266    54.5094    7.6695     % 
UB: 54.50937499999999
branching on CartesianIndex(1, 7) with c.
2072   436    16         50.6266    54.5094    7.6695     % 
UB: 54.50937499999999
branching on 1 with b.
2073   437    17         50.6266    54.5094    7.6695     % 
LB close or above UB, fathomed
2074   436    17         50.6266    54.5094    7.6695     % 
UB: 54.50937499999999
branching on 2 with b.
2075   437    18         50.6266    54.5094    7.6695     % 
UB: 54.50937499999999
branching on 3 with b.
2076   438    18         50.6266    54.5094    7.6695     % 
UB: 54.50937499999999
branching on 3 with b.
2077   439    16         50.6266    54.5094    7.6695     % 
LB close or above UB, fathomed
2078   438    14         50.6266    54.5094    7.6695     % 
LB close or above UB, fathomed
2079   437    21         50.6266    54.5094    7.6695     % 
LB close or above UB, fathomed
2080   436    21         50.6266    54.5094    7.6695     % 
UB: 54.50937499999999
branching on CartesianIndex(1, 7) with c.
2081   437    22         50.6266    54.5094    7.6695     % 
UB: 54.50937499999999
branching on 2 with b.
2082   438    23         50.6266    54.5094    7.6695     % 
UB: 54.50937499999999
branching on 3 with b.
2083   439    24         50.6266    54.5094    7.6695     % 
LB close or above UB, fathomed
2084   438    24         50.6266    54.5094    7.6695     % 
UB: 54.50937499999999
branching on 1 with b.
2085   439    25         50.6266    54.5094    7.6695     % 
LB close or above UB, fathomed
2086   438    25         50.6266    54.5094    7.6695     % 
LB close or above UB, fathomed
2087   437    23         50.6266    54.5094    7.6695     % 
UB: 54.50937499999999
branching on 3 with b.
2088   438    24         50.6266    54.5094    7.6695     % 
LB close or above UB, fathomed
2089   437    24         50.6266    54.5094    7.6695     % 
UB: 54.50937499999999
branching on 1 with b.
2090   438    25         50.6266    54.5094    7.6695     % 
LB close or above UB, fathomed
2091   437    25         50.6266    54.5094    7.6695     % 
UB: 54.50937499999999
branching on 2 with b.
2092   438    22         50.6266    54.5094    7.6695     % 
LB close or above UB, fathomed
2093   437    24         50.6266    54.5094    7.6695     % 
UB: 54.50937499999999
branching on 1 with b.
2094   438    25         50.6266    54.5094    7.6695     % 
LB close or above UB, fathomed
2095   437    25         50.6266    54.5094    7.6695     % 
LB close or above UB, fathomed
2096   436    24         50.6266    54.5094    7.6695     % 
LB close or above UB, fathomed
2097   435    17         50.6266    54.5094    7.6695     % 
UB: 54.50937499999999
branching on 2 with b.
2098   436    17         50.6266    54.5094    7.6695     % 
LB close or above UB, fathomed
2099   435    26         50.6266    54.5094    7.6695     % 
UB: 54.50937499999999
branching on 3 with b.
2100   436    26         50.6266    54.5094    7.6695     % 
UB: 54.50937499999999
branching on 3 with b.
2101   437    32         50.6266    54.5094    7.6695     % 
UB: 54.50937499999999
branching on 3 with b.
2102   438    33         50.6266    54.5094    7.6695     % 
LB close or above UB, fathomed
2103   437    33         50.6266    54.5094    7.6695     % 
LB close or above UB, fathomed
2104   436    32         50.6266    54.5094    7.6695     % 
LB close or above UB, fathomed
2105   435    27         50.6266    54.5094    7.6695     % 
UB: 54.50937499999999
branching on 1 with b.
2106   436    28         50.6266    54.5094    7.6695     % 
UB: 54.50937499999999
branching on 2 with b.
2107   437    28         50.6266    54.5094    7.6695     % 
UB: 54.50937499999999
branching on 2 with b.
2108   438    27         50.6266    54.5094    7.6695     % 
LB close or above UB, fathomed
2109   437    30         50.6266    54.5094    7.6695     % 
UB: 54.50937499999999
branching on 3 with b.
2110   438    30         50.6266    54.5094    7.6695     % 
LB close or above UB, fathomed
2111   437    25         50.6266    54.5094    7.6695     % 
LB close or above UB, fathomed
2112   436    25         50.6266    54.5094    7.6695     % 
UB: 54.50937499999999
branching on 1 with b.
2113   437    27         50.6266    54.5094    7.6695     % 
LB close or above UB, fathomed
2114   436    27         50.6266    54.5094    7.6695     % 
LB close or above UB, fathomed
2115   435    39         50.6266    54.5094    7.6695     % 
UB: 54.50937499999999
branching on 2 with b.
2116   436    40         50.6266    54.5094    7.6695     % 
UB: 54.50937499999999
branching on 3 with b.
2117   437    40         50.6266    54.5094    7.6695     % 
LB close or above UB, fathomed
2118   436    21         50.6266    54.5094    7.6695     % 
UB: 54.50937499999999
branching on CartesianIndex(1, 5) with c.
2119   437    21         50.6266    54.5094    7.6695     % 
UB: 54.50937499999999
branching on CartesianIndex(1, 5) with c.
2120   438    22         50.6266    54.5094    7.6695     % 
LB close or above UB, fathomed
2121   437    22         50.6266    54.5094    7.6695     % 
UB: 54.50937499999999
branching on CartesianIndex(1, 6) with c.
2122   438    23         50.6266    54.5094    7.6695     % 
LB close or above UB, fathomed
2123   437    23         50.6266    54.5094    7.6695     % 
UB: 54.50937499999999
branching on CartesianIndex(1, 7) with c.
2124   438    24         50.6266    54.5094    7.6695     % 
UB: 54.50937499999999
branching on 2 with b.
2125   439    25         50.6266    54.5094    7.6695     % 
UB: 54.50937499999999
branching on 3 with b.
2126   440    26         50.6266    54.5094    7.6695     % 
LB close or above UB, fathomed
2127   439    26         50.6266    54.5094    7.6695     % 
UB: 54.50937499999999
branching on 1 with b.
2128   440    25         50.6266    54.5094    7.6695     % 
UB: 54.50937499999999
branching on 3 with b.
2129   441    26         50.6266    54.5094    7.6695     % 
LB close or above UB, fathomed
2130   440    26         50.6266    54.5094    7.6695     % 
UB: 54.50937499999999
branching on 1 with b.
2131   441    24         50.6266    54.5094    7.6695     % 
LB close or above UB, fathomed
2132   440    20         50.6266    54.5094    7.6695     % 
LB close or above UB, fathomed
2133   439    20         50.6266    54.5094    7.6695     % 
UB: 54.50937499999999
branching on CartesianIndex(1, 5) with c.
2134   440    21         50.6266    54.5094    7.6695     % 
LB close or above UB, fathomed
2135   439    21         50.6266    54.5094    7.6695     % 
UB: 54.50937499999999
branching on CartesianIndex(1, 6) with c.
2136   440    22         50.6266    54.5094    7.6695     % 
LB close or above UB, fathomed
2137   439    22         50.6266    54.5094    7.6695     % 
UB: 54.50937499999999
branching on 1 with b.
2138   440    23         50.6266    54.5094    7.6695     % 
LB close or above UB, fathomed
2139   439    23         50.6266    54.5094    7.6695     % 
UB: 54.50937499999999
branching on 2 with b.
2140   440    24         50.6266    54.5094    7.6695     % 
UB: 54.50937499999999
branching on CartesianIndex(1, 7) with c.
2141   441    24         50.6266    54.5094    7.6695     % 
UB: 54.50937499999999
branching on 3 with b.
2142   442    30         50.6266    54.5094    7.6695     % 
UB: 54.50937499999999
branching on 2 with b.
2143   443    30         50.6266    54.5094    7.6695     % 
LB close or above UB, fathomed
2144   442    29         50.6266    54.5094    7.6695     % 
LB close or above UB, fathomed
2145   441    29         50.6266    54.5094    7.6695     % 
LB close or above UB, fathomed
2146   440    32         50.6266    54.5094    7.6695     % 
UB: 54.50937499999999
branching on 3 with b.
2147   441    32         50.6266    54.5094    7.6695     % 
LB close or above UB, fathomed
2148   440    13         50.6266    54.5094    7.6695     % 
LB close or above UB, fathomed
2149   439    13         50.6266    54.5094    7.6695     % 
LB close or above UB, fathomed
2150   438    31         50.6266    54.5094    7.6695     % 
LB close or above UB, fathomed
2151   437    31         50.6266    54.5094    7.6695     % 
LB close or above UB, fathomed
2152   436    22         50.6266    54.5094    7.6695     % 
LB close or above UB, fathomed
2153   435    22         50.6266    54.5094    7.6695     % 
UB: 54.50937499999999
branching on CartesianIndex(1, 6) with c.
2154   436    23         50.6266    54.5094    7.6695     % 
LB close or above UB, fathomed
2155   435    23         50.6266    54.5094    7.6695     % 
UB: 54.50937499999999
branching on CartesianIndex(1, 7) with c.
2156   436    18         50.6266    54.5094    7.6695     % 
UB: 54.50937499999999
branching on 3 with b.
2157   437    19         50.6266    54.5094    7.6695     % 
UB: 54.50937499999999
branching on 1 with b.
2158   438    20         50.6266    54.5094    7.6695     % 
LB close or above UB, fathomed
2159   437    20         50.6266    54.5094    7.6695     % 
UB: 54.50937499999999
branching on 2 with b.
2160   438    19         50.6266    54.5094    7.6695     % 
LB close or above UB, fathomed
2161   437    18         50.6266    54.5094    7.6695     % 
LB close or above UB, fathomed
2162   436    19         50.6266    54.5094    7.6695     % 
UB: 54.50937499999999
branching on 1 with b.
2163   437    20         50.6266    54.5094    7.6695     % 
LB close or above UB, fathomed
2164   436    20         50.6266    54.5094    7.6695     % 
UB: 54.50937499999999
branching on 2 with b.
2165   437    19         50.6266    54.5094    7.6695     % 
LB close or above UB, fathomed
2166   436    18         50.6266    54.5094    7.6695     % 
UB: 54.50937499999999
branching on CartesianIndex(2, 3) with a.
2167   437    19         50.6266    54.5094    7.6695     % 
UB: 54.50937499999999
branching on CartesianIndex(3, 3) with a.
2168   438    20         50.6266    54.5094    7.6695     % 
LB close or above UB, fathomed
2169   437    20         50.6266    54.5094    7.6695     % 
UB: 54.50937499999999
branching on CartesianIndex(1, 4) with c.
2170   438    19         50.6266    54.5094    7.6695     % 
LB close or above UB, fathomed
2171   437    18         50.6266    54.5094    7.6695     % 
LB close or above UB, fathomed
2172   436    26         50.6266    54.5094    7.6695     % 
LB close or above UB, fathomed
2173   435    26         50.6266    54.5094    7.6695     % 
UB: 54.50937499999999
branching on 3 with b.
2174   436    30         50.6266    54.5094    7.6695     % 
LB close or above UB, fathomed
2175   435    30         50.6266    54.5094    7.6695     % 
LB close or above UB, fathomed
2176   434    23         50.6266    54.5094    7.6695     % 
LB close or above UB, fathomed
2177   433    23         50.6266    54.5094    7.6695     % 
UB: 54.50937499999999
branching on CartesianIndex(1, 7) with c.
2178   434    24         50.6266    54.5094    7.6695     % 
UB: 54.50937499999999
branching on 1 with b.
2179   435    25         50.6266    54.5094    7.6695     % 
UB: 54.50937499999999
branching on 2 with b.
2180   436    26         50.6266    54.5094    7.6695     % 
UB: 54.50937499999999
branching on 3 with b.
2181   437    26         50.6266    54.5094    7.6695     % 
LB close or above UB, fathomed
2182   436    25         50.6266    54.5094    7.6695     % 
LB close or above UB, fathomed
2183   435    24         50.6266    54.5094    7.6695     % 
LB close or above UB, fathomed
2184   434    25         50.6266    54.5094    7.6695     % 
UB: 54.50937499999999
branching on 2 with b.
2185   435    26         50.6266    54.5094    7.6695     % 
LB close or above UB, fathomed
2186   434    26         50.6266    54.5094    7.6695     % 
LB close or above UB, fathomed
2187   433    25         50.6266    54.5094    7.6695     % 
LB close or above UB, fathomed
2188   432    18         50.6266    54.5094    7.6695     % 
UB: 54.50937499999999
branching on 2 with b.
2189   433    19         50.6266    54.5094    7.6695     % 
UB: 54.50937499999999
branching on CartesianIndex(2, 3) with a.
2190   434    19         50.6266    54.5094    7.6695     % 
UB: 54.50937499999999
branching on CartesianIndex(2, 3) with a.
2191   435    18         50.6266    54.5094    7.6695     % 
LB close or above UB, fathomed
2192   434    22         50.6266    54.5094    7.6695     % 
LB close or above UB, fathomed
2193   433    22         50.6266    54.5094    7.6695     % 
UB: 54.50937499999999
branching on CartesianIndex(1, 5) with c.
2194   434    23         50.6266    54.5094    7.6695     % 
LB close or above UB, fathomed
2195   433    23         50.6266    54.5094    7.6695     % 
LB close or above UB, fathomed
2196   432    31         50.6266    54.5094    7.6695     % 
LB close or above UB, fathomed
2197   431    31         50.6266    54.5094    7.6695     % 
UB: 54.50937499999999
branching on 1 with b.
2198   432    21         50.6266    54.5094    7.6695     % 
LB close or above UB, fathomed
2199   431    21         50.6266    54.5094    7.6695     % 
UB: 54.50937499999999
branching on CartesianIndex(1, 7) with c.
2200   432    22         50.6266    54.5094    7.6695     % 
UB: 54.50937499999999
branching on 2 with b.
2201   433    23         50.6266    54.5094    7.6695     % 
LB close or above UB, fathomed
2202   432    23         50.6266    54.5094    7.6695     % 
UB: 54.50937499999999
branching on 3 with b.
2203   433    24         50.6266    54.5094    7.6695     % 
LB close or above UB, fathomed
2204   432    24         50.6266    54.5094    7.6695     % 
UB: 54.50937499999999
branching on 1 with b.
2205   433    25         50.6266    54.5094    7.6695     % 
LB close or above UB, fathomed
2206   432    25         50.6266    54.5094    7.6695     % 
UB: 54.50937499999999
branching on 2 with b.
2207   433    22         50.6266    54.5094    7.6695     % 
LB close or above UB, fathomed
2208   432    21         50.6266    54.5094    7.6695     % 
LB close or above UB, fathomed
2209   431    21         50.6266    54.5094    7.6695     % 
UB: 54.50937499999999
branching on CartesianIndex(1, 5) with c.
2210   432    22         50.6266    54.5094    7.6695     % 
LB close or above UB, fathomed
2211   431    22         50.6266    54.5094    7.6695     % 
UB: 54.50937499999999
branching on CartesianIndex(1, 6) with c.
2212   432    23         50.6266    54.5094    7.6695     % 
LB close or above UB, fathomed
2213   431    23         50.6266    54.5094    7.6695     % 
UB: 54.50937499999999
branching on CartesianIndex(1, 7) with c.
2214   432    24         50.6266    54.5094    7.6695     % 
UB: 54.50937499999999
branching on 1 with b.
2215   433    25         50.6266    54.5094    7.6695     % 
LB close or above UB, fathomed
2216   432    25         50.6266    54.5094    7.6695     % 
UB: 54.50937499999999
branching on 2 with b.
2217   433    26         50.6266    54.5094    7.6695     % 
UB: 54.50937499999999
branching on 3 with b.
2218   434    27         50.6266    54.5094    7.6695     % 
LB close or above UB, fathomed
2219   433    27         50.6266    54.5094    7.6695     % 
UB: 54.50937499999999
branching on 1 with b.
2220   434    26         50.6266    54.5094    7.6695     % 
UB: 54.50937499999999
branching on 3 with b.
2221   435    27         50.6266    54.5094    7.6695     % 
LB close or above UB, fathomed
2222   434    27         50.6266    54.5094    7.6695     % 
UB: 54.50937499999999
branching on 1 with b.
2223   435    24         50.6266    54.5094    7.6695     % 
LB close or above UB, fathomed
2224   434    21         50.6266    54.5094    7.6695     % 
UB: 54.50937499999999
branching on CartesianIndex(1, 5) with c.
2225   435    22         50.6266    54.5094    7.6695     % 
LB close or above UB, fathomed
2226   434    22         50.6266    54.5094    7.6695     % 
UB: 54.50937499999999
branching on CartesianIndex(1, 6) with c.
2227   435    23         50.6266    54.5094    7.6695     % 
LB close or above UB, fathomed
2228   434    23         50.6266    54.5094    7.6695     % 
UB: 54.50937499999999
branching on CartesianIndex(1, 7) with c.
2229   435    24         50.6266    54.5094    7.6695     % 
UB: 54.50937499999999
branching on 1 with b.
2230   436    25         50.6266    54.5094    7.6695     % 
LB close or above UB, fathomed
2231   435    25         50.6266    54.5094    7.6695     % 
UB: 54.50937499999999
branching on 2 with b.
2232   436    26         50.6266    54.5094    7.6695     % 
UB: 54.50937499999999
branching on 3 with b.
2233   437    27         50.6266    54.5094    7.6695     % 
LB close or above UB, fathomed
2234   436    27         50.6266    54.5094    7.6695     % 
UB: 54.50937499999999
branching on 1 with b.
2235   437    26         50.6266    54.5094    7.6695     % 
LB close or above UB, fathomed
2236   436    24         50.6266    54.5094    7.6695     % 
LB close or above UB, fathomed
2237   435    21         50.6266    54.5094    7.6695     % 
UB: 54.50937499999999
branching on CartesianIndex(1, 5) with c.
2238   436    22         50.6266    54.5094    7.6695     % 
LB close or above UB, fathomed
2239   435    22         50.6266    54.5094    7.6695     % 
UB: 54.50937499999999
branching on CartesianIndex(1, 6) with c.
2240   436    23         50.6266    54.5094    7.6695     % 
LB close or above UB, fathomed
2241   435    23         50.6266    54.5094    7.6695     % 
UB: 54.50937499999999
branching on CartesianIndex(1, 7) with c.
2242   436    24         50.6266    54.5094    7.6695     % 
UB: 54.50937499999999
branching on 1 with b.
2243   437    25         50.6266    54.5094    7.6695     % 
LB close or above UB, fathomed
2244   436    25         50.6266    54.5094    7.6695     % 
UB: 54.50937499999999
branching on 2 with b.
2245   437    26         50.6266    54.5094    7.6695     % 
UB: 54.50937499999999
branching on 3 with b.
2246   438    27         50.6266    54.5094    7.6695     % 
LB close or above UB, fathomed
2247   437    27         50.6266    54.5094    7.6695     % 
UB: 54.50937499999999
branching on 1 with b.
2248   438    26         50.6266    54.5094    7.6695     % 
UB: 54.50937499999999
branching on 3 with b.
2249   439    27         50.6266    54.5094    7.6695     % 
LB close or above UB, fathomed
2250   438    27         50.6266    54.5094    7.6695     % 
UB: 54.50937499999999
branching on 1 with b.
2251   439    24         50.6266    54.5094    7.6695     % 
LB close or above UB, fathomed
2252   438    25         50.6266    54.5094    7.6695     % 
LB close or above UB, fathomed
2253   437    25         50.6266    54.5094    7.6695     % 
UB: 54.50937499999999
branching on 3 with b.
2254   438    32         50.6266    54.5094    7.6695     % 
LB close or above UB, fathomed
2255   437    32         50.6266    54.5094    7.6695     % 
UB: 54.50937499999999
branching on 1 with b.
2256   438    33         50.6266    54.5094    7.6695     % 
UB: 54.50937499999999
branching on 2 with b.
2257   439    33         50.6266    54.5094    7.6695     % 
LB close or above UB, fathomed
2258   438    19         50.6266    54.5094    7.6695     % 
UB: 54.50937499999999
branching on 3 with b.
2259   439    20         50.6266    54.5094    7.6695     % 
LB close or above UB, fathomed
2260   438    20         50.6266    54.5094    7.6695     % 
UB: 54.50937499999999
branching on CartesianIndex(1, 5) with c.
2261   439    21         50.6266    54.5094    7.6695     % 
UB: 54.50937499999999
branching on CartesianIndex(1, 6) with c.
2262   440    22         50.6266    54.5094    7.6695     % 
LB close or above UB, fathomed
2263   439    22         50.6266    54.5094    7.6695     % 
UB: 54.50937499999999
branching on CartesianIndex(1, 7) with c.
2264   440    23         50.6266    54.5094    7.6695     % 
UB: 54.50937499999999
branching on 1 with b.
2265   441    24         50.6266    54.5094    7.6695     % 
UB: 54.50937499999999
branching on 2 with b.
2266   442    24         50.6266    54.5094    7.6695     % 
LB close or above UB, fathomed
2267   441    23         50.6266    54.5094    7.6695     % 
LB close or above UB, fathomed
2268   440    21         50.6266    54.5094    7.6695     % 
LB close or above UB, fathomed
2269   439    19         50.6266    54.5094    7.6695     % 
LB close or above UB, fathomed
2270   438    29         50.6266    54.5094    7.6695     % 
UB: 54.50937499999999
branching on 3 with b.
2271   439    30         50.6266    54.5094    7.6695     % 
UB: 54.50937499999999
branching on 1 with b.
2272   440    30         50.6266    54.5094    7.6695     % 
LB close or above UB, fathomed
2273   439    29         50.6266    54.5094    7.6695     % 
LB close or above UB, fathomed
2274   438    19         50.6266    54.5094    7.6695     % 
UB: 54.50937499999999
branching on CartesianIndex(1, 4) with c.
2275   439    19         50.6266    54.5094    7.6695     % 
UB: 54.50937499999999
branching on CartesianIndex(1, 4) with c.
2276   440    17         50.6266    54.5094    7.6695     % 
LB close or above UB, fathomed
2277   439    17         50.6266    54.5094    7.6695     % 
UB: 54.50937499999999
branching on CartesianIndex(1, 5) with c.
2278   440    18         50.6266    54.5094    7.6695     % 
LB close or above UB, fathomed
2279   439    18         50.6266    54.5094    7.6695     % 
UB: 54.50937499999999
branching on CartesianIndex(1, 6) with c.
2280   440    19         50.6266    54.5094    7.6695     % 
LB close or above UB, fathomed
2281   439    19         50.6266    54.5094    7.6695     % 
UB: 54.50937499999999
branching on 3 with b.
2282   440    20         50.6266    54.5094    7.6695     % 
LB close or above UB, fathomed
2283   439    20         50.6266    54.5094    7.6695     % 
UB: 54.50937499999999
branching on CartesianIndex(1, 7) with c.
2284   440    21         50.6266    54.5094    7.6695     % 
UB: 54.50937499999999
branching on 1 with b.
2285   441    22         50.6266    54.5094    7.6695     % 
LB close or above UB, fathomed
2286   440    22         50.6266    54.5094    7.6695     % 
UB: 54.50937499999999
branching on 2 with b.
2287   441    23         50.6266    54.5094    7.6695     % 
UB: 54.50937499999999
branching on 3 with b.
2288   442    24         50.6266    54.5094    7.6695     % 
LB close or above UB, fathomed
2289   441    24         50.6266    54.5094    7.6695     % 
UB: 54.50937499999999
branching on 1 with b.
2290   442    23         50.6266    54.5094    7.6695     % 
UB: 54.50937499999999
branching on 3 with b.
2291   443    24         50.6266    54.5094    7.6695     % 
LB close or above UB, fathomed
2292   442    24         50.6266    54.5094    7.6695     % 
UB: 54.50937499999999
branching on 1 with b.
2293   443    21         50.6266    54.5094    7.6695     % 
LB close or above UB, fathomed
2294   442    17         50.6266    54.5094    7.6695     % 
LB close or above UB, fathomed
2295   441    17         50.6266    54.5094    7.6695     % 
UB: 54.50937499999999
branching on CartesianIndex(1, 4) with c.
2296   442    18         50.6266    54.5094    7.6695     % 
UB: 54.50937499999999
branching on CartesianIndex(1, 5) with c.
2297   443    18         50.6266    54.5094    7.6695     % 
UB: 54.50937499999999
branching on CartesianIndex(1, 5) with c.
2298   444    19         50.6266    54.5094    7.6695     % 
LB close or above UB, fathomed
2299   443    19         50.6266    54.5094    7.6695     % 
UB: 54.50937499999999
branching on CartesianIndex(1, 6) with c.
2300   444    20         50.6266    54.5094    7.6695     % 
LB close or above UB, fathomed
2301   443    20         50.6266    54.5094    7.6695     % 
UB: 54.50937499999999
branching on 1 with b.
2302   444    21         50.6266    54.5094    7.6695     % 
LB close or above UB, fathomed
2303   443    21         50.6266    54.5094    7.6695     % 
UB: 54.50937499999999
branching on CartesianIndex(1, 7) with c.
2304   444    22         50.6266    54.5094    7.6695     % 
UB: 54.50937499999999
branching on 2 with b.
2305   445    23         50.6266    54.5094    7.6695     % 
UB: 54.50937499999999
branching on 3 with b.
2306   446    24         50.6266    54.5094    7.6695     % 
LB close or above UB, fathomed
2307   445    24         50.6266    54.5094    7.6695     % 
UB: 54.50937499999999
branching on 1 with b.
2308   446    23         50.6266    54.5094    7.6695     % 
UB: 54.50937499999999
branching on 3 with b.
2309   447    24         50.6266    54.5094    7.6695     % 
LB close or above UB, fathomed
2310   446    24         50.6266    54.5094    7.6695     % 
UB: 54.50937499999999
branching on 1 with b.
2311   447    22         50.6266    54.5094    7.6695     % 
LB close or above UB, fathomed
2312   446    16         50.6266    54.5094    7.6695     % 
LB close or above UB, fathomed
2313   445    16         50.6266    54.5094    7.6695     % 
UB: 54.50937499999999
branching on CartesianIndex(1, 5) with c.
2314   446    17         50.6266    54.5094    7.6695     % 
UB: 54.50937499999999
branching on CartesianIndex(1, 6) with c.
2315   447    17         50.6266    54.5094    7.6695     % 
UB: 54.50937499999999
branching on CartesianIndex(1, 6) with c.
2316   448    20         50.6266    54.5094    7.6695     % 
LB close or above UB, fathomed
2317   447    20         50.6266    54.5094    7.6695     % 
UB: 54.50937499999999
branching on 1 with b.
2318   448    21         50.6266    54.5094    7.6695     % 
LB close or above UB, fathomed
2319   447    21         50.6266    54.5094    7.6695     % 
UB: 54.50937499999999
branching on CartesianIndex(1, 4) with c.
2320   448    22         50.6266    54.5094    7.6695     % 
UB: 54.50937499999999
branching on 2 with b.
2321   449    23         50.6266    54.5094    7.6695     % 
UB: 54.50937499999999
branching on CartesianIndex(1, 5) with c.
2322   450    24         50.6266    54.5094    7.6695     % 
LB close or above UB, fathomed
2323   449    24         50.6266    54.5094    7.6695     % 
UB: 54.50937499999999
branching on CartesianIndex(1, 6) with c.
2324   450    23         50.6266    54.5094    7.6695     % 
LB close or above UB, fathomed
2325   449    22         50.6266    54.5094    7.6695     % 
UB: 54.50937499999999
branching on CartesianIndex(1, 5) with c.
2326   450    23         50.6266    54.5094    7.6695     % 
LB close or above UB, fathomed
2327   449    23         50.6266    54.5094    7.6695     % 
UB: 54.50937499999999
branching on CartesianIndex(1, 6) with c.
2328   450    24         50.6266    54.5094    7.6695     % 
LB close or above UB, fathomed
2329   449    24         50.6266    54.5094    7.6695     % 
UB: 54.50937499999999
branching on CartesianIndex(1, 7) with c.
2330   450    25         50.6266    54.5094    7.6695     % 
UB: 54.50937499999999
branching on 2 with b.
2331   451    26         50.6266    54.5094    7.6695     % 
UB: 54.50937499999999
branching on 3 with b.
2332   452    27         50.6266    54.5094    7.6695     % 
LB close or above UB, fathomed
2333   451    27         50.6266    54.5094    7.6695     % 
UB: 54.50937499999999
branching on 1 with b.
2334   452    26         50.6266    54.5094    7.6695     % 
UB: 54.50937499999999
branching on 3 with b.
2335   453    27         50.6266    54.5094    7.6695     % 
LB close or above UB, fathomed
2336   452    27         50.6266    54.5094    7.6695     % 
UB: 54.50937499999999
branching on 1 with b.
2337   453    25         50.6266    54.5094    7.6695     % 
LB close or above UB, fathomed
2338   452    15         50.6266    54.5094    7.6695     % 
LB close or above UB, fathomed
2339   451    15         50.6266    54.5094    7.6695     % 
UB: 54.50937499999999
branching on 1 with b.
2340   452    16         50.6266    54.5094    7.6695     % 
UB: 54.50937499999999
branching on CartesianIndex(1, 5) with c.
2341   453    16         50.6266    54.5094    7.6695     % 
LB close or above UB, fathomed
2342   452    17         50.6266    54.5094    7.6695     % 
UB: 54.50937499999999
branching on 3 with b.
2343   453    18         50.6266    54.5094    7.6695     % 
LB close or above UB, fathomed
2344   452    18         50.6266    54.5094    7.6695     % 
UB: 54.50937499999999
branching on CartesianIndex(2, 3) with a.
2345   453    17         50.6266    54.5094    7.6695     % 
LB close or above UB, fathomed
2346   452    17         50.6266    54.5094    7.6695     % 
LB close or above UB, fathomed
2347   451    17         50.6266    54.5094    7.6695     % 
UB: 54.50937499999999
branching on CartesianIndex(1, 6) with c.
2348   452    18         50.6266    54.5094    7.6695     % 
LB close or above UB, fathomed
2349   451    18         50.6266    54.5094    7.6695     % 
UB: 54.50937499999999
branching on CartesianIndex(1, 7) with c.
2350   452    19         50.6266    54.5094    7.6695     % 
UB: 54.50937499999999
branching on 1 with b.
2351   453    20         50.6266    54.5094    7.6695     % 
UB: 54.50937499999999
branching on 2 with b.
2352   454    21         50.6266    54.5094    7.6695     % 
UB: 54.50937499999999
branching on 3 with b.
2353   455    22         50.6266    54.5094    7.6695     % 
LB close or above UB, fathomed
2354   454    22         50.6266    54.5094    7.6695     % 
UB: 54.50937499999999
branching on 1 with b.
2355   455    23         50.6266    54.5094    7.6695     % 
LB close or above UB, fathomed
2356   454    23         50.6266    54.5094    7.6695     % 
UB: 54.50937499999999
branching on 2 with b.
2357   455    24         50.6266    54.5094    7.6695     % 
UB: 54.50937499999999
branching on 3 with b.
2358   456    25         50.6266    54.5094    7.6695     % 
LB close or above UB, fathomed
2359   455    25         50.6266    54.5094    7.6695     % 
UB: 54.50937499999999
branching on 1 with b.
2360   456    24         50.6266    54.5094    7.6695     % 
LB close or above UB, fathomed
2361   455    21         50.6266    54.5094    7.6695     % 
LB close or above UB, fathomed
2362   454    20         50.6266    54.5094    7.6695     % 
LB close or above UB, fathomed
2363   453    19         50.6266    54.5094    7.6695     % 
LB close or above UB, fathomed
2364   452    20         50.6266    54.5094    7.6695     % 
LB close or above UB, fathomed
2365   451    20         50.6266    54.5094    7.6695     % 
UB: 54.50937499999999
branching on 2 with b.
2366   452    21         50.6266    54.5094    7.6695     % 
LB close or above UB, fathomed
2367   451    21         50.6266    54.5094    7.6695     % 
UB: 54.50937499999999
branching on CartesianIndex(1, 5) with c.
2368   452    22         50.6266    54.5094    7.6695     % 
UB: 54.50937499999999
branching on 3 with b.
2369   453    23         50.6266    54.5094    7.6695     % 
LB close or above UB, fathomed
2370   452    23         50.6266    54.5094    7.6695     % 
UB: 54.50937499999999
branching on CartesianIndex(1, 6) with c.
2371   453    24         50.6266    54.5094    7.6695     % 
LB close or above UB, fathomed
2372   452    24         50.6266    54.5094    7.6695     % 
UB: 54.50937499999999
branching on CartesianIndex(1, 7) with c.
2373   453    25         50.6266    54.5094    7.6695     % 
UB: 54.50937499999999
branching on 1 with b.
2374   454    26         50.6266    54.5094    7.6695     % 
LB close or above UB, fathomed
2375   453    26         50.6266    54.5094    7.6695     % 
LB close or above UB, fathomed
2376   452    25         50.6266    54.5094    7.6695     % 
LB close or above UB, fathomed
2377   451    22         50.6266    54.5094    7.6695     % 
LB close or above UB, fathomed
2378   450    23         50.6266    54.5094    7.6695     % 
LB close or above UB, fathomed
2379   449    23         50.6266    54.5094    7.6695     % 
UB: 54.50937499999999
branching on CartesianIndex(1, 7) with c.
2380   450    24         50.6266    54.5094    7.6695     % 
UB: 54.50937499999999
branching on 3 with b.
2381   451    25         50.6266    54.5094    7.6695     % 
UB: 54.50937499999999
branching on 1 with b.
2382   452    26         50.6266    54.5094    7.6695     % 
LB close or above UB, fathomed
2383   451    26         50.6266    54.5094    7.6695     % 
UB: 54.50937499999999
branching on 2 with b.
2384   452    25         50.6266    54.5094    7.6695     % 
LB close or above UB, fathomed
2385   451    24         50.6266    54.5094    7.6695     % 
LB close or above UB, fathomed
2386   450    15         50.6266    54.5094    7.6695     % 
UB: 54.50937499999999
branching on 1 with b.
2387   451    16         50.6266    54.5094    7.6695     % 
LB close or above UB, fathomed
2388   450    16         50.6266    54.5094    7.6695     % 
UB: 54.50937499999999
branching on CartesianIndex(1, 3) with a.
2389   451    15         50.6266    54.5094    7.6695     % 
LB close or above UB, fathomed
2390   450    25         50.6266    54.5094    7.6695     % 
UB: 54.50937499999999
branching on 3 with b.
2391   451    26         50.6266    54.5094    7.6695     % 
UB: 54.50937499999999
branching on 1 with b.
2392   452    27         50.6266    54.5094    7.6695     % 
UB: 54.50937499999999
branching on 2 with b.
2393   453    28         50.6266    54.5094    7.6695     % 
LB close or above UB, fathomed
2394   452    28         50.6266    54.5094    7.6695     % 
LB close or above UB, fathomed
2395   451    27         50.6266    54.5094    7.6695     % 
LB close or above UB, fathomed
2396   450    26         50.6266    54.5094    7.6695     % 
LB close or above UB, fathomed
2397   449    25         50.6266    54.5094    7.6695     % 
LB close or above UB, fathomed
2398   448    18         50.6266    54.5094    7.6695     % 
LB close or above UB, fathomed
2399   447    18         50.6266    54.5094    7.6695     % 
UB: 54.50937499999999
branching on CartesianIndex(1, 5) with c.
2400   448    19         50.6266    54.5094    7.6695     % 
UB: 54.50937499999999
branching on CartesianIndex(1, 6) with c.
2401   449    20         50.6266    54.5094    7.6695     % 
LB close or above UB, fathomed
2402   448    20         50.6266    54.5094    7.6695     % 
UB: 54.50937499999999
branching on CartesianIndex(1, 7) with c.
2403   449    21         50.6266    54.5094    7.6695     % 
UB: 54.50937499999999
branching on 2 with b.
2404   450    22         50.6266    54.5094    7.6695     % 
LB close or above UB, fathomed
2405   449    22         50.6266    54.5094    7.6695     % 
UB: 54.50937499999999
branching on 3 with b.
2406   450    23         50.6266    54.5094    7.6695     % 
LB close or above UB, fathomed
2407   449    23         50.6266    54.5094    7.6695     % 
UB: 54.50937499999999
branching on 1 with b.
2408   450    24         50.6266    54.5094    7.6695     % 
UB: 54.50937499999999
branching on 2 with b.
2409   451    25         50.6266    54.5094    7.6695     % 
LB close or above UB, fathomed
2410   450    25         50.6266    54.5094    7.6695     % 
LB close or above UB, fathomed
2411   449    24         50.6266    54.5094    7.6695     % 
LB close or above UB, fathomed
2412   448    21         50.6266    54.5094    7.6695     % 
LB close or above UB, fathomed
2413   447    19         50.6266    54.5094    7.6695     % 
LB close or above UB, fathomed
2414   446    19         50.6266    54.5094    7.6695     % 
LB close or above UB, fathomed
2415   445    19         50.6266    54.5094    7.6695     % 
UB: 54.50937499999999
branching on CartesianIndex(1, 4) with c.
2416   446    20         50.6266    54.5094    7.6695     % 
LB close or above UB, fathomed
2417   445    20         50.6266    54.5094    7.6695     % 
UB: 54.50937499999999
branching on CartesianIndex(1, 5) with c.
2418   446    21         50.6266    54.5094    7.6695     % 
UB: 54.50937499999999
branching on CartesianIndex(1, 6) with c.
2419   447    22         50.6266    54.5094    7.6695     % 
LB close or above UB, fathomed
2420   446    22         50.6266    54.5094    7.6695     % 
UB: 54.50937499999999
branching on CartesianIndex(1, 7) with c.
2421   447    23         50.6266    54.5094    7.6695     % 
UB: 54.50937499999999
branching on 3 with b.
2422   448    24         50.6266    54.5094    7.6695     % 
UB: 54.50937499999999
branching on 1 with b.
2423   449    25         50.6266    54.5094    7.6695     % 
LB close or above UB, fathomed
2424   448    25         50.6266    54.5094    7.6695     % 
UB: 54.50937499999999
branching on 2 with b.
2425   449    24         50.6266    54.5094    7.6695     % 
LB close or above UB, fathomed
2426   448    23         50.6266    54.5094    7.6695     % 
LB close or above UB, fathomed
2427   447    21         50.6266    54.5094    7.6695     % 
LB close or above UB, fathomed
2428   446    17         50.6266    54.5094    7.6695     % 
UB: 54.50937499999999
branching on CartesianIndex(1, 6) with c.
2429   447    17         50.6266    54.5094    7.6695     % 
UB: 54.50937499999999
branching on 2 with b.
2430   448    25         50.6266    54.5094    7.6695     % 
LB close or above UB, fathomed
2431   447    25         50.6266    54.5094    7.6695     % 
UB: 54.50937499999999
branching on CartesianIndex(1, 7) with c.
2432   448    26         50.6266    54.5094    7.6695     % 
UB: 54.50937499999999
branching on 3 with b.
2433   449    27         50.6266    54.5094    7.6695     % 
LB close or above UB, fathomed
2434   448    27         50.6266    54.5094    7.6695     % 
UB: 54.50937499999999
branching on 1 with b.
2435   449    26         50.6266    54.5094    7.6695     % 
LB close or above UB, fathomed
2436   448    20         50.6266    54.5094    7.6695     % 
LB close or above UB, fathomed
2437   447    20         50.6266    54.5094    7.6695     % 
UB: 54.50937499999999
branching on CartesianIndex(1, 5) with c.
2438   448    21         50.6266    54.5094    7.6695     % 
UB: 54.50937499999999
branching on CartesianIndex(1, 6) with c.
2439   449    21         50.6266    54.5094    7.6695     % 
UB: 54.50937499999999
branching on CartesianIndex(1, 6) with c.
2440   450    22         50.6266    54.5094    7.6695     % 
LB close or above UB, fathomed
2441   449    22         50.6266    54.5094    7.6695     % 
UB: 54.50937499999999
branching on CartesianIndex(1, 7) with c.
2442   450    23         50.6266    54.5094    7.6695     % 
UB: 54.50937499999999
branching on 3 with b.
2443   451    24         50.6266    54.5094    7.6695     % 
LB close or above UB, fathomed
2444   450    24         50.6266    54.5094    7.6695     % 
UB: 54.50937499999999
branching on 1 with b.
2445   451    25         50.6266    54.5094    7.6695     % 
LB close or above UB, fathomed
2446   450    25         50.6266    54.5094    7.6695     % 
UB: 54.50937499999999
branching on 2 with b.
2447   451    26         50.6266    54.5094    7.6695     % 
UB: 54.50937499999999
branching on 3 with b.
2448   452    27         50.6266    54.5094    7.6695     % 
LB close or above UB, fathomed
2449   451    27         50.6266    54.5094    7.6695     % 
UB: 54.50937499999999
branching on 1 with b.
2450   452    26         50.6266    54.5094    7.6695     % 
UB: 54.50937499999999
branching on 3 with b.
2451   453    27         50.6266    54.5094    7.6695     % 
LB close or above UB, fathomed
2452   452    27         50.6266    54.5094    7.6695     % 
UB: 54.50937499999999
branching on 1 with b.
2453   453    23         50.6266    54.5094    7.6695     % 
LB close or above UB, fathomed
2454   452    20         50.6266    54.5094    7.6695     % 
UB: 54.50937499999999
branching on CartesianIndex(3, 3) with a.
2455   453    20         50.6266    54.5094    7.6695     % 
LB close or above UB, fathomed
2456   452    24         50.6266    54.5094    7.6695     % 
UB: 54.50937499999999
branching on 2 with b.
2457   453    25         50.6266    54.5094    7.6695     % 
UB: 54.50937499999999
branching on 3 with b.
2458   454    26         50.6266    54.5094    7.6695     % 
LB close or above UB, fathomed
2459   453    26         50.6266    54.5094    7.6695     % 
UB: 54.50937499999999
branching on 1 with b.
2460   454    25         50.6266    54.5094    7.6695     % 
LB close or above UB, fathomed
2461   453    24         50.6266    54.5094    7.6695     % 
LB close or above UB, fathomed
2462   452    25         50.6266    54.5094    7.6695     % 
LB close or above UB, fathomed
2463   451    25         50.6266    54.5094    7.6695     % 
UB: 54.50937499999999
branching on CartesianIndex(1, 7) with c.
2464   452    19         50.6266    54.5094    7.6695     % 
UB: 54.50937499999999
branching on 1 with b.
2465   453    20         50.6266    54.5094    7.6695     % 
LB close or above UB, fathomed
2466   452    20         50.6266    54.5094    7.6695     % 
UB: 54.50937499999999
branching on 2 with b.
2467   453    19         50.6266    54.5094    7.6695     % 
LB close or above UB, fathomed
2468   452    19         50.6266    54.5094    7.6695     % 
LB close or above UB, fathomed
2469   451    19         50.6266    54.5094    7.6695     % 
UB: 54.50937499999999
branching on CartesianIndex(1, 4) with c.
2470   452    20         50.6266    54.5094    7.6695     % 
LB close or above UB, fathomed
2471   451    20         50.6266    54.5094    7.6695     % 
UB: 54.50937499999999
branching on CartesianIndex(1, 5) with c.
2472   452    21         50.6266    54.5094    7.6695     % 
UB: 54.50937499999999
branching on 1 with b.
2473   453    22         50.6266    54.5094    7.6695     % 
UB: 54.50937499999999
branching on CartesianIndex(1, 6) with c.
2474   454    23         50.6266    54.5094    7.6695     % 
LB close or above UB, fathomed
2475   453    23         50.6266    54.5094    7.6695     % 
UB: 54.50937499999999
branching on CartesianIndex(1, 7) with c.
2476   454    24         50.6266    54.5094    7.6695     % 
UB: 54.50937499999999
branching on 2 with b.
2477   455    25         50.6266    54.5094    7.6695     % 
UB: 54.50937499999999
branching on 3 with b.
2478   456    25         50.6266    54.5094    7.6695     % 
LB close or above UB, fathomed
2479   455    24         50.6266    54.5094    7.6695     % 
LB close or above UB, fathomed
2480   454    22         50.6266    54.5094    7.6695     % 
LB close or above UB, fathomed
2481   453    21         50.6266    54.5094    7.6695     % 
LB close or above UB, fathomed
2482   452    23         50.6266    54.5094    7.6695     % 
LB close or above UB, fathomed
2483   451    23         50.6266    54.5094    7.6695     % 
UB: 54.50937499999999
branching on CartesianIndex(1, 7) with c.
2484   452    24         50.6266    54.5094    7.6695     % 
UB: 54.50937499999999
branching on 1 with b.
2485   453    25         50.6266    54.5094    7.6695     % 
LB close or above UB, fathomed
2486   452    25         50.6266    54.5094    7.6695     % 
UB: 54.50937499999999
branching on 2 with b.
2487   453    26         50.6266    54.5094    7.6695     % 
UB: 54.50937499999999
branching on 3 with b.
2488   454    27         50.6266    54.5094    7.6695     % 
LB close or above UB, fathomed
2489   453    27         50.6266    54.5094    7.6695     % 
UB: 54.50937499999999
branching on 1 with b.
2490   454    26         50.6266    54.5094    7.6695     % 
UB: 54.50937499999999
branching on 3 with b.
2491   455    27         50.6266    54.5094    7.6695     % 
LB close or above UB, fathomed
2492   454    27         50.6266    54.5094    7.6695     % 
UB: 54.50937499999999
branching on 1 with b.
2493   455    24         50.6266    54.5094    7.6695     % 
LB close or above UB, fathomed
2494   454    18         50.6266    54.5094    7.6695     % 
LB close or above UB, fathomed
2495   453    18         50.6266    54.5094    7.6695     % 
UB: 54.50937499999999
branching on CartesianIndex(1, 5) with c.
2496   454    19         50.6266    54.5094    7.6695     % 
UB: 54.50937499999999
branching on CartesianIndex(1, 6) with c.
2497   455    19         50.6266    54.5094    7.6695     % 
UB: 54.50937499999999
branching on CartesianIndex(1, 6) with c.
2498   456    16         50.6266    54.5094    7.6695     % 
UB: 54.50937499999999
branching on CartesianIndex(2, 3) with a.
2499   457    17         50.6266    54.5094    7.6695     % 
UB: 54.50937499999999
branching on CartesianIndex(3, 3) with a.
2500   458    18         50.6266    54.5094    7.6695     % 
LB close or above UB, fathomed
2501   457    18         50.6266    54.5094    7.6695     % 
LB close or above UB, fathomed
2502   456    17         50.6266    54.5094    7.6695     % 
LB close or above UB, fathomed
2503   455    16         50.6266    54.5094    7.6695     % 
LB close or above UB, fathomed
2504   454    13         50.6266    54.5094    7.6695     % 
LB close or above UB, fathomed
2505   453    13         50.6266    54.5094    7.6695     % 
UB: 54.50937499999999
branching on CartesianIndex(3, 3) with a.
2506   454    13         50.6266    54.5094    7.6695     % 
UB: 54.50937499999999
branching on 1 with b.
2507   455    14         50.6266    54.5094    7.6695     % 
LB close or above UB, fathomed
2508   454    14         50.6266    54.5094    7.6695     % 
UB: 54.50937499999999
branching on CartesianIndex(2, 3) with a.
2509   455    13         50.6266    54.5094    7.6695     % 
LB close or above UB, fathomed
2510   454    20         50.6266    54.5094    7.6695     % 
LB close or above UB, fathomed
2511   453    20         50.6266    54.5094    7.6695     % 
UB: 54.50937499999999
branching on CartesianIndex(1, 5) with c.
2512   454    21         50.6266    54.5094    7.6695     % 
UB: 54.50937499999999
branching on CartesianIndex(1, 6) with c.
2513   455    22         50.6266    54.5094    7.6695     % 
LB close or above UB, fathomed
2514   454    22         50.6266    54.5094    7.6695     % 
UB: 54.50937499999999
branching on CartesianIndex(1, 7) with c.
2515   455    23         50.6266    54.5094    7.6695     % 
UB: 54.50937499999999
branching on 3 with b.
2516   456    24         50.6266    54.5094    7.6695     % 
LB close or above UB, fathomed
2517   455    24         50.6266    54.5094    7.6695     % 
UB: 54.50937499999999
branching on 1 with b.
2518   456    25         50.6266    54.5094    7.6695     % 
UB: 54.50937499999999
branching on 2 with b.
2519   457    26         50.6266    54.5094    7.6695     % 
UB: 54.50937499999999
branching on 3 with b.
2520   458    27         50.6266    54.5094    7.6695     % 
LB close or above UB, fathomed
2521   457    27         50.6266    54.5094    7.6695     % 
UB: 54.50937499999999
branching on 1 with b.
2522   458    28         50.6266    54.5094    7.6695     % 
UB: 54.50937499999999
branching on 2 with b.
2523   459    29         50.6266    54.5094    7.6695     % 
UB: 54.50937499999999
branching on 3 with b.
2524   460    30         50.6266    54.5094    7.6695     % 
LB close or above UB, fathomed
2525   459    30         50.6266    54.5094    7.6695     % 
UB: 54.50937499999999
branching on 1 with b.
2526   460    31         50.6266    54.5094    7.6695     % 
UB: 54.50937499999999
branching on 2 with b.
2527   461    31         50.6266    54.5094    7.6695     % 
UB: 54.50937499999999
branching on 2 with b.
2528   462    29         50.6266    54.5094    7.6695     % 
LB close or above UB, fathomed
2529   461    28         50.6266    54.5094    7.6695     % 
LB close or above UB, fathomed
2530   460    26         50.6266    54.5094    7.6695     % 
LB close or above UB, fathomed
2531   459    25         50.6266    54.5094    7.6695     % 
LB close or above UB, fathomed
2532   458    23         50.6266    54.5094    7.6695     % 
LB close or above UB, fathomed
2533   457    21         50.6266    54.5094    7.6695     % 
LB close or above UB, fathomed
2534   456    18         50.6266    54.5094    7.6695     % 
UB: 54.50937499999999
branching on 3 with b.
2535   457    19         50.6266    54.5094    7.6695     % 
LB close or above UB, fathomed
2536   456    19         50.6266    54.5094    7.6695     % 
UB: 54.50937499999999
branching on CartesianIndex(1, 6) with c.
2537   457    20         50.6266    54.5094    7.6695     % 
LB close or above UB, fathomed
2538   456    20         50.6266    54.5094    7.6695     % 
UB: 54.50937499999999
branching on CartesianIndex(1, 7) with c.
2539   457    21         50.6266    54.5094    7.6695     % 
UB: 54.50937499999999
branching on 1 with b.
2540   458    22         50.6266    54.5094    7.6695     % 
LB close or above UB, fathomed
2541   457    22         50.6266    54.5094    7.6695     % 
UB: 54.50937499999999
branching on 2 with b.
2542   458    23         50.6266    54.5094    7.6695     % 
UB: 54.50937499999999
branching on 3 with b.
2543   459    24         50.6266    54.5094    7.6695     % 
LB close or above UB, fathomed
2544   458    24         50.6266    54.5094    7.6695     % 
UB: 54.50937499999999
branching on 1 with b.
2545   459    23         50.6266    54.5094    7.6695     % 
UB: 54.50937499999999
branching on 3 with b.
2546   460    24         50.6266    54.5094    7.6695     % 
LB close or above UB, fathomed
2547   459    24         50.6266    54.5094    7.6695     % 
UB: 54.50937499999999
branching on 1 with b.
2548   460    21         50.6266    54.5094    7.6695     % 
LB close or above UB, fathomed
2549   459    18         50.6266    54.5094    7.6695     % 
UB: 54.50937499999999
branching on CartesianIndex(1, 6) with c.
2550   460    19         50.6266    54.5094    7.6695     % 
LB close or above UB, fathomed
2551   459    19         50.6266    54.5094    7.6695     % 
UB: 54.50937499999999
branching on CartesianIndex(1, 6) with c.
2552   460    20         50.6266    54.5094    7.6695     % 
LB close or above UB, fathomed
2553   459    20         50.6266    54.5094    7.6695     % 
UB: 54.50937499999999
branching on CartesianIndex(1, 7) with c.
2554   460    21         50.6266    54.5094    7.6695     % 
UB: 54.50937499999999
branching on 1 with b.
2555   461    22         50.6266    54.5094    7.6695     % 
LB close or above UB, fathomed
2556   460    22         50.6266    54.5094    7.6695     % 
UB: 54.50937499999999
branching on 2 with b.
2557   461    23         50.6266    54.5094    7.6695     % 
UB: 54.50937499999999
branching on 3 with b.
2558   462    24         50.6266    54.5094    7.6695     % 
LB close or above UB, fathomed
2559   461    24         50.6266    54.5094    7.6695     % 
UB: 54.50937499999999
branching on 1 with b.
2560   462    23         50.6266    54.5094    7.6695     % 
LB close or above UB, fathomed
2561   461    21         50.6266    54.5094    7.6695     % 
LB close or above UB, fathomed
2562   460    25         50.6266    54.5094    7.6695     % 
UB: 54.50937499999999
branching on 3 with b.
2563   461    26         50.6266    54.5094    7.6695     % 
LB close or above UB, fathomed
2564   460    26         50.6266    54.5094    7.6695     % 
UB: 54.50937499999999
branching on 1 with b.
2565   461    25         50.6266    54.5094    7.6695     % 
LB close or above UB, fathomed
2566   460    20         50.6266    54.5094    7.6695     % 
UB: 54.50937499999999
branching on CartesianIndex(1, 6) with c.
2567   461    21         50.6266    54.5094    7.6695     % 
LB close or above UB, fathomed
2568   460    21         50.6266    54.5094    7.6695     % 
UB: 54.50937499999999
branching on CartesianIndex(1, 7) with c.
2569   461    22         50.6266    54.5094    7.6695     % 
UB: 54.50937499999999
branching on 2 with b.
2570   462    23         50.6266    54.5094    7.6695     % 
UB: 54.50937499999999
branching on 3 with b.
2571   463    24         50.6266    54.5094    7.6695     % 
LB close or above UB, fathomed
2572   462    24         50.6266    54.5094    7.6695     % 
UB: 54.50937499999999
branching on 1 with b.
2573   463    25         50.6266    54.5094    7.6695     % 
LB close or above UB, fathomed
2574   462    25         50.6266    54.5094    7.6695     % 
UB: 54.50937499999999
branching on 2 with b.
2575   463    26         50.6266    54.5094    7.6695     % 
UB: 54.50937499999999
branching on 3 with b.
2576   464    27         50.6266    54.5094    7.6695     % 
LB close or above UB, fathomed
2577   463    27         50.6266    54.5094    7.6695     % 
UB: 54.50937499999999
branching on 1 with b.
2578   464    26         50.6266    54.5094    7.6695     % 
UB: 54.50937499999999
branching on 3 with b.
2579   465    27         50.6266    54.5094    7.6695     % 
LB close or above UB, fathomed
2580   464    27         50.6266    54.5094    7.6695     % 
UB: 54.50937499999999
branching on 1 with b.
2581   465    23         50.6266    54.5094    7.6695     % 
UB: 54.50937499999999
branching on 3 with b.
2582   466    24         50.6266    54.5094    7.6695     % 
LB close or above UB, fathomed
2583   465    24         50.6266    54.5094    7.6695     % 
UB: 54.50937499999999
branching on 1 with b.
2584   466    25         50.6266    54.5094    7.6695     % 
LB close or above UB, fathomed
2585   465    25         50.6266    54.5094    7.6695     % 
UB: 54.50937499999999
branching on 2 with b.
2586   465    26         50.6266    54.5094    7.6695     % 
UB: 54.50937499999999
branching on 3 with b.
2587   466    27         50.6266    54.5094    7.6695     % 
LB close or above UB, fathomed
2588   465    27         50.6266    54.5094    7.6695     % 
UB: 54.50937499999999
branching on 1 with b.
2589   466    22         50.6266    54.5094    7.6695     % 
LB close or above UB, fathomed
2590   465    20         50.6266    54.5094    7.6695     % 
LB close or above UB, fathomed
2591   464    21         50.6266    54.5094    7.6695     % 
LB close or above UB, fathomed
2592   463    21         50.6266    54.5094    7.6695     % 
UB: 54.50937499999999
branching on CartesianIndex(1, 5) with c.
2593   464    22         50.6266    54.5094    7.6695     % 
UB: 54.50937499999999
branching on CartesianIndex(1, 6) with c.
2594   465    23         50.6266    54.5094    7.6695     % 
LB close or above UB, fathomed
2595   464    23         50.6266    54.5094    7.6695     % 
UB: 54.50937499999999
branching on CartesianIndex(1, 7) with c.
2596   465    24         50.6266    54.5094    7.6695     % 
UB: 54.50937499999999
branching on 1 with b.
2597   466    25         50.6266    54.5094    7.6695     % 
LB close or above UB, fathomed
2598   465    25         50.6266    54.5094    7.6695     % 
LB close or above UB, fathomed
2599   464    24         50.6266    54.5094    7.6695     % 
LB close or above UB, fathomed
2600   463    22         50.6266    54.5094    7.6695     % 
LB close or above UB, fathomed
2601   462    22         50.6266    54.5094    7.6695     % 
LB close or above UB, fathomed
2602   461    22         50.6266    54.5094    7.6695     % 
UB: 54.50937499999999
branching on CartesianIndex(1, 5) with c.
2603   462    23         50.6266    54.5094    7.6695     % 
UB: 54.50937499999999
branching on CartesianIndex(1, 6) with c.
2604   463    24         50.6266    54.5094    7.6695     % 
LB close or above UB, fathomed
2605   462    24         50.6266    54.5094    7.6695     % 
UB: 54.50937499999999
branching on CartesianIndex(1, 7) with c.
2606   463    25         50.6266    54.5094    7.6695     % 
UB: 54.50937499999999
branching on 3 with b.
2607   464    26         50.6266    54.5094    7.6695     % 
LB close or above UB, fathomed
2608   463    26         50.6266    54.5094    7.6695     % 
UB: 54.50937499999999
branching on 1 with b.
2609   464    27         50.6266    54.5094    7.6695     % 
UB: 54.50937499999999
branching on 2 with b.
2610   465    28         50.6266    54.5094    7.6695     % 
UB: 54.50937499999999
branching on 3 with b.
2611   466    29         50.6266    54.5094    7.6695     % 
LB close or above UB, fathomed
2612   465    29         50.6266    54.5094    7.6695     % 
UB: 54.50937499999999
branching on 1 with b.
2613   466    30         50.6266    54.5094    7.6695     % 
LB close or above UB, fathomed
2614   465    30         50.6266    54.5094    7.6695     % 
LB close or above UB, fathomed
2615   464    28         50.6266    54.5094    7.6695     % 
LB close or above UB, fathomed
2616   463    27         50.6266    54.5094    7.6695     % 
LB close or above UB, fathomed
2617   462    25         50.6266    54.5094    7.6695     % 
LB close or above UB, fathomed
2618   461    23         50.6266    54.5094    7.6695     % 
LB close or above UB, fathomed
2619   460    21         50.6266    54.5094    7.6695     % 
LB close or above UB, fathomed
2620   459    21         50.6266    54.5094    7.6695     % 
UB: 54.50937499999999
branching on 3 with b.
2621   460    22         50.6266    54.5094    7.6695     % 
LB close or above UB, fathomed
2622   459    22         50.6266    54.5094    7.6695     % 
UB: 54.50937499999999
branching on CartesianIndex(1, 7) with c.
2623   460    23         50.6266    54.5094    7.6695     % 
UB: 54.50937499999999
branching on 1 with b.
2624   461    24         50.6266    54.5094    7.6695     % 
UB: 54.50937499999999
branching on 2 with b.
2625   462    24         50.6266    54.5094    7.6695     % 
LB close or above UB, fathomed
2626   461    23         50.6266    54.5094    7.6695     % 
LB close or above UB, fathomed
2627   460    18         50.6266    54.5094    7.6695     % 
LB close or above UB, fathomed
2628   459    18         50.6266    54.5094    7.6695     % 
UB: 54.50937499999999
branching on CartesianIndex(1, 5) with c.
2629   460    19         50.6266    54.5094    7.6695     % 
UB: 54.50937499999999
branching on CartesianIndex(1, 6) with c.
2630   461    20         50.6266    54.5094    7.6695     % 
LB close or above UB, fathomed
2631   460    20         50.6266    54.5094    7.6695     % 
UB: 54.50937499999999
branching on CartesianIndex(1, 7) with c.
2632   461    21         50.6266    54.5094    7.6695     % 
UB: 54.50937499999999
branching on 2 with b.
2633   462    22         50.6266    54.5094    7.6695     % 
UB: 54.50937499999999
branching on 3 with b.
2634   463    23         50.6266    54.5094    7.6695     % 
LB close or above UB, fathomed
2635   462    23         50.6266    54.5094    7.6695     % 
UB: 54.50937499999999
branching on 1 with b.
2636   463    24         50.6266    54.5094    7.6695     % 
LB close or above UB, fathomed
2637   462    24         50.6266    54.5094    7.6695     % 
UB: 54.50937499999999
branching on 2 with b.
2638   463    25         50.6266    54.5094    7.6695     % 
LB close or above UB, fathomed
2639   462    25         50.6266    54.5094    7.6695     % 
UB: 54.50937499999999
branching on 3 with b.
2640   463    26         50.6266    54.5094    7.6695     % 
LB close or above UB, fathomed
2641   462    26         50.6266    54.5094    7.6695     % 
UB: 54.50937499999999
branching on 1 with b.
2642   463    22         50.6266    54.5094    7.6695     % 
UB: 54.50937499999999
branching on 3 with b.
2643   464    23         50.6266    54.5094    7.6695     % 
LB close or above UB, fathomed
2644   463    23         50.6266    54.5094    7.6695     % 
UB: 54.50937499999999
branching on 1 with b.
2645   464    24         50.6266    54.5094    7.6695     % 
LB close or above UB, fathomed
2646   463    24         50.6266    54.5094    7.6695     % 
UB: 54.50937499999999
branching on 2 with b.
2647   464    25         50.6266    54.5094    7.6695     % 
UB: 54.50937499999999
branching on 3 with b.
2648   465    26         50.6266    54.5094    7.6695     % 
LB close or above UB, fathomed
2649   464    26         50.6266    54.5094    7.6695     % 
UB: 54.50937499999999
branching on 1 with b.
2650   465    25         50.6266    54.5094    7.6695     % 
UB: 54.50937499999999
branching on 3 with b.
2651   466    26         50.6266    54.5094    7.6695     % 
LB close or above UB, fathomed
2652   465    26         50.6266    54.5094    7.6695     % 
UB: 54.50937499999999
branching on 1 with b.
2653   466    21         50.6266    54.5094    7.6695     % 
LB close or above UB, fathomed
2654   465    19         50.6266    54.5094    7.6695     % 
UB: 54.50937499999999
branching on CartesianIndex(1, 6) with c.
2655   466    20         50.6266    54.5094    7.6695     % 
LB close or above UB, fathomed
2656   465    20         50.6266    54.5094    7.6695     % 
UB: 54.50937499999999
branching on CartesianIndex(1, 7) with c.
2657   466    21         50.6266    54.5094    7.6695     % 
UB: 54.50937499999999
branching on 2 with b.
2658   467    22         50.6266    54.5094    7.6695     % 
UB: 54.50937499999999
branching on 3 with b.
2659   468    23         50.6266    54.5094    7.6695     % 
LB close or above UB, fathomed
2660   467    23         50.6266    54.5094    7.6695     % 
UB: 54.50937499999999
branching on 1 with b.
2661   468    24         50.6266    54.5094    7.6695     % 
LB close or above UB, fathomed
2662   467    24         50.6266    54.5094    7.6695     % 
UB: 54.50937499999999
branching on 2 with b.
2663   468    25         50.6266    54.5094    7.6695     % 
UB: 54.50937499999999
branching on 3 with b.
2664   469    26         50.6266    54.5094    7.6695     % 
LB close or above UB, fathomed
2665   468    26         50.6266    54.5094    7.6695     % 
UB: 54.50937499999999
branching on 1 with b.
2666   469    25         50.6266    54.5094    7.6695     % 
UB: 54.50937499999999
branching on 3 with b.
2667   470    26         50.6266    54.5094    7.6695     % 
LB close or above UB, fathomed
2668   469    26         50.6266    54.5094    7.6695     % 
UB: 54.50937499999999
branching on 1 with b.
2669   470    22         50.6266    54.5094    7.6695     % 
UB: 54.50937499999999
branching on 3 with b.
2670   471    23         50.6266    54.5094    7.6695     % 
LB close or above UB, fathomed
2671   470    23         50.6266    54.5094    7.6695     % 
UB: 54.50937499999999
branching on 1 with b.
2672   471    24         50.6266    54.5094    7.6695     % 
LB close or above UB, fathomed
2673   470    24         50.6266    54.5094    7.6695     % 
UB: 54.50937499999999
branching on 2 with b.
2674   471    25         50.6266    54.5094    7.6695     % 
UB: 54.50937499999999
branching on 3 with b.
2675   472    26         50.6266    54.5094    7.6695     % 
LB close or above UB, fathomed
2676   471    26         50.6266    54.5094    7.6695     % 
UB: 54.50937499999999
branching on 1 with b.
2677   472    25         50.6266    54.5094    7.6695     % 
UB: 54.50937499999999
branching on 3 with b.
2678   473    26         50.6266    54.5094    7.6695     % 
LB close or above UB, fathomed
2679   472    26         50.6266    54.5094    7.6695     % 
UB: 54.50937499999999
branching on 1 with b.
2680   473    21         50.6266    54.5094    7.6695     % 
LB close or above UB, fathomed
2681   472    16         50.6266    54.5094    7.6695     % 
LB close or above UB, fathomed
2682   471    16         50.6266    54.5094    7.6695     % 
UB: 54.50937499999999
branching on CartesianIndex(1, 6) with c.
2683   472    17         50.6266    54.5094    7.6695     % 
LB close or above UB, fathomed
2684   471    17         50.6266    54.5094    7.6695     % 
UB: 54.50937499999999
branching on CartesianIndex(1, 7) with c.
2685   472    18         50.6266    54.5094    7.6695     % 
UB: 54.50937499999999
branching on 1 with b.
2686   473    19         50.6266    54.5094    7.6695     % 
LB close or above UB, fathomed
2687   472    19         50.6266    54.5094    7.6695     % 
UB: 54.50937499999999
branching on 2 with b.
2688   473    18         50.6266    54.5094    7.6695     % 
LB close or above UB, fathomed
2689   472    21         50.6266    54.5094    7.6695     % 
LB close or above UB, fathomed
2690   471    21         50.6266    54.5094    7.6695     % 
UB: 54.50937499999999
branching on CartesianIndex(1, 4) with c.
2691   472    22         50.6266    54.5094    7.6695     % 
LB close or above UB, fathomed
2692   471    22         50.6266    54.5094    7.6695     % 
UB: 54.50937499999999
branching on CartesianIndex(1, 5) with c.
2693   472    23         50.6266    54.5094    7.6695     % 
UB: 54.50937499999999
branching on CartesianIndex(1, 6) with c.
2694   473    24         50.6266    54.5094    7.6695     % 
LB close or above UB, fathomed
2695   472    24         50.6266    54.5094    7.6695     % 
UB: 54.50937499999999
branching on CartesianIndex(1, 7) with c.
2696   473    25         50.6266    54.5094    7.6695     % 
UB: 54.50937499999999
branching on 3 with b.
2697   474    26         50.6266    54.5094    7.6695     % 
LB close or above UB, fathomed
2698   473    26         50.6266    54.5094    7.6695     % 
UB: 54.50937499999999
branching on 1 with b.
2699   474    27         50.6266    54.5094    7.6695     % 
UB: 54.50937499999999
branching on 2 with b.
2700   475    27         50.6266    54.5094    7.6695     % 
LB close or above UB, fathomed
2701   474    25         50.6266    54.5094    7.6695     % 
LB close or above UB, fathomed
2702   473    23         50.6266    54.5094    7.6695     % 
LB close or above UB, fathomed
2703   472    18         50.6266    54.5094    7.6695     % 
UB: 54.50937499999999
branching on CartesianIndex(1, 6) with c.
2704   473    18         50.6266    54.5094    7.6695     % 
LB close or above UB, fathomed
2705   472    20         50.6266    54.5094    7.6695     % 
LB close or above UB, fathomed
2706   471    20         50.6266    54.5094    7.6695     % 
UB: 54.50937499999999
branching on CartesianIndex(1, 4) with c.
2707   472    21         50.6266    54.5094    7.6695     % 
LB close or above UB, fathomed
2708   471    21         50.6266    54.5094    7.6695     % 
UB: 54.50937499999999
branching on CartesianIndex(1, 5) with c.
2709   472    22         50.6266    54.5094    7.6695     % 
UB: 54.50937499999999
branching on CartesianIndex(1, 6) with c.
2710   473    23         50.6266    54.5094    7.6695     % 
LB close or above UB, fathomed
2711   472    23         50.6266    54.5094    7.6695     % 
UB: 54.50937499999999
branching on 3 with b.
2712   473    24         50.6266    54.5094    7.6695     % 
LB close or above UB, fathomed
2713   472    24         50.6266    54.5094    7.6695     % 
LB close or above UB, fathomed
2714   471    22         50.6266    54.5094    7.6695     % 
LB close or above UB, fathomed
2715   470    20         50.6266    54.5094    7.6695     % 
LB close or above UB, fathomed
2716   469    20         50.6266    54.5094    7.6695     % 
UB: 54.50937499999999
branching on CartesianIndex(1, 6) with c.
2717   470    22         50.6266    54.5094    7.6695     % 
LB close or above UB, fathomed
2718   469    22         50.6266    54.5094    7.6695     % 
LB close or above UB, fathomed
2719   468    19         50.6266    54.5094    7.6695     % 
LB close or above UB, fathomed
2720   467    19         50.6266    54.5094    7.6695     % 
UB: 54.50937499999999
branching on CartesianIndex(1, 7) with c.
2721   468    20         50.6266    54.5094    7.6695     % 
UB: 54.50937499999999
branching on 2 with b.
2722   469    21         50.6266    54.5094    7.6695     % 
UB: 54.50937499999999
branching on 3 with b.
2723   470    22         50.6266    54.5094    7.6695     % 
LB close or above UB, fathomed
2724   469    22         50.6266    54.5094    7.6695     % 
UB: 54.50937499999999
branching on 1 with b.
2725   470    23         50.6266    54.5094    7.6695     % 
LB close or above UB, fathomed
2726   469    23         50.6266    54.5094    7.6695     % 
UB: 54.50937499999999
branching on 2 with b.
2727   470    24         50.6266    54.5094    7.6695     % 
UB: 54.50937499999999
branching on 3 with b.
2728   471    25         50.6266    54.5094    7.6695     % 
LB close or above UB, fathomed
2729   470    25         50.6266    54.5094    7.6695     % 
UB: 54.50937499999999
branching on 1 with b.
2730   471    24         50.6266    54.5094    7.6695     % 
UB: 54.50937499999999
branching on 3 with b.
2731   472    25         50.6266    54.5094    7.6695     % 
LB close or above UB, fathomed
2732   471    25         50.6266    54.5094    7.6695     % 
UB: 54.50937499999999
branching on 1 with b.
2733   472    21         50.6266    54.5094    7.6695     % 
UB: 54.50937499999999
branching on 3 with b.
2734   473    22         50.6266    54.5094    7.6695     % 
LB close or above UB, fathomed
2735   472    22         50.6266    54.5094    7.6695     % 
UB: 54.50937499999999
branching on 1 with b.
2736   473    23         50.6266    54.5094    7.6695     % 
LB close or above UB, fathomed
2737   472    23         50.6266    54.5094    7.6695     % 
UB: 54.50937499999999
branching on 2 with b.
2738   473    24         50.6266    54.5094    7.6695     % 
UB: 54.50937499999999
branching on 3 with b.
2739   474    25         50.6266    54.5094    7.6695     % 
LB close or above UB, fathomed
2740   473    25         50.6266    54.5094    7.6695     % 
UB: 54.50937499999999
branching on 1 with b.
2741   474    24         50.6266    54.5094    7.6695     % 
UB: 54.50937499999999
branching on 3 with b.
2742   475    25         50.6266    54.5094    7.6695     % 
LB close or above UB, fathomed
2743   474    25         50.6266    54.5094    7.6695     % 
UB: 54.50937499999999
branching on 1 with b.
2744   475    20         50.6266    54.5094    7.6695     % 
LB close or above UB, fathomed
2745   474    20         50.6266    54.5094    7.6695     % 
LB close or above UB, fathomed
2746   473    20         50.6266    54.5094    7.6695     % 
UB: 54.50937499999999
branching on CartesianIndex(1, 7) with c.
2747   474    21         50.6266    54.5094    7.6695     % 
UB: 54.50937499999999
branching on 1 with b.
2748   475    22         50.6266    54.5094    7.6695     % 
LB close or above UB, fathomed
2749   474    22         50.6266    54.5094    7.6695     % 
UB: 54.50937499999999
branching on 2 with b.
2750   475    21         50.6266    54.5094    7.6695     % 
LB close or above UB, fathomed
2751   474    20         50.6266    54.5094    7.6695     % 
LB close or above UB, fathomed
2752   473    20         50.6266    54.5094    7.6695     % 
UB: 54.50937499999999
branching on CartesianIndex(1, 7) with c.
2753   474    21         50.6266    54.5094    7.6695     % 
UB: 54.50937499999999
branching on 1 with b.
2754   475    22         50.6266    54.5094    7.6695     % 
LB close or above UB, fathomed
2755   474    22         50.6266    54.5094    7.6695     % 
UB: 54.50937499999999
branching on 2 with b.
2756   475    21         50.6266    54.5094    7.6695     % 
LB close or above UB, fathomed
2757   474    18         50.6266    54.5094    7.6695     % 
LB close or above UB, fathomed
2758   473    18         50.6266    54.5094    7.6695     % 
UB: 54.50937499999999
branching on CartesianIndex(1, 7) with c.
2759   474    19         50.6266    54.5094    7.6695     % 
UB: 54.50937499999999
branching on 2 with b.
2760   475    20         50.6266    54.5094    7.6695     % 
UB: 54.50937499999999
branching on 3 with b.
2761   476    20         50.6266    54.5094    7.6695     % 
UB: 54.50937499999999
branching on 3 with b.
2762   477    21         50.6266    54.5094    7.6695     % 
LB close or above UB, fathomed
2763   476    21         50.6266    54.5094    7.6695     % 
UB: 54.50937499999999
branching on 1 with b.
2764   477    22         50.6266    54.5094    7.6695     % 
LB close or above UB, fathomed
2765   476    22         50.6266    54.5094    7.6695     % 
UB: 54.50937499999999
branching on 2 with b.
2766   477    23         50.6266    54.5094    7.6695     % 
UB: 54.50937499999999
branching on 3 with b.
2767   478    24         50.6266    54.5094    7.6695     % 
LB close or above UB, fathomed
2768   477    24         50.6266    54.5094    7.6695     % 
UB: 54.50937499999999
branching on 1 with b.
2769   478    23         50.6266    54.5094    7.6695     % 
UB: 54.50937499999999
branching on 3 with b.
2770   479    24         50.6266    54.5094    7.6695     % 
LB close or above UB, fathomed
2771   478    24         50.6266    54.5094    7.6695     % 
UB: 54.50937499999999
branching on 1 with b.
2772   479    19         50.6266    54.5094    7.6695     % 
LB close or above UB, fathomed
2773   478    18         50.6266    54.5094    7.6695     % 
LB close or above UB, fathomed
2774   477    18         50.6266    54.5094    7.6695     % 
UB: 54.50937499999999
branching on 1 with b.
2775   478    19         50.6266    54.5094    7.6695     % 
UB: 54.50937499999999
branching on CartesianIndex(1, 7) with c.
2776   479    19         50.6266    54.5094    7.6695     % 
LB close or above UB, fathomed
2777   478    20         50.6266    54.5094    7.6695     % 
LB close or above UB, fathomed
2778   477    20         50.6266    54.5094    7.6695     % 
UB: 54.50937499999999
branching on 3 with b.
2779   478    21         50.6266    54.5094    7.6695     % 
LB close or above UB, fathomed
2780   477    21         50.6266    54.5094    7.6695     % 
UB: 54.50937499999999
branching on CartesianIndex(1, 5) with c.
2781   478    22         50.6266    54.5094    7.6695     % 
UB: 54.50937499999999
branching on CartesianIndex(1, 6) with c.
2782   479    22         50.6266    54.5094    7.6695     % 
UB: 54.50937499999999
branching on CartesianIndex(1, 6) with c.
2783   480    23         50.6266    54.5094    7.6695     % 
LB close or above UB, fathomed
2784   479    23         50.6266    54.5094    7.6695     % 
UB: 54.50937499999999
branching on 1 with b.
2785   480    24         50.6266    54.5094    7.6695     % 
LB close or above UB, fathomed
2786   479    24         50.6266    54.5094    7.6695     % 
UB: 54.50937499999999
branching on CartesianIndex(1, 7) with c.
2787   480    20         50.6266    54.5094    7.6695     % 
UB: 54.50937499999999
branching on 1 with b.
2788   481    21         50.6266    54.5094    7.6695     % 
LB close or above UB, fathomed
2789   480    21         50.6266    54.5094    7.6695     % 
UB: 54.50937499999999
branching on 2 with b.
2790   481    20         50.6266    54.5094    7.6695     % 
LB close or above UB, fathomed
2791   480    25         50.6266    54.5094    7.6695     % 
UB: 54.50937499999999
branching on 2 with b.
2792   481    26         50.6266    54.5094    7.6695     % 
UB: 54.50937499999999
branching on 3 with b.
2793   482    27         50.6266    54.5094    7.6695     % 
LB close or above UB, fathomed
2794   481    27         50.6266    54.5094    7.6695     % 
UB: 54.50937499999999
branching on 1 with b.
2795   482    26         50.6266    54.5094    7.6695     % 
UB: 54.50937499999999
branching on 3 with b.
2796   483    27         50.6266    54.5094    7.6695     % 
LB close or above UB, fathomed
2797   482    27         50.6266    54.5094    7.6695     % 
UB: 54.50937499999999
branching on 1 with b.
2798   483    25         50.6266    54.5094    7.6695     % 
LB close or above UB, fathomed
2799   482    23         50.6266    54.5094    7.6695     % 
LB close or above UB, fathomed
2800   481    23         50.6266    54.5094    7.6695     % 
UB: 54.50937499999999
branching on CartesianIndex(1, 7) with c.
2801   482    24         50.6266    54.5094    7.6695     % 
UB: 54.50937499999999
branching on 1 with b.
2802   483    25         50.6266    54.5094    7.6695     % 
LB close or above UB, fathomed
2803   482    25         50.6266    54.5094    7.6695     % 
UB: 54.50937499999999
branching on 2 with b.
2804   483    26         50.6266    54.5094    7.6695     % 
UB: 54.50937499999999
branching on 3 with b.
2805   484    27         50.6266    54.5094    7.6695     % 
LB close or above UB, fathomed
2806   483    27         50.6266    54.5094    7.6695     % 
UB: 54.50937499999999
branching on 1 with b.
2807   484    26         50.6266    54.5094    7.6695     % 
UB: 54.50937499999999
branching on 3 with b.
2808   485    27         50.6266    54.5094    7.6695     % 
LB close or above UB, fathomed
2809   484    27         50.6266    54.5094    7.6695     % 
UB: 54.50937499999999
branching on 1 with b.
2810   485    24         50.6266    54.5094    7.6695     % 
LB close or above UB, fathomed
2811   484    20         50.6266    54.5094    7.6695     % 
UB: 54.50937499999999
branching on 2 with b.
2812   485    21         50.6266    54.5094    7.6695     % 
UB: 54.50937499999999
branching on 3 with b.
2813   486    22         50.6266    54.5094    7.6695     % 
LB close or above UB, fathomed
2814   485    22         50.6266    54.5094    7.6695     % 
UB: 54.50937499999999
branching on 1 with b.
2815   486    23         50.6266    54.5094    7.6695     % 
LB close or above UB, fathomed
2816   485    23         50.6266    54.5094    7.6695     % 
UB: 54.50937499999999
branching on 2 with b.
2817   486    24         50.6266    54.5094    7.6695     % 
UB: 54.50937499999999
branching on 3 with b.
2818   487    25         50.6266    54.5094    7.6695     % 
LB close or above UB, fathomed
2819   486    25         50.6266    54.5094    7.6695     % 
UB: 54.50937499999999
branching on 1 with b.
2820   487    24         50.6266    54.5094    7.6695     % 
UB: 54.50937499999999
branching on 3 with b.
2821   488    25         50.6266    54.5094    7.6695     % 
LB close or above UB, fathomed
2822   487    25         50.6266    54.5094    7.6695     % 
UB: 54.50937499999999
branching on 1 with b.
2823   488    21         50.6266    54.5094    7.6695     % 
UB: 54.50937499999999
branching on 3 with b.
2824   489    22         50.6266    54.5094    7.6695     % 
LB close or above UB, fathomed
2825   488    22         50.6266    54.5094    7.6695     % 
UB: 54.50937499999999
branching on 1 with b.
2826   489    23         50.6266    54.5094    7.6695     % 
LB close or above UB, fathomed
2827   488    23         50.6266    54.5094    7.6695     % 
UB: 54.50937499999999
branching on 2 with b.
2828   489    24         50.6266    54.5094    7.6695     % 
UB: 54.50937499999999
branching on 3 with b.
2829   490    25         50.6266    54.5094    7.6695     % 
LB close or above UB, fathomed
2830   489    25         50.6266    54.5094    7.6695     % 
UB: 54.50937499999999
branching on 1 with b.
2831   490    24         50.6266    54.5094    7.6695     % 
UB: 54.50937499999999
branching on 3 with b.
2832   491    25         50.6266    54.5094    7.6695     % 
LB close or above UB, fathomed
2833   490    25         50.6266    54.5094    7.6695     % 
UB: 54.50937499999999
branching on 1 with b.
2834   491    20         50.6266    54.5094    7.6695     % 
LB close or above UB, fathomed
2835   490    19         50.6266    54.5094    7.6695     % 
LB close or above UB, fathomed
2836   489    19         50.6266    54.5094    7.6695     % 
UB: 54.50937499999999
branching on CartesianIndex(1, 7) with c.
2837   490    20         50.6266    54.5094    7.6695     % 
UB: 54.50937499999999
branching on 3 with b.
2838   491    21         50.6266    54.5094    7.6695     % 
LB close or above UB, fathomed
2839   490    21         50.6266    54.5094    7.6695     % 
UB: 54.50937499999999
branching on 1 with b.
2840   491    22         50.6266    54.5094    7.6695     % 
LB close or above UB, fathomed
2841   490    22         50.6266    54.5094    7.6695     % 
UB: 54.50937499999999
branching on 2 with b.
2842   491    23         50.6266    54.5094    7.6695     % 
UB: 54.50937499999999
branching on 3 with b.
2843   492    24         50.6266    54.5094    7.6695     % 
LB close or above UB, fathomed
2844   491    24         50.6266    54.5094    7.6695     % 
UB: 54.50937499999999
branching on 1 with b.
2845   492    23         50.6266    54.5094    7.6695     % 
UB: 54.50937499999999
branching on 3 with b.
2846   493    24         50.6266    54.5094    7.6695     % 
LB close or above UB, fathomed
2847   492    24         50.6266    54.5094    7.6695     % 
UB: 54.50937499999999
branching on 1 with b.
2848   493    20         50.6266    54.5094    7.6695     % 
LB close or above UB, fathomed
2849   492    22         50.6266    54.5094    7.6695     % 
LB close or above UB, fathomed
2850   491    22         50.6266    54.5094    7.6695     % 
UB: 54.50937499999999
branching on CartesianIndex(1, 7) with c.
2851   492    23         50.6266    54.5094    7.6695     % 
UB: 54.50937499999999
branching on 3 with b.
2852   493    24         50.6266    54.5094    7.6695     % 
LB close or above UB, fathomed
2853   492    24         50.6266    54.5094    7.6695     % 
UB: 54.50937499999999
branching on 1 with b.
2854   493    25         50.6266    54.5094    7.6695     % 
LB close or above UB, fathomed
2855   492    25         50.6266    54.5094    7.6695     % 
UB: 54.50937499999999
branching on 2 with b.
2856   493    26         50.6266    54.5094    7.6695     % 
LB close or above UB, fathomed
2857   492    26         50.6266    54.5094    7.6695     % 
UB: 54.50937499999999
branching on 3 with b.
2858   493    27         50.6266    54.5094    7.6695     % 
LB close or above UB, fathomed
2859   492    27         50.6266    54.5094    7.6695     % 
UB: 54.50937499999999
branching on 1 with b.
2860   493    23         50.6266    54.5094    7.6695     % 
LB close or above UB, fathomed
2861   492    18         50.6266    54.5094    7.6695     % 
LB close or above UB, fathomed
2862   491    18         50.6266    54.5094    7.6695     % 
UB: 54.50937499999999
branching on CartesianIndex(1, 7) with c.
2863   492    19         50.6266    54.5094    7.6695     % 
UB: 54.50937499999999
branching on 1 with b.
2864   493    20         50.6266    54.5094    7.6695     % 
UB: 54.50937499999999
branching on 2 with b.
2865   494    21         50.6266    54.5094    7.6695     % 
UB: 54.50937499999999
branching on 3 with b.
2866   495    22         50.6266    54.5094    7.6695     % 
LB close or above UB, fathomed
2867   494    22         50.6266    54.5094    7.6695     % 
UB: 54.50937499999999
branching on 1 with b.
2868   495    23         50.6266    54.5094    7.6695     % 
LB close or above UB, fathomed
2869   494    23         50.6266    54.5094    7.6695     % 
UB: 54.50937499999999
branching on 2 with b.
2870   495    24         50.6266    54.5094    7.6695     % 
UB: 54.50937499999999
branching on 3 with b.
2871   496    25         50.6266    54.5094    7.6695     % 
LB close or above UB, fathomed
2872   495    25         50.6266    54.5094    7.6695     % 
UB: 54.50937499999999
branching on 1 with b.
2873   496    24         50.6266    54.5094    7.6695     % 
UB: 54.50937499999999
branching on 3 with b.
2874   497    25         50.6266    54.5094    7.6695     % 
LB close or above UB, fathomed
2875   496    25         50.6266    54.5094    7.6695     % 
UB: 54.50937499999999
branching on 1 with b.
2876   497    21         50.6266    54.5094    7.6695     % 
UB: 54.50937499999999
branching on 3 with b.
2877   498    22         50.6266    54.5094    7.6695     % 
LB close or above UB, fathomed
2878   497    22         50.6266    54.5094    7.6695     % 
UB: 54.50937499999999
branching on 1 with b.
2879   498    23         50.6266    54.5094    7.6695     % 
LB close or above UB, fathomed
2880   497    23         50.6266    54.5094    7.6695     % 
UB: 54.50937499999999
branching on 2 with b.
2881   498    24         50.6266    54.5094    7.6695     % 
UB: 54.50937499999999
branching on 3 with b.
2882   499    25         50.6266    54.5094    7.6695     % 
LB close or above UB, fathomed
2883   498    25         50.6266    54.5094    7.6695     % 
UB: 54.50937499999999
branching on 1 with b.
2884   499    24         50.6266    54.5094    7.6695     % 
UB: 54.50937499999999
branching on 3 with b.
2885   500    25         50.6266    54.5094    7.6695     % 
LB close or above UB, fathomed
2886   499    25         50.6266    54.5094    7.6695     % 
UB: 54.50937499999999
branching on 1 with b.
2887   500    20         50.6266    54.5094    7.6695     % 
LB close or above UB, fathomed
2888   499    19         50.6266    54.5094    7.6695     % 
LB close or above UB, fathomed
2889   498    16         50.6266    54.5094    7.6695     % 
UB: 54.50937499999999
branching on CartesianIndex(2, 3) with a.
2890   499    16         50.6266    54.5094    7.6695     % 
LB close or above UB, fathomed
2891   498    17         51.4031    54.5094    6.0429     % 
LB close or above UB, fathomed
2892   497    17         51.4031    54.5094    6.0429     % 
LB close or above UB, fathomed
2893   496    12         52.4694    54.5094    3.8879     % 
UB: 54.50937499999999
branching on CartesianIndex(2, 3) with a.
2894   497    13         52.4694    54.5094    3.8879     % 
LB close or above UB, fathomed
2895   496    13         52.4694    54.5094    3.8879     % 
UB: 54.50937499999999
branching on CartesianIndex(1, 5) with c.
2896   497    14         52.4694    54.5094    3.8879     % 
LB close or above UB, fathomed
2897   496    14         52.4694    54.5094    3.8879     % 
UB: 54.50937499999999
branching on 3 with b.
2898   497    15         52.4694    54.5094    3.8879     % 
LB close or above UB, fathomed
2899   496    15         52.4694    54.5094    3.8879     % 
UB: 54.50937499999999
branching on CartesianIndex(1, 6) with c.
2900   497    12         52.4694    54.5094    3.8879     % 
LB close or above UB, fathomed
2901   496    16         52.4778    54.5094    3.8714     % 
LB close or above UB, fathomed
2902   495    16         52.4778    54.5094    3.8714     % 
UB: 54.50937499999999
branching on CartesianIndex(1, 7) with c.
2903   496    17         52.4778    54.5094    3.8714     % 
UB: 54.50937499999999
branching on 1 with b.
2904   497    18         52.4778    54.5094    3.8714     % 
UB: 54.50937499999999
branching on 3 with b.
2905   498    19         52.4778    54.5094    3.8714     % 
UB: 54.50937499999999
branching on 1 with b.
2906   499    19         52.4778    54.5094    3.8714     % 
LB close or above UB, fathomed
2907   498    18         52.4778    54.5094    3.8714     % 
LB close or above UB, fathomed
2908   497    17         52.4778    54.5094    3.8714     % 
LB close or above UB, fathomed
2909   496    20         52.4868    54.5094    3.8535     % 
LB close or above UB, fathomed
2910   495    20         52.4868    54.5094    3.8535     % 
LB close or above UB, fathomed
2911   494    20         52.5180    54.5094    3.7919     % 
LB close or above UB, fathomed
2912   493    20         52.5180    54.5094    3.7919     % 
LB close or above UB, fathomed
2913   492    7          52.5180    54.5094    3.7919     % 
LB close or above UB, fathomed
2914   491    7          52.5180    54.5094    3.7919     % 
LB close or above UB, fathomed
2915   490    11         52.5680    54.5094    3.6931     % 
UB: 54.50937499999999
branching on CartesianIndex(4, 2) with a.
2916   491    12         52.5680    54.5094    3.6931     % 
LB close or above UB, fathomed
2917   490    12         52.5680    54.5094    3.6931     % 
UB: 54.50937499999999
branching on CartesianIndex(1, 3) with a.
2918   491    13         52.5680    54.5094    3.6931     % 
UB: 54.50937499999999
branching on 2 with b.
2919   492    14         52.5680    54.5094    3.6931     % 
LB close or above UB, fathomed
2920   491    14         52.5680    54.5094    3.6931     % 
LB close or above UB, fathomed
2921   490    13         52.5680    54.5094    3.6931     % 
UB: 54.50937499999999
branching on CartesianIndex(1, 4) with c.
2922   491    11         52.5680    54.5094    3.6931     % 
LB close or above UB, fathomed
2923   490    28         52.5680    54.5094    3.6931     % 
LB close or above UB, fathomed
2924   489    28         52.5680    54.5094    3.6931     % 
UB: 54.50937499999999
branching on 2 with b.
2925   490    36         52.5680    54.5094    3.6931     % 
LB close or above UB, fathomed
2926   489    36         52.5680    54.5094    3.6931     % 
LB close or above UB, fathomed
2927   488    31         52.5680    54.5094    3.6931     % 
LB close or above UB, fathomed
2928   487    31         52.5680    54.5094    3.6931     % 
LB close or above UB, fathomed
2929   486    31         52.5680    54.5094    3.6931     % 
LB close or above UB, fathomed
2930   485    31         52.5680    54.5094    3.6931     % 
LB close or above UB, fathomed
2931   484    33         52.5680    54.5094    3.6931     % 
UB: 54.50937499999999
branching on 2 with b.
2932   485    34         52.5680    54.5094    3.6931     % 
UB: 54.50937499999999
branching on 3 with b.
2933   486    34         52.5680    54.5094    3.6931     % 
LB close or above UB, fathomed
2934   485    33         52.5680    54.5094    3.6931     % 
LB close or above UB, fathomed
2935   484    35         52.5680    54.5094    3.6931     % 
LB close or above UB, fathomed
2936   483    35         52.5680    54.5094    3.6931     % 
LB close or above UB, fathomed
2937   482    29         52.5680    54.5094    3.6931     % 
LB close or above UB, fathomed
2938   481    29         52.5680    54.5094    3.6931     % 
LB close or above UB, fathomed
2939   480    28         52.5680    54.5094    3.6931     % 
LB close or above UB, fathomed
2940   479    28         52.5680    54.5094    3.6931     % 
LB close or above UB, fathomed
2941   478    27         52.5680    54.5094    3.6931     % 
LB close or above UB, fathomed
2942   477    27         52.5680    54.5094    3.6931     % 
LB close or above UB, fathomed
2943   476    25         52.5680    54.5094    3.6931     % 
LB close or above UB, fathomed
2944   475    25         52.5680    54.5094    3.6931     % 
LB close or above UB, fathomed
2945   474    32         52.5680    54.5094    3.6931     % 
LB close or above UB, fathomed
2946   473    32         52.5680    54.5094    3.6931     % 
LB close or above UB, fathomed
2947   472    32         52.5680    54.5094    3.6931     % 
LB close or above UB, fathomed
2948   471    32         52.5680    54.5094    3.6931     % 
LB close or above UB, fathomed
2949   470    28         52.5680    54.5094    3.6931     % 
LB close or above UB, fathomed
2950   469    28         52.5680    54.5094    3.6931     % 
LB close or above UB, fathomed
2951   468    27         52.5680    54.5094    3.6931     % 
LB close or above UB, fathomed
2952   467    27         52.5680    54.5094    3.6931     % 
LB close or above UB, fathomed
2953   466    28         52.5680    54.5094    3.6931     % 
LB close or above UB, fathomed
2954   465    28         52.5680    54.5094    3.6931     % 
LB close or above UB, fathomed
2955   464    25         52.5680    54.5094    3.6931     % 
LB close or above UB, fathomed
2956   463    25         52.5680    54.5094    3.6931     % 
LB close or above UB, fathomed
2957   462    25         52.5680    54.5094    3.6931     % 
LB close or above UB, fathomed
2958   461    25         52.5680    54.5094    3.6931     % 
UB: 54.50937499999999
branching on 3 with b.
2959   462    26         52.5680    54.5094    3.6931     % 
LB close or above UB, fathomed
2960   461    26         52.5680    54.5094    3.6931     % 
UB: 54.50937499999999
branching on 1 with b.
2961   462    27         52.5680    54.5094    3.6931     % 
LB close or above UB, fathomed
2962   461    27         52.5680    54.5094    3.6931     % 
UB: 54.50937499999999
branching on 2 with b.
2963   462    28         52.5680    54.5094    3.6931     % 
LB close or above UB, fathomed
2964   461    28         52.5680    54.5094    3.6931     % 
UB: 54.50937499999999
branching on 3 with b.
2965   462    29         52.5680    54.5094    3.6931     % 
LB close or above UB, fathomed
2966   461    29         52.5680    54.5094    3.6931     % 
UB: 54.50937499999999
branching on 1 with b.
2967   462    30         52.5680    54.5094    3.6931     % 
LB close or above UB, fathomed
2968   461    30         52.5680    54.5094    3.6931     % 
LB close or above UB, fathomed
2969   460    34         52.5680    54.5094    3.6931     % 
LB close or above UB, fathomed
2970   459    34         52.5680    54.5094    3.6931     % 
LB close or above UB, fathomed
2971   458    26         52.5680    54.5094    3.6931     % 
LB close or above UB, fathomed
2972   457    26         52.5680    54.5094    3.6931     % 
LB close or above UB, fathomed
2973   456    28         52.5680    54.5094    3.6931     % 
LB close or above UB, fathomed
2974   455    28         52.5680    54.5094    3.6931     % 
LB close or above UB, fathomed
2975   454    26         52.5680    54.5094    3.6931     % 
LB close or above UB, fathomed
2976   453    26         52.5680    54.5094    3.6931     % 
UB: 54.50937499999999
branching on 3 with b.
2977   454    27         52.5680    54.5094    3.6931     % 
UB: 54.50937499999999
branching on 1 with b.
2978   455    28         52.5680    54.5094    3.6931     % 
LB close or above UB, fathomed
2979   454    28         52.5680    54.5094    3.6931     % 
LB close or above UB, fathomed
2980   453    27         52.5680    54.5094    3.6931     % 
LB close or above UB, fathomed
2981   452    32         52.5680    54.5094    3.6931     % 
LB close or above UB, fathomed
2982   451    32         52.5680    54.5094    3.6931     % 
LB close or above UB, fathomed
2983   450    27         52.5680    54.5094    3.6931     % 
LB close or above UB, fathomed
2984   449    27         52.5680    54.5094    3.6931     % 
UB: 54.50937499999999
branching on 1 with b.
2985   450    28         52.5680    54.5094    3.6931     % 
LB close or above UB, fathomed
2986   449    28         52.5680    54.5094    3.6931     % 
LB close or above UB, fathomed
2987   448    27         52.5680    54.5094    3.6931     % 
LB close or above UB, fathomed
2988   447    27         52.5680    54.5094    3.6931     % 
LB close or above UB, fathomed
2989   446    21         52.5680    54.5094    3.6931     % 
UB: 54.50937499999999
branching on 3 with b.
2990   447    22         52.5680    54.5094    3.6931     % 
LB close or above UB, fathomed
2991   446    22         52.5680    54.5094    3.6931     % 
UB: 54.50937499999999
branching on 1 with b.
2992   447    23         52.5680    54.5094    3.6931     % 
UB: 54.50937499999999
branching on 2 with b.
2993   448    24         52.5680    54.5094    3.6931     % 
UB: 54.50937499999999
branching on 3 with b.
2994   449    25         52.5680    54.5094    3.6931     % 
UB: 54.50937499999999
branching on 1 with b.
2995   450    26         52.5680    54.5094    3.6931     % 
LB close or above UB, fathomed
2996   449    26         52.5680    54.5094    3.6931     % 
LB close or above UB, fathomed
2997   448    25         52.5680    54.5094    3.6931     % 
LB close or above UB, fathomed
2998   447    24         52.5680    54.5094    3.6931     % 
UB: 54.50937499999999
branching on 3 with b.
2999   448    25         52.5680    54.5094    3.6931     % 
UB: 54.50937499999999
branching on 1 with b.
3000   449    26         52.5680    54.5094    3.6931     % 
LB close or above UB, fathomed
3001   448    26         52.5680    54.5094    3.6931     % 
LB close or above UB, fathomed
3002   447    25         52.5680    54.5094    3.6931     % 
LB close or above UB, fathomed
3003   446    23         52.5680    54.5094    3.6931     % 
LB close or above UB, fathomed
3004   445    21         52.5680    54.5094    3.6931     % 
UB: 54.50937499999999
branching on 3 with b.
3005   446    22         52.5680    54.5094    3.6931     % 
LB close or above UB, fathomed
3006   445    22         52.5680    54.5094    3.6931     % 
UB: 54.50937499999999
branching on 1 with b.
3007   446    23         52.5680    54.5094    3.6931     % 
UB: 54.50937499999999
branching on 2 with b.
3008   447    24         52.5680    54.5094    3.6931     % 
UB: 54.50937499999999
branching on 3 with b.
3009   448    25         52.5680    54.5094    3.6931     % 
UB: 54.50937499999999
branching on 1 with b.
3010   449    26         52.5680    54.5094    3.6931     % 
LB close or above UB, fathomed
3011   448    26         52.5680    54.5094    3.6931     % 
LB close or above UB, fathomed
3012   447    25         52.5680    54.5094    3.6931     % 
LB close or above UB, fathomed
3013   446    24         52.5680    54.5094    3.6931     % 
UB: 54.50937499999999
branching on 3 with b.
3014   447    25         52.5680    54.5094    3.6931     % 
UB: 54.50937499999999
branching on 1 with b.
3015   448    26         52.5680    54.5094    3.6931     % 
LB close or above UB, fathomed
3016   447    26         52.5680    54.5094    3.6931     % 
LB close or above UB, fathomed
3017   446    25         52.5680    54.5094    3.6931     % 
LB close or above UB, fathomed
3018   445    23         52.5680    54.5094    3.6931     % 
LB close or above UB, fathomed
3019   444    33         52.5680    54.5094    3.6931     % 
LB close or above UB, fathomed
3020   443    33         52.5680    54.5094    3.6931     % 
LB close or above UB, fathomed
3021   442    27         52.5680    54.5094    3.6931     % 
LB close or above UB, fathomed
3022   441    27         52.5680    54.5094    3.6931     % 
LB close or above UB, fathomed
3023   440    41         52.5680    54.5094    3.6931     % 
LB close or above UB, fathomed
3024   439    41         52.5680    54.5094    3.6931     % 
LB close or above UB, fathomed
3025   438    31         52.5680    54.5094    3.6931     % 
LB close or above UB, fathomed
3026   437    31         52.5680    54.5094    3.6931     % 
LB close or above UB, fathomed
3027   436    29         52.5680    54.5094    3.6931     % 
UB: 54.50937499999999
branching on 3 with b.
3028   437    30         52.5680    54.5094    3.6931     % 
LB close or above UB, fathomed
3029   436    30         52.5680    54.5094    3.6931     % 
LB close or above UB, fathomed
3030   435    29         52.5680    54.5094    3.6931     % 
LB close or above UB, fathomed
3031   434    27         52.5680    54.5094    3.6931     % 
LB close or above UB, fathomed
3032   433    27         52.5680    54.5094    3.6931     % 
UB: 54.50937499999999
branching on 1 with b.
3033   434    28         52.5680    54.5094    3.6931     % 
LB close or above UB, fathomed
3034   433    28         52.5680    54.5094    3.6931     % 
LB close or above UB, fathomed
3035   432    27         52.5680    54.5094    3.6931     % 
LB close or above UB, fathomed
3036   431    27         52.5680    54.5094    3.6931     % 
UB: 54.50937499999999
branching on 1 with b.
3037   432    28         52.5680    54.5094    3.6931     % 
LB close or above UB, fathomed
3038   431    28         52.5680    54.5094    3.6931     % 
LB close or above UB, fathomed
3039   430    26         52.5680    54.5094    3.6931     % 
UB: 54.50937499999999
branching on 3 with b.
3040   431    27         52.5680    54.5094    3.6931     % 
LB close or above UB, fathomed
3041   430    27         52.5680    54.5094    3.6931     % 
LB close or above UB, fathomed
3042   429    26         52.5680    54.5094    3.6931     % 
LB close or above UB, fathomed
3043   428    16         52.5680    54.5094    3.6931     % 
LB close or above UB, fathomed
3044   427    16         52.5680    54.5094    3.6931     % 
LB close or above UB, fathomed
3045   426    27         52.5680    54.5094    3.6931     % 
UB: 54.50937499999999
branching on 3 with b.
3046   427    28         52.5680    54.5094    3.6931     % 
LB close or above UB, fathomed
3047   426    28         52.5680    54.5094    3.6931     % 
UB: 54.50937499999999
branching on 1 with b.
3048   427    29         52.5680    54.5094    3.6931     % 
LB close or above UB, fathomed
3049   426    29         52.5680    54.5094    3.6931     % 
LB close or above UB, fathomed
3050   425    27         52.5680    54.5094    3.6931     % 
LB close or above UB, fathomed
3051   424    31         52.5680    54.5094    3.6931     % 
LB close or above UB, fathomed
3052   423    31         52.5680    54.5094    3.6931     % 
LB close or above UB, fathomed
3053   422    28         52.5680    54.5094    3.6931     % 
LB close or above UB, fathomed
3054   421    28         52.5680    54.5094    3.6931     % 
UB: 54.50937499999999
branching on 1 with b.
3055   422    29         52.5680    54.5094    3.6931     % 
UB: 54.50937499999999
branching on 2 with b.
3056   423    30         52.5680    54.5094    3.6931     % 
UB: 54.50937499999999
branching on 3 with b.
3057   424    31         52.5680    54.5094    3.6931     % 
LB close or above UB, fathomed
3058   423    31         52.5680    54.5094    3.6931     % 
LB close or above UB, fathomed
3059   422    30         52.5680    54.5094    3.6931     % 
LB close or above UB, fathomed
3060   421    29         52.5680    54.5094    3.6931     % 
LB close or above UB, fathomed
3061   420    31         52.5680    54.5094    3.6931     % 
LB close or above UB, fathomed
3062   419    31         52.5680    54.5094    3.6931     % 
LB close or above UB, fathomed
3063   418    18         52.5680    54.5094    3.6931     % 
LB close or above UB, fathomed
3064   417    18         52.5680    54.5094    3.6931     % 
UB: 54.50937499999999
branching on 2 with b.
3065   418    19         52.5680    54.5094    3.6931     % 
LB close or above UB, fathomed
3066   417    19         52.5680    54.5094    3.6931     % 
UB: 54.50937499999999
branching on CartesianIndex(1, 4) with c.
3067   418    19         52.5680    54.5094    3.6931     % 
LB close or above UB, fathomed
3068   417    19         52.5680    54.5094    3.6931     % 
LB close or above UB, fathomed
3069   416    30         52.5680    54.5094    3.6931     % 
LB close or above UB, fathomed
3070   415    30         52.5680    54.5094    3.6931     % 
LB close or above UB, fathomed
3071   414    36         52.5680    54.5094    3.6931     % 
LB close or above UB, fathomed
3072   413    36         52.5680    54.5094    3.6931     % 
LB close or above UB, fathomed
3073   412    35         52.5680    54.5094    3.6931     % 
LB close or above UB, fathomed
3074   411    35         52.5680    54.5094    3.6931     % 
LB close or above UB, fathomed
3075   410    21         52.5680    54.5094    3.6931     % 
LB close or above UB, fathomed
3076   409    21         52.5680    54.5094    3.6931     % 
UB: 54.50937499999999
branching on CartesianIndex(1, 4) with c.
3077   410    13         52.5680    54.5094    3.6931     % 
LB close or above UB, fathomed
3078   409    13         52.5680    54.5094    3.6931     % 
LB close or above UB, fathomed
3079   408    34         52.5680    54.5094    3.6931     % 
UB: 54.50937499999999
branching on 1 with b.
3080   409    35         52.5680    54.5094    3.6931     % 
UB: 54.50937499999999
branching on 2 with b.
3081   410    36         52.5680    54.5094    3.6931     % 
LB close or above UB, fathomed
3082   409    36         52.5680    54.5094    3.6931     % 
LB close or above UB, fathomed
3083   408    35         52.5680    54.5094    3.6931     % 
UB: 54.50937499999999
branching on 2 with b.
3084   409    36         52.5680    54.5094    3.6931     % 
LB close or above UB, fathomed
3085   408    36         52.5680    54.5094    3.6931     % 
LB close or above UB, fathomed
3086   407    34         52.5680    54.5094    3.6931     % 
LB close or above UB, fathomed
3087   406    26         52.5680    54.5094    3.6931     % 
UB: 54.50937499999999
branching on 2 with b.
3088   407    27         52.5680    54.5094    3.6931     % 
UB: 54.50937499999999
branching on 3 with b.
3089   408    28         52.5680    54.5094    3.6931     % 
UB: 54.50937499999999
branching on 1 with b.
3090   409    29         52.5680    54.5094    3.6931     % 
LB close or above UB, fathomed
3091   408    29         52.5680    54.5094    3.6931     % 
LB close or above UB, fathomed
3092   407    28         52.5680    54.5094    3.6931     % 
LB close or above UB, fathomed
3093   406    27         52.5680    54.5094    3.6931     % 
LB close or above UB, fathomed
3094   405    26         52.5680    54.5094    3.6931     % 
LB close or above UB, fathomed
3095   404    39         52.5680    54.5094    3.6931     % 
UB: 54.50937499999999
branching on 2 with b.
3096   405    40         52.5680    54.5094    3.6931     % 
LB close or above UB, fathomed
3097   404    40         52.5680    54.5094    3.6931     % 
UB: 54.50937499999999
branching on 3 with b.
3098   405    41         52.5680    54.5094    3.6931     % 
LB close or above UB, fathomed
3099   404    41         52.5680    54.5094    3.6931     % 
LB close or above UB, fathomed
3100   403    39         52.5680    54.5094    3.6931     % 
UB: 54.50937499999999
branching on 2 with b.
3101   404    40         52.5680    54.5094    3.6931     % 
LB close or above UB, fathomed
3102   403    40         52.5680    54.5094    3.6931     % 
UB: 54.50937499999999
branching on 3 with b.
3103   404    41         52.5680    54.5094    3.6931     % 
LB close or above UB, fathomed
3104   403    41         52.5680    54.5094    3.6931     % 
LB close or above UB, fathomed
3105   402    39         52.5680    54.5094    3.6931     % 
UB: 54.50937499999999
branching on 2 with b.
3106   403    40         52.5680    54.5094    3.6931     % 
LB close or above UB, fathomed
3107   402    40         52.5680    54.5094    3.6931     % 
UB: 54.50937499999999
branching on 3 with b.
3108   403    41         52.5680    54.5094    3.6931     % 
LB close or above UB, fathomed
3109   402    41         52.5680    54.5094    3.6931     % 
LB close or above UB, fathomed
3110   401    39         52.5680    54.5094    3.6931     % 
LB close or above UB, fathomed
3111   400    40         52.5680    54.5094    3.6931     % 
LB close or above UB, fathomed
3112   399    40         52.5680    54.5094    3.6931     % 
LB close or above UB, fathomed
3113   398    41         52.5680    54.5094    3.6931     % 
UB: 54.50937499999999
branching on 1 with b.
3114   399    42         52.5680    54.5094    3.6931     % 
UB: 54.50937499999999
branching on 2 with b.
3115   400    43         52.5680    54.5094    3.6931     % 
UB: 54.50937499999999
branching on 3 with b.
3116   401    44         52.5680    54.5094    3.6931     % 
UB: 54.50937499999999
branching on 1 with b.
3117   402    45         52.5680    54.5094    3.6931     % 
LB close or above UB, fathomed
3118   401    45         52.5680    54.5094    3.6931     % 
LB close or above UB, fathomed
3119   400    44         52.5680    54.5094    3.6931     % 
UB: 54.50937499999999
branching on 1 with b.
3120   401    45         52.5680    54.5094    3.6931     % 
LB close or above UB, fathomed
3121   400    45         52.5680    54.5094    3.6931     % 
LB close or above UB, fathomed
3122   399    43         52.5680    54.5094    3.6931     % 
LB close or above UB, fathomed
3123   398    42         52.5680    54.5094    3.6931     % 
UB: 54.50937499999999
branching on 2 with b.
3124   399    43         52.5680    54.5094    3.6931     % 
UB: 54.50937499999999
branching on 3 with b.
3125   400    44         52.5680    54.5094    3.6931     % 
UB: 54.50937499999999
branching on 1 with b.
3126   401    45         52.5680    54.5094    3.6931     % 
LB close or above UB, fathomed
3127   400    45         52.5680    54.5094    3.6931     % 
LB close or above UB, fathomed
3128   399    44         52.5680    54.5094    3.6931     % 
UB: 54.50937499999999
branching on 1 with b.
3129   400    45         52.5680    54.5094    3.6931     % 
LB close or above UB, fathomed
3130   399    45         52.5680    54.5094    3.6931     % 
LB close or above UB, fathomed
3131   398    43         52.5680    54.5094    3.6931     % 
LB close or above UB, fathomed
3132   397    41         52.5680    54.5094    3.6931     % 
UB: 54.50937499999999
branching on 1 with b.
3133   398    42         52.5680    54.5094    3.6931     % 
UB: 54.50937499999999
branching on 2 with b.
3134   399    43         52.5680    54.5094    3.6931     % 
UB: 54.50937499999999
branching on 3 with b.
3135   400    44         52.5680    54.5094    3.6931     % 
UB: 54.50937499999999
branching on 1 with b.
3136   401    45         52.5680    54.5094    3.6931     % 
LB close or above UB, fathomed
3137   400    45         52.5680    54.5094    3.6931     % 
LB close or above UB, fathomed
3138   399    44         52.5680    54.5094    3.6931     % 
LB close or above UB, fathomed
3139   398    43         52.5680    54.5094    3.6931     % 
LB close or above UB, fathomed
3140   397    42         52.5680    54.5094    3.6931     % 
UB: 54.50937499999999
branching on 2 with b.
3141   398    43         52.5680    54.5094    3.6931     % 
UB: 54.50937499999999
branching on 3 with b.
3142   399    44         52.5680    54.5094    3.6931     % 
UB: 54.50937499999999
branching on 1 with b.
3143   400    45         52.5680    54.5094    3.6931     % 
LB close or above UB, fathomed
3144   399    45         52.5680    54.5094    3.6931     % 
LB close or above UB, fathomed
3145   398    44         52.5680    54.5094    3.6931     % 
LB close or above UB, fathomed
3146   397    43         52.5680    54.5094    3.6931     % 
LB close or above UB, fathomed
3147   396    37         52.5680    54.5094    3.6931     % 
LB close or above UB, fathomed
3148   395    37         52.5680    54.5094    3.6931     % 
LB close or above UB, fathomed
3149   394    31         52.5680    54.5094    3.6931     % 
UB: 54.50937499999999
branching on 1 with b.
3150   395    32         52.5680    54.5094    3.6931     % 
LB close or above UB, fathomed
3151   394    32         52.5680    54.5094    3.6931     % 
LB close or above UB, fathomed
3152   393    31         52.5680    54.5094    3.6931     % 
LB close or above UB, fathomed
3153   392    39         52.5680    54.5094    3.6931     % 
UB: 54.50937499999999
branching on 2 with b.
3154   393    40         52.5680    54.5094    3.6931     % 
LB close or above UB, fathomed
3155   392    40         52.5680    54.5094    3.6931     % 
LB close or above UB, fathomed
3156   391    39         52.5680    54.5094    3.6931     % 
LB close or above UB, fathomed
3157   390    37         52.5680    54.5094    3.6931     % 
LB close or above UB, fathomed
3158   389    37         52.5680    54.5094    3.6931     % 
LB close or above UB, fathomed
3159   388    22         52.5680    54.5094    3.6931     % 
UB: 54.50937499999999
branching on 3 with b.
3160   389    23         52.5680    54.5094    3.6931     % 
LB close or above UB, fathomed
3161   388    23         52.5680    54.5094    3.6931     % 
UB: 54.50937499999999
branching on 1 with b.
3162   389    24         52.5680    54.5094    3.6931     % 
UB: 54.50937499999999
branching on 2 with b.
3163   390    25         52.5680    54.5094    3.6931     % 
UB: 54.50937499999999
branching on 3 with b.
3164   391    26         52.5680    54.5094    3.6931     % 
UB: 54.50937499999999
branching on 1 with b.
3165   392    27         52.5680    54.5094    3.6931     % 
LB close or above UB, fathomed
3166   391    27         52.5680    54.5094    3.6931     % 
LB close or above UB, fathomed
3167   390    26         52.5680    54.5094    3.6931     % 
LB close or above UB, fathomed
3168   389    25         52.5680    54.5094    3.6931     % 
UB: 54.50937499999999
branching on 3 with b.
3169   390    26         52.5680    54.5094    3.6931     % 
UB: 54.50937499999999
branching on 1 with b.
3170   391    27         52.5680    54.5094    3.6931     % 
LB close or above UB, fathomed
3171   390    27         52.5680    54.5094    3.6931     % 
LB close or above UB, fathomed
3172   389    26         52.5680    54.5094    3.6931     % 
LB close or above UB, fathomed
3173   388    24         52.5680    54.5094    3.6931     % 
LB close or above UB, fathomed
3174   387    22         52.5680    54.5094    3.6931     % 
UB: 54.50937499999999
branching on 3 with b.
3175   388    23         52.5680    54.5094    3.6931     % 
LB close or above UB, fathomed
3176   387    23         52.5680    54.5094    3.6931     % 
UB: 54.50937499999999
branching on 1 with b.
3177   388    24         52.5680    54.5094    3.6931     % 
UB: 54.50937499999999
branching on 2 with b.
3178   389    25         52.5680    54.5094    3.6931     % 
UB: 54.50937499999999
branching on 3 with b.
3179   390    26         52.5680    54.5094    3.6931     % 
UB: 54.50937499999999
branching on 1 with b.
3180   391    27         52.5680    54.5094    3.6931     % 
LB close or above UB, fathomed
3181   390    27         52.5680    54.5094    3.6931     % 
LB close or above UB, fathomed
3182   389    26         52.5680    54.5094    3.6931     % 
LB close or above UB, fathomed
3183   388    25         52.5680    54.5094    3.6931     % 
UB: 54.50937499999999
branching on 3 with b.
3184   389    26         52.5680    54.5094    3.6931     % 
UB: 54.50937499999999
branching on 1 with b.
3185   390    27         52.5680    54.5094    3.6931     % 
LB close or above UB, fathomed
3186   389    27         52.5680    54.5094    3.6931     % 
LB close or above UB, fathomed
3187   388    26         52.5680    54.5094    3.6931     % 
LB close or above UB, fathomed
3188   387    24         52.5680    54.5094    3.6931     % 
LB close or above UB, fathomed
3189   386    22         52.5680    54.5094    3.6931     % 
UB: 54.50937499999999
branching on 3 with b.
3190   387    23         52.5680    54.5094    3.6931     % 
LB close or above UB, fathomed
3191   386    23         52.5680    54.5094    3.6931     % 
UB: 54.50937499999999
branching on 1 with b.
3192   387    24         52.5680    54.5094    3.6931     % 
UB: 54.50937499999999
branching on 2 with b.
3193   388    25         52.5680    54.5094    3.6931     % 
UB: 54.50937499999999
branching on 3 with b.
3194   389    26         52.5680    54.5094    3.6931     % 
UB: 54.50937499999999
branching on 1 with b.
3195   390    27         52.5680    54.5094    3.6931     % 
LB close or above UB, fathomed
3196   389    27         52.5680    54.5094    3.6931     % 
LB close or above UB, fathomed
3197   388    26         52.5680    54.5094    3.6931     % 
LB close or above UB, fathomed
3198   387    25         52.5680    54.5094    3.6931     % 
UB: 54.50937499999999
branching on 3 with b.
3199   388    26         52.5680    54.5094    3.6931     % 
UB: 54.50937499999999
branching on 1 with b.
3200   389    27         52.5680    54.5094    3.6931     % 
LB close or above UB, fathomed
3201   388    27         52.5680    54.5094    3.6931     % 
LB close or above UB, fathomed
3202   387    26         52.5680    54.5094    3.6931     % 
LB close or above UB, fathomed
3203   386    24         52.5680    54.5094    3.6931     % 
LB close or above UB, fathomed
3204   385    22         52.5680    54.5094    3.6931     % 
UB: 54.50937499999999
branching on 3 with b.
3205   386    23         52.5680    54.5094    3.6931     % 
LB close or above UB, fathomed
3206   385    23         52.5680    54.5094    3.6931     % 
UB: 54.50937499999999
branching on 1 with b.
3207   386    24         52.5680    54.5094    3.6931     % 
UB: 54.50937499999999
branching on 2 with b.
3208   387    25         52.5680    54.5094    3.6931     % 
UB: 54.50937499999999
branching on 3 with b.
3209   388    26         52.5680    54.5094    3.6931     % 
UB: 54.50937499999999
branching on 1 with b.
3210   389    27         52.5680    54.5094    3.6931     % 
LB close or above UB, fathomed
3211   388    27         52.5680    54.5094    3.6931     % 
LB close or above UB, fathomed
3212   387    26         52.5680    54.5094    3.6931     % 
LB close or above UB, fathomed
3213   386    25         52.5680    54.5094    3.6931     % 
UB: 54.50937499999999
branching on 3 with b.
3214   387    26         52.5680    54.5094    3.6931     % 
UB: 54.50937499999999
branching on 1 with b.
3215   388    27         52.5680    54.5094    3.6931     % 
LB close or above UB, fathomed
3216   387    27         52.5680    54.5094    3.6931     % 
LB close or above UB, fathomed
3217   386    26         52.5680    54.5094    3.6931     % 
LB close or above UB, fathomed
3218   385    24         52.5680    54.5094    3.6931     % 
LB close or above UB, fathomed
3219   384    28         52.5680    54.5094    3.6931     % 
LB close or above UB, fathomed
3220   383    28         52.5680    54.5094    3.6931     % 
UB: 54.50937499999999
branching on 1 with b.
3221   384    29         52.5680    54.5094    3.6931     % 
UB: 54.50937499999999
branching on 2 with b.
3222   385    30         52.5680    54.5094    3.6931     % 
LB close or above UB, fathomed
3223   384    30         52.5680    54.5094    3.6931     % 
LB close or above UB, fathomed
3224   383    29         52.5680    54.5094    3.6931     % 
LB close or above UB, fathomed
3225   382    15         52.5680    54.5094    3.6931     % 
LB close or above UB, fathomed
3226   381    15         52.5680    54.5094    3.6931     % 
UB: 54.50937499999999
branching on 2 with b.
3227   382    16         52.5680    54.5094    3.6931     % 
LB close or above UB, fathomed
3228   381    16         52.5680    54.5094    3.6931     % 
UB: 54.50937499999999
branching on CartesianIndex(1, 7) with c.
3229   382    17         52.5680    54.5094    3.6931     % 
UB: 54.50937499999999
branching on 3 with b.
3230   383    17         52.5680    54.5094    3.6931     % 
LB close or above UB, fathomed
3231   382    36         52.5680    54.5094    3.6931     % 
LB close or above UB, fathomed
3232   381    36         52.5680    54.5094    3.6931     % 
LB close or above UB, fathomed
3233   380    33         52.5680    54.5094    3.6931     % 
LB close or above UB, fathomed
3234   379    33         52.5680    54.5094    3.6931     % 
LB close or above UB, fathomed
3235   378    30         52.5680    54.5094    3.6931     % 
UB: 54.50937499999999
branching on 1 with b.
3236   379    31         52.5680    54.5094    3.6931     % 
LB close or above UB, fathomed
3237   378    31         52.5680    54.5094    3.6931     % 
LB close or above UB, fathomed
3238   377    30         52.5680    54.5094    3.6931     % 
LB close or above UB, fathomed
3239   376    31         52.5680    54.5094    3.6931     % 
UB: 54.50937499999999
branching on 2 with b.
3240   377    32         52.5680    54.5094    3.6931     % 
UB: 54.50937499999999
branching on 3 with b.
3241   378    33         52.5680    54.5094    3.6931     % 
LB close or above UB, fathomed
3242   377    33         52.5680    54.5094    3.6931     % 
LB close or above UB, fathomed
3243   376    32         52.5680    54.5094    3.6931     % 
LB close or above UB, fathomed
3244   375    31         52.5680    54.5094    3.6931     % 
UB: 54.50937499999999
branching on 2 with b.
3245   376    32         52.5680    54.5094    3.6931     % 
UB: 54.50937499999999
branching on 3 with b.
3246   377    33         52.5680    54.5094    3.6931     % 
LB close or above UB, fathomed
3247   376    33         52.5680    54.5094    3.6931     % 
LB close or above UB, fathomed
3248   375    32         52.5680    54.5094    3.6931     % 
LB close or above UB, fathomed
3249   374    32         52.5680    54.5094    3.6931     % 
LB close or above UB, fathomed
3250   373    32         52.5680    54.5094    3.6931     % 
LB close or above UB, fathomed
3251   372    31         52.5680    54.5094    3.6931     % 
LB close or above UB, fathomed
3252   371    31         52.5680    54.5094    3.6931     % 
LB close or above UB, fathomed
3253   370    32         52.5680    54.5094    3.6931     % 
UB: 54.50937499999999
branching on 2 with b.
3254   371    33         52.5680    54.5094    3.6931     % 
LB close or above UB, fathomed
3255   370    33         52.5680    54.5094    3.6931     % 
UB: 54.50937499999999
branching on 3 with b.
3256   371    34         52.5680    54.5094    3.6931     % 
LB close or above UB, fathomed
3257   370    34         52.5680    54.5094    3.6931     % 
LB close or above UB, fathomed
3258   369    32         52.5680    54.5094    3.6931     % 
LB close or above UB, fathomed
3259   368    34         52.5680    54.5094    3.6931     % 
LB close or above UB, fathomed
3260   367    34         52.5680    54.5094    3.6931     % 
LB close or above UB, fathomed
3261   366    34         52.5680    54.5094    3.6931     % 
UB: 54.50937499999999
branching on 1 with b.
3262   367    35         52.5680    54.5094    3.6931     % 
UB: 54.50937499999999
branching on 2 with b.
3263   368    36         52.5680    54.5094    3.6931     % 
LB close or above UB, fathomed
3264   367    36         52.5680    54.5094    3.6931     % 
LB close or above UB, fathomed
3265   366    35         52.5680    54.5094    3.6931     % 
UB: 54.50937499999999
branching on 2 with b.
3266   367    36         52.5680    54.5094    3.6931     % 
LB close or above UB, fathomed
3267   366    36         52.5680    54.5094    3.6931     % 
LB close or above UB, fathomed
3268   365    34         52.5680    54.5094    3.6931     % 
LB close or above UB, fathomed
3269   364    34         52.5680    54.5094    3.6931     % 
UB: 54.50937499999999
branching on 1 with b.
3270   365    35         52.5680    54.5094    3.6931     % 
UB: 54.50937499999999
branching on 2 with b.
3271   366    36         52.5680    54.5094    3.6931     % 
LB close or above UB, fathomed
3272   365    36         52.5680    54.5094    3.6931     % 
LB close or above UB, fathomed
3273   364    35         52.5680    54.5094    3.6931     % 
LB close or above UB, fathomed
3274   363    34         52.5680    54.5094    3.6931     % 
LB close or above UB, fathomed
3275   362    31         52.5680    54.5094    3.6931     % 
LB close or above UB, fathomed
3276   361    31         52.5680    54.5094    3.6931     % 
UB: 54.50937499999999
branching on 1 with b.
3277   362    32         52.5680    54.5094    3.6931     % 
UB: 54.50937499999999
branching on 2 with b.
3278   363    33         52.5680    54.5094    3.6931     % 
LB close or above UB, fathomed
3279   362    33         52.5680    54.5094    3.6931     % 
LB close or above UB, fathomed
3280   361    32         52.5680    54.5094    3.6931     % 
LB close or above UB, fathomed
3281   360    38         52.5680    54.5094    3.6931     % 
LB close or above UB, fathomed
3282   359    38         52.5680    54.5094    3.6931     % 
LB close or above UB, fathomed
3283   358    37         52.5680    54.5094    3.6931     % 
LB close or above UB, fathomed
3284   357    37         52.5680    54.5094    3.6931     % 
LB close or above UB, fathomed
3285   356    37         52.5680    54.5094    3.6931     % 
LB close or above UB, fathomed
3286   355    37         52.5680    54.5094    3.6931     % 
LB close or above UB, fathomed
3287   354    35         52.5680    54.5094    3.6931     % 
LB close or above UB, fathomed
3288   353    35         52.5680    54.5094    3.6931     % 
UB: 54.50937499999999
branching on 3 with b.
3289   354    36         52.5680    54.5094    3.6931     % 
LB close or above UB, fathomed
3290   353    36         52.5680    54.5094    3.6931     % 
LB close or above UB, fathomed
3291   352    41         52.5680    54.5094    3.6931     % 
LB close or above UB, fathomed
3292   351    41         52.5680    54.5094    3.6931     % 
LB close or above UB, fathomed
3293   350    41         52.5680    54.5094    3.6931     % 
LB close or above UB, fathomed
3294   349    41         52.5680    54.5094    3.6931     % 
LB close or above UB, fathomed
3295   348    39         52.5680    54.5094    3.6931     % 
LB close or above UB, fathomed
3296   347    39         52.5680    54.5094    3.6931     % 
UB: 54.50937499999999
branching on 2 with b.
3297   348    40         52.5680    54.5094    3.6931     % 
LB close or above UB, fathomed
3298   347    40         52.5680    54.5094    3.6931     % 
LB close or above UB, fathomed
3299   346    37         52.5680    54.5094    3.6931     % 
LB close or above UB, fathomed
3300   345    37         52.5680    54.5094    3.6931     % 
LB close or above UB, fathomed
3301   344    30         52.5680    54.5094    3.6931     % 
UB: 54.50937499999999
branching on 2 with b.
3302   345    31         52.5680    54.5094    3.6931     % 
LB close or above UB, fathomed
3303   344    31         52.5680    54.5094    3.6931     % 
LB close or above UB, fathomed
3304   343    30         52.5680    54.5094    3.6931     % 
LB close or above UB, fathomed
3305   342    32         52.5680    54.5094    3.6931     % 
LB close or above UB, fathomed
3306   341    32         52.5680    54.5094    3.6931     % 
LB close or above UB, fathomed
3307   340    32         52.5680    54.5094    3.6931     % 
LB close or above UB, fathomed
3308   339    32         52.5680    54.5094    3.6931     % 
LB close or above UB, fathomed
3309   338    42         52.5680    54.5094    3.6931     % 
UB: 54.50937499999999
branching on 2 with b.
3310   339    43         52.5680    54.5094    3.6931     % 
UB: 54.50937499999999
branching on 3 with b.
3311   340    44         52.5680    54.5094    3.6931     % 
UB: 54.50937499999999
branching on 1 with b.
3312   341    45         52.5680    54.5094    3.6931     % 
LB close or above UB, fathomed
3313   340    45         52.5680    54.5094    3.6931     % 
LB close or above UB, fathomed
3314   339    44         52.5680    54.5094    3.6931     % 
LB close or above UB, fathomed
3315   338    43         52.5680    54.5094    3.6931     % 
LB close or above UB, fathomed
3316   337    42         52.5680    54.5094    3.6931     % 
UB: 54.50937499999999
branching on 2 with b.
3317   338    43         52.5680    54.5094    3.6931     % 
UB: 54.50937499999999
branching on 3 with b.
3318   339    44         52.5680    54.5094    3.6931     % 
UB: 54.50937499999999
branching on 1 with b.
3319   340    45         52.5680    54.5094    3.6931     % 
LB close or above UB, fathomed
3320   339    45         52.5680    54.5094    3.6931     % 
LB close or above UB, fathomed
3321   338    44         52.5680    54.5094    3.6931     % 
LB close or above UB, fathomed
3322   337    43         52.5680    54.5094    3.6931     % 
LB close or above UB, fathomed
3323   336    41         52.5680    54.5094    3.6931     % 
LB close or above UB, fathomed
3324   335    41         52.5680    54.5094    3.6931     % 
LB close or above UB, fathomed
3325   334    35         52.5680    54.5094    3.6931     % 
LB close or above UB, fathomed
3326   333    35         52.5680    54.5094    3.6931     % 
UB: 54.50937499999999
branching on 2 with b.
3327   334    36         52.5680    54.5094    3.6931     % 
LB close or above UB, fathomed
3328   333    36         52.5680    54.5094    3.6931     % 
UB: 54.50937499999999
branching on 3 with b.
3329   334    37         52.5680    54.5094    3.6931     % 
UB: 54.50937499999999
branching on 1 with b.
3330   335    38         52.5680    54.5094    3.6931     % 
LB close or above UB, fathomed
3331   334    38         52.5680    54.5094    3.6931     % 
LB close or above UB, fathomed
3332   333    37         52.5680    54.5094    3.6931     % 
UB: 54.50937499999999
branching on 1 with b.
3333   334    38         52.5680    54.5094    3.6931     % 
LB close or above UB, fathomed
3334   333    38         52.5680    54.5094    3.6931     % 
LB close or above UB, fathomed
3335   332    32         52.5680    54.5094    3.6931     % 
LB close or above UB, fathomed
3336   331    32         52.5680    54.5094    3.6931     % 
LB close or above UB, fathomed
3337   330    34         52.5680    54.5094    3.6931     % 
UB: 54.50937499999999
branching on 2 with b.
3338   331    35         52.5680    54.5094    3.6931     % 
LB close or above UB, fathomed
3339   330    35         52.5680    54.5094    3.6931     % 
UB: 54.50937499999999
branching on 3 with b.
3340   331    36         52.5680    54.5094    3.6931     % 
LB close or above UB, fathomed
3341   330    36         52.5680    54.5094    3.6931     % 
LB close or above UB, fathomed
3342   329    34         52.5680    54.5094    3.6931     % 
LB close or above UB, fathomed
3343   328    36         52.5680    54.5094    3.6931     % 
UB: 54.50937499999999
branching on 2 with b.
3344   329    37         52.5680    54.5094    3.6931     % 
LB close or above UB, fathomed
3345   328    37         52.5680    54.5094    3.6931     % 
UB: 54.50937499999999
branching on 3 with b.
3346   329    38         52.5680    54.5094    3.6931     % 
UB: 54.50937499999999
branching on 1 with b.
3347   330    39         52.5680    54.5094    3.6931     % 
LB close or above UB, fathomed
3348   329    39         52.5680    54.5094    3.6931     % 
UB: 54.50937499999999
branching on 2 with b.
3349   330    40         52.5680    54.5094    3.6931     % 
LB close or above UB, fathomed
3350   329    40         52.5680    54.5094    3.6931     % 
LB close or above UB, fathomed
3351   328    38         52.5680    54.5094    3.6931     % 
LB close or above UB, fathomed
3352   327    36         52.5680    54.5094    3.6931     % 
LB close or above UB, fathomed
3353   326    37         52.5680    54.5094    3.6931     % 
LB close or above UB, fathomed
3354   325    37         52.5680    54.5094    3.6931     % 
UB: 54.50937499999999
branching on 3 with b.
3355   326    38         52.5680    54.5094    3.6931     % 
LB close or above UB, fathomed
3356   325    38         52.5680    54.5094    3.6931     % 
LB close or above UB, fathomed
3357   324    39         52.5680    54.5094    3.6931     % 
LB close or above UB, fathomed
3358   323    39         52.5680    54.5094    3.6931     % 
UB: 54.50937499999999
branching on 2 with b.
3359   324    40         52.5680    54.5094    3.6931     % 
LB close or above UB, fathomed
3360   323    40         52.5680    54.5094    3.6931     % 
LB close or above UB, fathomed
3361   322    39         52.5680    54.5094    3.6931     % 
LB close or above UB, fathomed
3362   321    39         52.5680    54.5094    3.6931     % 
UB: 54.50937499999999
branching on 2 with b.
3363   322    40         52.5680    54.5094    3.6931     % 
LB close or above UB, fathomed
3364   321    40         52.5680    54.5094    3.6931     % 
LB close or above UB, fathomed
3365   320    35         52.5680    54.5094    3.6931     % 
LB close or above UB, fathomed
3366   319    35         52.5680    54.5094    3.6931     % 
UB: 54.50937499999999
branching on 1 with b.
3367   320    36         52.5680    54.5094    3.6931     % 
LB close or above UB, fathomed
3368   319    36         52.5680    54.5094    3.6931     % 
UB: 54.50937499999999
branching on 2 with b.
3369   320    37         52.5680    54.5094    3.6931     % 
LB close or above UB, fathomed
3370   319    37         52.5680    54.5094    3.6931     % 
LB close or above UB, fathomed
3371   318    35         52.5680    54.5094    3.6931     % 
LB close or above UB, fathomed
3372   317    35         52.5680    54.5094    3.6931     % 
UB: 54.50937499999999
branching on 1 with b.
3373   318    36         52.5680    54.5094    3.6931     % 
LB close or above UB, fathomed
3374   317    36         52.5680    54.5094    3.6931     % 
UB: 54.50937499999999
branching on 2 with b.
3375   318    37         52.5680    54.5094    3.6931     % 
LB close or above UB, fathomed
3376   317    37         52.5680    54.5094    3.6931     % 
LB close or above UB, fathomed
3377   316    35         52.5680    54.5094    3.6931     % 
LB close or above UB, fathomed
3378   315    35         52.5680    54.5094    3.6931     % 
UB: 54.50937499999999
branching on 1 with b.
3379   316    36         52.5680    54.5094    3.6931     % 
UB: 54.50937499999999
branching on 2 with b.
3380   317    37         52.5680    54.5094    3.6931     % 
LB close or above UB, fathomed
3381   316    37         52.5680    54.5094    3.6931     % 
UB: 54.50937499999999
branching on 3 with b.
3382   317    38         52.5680    54.5094    3.6931     % 
LB close or above UB, fathomed
3383   316    38         52.5680    54.5094    3.6931     % 
LB close or above UB, fathomed
3384   315    36         52.5680    54.5094    3.6931     % 
UB: 54.50937499999999
branching on 2 with b.
3385   316    37         52.5680    54.5094    3.6931     % 
LB close or above UB, fathomed
3386   315    37         52.5680    54.5094    3.6931     % 
UB: 54.50937499999999
branching on 3 with b.
3387   316    38         52.5680    54.5094    3.6931     % 
LB close or above UB, fathomed
3388   315    38         52.5680    54.5094    3.6931     % 
LB close or above UB, fathomed
3389   314    32         52.5680    54.5094    3.6931     % 
LB close or above UB, fathomed
3390   313    32         52.5680    54.5094    3.6931     % 
LB close or above UB, fathomed
3391   312    29         52.5680    54.5094    3.6931     % 
LB close or above UB, fathomed
3392   311    29         52.5680    54.5094    3.6931     % 
LB close or above UB, fathomed
3393   310    31         52.5680    54.5094    3.6931     % 
LB close or above UB, fathomed
3394   309    31         52.5680    54.5094    3.6931     % 
LB close or above UB, fathomed
3395   308    39         52.5680    54.5094    3.6931     % 
UB: 54.50937499999999
branching on 2 with b.
3396   309    40         52.5680    54.5094    3.6931     % 
LB close or above UB, fathomed
3397   308    40         52.5680    54.5094    3.6931     % 
LB close or above UB, fathomed
3398   307    39         52.5680    54.5094    3.6931     % 
LB close or above UB, fathomed
3399   306    30         52.5680    54.5094    3.6931     % 
LB close or above UB, fathomed
3400   305    30         52.5680    54.5094    3.6931     % 
LB close or above UB, fathomed
3401   304    30         52.5680    54.5094    3.6931     % 
LB close or above UB, fathomed
3402   303    30         52.5680    54.5094    3.6931     % 
LB close or above UB, fathomed
3403   302    31         52.5680    54.5094    3.6931     % 
LB close or above UB, fathomed
3404   301    31         52.5680    54.5094    3.6931     % 
LB close or above UB, fathomed
3405   300    32         52.5680    54.5094    3.6931     % 
LB close or above UB, fathomed
3406   299    32         52.5680    54.5094    3.6931     % 
LB close or above UB, fathomed
3407   298    25         52.5680    54.5094    3.6931     % 
LB close or above UB, fathomed
3408   297    25         52.5680    54.5094    3.6931     % 
LB close or above UB, fathomed
3409   296    32         52.5680    54.5094    3.6931     % 
LB close or above UB, fathomed
3410   295    32         52.5680    54.5094    3.6931     % 
LB close or above UB, fathomed
3411   294    28         52.5680    54.5094    3.6931     % 
LB close or above UB, fathomed
3412   293    28         52.5680    54.5094    3.6931     % 
UB: 54.50937499999999
branching on 3 with b.
3413   294    29         52.5680    54.5094    3.6931     % 
LB close or above UB, fathomed
3414   293    29         52.5680    54.5094    3.6931     % 
UB: 54.50937499999999
branching on 1 with b.
3415   294    30         52.5680    54.5094    3.6931     % 
LB close or above UB, fathomed
3416   293    30         52.5680    54.5094    3.6931     % 
UB: 54.50937499999999
branching on 2 with b.
3417   294    31         52.5680    54.5094    3.6931     % 
LB close or above UB, fathomed
3418   293    31         52.5680    54.5094    3.6931     % 
LB close or above UB, fathomed
3419   292    30         52.5680    54.5094    3.6931     % 
LB close or above UB, fathomed
3420   291    30         52.5680    54.5094    3.6931     % 
LB close or above UB, fathomed
3421   290    32         52.5680    54.5094    3.6931     % 
LB close or above UB, fathomed
3422   289    32         52.5680    54.5094    3.6931     % 
LB close or above UB, fathomed
3423   288    39         52.5680    54.5094    3.6931     % 
UB: 54.50937499999999
branching on 2 with b.
3424   289    40         52.5680    54.5094    3.6931     % 
LB close or above UB, fathomed
3425   288    40         52.5680    54.5094    3.6931     % 
LB close or above UB, fathomed
3426   287    38         52.5680    54.5094    3.6931     % 
LB close or above UB, fathomed
3427   286    38         52.5680    54.5094    3.6931     % 
LB close or above UB, fathomed
3428   285    33         52.5680    54.5094    3.6931     % 
LB close or above UB, fathomed
3429   284    33         52.5680    54.5094    3.6931     % 
LB close or above UB, fathomed
3430   283    18         52.5680    54.5094    3.6931     % 
UB: 54.50937499999999
branching on CartesianIndex(3, 3) with a.
3431   284    19         52.5680    54.5094    3.6931     % 
LB close or above UB, fathomed
3432   283    19         52.5680    54.5094    3.6931     % 
LB close or above UB, fathomed
3433   282    18         52.5680    54.5094    3.6931     % 
LB close or above UB, fathomed
3434   281    21         52.5680    54.5094    3.6931     % 
LB close or above UB, fathomed
3435   280    21         52.5680    54.5094    3.6931     % 
UB: 54.50937499999999
branching on 1 with b.
3436   281    22         52.5680    54.5094    3.6931     % 
LB close or above UB, fathomed
3437   280    22         52.5680    54.5094    3.6931     % 
LB close or above UB, fathomed
3438   279    34         52.5680    54.5094    3.6931     % 
LB close or above UB, fathomed
3439   278    34         52.5680    54.5094    3.6931     % 
LB close or above UB, fathomed
3440   277    29         52.5680    54.5094    3.6931     % 
LB close or above UB, fathomed
3441   276    29         52.5680    54.5094    3.6931     % 
UB: 54.50937499999999
branching on 3 with b.
3442   277    30         52.5680    54.5094    3.6931     % 
LB close or above UB, fathomed
3443   276    30         52.5680    54.5094    3.6931     % 
LB close or above UB, fathomed
3444   275    35         52.5680    54.5094    3.6931     % 
LB close or above UB, fathomed
3445   274    35         52.5680    54.5094    3.6931     % 
LB close or above UB, fathomed
3446   273    34         52.5680    54.5094    3.6931     % 
LB close or above UB, fathomed
3447   272    34         52.5680    54.5094    3.6931     % 
LB close or above UB, fathomed
3448   271    34         52.5680    54.5094    3.6931     % 
LB close or above UB, fathomed
3449   270    34         52.5680    54.5094    3.6931     % 
LB close or above UB, fathomed
3450   269    31         52.5680    54.5094    3.6931     % 
LB close or above UB, fathomed
3451   268    31         52.5680    54.5094    3.6931     % 
LB close or above UB, fathomed
3452   267    32         52.5680    54.5094    3.6931     % 
LB close or above UB, fathomed
3453   266    32         52.5680    54.5094    3.6931     % 
LB close or above UB, fathomed
3454   265    35         52.5680    54.5094    3.6931     % 
LB close or above UB, fathomed
3455   264    35         52.5680    54.5094    3.6931     % 
UB: 54.50937499999999
branching on 2 with b.
3456   265    36         52.5680    54.5094    3.6931     % 
LB close or above UB, fathomed
3457   264    36         52.5680    54.5094    3.6931     % 
LB close or above UB, fathomed
3458   263    30         52.5680    54.5094    3.6931     % 
UB: 54.50937499999999
branching on 3 with b.
3459   264    31         52.5680    54.5094    3.6931     % 
UB: 54.50937499999999
branching on 1 with b.
3460   265    32         52.5680    54.5094    3.6931     % 
LB close or above UB, fathomed
3461   264    32         52.5680    54.5094    3.6931     % 
LB close or above UB, fathomed
3462   263    31         52.5680    54.5094    3.6931     % 
LB close or above UB, fathomed
3463   262    30         52.5680    54.5094    3.6931     % 
LB close or above UB, fathomed
3464   261    34         52.5680    54.5094    3.6931     % 
LB close or above UB, fathomed
3465   260    34         52.5680    54.5094    3.6931     % 
UB: 54.50937499999999
branching on 3 with b.
3466   261    35         52.5680    54.5094    3.6931     % 
UB: 54.50937499999999
branching on 1 with b.
3467   262    36         52.5680    54.5094    3.6931     % 
UB: 54.50937499999999
branching on 2 with b.
3468   263    37         52.5680    54.5094    3.6931     % 
LB close or above UB, fathomed
3469   262    37         52.5680    54.5094    3.6931     % 
LB close or above UB, fathomed
3470   261    36         52.5680    54.5094    3.6931     % 
LB close or above UB, fathomed
3471   260    35         52.5680    54.5094    3.6931     % 
LB close or above UB, fathomed
3472   259    38         52.5680    54.5094    3.6931     % 
LB close or above UB, fathomed
3473   258    38         52.5680    54.5094    3.6931     % 
LB close or above UB, fathomed
3474   257    29         52.5680    54.5094    3.6931     % 
UB: 54.50937499999999
branching on 3 with b.
3475   258    30         52.5680    54.5094    3.6931     % 
UB: 54.50937499999999
branching on 1 with b.
3476   259    31         52.5680    54.5094    3.6931     % 
LB close or above UB, fathomed
3477   258    31         52.5680    54.5094    3.6931     % 
LB close or above UB, fathomed
3478   257    30         52.5680    54.5094    3.6931     % 
LB close or above UB, fathomed
3479   256    29         52.5680    54.5094    3.6931     % 
LB close or above UB, fathomed
3480   255    32         52.5680    54.5094    3.6931     % 
LB close or above UB, fathomed
3481   254    32         52.5680    54.5094    3.6931     % 
LB close or above UB, fathomed
3482   253    15         52.5680    54.5094    3.6931     % 
LB close or above UB, fathomed
3483   252    15         52.5680    54.5094    3.6931     % 
LB close or above UB, fathomed
3484   251    15         52.5680    54.5094    3.6931     % 
LB close or above UB, fathomed
3485   250    15         52.5680    54.5094    3.6931     % 
LB close or above UB, fathomed
3486   249    16         52.5680    54.5094    3.6931     % 
UB: 54.50937499999999
branching on 2 with b.
3487   250    17         52.5680    54.5094    3.6931     % 
LB close or above UB, fathomed
3488   249    17         52.5680    54.5094    3.6931     % 
LB close or above UB, fathomed
3489   248    16         52.5680    54.5094    3.6931     % 
LB close or above UB, fathomed
3490   247    34         52.5680    54.5094    3.6931     % 
LB close or above UB, fathomed
3491   246    34         52.5680    54.5094    3.6931     % 
UB: 54.50937499999999
branching on 2 with b.
3492   247    35         52.5680    54.5094    3.6931     % 
LB close or above UB, fathomed
3493   246    35         52.5680    54.5094    3.6931     % 
UB: 54.50937499999999
branching on 3 with b.
3494   247    36         52.5680    54.5094    3.6931     % 
LB close or above UB, fathomed
3495   246    36         52.5680    54.5094    3.6931     % 
LB close or above UB, fathomed
3496   245    33         52.5680    54.5094    3.6931     % 
LB close or above UB, fathomed
3497   244    33         52.5680    54.5094    3.6931     % 
LB close or above UB, fathomed
3498   243    29         52.5680    54.5094    3.6931     % 
UB: 54.50937499999999
branching on 2 with b.
3499   244    30         52.5680    54.5094    3.6931     % 
UB: 54.50937499999999
branching on 3 with b.
3500   245    31         52.5680    54.5094    3.6931     % 
UB: 54.50937499999999
branching on 1 with b.
3501   246    32         52.5680    54.5094    3.6931     % 
LB close or above UB, fathomed
3502   245    32         52.5680    54.5094    3.6931     % 
LB close or above UB, fathomed
3503   244    31         52.5680    54.5094    3.6931     % 
LB close or above UB, fathomed
3504   243    30         52.5680    54.5094    3.6931     % 
LB close or above UB, fathomed
3505   242    29         52.5680    54.5094    3.6931     % 
LB close or above UB, fathomed
3506   241    17         52.5680    54.5094    3.6931     % 
UB: 54.50937499999999
branching on 2 with b.
3507   242    18         52.5680    54.5094    3.6931     % 
LB close or above UB, fathomed
3508   241    18         52.5680    54.5094    3.6931     % 
LB close or above UB, fathomed
3509   240    17         52.5680    54.5094    3.6931     % 
LB close or above UB, fathomed
3510   239    25         52.5680    54.5094    3.6931     % 
LB close or above UB, fathomed
3511   238    25         52.5680    54.5094    3.6931     % 
LB close or above UB, fathomed
3512   237    27         52.5680    54.5094    3.6931     % 
UB: 54.50937499999999
branching on 1 with b.
3513   238    28         52.5680    54.5094    3.6931     % 
LB close or above UB, fathomed
3514   237    28         52.5680    54.5094    3.6931     % 
LB close or above UB, fathomed
3515   236    27         52.5680    54.5094    3.6931     % 
LB close or above UB, fathomed
3516   235    30         52.5680    54.5094    3.6931     % 
LB close or above UB, fathomed
3517   234    30         52.5680    54.5094    3.6931     % 
UB: 54.50937499999999
branching on 3 with b.
3518   235    31         52.5680    54.5094    3.6931     % 
LB close or above UB, fathomed
3519   234    31         52.5680    54.5094    3.6931     % 
UB: 54.50937499999999
branching on 1 with b.
3520   235    32         52.5680    54.5094    3.6931     % 
LB close or above UB, fathomed
3521   234    32         52.5680    54.5094    3.6931     % 
LB close or above UB, fathomed
3522   233    34         52.5680    54.5094    3.6931     % 
LB close or above UB, fathomed
3523   232    34         52.5680    54.5094    3.6931     % 
LB close or above UB, fathomed
3524   231    29         52.5680    54.5094    3.6931     % 
UB: 54.50937499999999
branching on 3 with b.
3525   232    30         52.5680    54.5094    3.6931     % 
LB close or above UB, fathomed
3526   231    30         52.5680    54.5094    3.6931     % 
LB close or above UB, fathomed
3527   230    29         52.5680    54.5094    3.6931     % 
LB close or above UB, fathomed
3528   229    35         52.5680    54.5094    3.6931     % 
LB close or above UB, fathomed
3529   228    35         52.5680    54.5094    3.6931     % 
LB close or above UB, fathomed
3530   227    30         52.5680    54.5094    3.6931     % 
UB: 54.50937499999999
branching on 3 with b.
3531   228    31         52.5680    54.5094    3.6931     % 
LB close or above UB, fathomed
3532   227    31         52.5680    54.5094    3.6931     % 
LB close or above UB, fathomed
3533   226    30         52.5680    54.5094    3.6931     % 
LB close or above UB, fathomed
3534   225    30         52.5680    54.5094    3.6931     % 
UB: 54.50937499999999
branching on 3 with b.
3535   226    31         52.5680    54.5094    3.6931     % 
LB close or above UB, fathomed
3536   225    31         52.5680    54.5094    3.6931     % 
LB close or above UB, fathomed
3537   224    30         52.5680    54.5094    3.6931     % 
LB close or above UB, fathomed
3538   223    33         52.5680    54.5094    3.6931     % 
LB close or above UB, fathomed
3539   222    33         52.5680    54.5094    3.6931     % 
LB close or above UB, fathomed
3540   221    16         52.5680    54.5094    3.6931     % 
LB close or above UB, fathomed
3541   220    16         52.5680    54.5094    3.6931     % 
LB close or above UB, fathomed
3542   219    36         52.5680    54.5094    3.6931     % 
LB close or above UB, fathomed
3543   218    36         52.5680    54.5094    3.6931     % 
UB: 54.50937499999999
branching on 2 with b.
3544   219    37         52.5680    54.5094    3.6931     % 
LB close or above UB, fathomed
3545   218    37         52.5680    54.5094    3.6931     % 
UB: 54.50937499999999
branching on 3 with b.
3546   219    38         52.5680    54.5094    3.6931     % 
UB: 54.50937499999999
branching on 1 with b.
3547   220    39         52.5680    54.5094    3.6931     % 
UB: 54.50937499999999
branching on 2 with b.
3548   221    40         52.5680    54.5094    3.6931     % 
LB close or above UB, fathomed
3549   220    40         52.5680    54.5094    3.6931     % 
LB close or above UB, fathomed
3550   219    39         52.5680    54.5094    3.6931     % 
LB close or above UB, fathomed
3551   218    38         52.5680    54.5094    3.6931     % 
LB close or above UB, fathomed
3552   217    39         52.5680    54.5094    3.6931     % 
UB: 54.50937499999999
branching on 2 with b.
3553   218    40         52.5680    54.5094    3.6931     % 
LB close or above UB, fathomed
3554   217    40         52.5680    54.5094    3.6931     % 
LB close or above UB, fathomed
3555   216    39         52.5680    54.5094    3.6931     % 
UB: 54.50937499999999
branching on 2 with b.
3556   217    40         52.5680    54.5094    3.6931     % 
LB close or above UB, fathomed
3557   216    40         52.5680    54.5094    3.6931     % 
LB close or above UB, fathomed
3558   215    17         52.5680    54.5094    3.6931     % 
LB close or above UB, fathomed
3559   214    17         52.5680    54.5094    3.6931     % 
LB close or above UB, fathomed
3560   213    25         52.5680    54.5094    3.6931     % 
LB close or above UB, fathomed
3561   212    25         52.5680    54.5094    3.6931     % 
LB close or above UB, fathomed
3562   211    29         52.5680    54.5094    3.6931     % 
LB close or above UB, fathomed
3563   210    29         52.5680    54.5094    3.6931     % 
UB: 54.50937499999999
branching on 1 with b.
3564   211    30         52.5680    54.5094    3.6931     % 
LB close or above UB, fathomed
3565   210    30         52.5680    54.5094    3.6931     % 
LB close or above UB, fathomed
3566   209    27         52.5680    54.5094    3.6931     % 
LB close or above UB, fathomed
3567   208    27         52.5680    54.5094    3.6931     % 
LB close or above UB, fathomed
3568   207    14         52.5680    54.5094    3.6931     % 
UB: 54.50937499999999
branching on CartesianIndex(1, 4) with c.
3569   208    15         52.5680    54.5094    3.6931     % 
LB close or above UB, fathomed
3570   207    15         52.5680    54.5094    3.6931     % 
LB close or above UB, fathomed
3571   206    14         52.5680    54.5094    3.6931     % 
LB close or above UB, fathomed
3572   205    34         52.5680    54.5094    3.6931     % 
LB close or above UB, fathomed
3573   204    34         52.5680    54.5094    3.6931     % 
LB close or above UB, fathomed
3574   203    14         52.5680    54.5094    3.6931     % 
UB: 54.50937499999999
branching on 1 with b.
3575   204    15         52.5680    54.5094    3.6931     % 
LB close or above UB, fathomed
3576   203    15         52.5680    54.5094    3.6931     % 
UB: 54.50937499999999
branching on CartesianIndex(1, 4) with c.
3577   204    16         52.5680    54.5094    3.6931     % 
LB close or above UB, fathomed
3578   203    16         52.5680    54.5094    3.6931     % 
UB: 54.50937499999999
branching on 2 with b.
3579   204    17         52.5680    54.5094    3.6931     % 
LB close or above UB, fathomed
3580   203    17         52.5680    54.5094    3.6931     % 
UB: 54.50937499999999
branching on CartesianIndex(1, 5) with c.
3581   204    18         52.5680    54.5094    3.6931     % 
UB: 54.50937499999999
branching on CartesianIndex(1, 6) with c.
3582   205    19         52.5680    54.5094    3.6931     % 
UB: 54.50937499999999
branching on 3 with b.
3583   206    20         52.5680    54.5094    3.6931     % 
LB close or above UB, fathomed
3584   205    20         52.5680    54.5094    3.6931     % 
LB close or above UB, fathomed
3585   204    19         52.5680    54.5094    3.6931     % 
LB close or above UB, fathomed
3586   203    18         52.5680    54.5094    3.6931     % 
LB close or above UB, fathomed
3587   202    14         52.5680    54.5094    3.6931     % 
LB close or above UB, fathomed
3588   201    30         52.5680    54.5094    3.6931     % 
LB close or above UB, fathomed
3589   200    30         52.5680    54.5094    3.6931     % 
LB close or above UB, fathomed
3590   199    17         52.5680    54.5094    3.6931     % 
UB: 54.50937499999999
branching on CartesianIndex(1, 5) with c.
3591   200    18         52.5680    54.5094    3.6931     % 
LB close or above UB, fathomed
3592   199    18         52.5680    54.5094    3.6931     % 
UB: 54.50937499999999
branching on 2 with b.
3593   200    19         52.5680    54.5094    3.6931     % 
UB: 54.50937499999999
branching on 3 with b.
3594   201    20         52.5680    54.5094    3.6931     % 
UB: 54.50937499999999
branching on 1 with b.
3595   202    21         52.5680    54.5094    3.6931     % 
UB: 54.50937499999999
branching on CartesianIndex(1, 6) with c.
3596   203    22         52.5680    54.5094    3.6931     % 
LB close or above UB, fathomed
3597   202    22         52.5680    54.5094    3.6931     % 
UB: 54.50937499999999
branching on 2 with b.
3598   203    21         52.5680    54.5094    3.6931     % 
LB close or above UB, fathomed
3599   202    20         52.5680    54.5094    3.6931     % 
LB close or above UB, fathomed
3600   201    19         52.5680    54.5094    3.6931     % 
LB close or above UB, fathomed
3601   200    17         52.5680    54.5094    3.6931     % 
LB close or above UB, fathomed
3602   199    22         52.5680    54.5094    3.6931     % 
LB close or above UB, fathomed
3603   198    22         52.5680    54.5094    3.6931     % 
UB: 54.50937499999999
branching on 1 with b.
3604   199    23         52.5680    54.5094    3.6931     % 
UB: 54.50937499999999
branching on 2 with b.
3605   200    24         52.5680    54.5094    3.6931     % 
UB: 54.50937499999999
branching on 3 with b.
3606   201    25         52.5680    54.5094    3.6931     % 
UB: 54.50937499999999
branching on 1 with b.
3607   202    26         52.5680    54.5094    3.6931     % 
LB close or above UB, fathomed
3608   201    26         52.5680    54.5094    3.6931     % 
LB close or above UB, fathomed
3609   200    25         52.5680    54.5094    3.6931     % 
LB close or above UB, fathomed
3610   199    24         52.5680    54.5094    3.6931     % 
UB: 54.50937499999999
branching on 3 with b.
3611   200    25         52.5680    54.5094    3.6931     % 
UB: 54.50937499999999
branching on 1 with b.
3612   201    26         52.5680    54.5094    3.6931     % 
LB close or above UB, fathomed
3613   200    26         52.5680    54.5094    3.6931     % 
LB close or above UB, fathomed
3614   199    25         52.5680    54.5094    3.6931     % 
LB close or above UB, fathomed
3615   198    23         52.5680    54.5094    3.6931     % 
LB close or above UB, fathomed
3616   197    21         52.5680    54.5094    3.6931     % 
UB: 54.50937499999999
branching on 3 with b.
3617   198    22         52.5680    54.5094    3.6931     % 
LB close or above UB, fathomed
3618   197    22         52.5680    54.5094    3.6931     % 
UB: 54.50937499999999
branching on 1 with b.
3619   198    23         52.5680    54.5094    3.6931     % 
LB close or above UB, fathomed
3620   197    23         52.5680    54.5094    3.6931     % 
UB: 54.50937499999999
branching on 2 with b.
3621   198    24         52.5680    54.5094    3.6931     % 
LB close or above UB, fathomed
3622   197    24         52.5680    54.5094    3.6931     % 
LB close or above UB, fathomed
3623   196    21         52.5680    54.5094    3.6931     % 
LB close or above UB, fathomed
3624   195    23         52.5680    54.5094    3.6931     % 
UB: 54.50937499999999
branching on CartesianIndex(1, 7) with c.
3625   196    24         52.5680    54.5094    3.6931     % 
UB: 54.50937499999999
branching on 3 with b.
3626   197    25         52.5680    54.5094    3.6931     % 
LB close or above UB, fathomed
3627   196    25         52.5680    54.5094    3.6931     % 
UB: 54.50937499999999
branching on 1 with b.
3628   197    26         52.5680    54.5094    3.6931     % 
LB close or above UB, fathomed
3629   196    26         52.5680    54.5094    3.6931     % 
LB close or above UB, fathomed
3630   195    24         52.5680    54.5094    3.6931     % 
LB close or above UB, fathomed
3631   194    23         52.5680    54.5094    3.6931     % 
LB close or above UB, fathomed
3632   193    18         52.5680    54.5094    3.6931     % 
UB: 54.50937499999999
branching on 1 with b.
3633   194    19         52.5680    54.5094    3.6931     % 
LB close or above UB, fathomed
3634   193    19         52.5680    54.5094    3.6931     % 
UB: 54.50937499999999
branching on 2 with b.
3635   194    20         52.5680    54.5094    3.6931     % 
UB: 54.50937499999999
branching on 3 with b.
3636   195    21         52.5680    54.5094    3.6931     % 
LB close or above UB, fathomed
3637   194    21         52.5680    54.5094    3.6931     % 
UB: 54.50937499999999
branching on 1 with b.
3638   195    22         52.5680    54.5094    3.6931     % 
LB close or above UB, fathomed
3639   194    22         52.5680    54.5094    3.6931     % 
LB close or above UB, fathomed
3640   193    20         52.5680    54.5094    3.6931     % 
LB close or above UB, fathomed
3641   192    18         52.5680    54.5094    3.6931     % 
LB close or above UB, fathomed
3642   191    20         52.5680    54.5094    3.6931     % 
LB close or above UB, fathomed
3643   190    20         52.5680    54.5094    3.6931     % 
UB: 54.50937499999999
branching on 3 with b.
3644   191    21         52.5680    54.5094    3.6931     % 
LB close or above UB, fathomed
3645   190    21         52.5680    54.5094    3.6931     % 
UB: 54.50937499999999
branching on CartesianIndex(1, 5) with c.
3646   191    22         52.5680    54.5094    3.6931     % 
UB: 54.50937499999999
branching on CartesianIndex(1, 6) with c.
3647   192    23         52.5680    54.5094    3.6931     % 
LB close or above UB, fathomed
3648   191    23         52.5680    54.5094    3.6931     % 
UB: 54.50937499999999
branching on CartesianIndex(1, 7) with c.
3649   192    24         52.5680    54.5094    3.6931     % 
UB: 54.50937499999999
branching on 1 with b.
3650   193    25         52.5680    54.5094    3.6931     % 
LB close or above UB, fathomed
3651   192    25         52.5680    54.5094    3.6931     % 
LB close or above UB, fathomed
3652   191    24         52.5680    54.5094    3.6931     % 
LB close or above UB, fathomed
3653   190    22         52.5680    54.5094    3.6931     % 
LB close or above UB, fathomed
3654   189    26         52.5680    54.5094    3.6931     % 
LB close or above UB, fathomed
3655   188    26         52.5680    54.5094    3.6931     % 
LB close or above UB, fathomed
3656   187    26         52.5680    54.5094    3.6931     % 
LB close or above UB, fathomed
3657   186    26         52.5680    54.5094    3.6931     % 
LB close or above UB, fathomed
3658   185    26         52.5680    54.5094    3.6931     % 
LB close or above UB, fathomed
3659   184    26         52.5680    54.5094    3.6931     % 
LB close or above UB, fathomed
3660   183    26         52.5680    54.5094    3.6931     % 
LB close or above UB, fathomed
3661   182    26         52.5680    54.5094    3.6931     % 
LB close or above UB, fathomed
3662   181    25         52.5680    54.5094    3.6931     % 
LB close or above UB, fathomed
3663   180    25         52.5680    54.5094    3.6931     % 
LB close or above UB, fathomed
3664   179    25         52.5680    54.5094    3.6931     % 
LB close or above UB, fathomed
3665   178    25         52.5680    54.5094    3.6931     % 
LB close or above UB, fathomed
3666   177    26         52.5680    54.5094    3.6931     % 
LB close or above UB, fathomed
3667   176    26         52.5680    54.5094    3.6931     % 
LB close or above UB, fathomed
3668   175    26         52.5680    54.5094    3.6931     % 
LB close or above UB, fathomed
3669   174    26         52.5680    54.5094    3.6931     % 
LB close or above UB, fathomed
3670   173    27         52.5680    54.5094    3.6931     % 
LB close or above UB, fathomed
3671   172    27         52.5680    54.5094    3.6931     % 
LB close or above UB, fathomed
3672   171    27         52.5680    54.5094    3.6931     % 
LB close or above UB, fathomed
3673   170    27         52.5680    54.5094    3.6931     % 
LB close or above UB, fathomed
3674   169    27         52.5680    54.5094    3.6931     % 
LB close or above UB, fathomed
3675   168    27         52.5680    54.5094    3.6931     % 
LB close or above UB, fathomed
3676   167    27         52.5680    54.5094    3.6931     % 
LB close or above UB, fathomed
3677   166    27         52.5680    54.5094    3.6931     % 
LB close or above UB, fathomed
3678   165    27         52.5680    54.5094    3.6931     % 
LB close or above UB, fathomed
3679   164    27         52.5680    54.5094    3.6931     % 
LB close or above UB, fathomed
3680   163    28         52.5680    54.5094    3.6931     % 
LB close or above UB, fathomed
3681   162    28         52.5680    54.5094    3.6931     % 
LB close or above UB, fathomed
3682   161    28         52.5680    54.5094    3.6931     % 
LB close or above UB, fathomed
3683   160    28         52.5680    54.5094    3.6931     % 
LB close or above UB, fathomed
3684   159    26         52.5680    54.5094    3.6931     % 
UB: 54.50937499999999
branching on 1 with b.
3685   160    27         52.5680    54.5094    3.6931     % 
LB close or above UB, fathomed
3686   159    27         52.5680    54.5094    3.6931     % 
LB close or above UB, fathomed
3687   158    26         52.5680    54.5094    3.6931     % 
LB close or above UB, fathomed
3688   157    25         52.5680    54.5094    3.6931     % 
LB close or above UB, fathomed
3689   156    25         52.5680    54.5094    3.6931     % 
LB close or above UB, fathomed
3690   155    28         52.5680    54.5094    3.6931     % 
LB close or above UB, fathomed
3691   154    28         52.5680    54.5094    3.6931     % 
LB close or above UB, fathomed
3692   153    28         52.5680    54.5094    3.6931     % 
LB close or above UB, fathomed
3693   152    28         52.5680    54.5094    3.6931     % 
LB close or above UB, fathomed
3694   151    27         52.5680    54.5094    3.6931     % 
LB close or above UB, fathomed
3695   150    27         52.5680    54.5094    3.6931     % 
LB close or above UB, fathomed
3696   149    26         52.5680    54.5094    3.6931     % 
LB close or above UB, fathomed
3697   148    26         52.5680    54.5094    3.6931     % 
LB close or above UB, fathomed
3698   147    29         52.5680    54.5094    3.6931     % 
LB close or above UB, fathomed
3699   146    29         52.5680    54.5094    3.6931     % 
LB close or above UB, fathomed
3700   145    30         52.5680    54.5094    3.6931     % 
LB close or above UB, fathomed
3701   144    30         52.5680    54.5094    3.6931     % 
LB close or above UB, fathomed
3702   143    31         52.5680    54.5094    3.6931     % 
LB close or above UB, fathomed
3703   142    31         52.5680    54.5094    3.6931     % 
LB close or above UB, fathomed
3704   141    30         52.5680    54.5094    3.6931     % 
UB: 54.50937499999999
branching on 2 with b.
3705   142    31         52.5680    54.5094    3.6931     % 
LB close or above UB, fathomed
3706   141    31         52.5680    54.5094    3.6931     % 
LB close or above UB, fathomed
3707   140    30         52.5680    54.5094    3.6931     % 
LB close or above UB, fathomed
3708   139    22         52.5680    54.5094    3.6931     % 
LB close or above UB, fathomed
3709   138    22         52.5680    54.5094    3.6931     % 
UB: 54.50937499999999
branching on CartesianIndex(1, 5) with c.
3710   139    23         52.5680    54.5094    3.6931     % 
UB: 54.50937499999999
branching on CartesianIndex(1, 6) with c.
3711   140    24         52.5680    54.5094    3.6931     % 
LB close or above UB, fathomed
3712   139    24         52.5680    54.5094    3.6931     % 
UB: 54.50937499999999
branching on CartesianIndex(1, 7) with c.
3713   140    25         52.5680    54.5094    3.6931     % 
UB: 54.50937499999999
branching on 3 with b.
3714   141    26         52.5680    54.5094    3.6931     % 
LB close or above UB, fathomed
3715   140    26         52.5680    54.5094    3.6931     % 
UB: 54.50937499999999
branching on 1 with b.
3716   141    27         52.5680    54.5094    3.6931     % 
LB close or above UB, fathomed
3717   140    27         52.5680    54.5094    3.6931     % 
LB close or above UB, fathomed
3718   139    25         52.5680    54.5094    3.6931     % 
LB close or above UB, fathomed
3719   138    23         52.5680    54.5094    3.6931     % 
LB close or above UB, fathomed
3720   137    26         52.5680    54.5094    3.6931     % 
LB close or above UB, fathomed
3721   136    26         52.5680    54.5094    3.6931     % 
LB close or above UB, fathomed
3722   135    26         52.5680    54.5094    3.6931     % 
LB close or above UB, fathomed
3723   134    26         52.5680    54.5094    3.6931     % 
LB close or above UB, fathomed
3724   133    28         52.5680    54.5094    3.6931     % 
LB close or above UB, fathomed
3725   132    28         52.5680    54.5094    3.6931     % 
LB close or above UB, fathomed
3726   131    25         52.5680    54.5094    3.6931     % 
LB close or above UB, fathomed
3727   130    25         52.5680    54.5094    3.6931     % 
LB close or above UB, fathomed
3728   129    25         52.5680    54.5094    3.6931     % 
LB close or above UB, fathomed
3729   128    25         52.5680    54.5094    3.6931     % 
LB close or above UB, fathomed
3730   127    26         52.5680    54.5094    3.6931     % 
LB close or above UB, fathomed
3731   126    26         52.5680    54.5094    3.6931     % 
LB close or above UB, fathomed
3732   125    28         52.5680    54.5094    3.6931     % 
LB close or above UB, fathomed
3733   124    28         52.5680    54.5094    3.6931     % 
LB close or above UB, fathomed
3734   123    28         52.5680    54.5094    3.6931     % 
LB close or above UB, fathomed
3735   122    28         52.5680    54.5094    3.6931     % 
LB close or above UB, fathomed
3736   121    22         52.5680    54.5094    3.6931     % 
UB: 54.50937499999999
branching on 3 with b.
3737   122    23         52.5680    54.5094    3.6931     % 
LB close or above UB, fathomed
3738   121    23         52.5680    54.5094    3.6931     % 
UB: 54.50937499999999
branching on 1 with b.
3739   122    24         52.5680    54.5094    3.6931     % 
UB: 54.50937499999999
branching on 2 with b.
3740   123    25         52.5680    54.5094    3.6931     % 
UB: 54.50937499999999
branching on 3 with b.
3741   124    26         52.5680    54.5094    3.6931     % 
UB: 54.50937499999999
branching on 1 with b.
3742   125    27         52.5680    54.5094    3.6931     % 
LB close or above UB, fathomed
3743   124    27         52.5680    54.5094    3.6931     % 
LB close or above UB, fathomed
3744   123    26         52.5680    54.5094    3.6931     % 
LB close or above UB, fathomed
3745   122    25         52.5680    54.5094    3.6931     % 
UB: 54.50937499999999
branching on 3 with b.
3746   123    26         52.5680    54.5094    3.6931     % 
UB: 54.50937499999999
branching on 1 with b.
3747   124    27         52.5680    54.5094    3.6931     % 
LB close or above UB, fathomed
3748   123    27         52.5680    54.5094    3.6931     % 
LB close or above UB, fathomed
3749   122    26         52.5680    54.5094    3.6931     % 
LB close or above UB, fathomed
3750   121    24         52.5680    54.5094    3.6931     % 
LB close or above UB, fathomed
3751   120    22         52.5680    54.5094    3.6931     % 
UB: 54.50937499999999
branching on 3 with b.
3752   121    23         52.5680    54.5094    3.6931     % 
LB close or above UB, fathomed
3753   120    23         52.5680    54.5094    3.6931     % 
UB: 54.50937499999999
branching on 1 with b.
3754   121    24         52.5680    54.5094    3.6931     % 
UB: 54.50937499999999
branching on 2 with b.
3755   122    25         52.5680    54.5094    3.6931     % 
UB: 54.50937499999999
branching on 3 with b.
3756   123    26         52.5680    54.5094    3.6931     % 
UB: 54.50937499999999
branching on 1 with b.
3757   124    27         52.5680    54.5094    3.6931     % 
LB close or above UB, fathomed
3758   123    27         52.5680    54.5094    3.6931     % 
LB close or above UB, fathomed
3759   122    26         52.5680    54.5094    3.6931     % 
LB close or above UB, fathomed
3760   121    25         52.5680    54.5094    3.6931     % 
UB: 54.50937499999999
branching on 3 with b.
3761   122    26         52.5680    54.5094    3.6931     % 
UB: 54.50937499999999
branching on 1 with b.
3762   123    27         52.5680    54.5094    3.6931     % 
LB close or above UB, fathomed
3763   122    27         52.5680    54.5094    3.6931     % 
LB close or above UB, fathomed
3764   121    26         52.5680    54.5094    3.6931     % 
LB close or above UB, fathomed
3765   120    24         52.5680    54.5094    3.6931     % 
LB close or above UB, fathomed
3766   119    23         52.5680    54.5094    3.6931     % 
UB: 54.50937499999999
branching on 3 with b.
3767   120    24         52.5680    54.5094    3.6931     % 
LB close or above UB, fathomed
3768   119    24         52.5680    54.5094    3.6931     % 
UB: 54.50937499999999
branching on 1 with b.
3769   120    25         52.5680    54.5094    3.6931     % 
UB: 54.50937499999999
branching on 2 with b.
3770   121    26         52.5680    54.5094    3.6931     % 
UB: 54.50937499999999
branching on 3 with b.
3771   122    27         52.5680    54.5094    3.6931     % 
UB: 54.50937499999999
branching on 1 with b.
3772   123    28         52.5680    54.5094    3.6931     % 
LB close or above UB, fathomed
3773   122    28         52.5680    54.5094    3.6931     % 
LB close or above UB, fathomed
3774   121    27         52.5680    54.5094    3.6931     % 
LB close or above UB, fathomed
3775   120    26         52.5680    54.5094    3.6931     % 
UB: 54.50937499999999
branching on 3 with b.
3776   121    27         52.5680    54.5094    3.6931     % 
UB: 54.50937499999999
branching on 1 with b.
3777   122    28         52.5680    54.5094    3.6931     % 
LB close or above UB, fathomed
3778   121    28         52.5680    54.5094    3.6931     % 
LB close or above UB, fathomed
3779   120    27         52.5680    54.5094    3.6931     % 
LB close or above UB, fathomed
3780   119    25         52.5680    54.5094    3.6931     % 
LB close or above UB, fathomed
3781   118    23         52.5680    54.5094    3.6931     % 
UB: 54.50937499999999
branching on 3 with b.
3782   119    24         52.5680    54.5094    3.6931     % 
LB close or above UB, fathomed
3783   118    24         52.5680    54.5094    3.6931     % 
UB: 54.50937499999999
branching on 1 with b.
3784   119    25         52.5680    54.5094    3.6931     % 
UB: 54.50937499999999
branching on 2 with b.
3785   120    26         52.5680    54.5094    3.6931     % 
UB: 54.50937499999999
branching on 3 with b.
3786   121    27         52.5680    54.5094    3.6931     % 
UB: 54.50937499999999
branching on 1 with b.
3787   122    28         52.5680    54.5094    3.6931     % 
LB close or above UB, fathomed
3788   121    28         52.5680    54.5094    3.6931     % 
LB close or above UB, fathomed
3789   120    27         52.5680    54.5094    3.6931     % 
LB close or above UB, fathomed
3790   119    26         52.5680    54.5094    3.6931     % 
UB: 54.50937499999999
branching on 3 with b.
3791   120    27         52.5680    54.5094    3.6931     % 
UB: 54.50937499999999
branching on 1 with b.
3792   121    28         52.5680    54.5094    3.6931     % 
LB close or above UB, fathomed
3793   120    28         52.5680    54.5094    3.6931     % 
LB close or above UB, fathomed
3794   119    27         52.5680    54.5094    3.6931     % 
LB close or above UB, fathomed
3795   118    25         52.5680    54.5094    3.6931     % 
LB close or above UB, fathomed
3796   117    23         52.5680    54.5094    3.6931     % 
UB: 54.50937499999999
branching on 3 with b.
3797   118    24         52.5680    54.5094    3.6931     % 
LB close or above UB, fathomed
3798   117    24         52.5680    54.5094    3.6931     % 
UB: 54.50937499999999
branching on 1 with b.
3799   118    25         52.5680    54.5094    3.6931     % 
UB: 54.50937499999999
branching on 2 with b.
3800   119    26         52.5680    54.5094    3.6931     % 
UB: 54.50937499999999
branching on 3 with b.
3801   120    27         52.5680    54.5094    3.6931     % 
UB: 54.50937499999999
branching on 1 with b.
3802   121    28         52.5680    54.5094    3.6931     % 
LB close or above UB, fathomed
3803   120    28         52.5680    54.5094    3.6931     % 
LB close or above UB, fathomed
3804   119    27         52.5680    54.5094    3.6931     % 
LB close or above UB, fathomed
3805   118    26         52.5680    54.5094    3.6931     % 
UB: 54.50937499999999
branching on 3 with b.
3806   119    27         52.5680    54.5094    3.6931     % 
UB: 54.50937499999999
branching on 1 with b.
3807   120    28         52.5680    54.5094    3.6931     % 
LB close or above UB, fathomed
3808   119    28         52.5680    54.5094    3.6931     % 
LB close or above UB, fathomed
3809   118    27         52.5680    54.5094    3.6931     % 
LB close or above UB, fathomed
3810   117    25         52.5680    54.5094    3.6931     % 
LB close or above UB, fathomed
3811   116    23         52.5680    54.5094    3.6931     % 
UB: 54.50937499999999
branching on 3 with b.
3812   117    24         52.5680    54.5094    3.6931     % 
LB close or above UB, fathomed
3813   116    24         52.5680    54.5094    3.6931     % 
UB: 54.50937499999999
branching on 1 with b.
3814   117    25         52.5680    54.5094    3.6931     % 
UB: 54.50937499999999
branching on 2 with b.
3815   118    26         52.5680    54.5094    3.6931     % 
UB: 54.50937499999999
branching on 3 with b.
3816   119    27         52.5680    54.5094    3.6931     % 
UB: 54.50937499999999
branching on 1 with b.
3817   120    28         52.5680    54.5094    3.6931     % 
LB close or above UB, fathomed
3818   119    28         52.5680    54.5094    3.6931     % 
LB close or above UB, fathomed
3819   118    27         52.5680    54.5094    3.6931     % 
LB close or above UB, fathomed
3820   117    26         52.5680    54.5094    3.6931     % 
UB: 54.50937499999999
branching on 3 with b.
3821   118    27         52.5680    54.5094    3.6931     % 
UB: 54.50937499999999
branching on 1 with b.
3822   119    28         52.5680    54.5094    3.6931     % 
LB close or above UB, fathomed
3823   118    28         52.5680    54.5094    3.6931     % 
LB close or above UB, fathomed
3824   117    27         52.5680    54.5094    3.6931     % 
LB close or above UB, fathomed
3825   116    25         52.5680    54.5094    3.6931     % 
LB close or above UB, fathomed
3826   115    26         52.5680    54.5094    3.6931     % 
LB close or above UB, fathomed
3827   114    26         52.5680    54.5094    3.6931     % 
LB close or above UB, fathomed
3828   113    26         52.5680    54.5094    3.6931     % 
LB close or above UB, fathomed
3829   112    26         52.5680    54.5094    3.6931     % 
LB close or above UB, fathomed
3830   111    28         52.5680    54.5094    3.6931     % 
LB close or above UB, fathomed
3831   110    28         52.5680    54.5094    3.6931     % 
LB close or above UB, fathomed
3832   109    27         52.5680    54.5094    3.6931     % 
LB close or above UB, fathomed
3833   108    27         52.5680    54.5094    3.6931     % 
LB close or above UB, fathomed
3834   107    27         52.5680    54.5094    3.6931     % 
LB close or above UB, fathomed
3835   106    27         52.5680    54.5094    3.6931     % 
LB close or above UB, fathomed
3836   105    28         52.5680    54.5094    3.6931     % 
LB close or above UB, fathomed
3837   104    28         52.5680    54.5094    3.6931     % 
LB close or above UB, fathomed
3838   103    25         52.5680    54.5094    3.6931     % 
LB close or above UB, fathomed
3839   102    25         52.5680    54.5094    3.6931     % 
LB close or above UB, fathomed
3840   101    25         52.5680    54.5094    3.6931     % 
LB close or above UB, fathomed
3841   100    25         52.5680    54.5094    3.6931     % 
LB close or above UB, fathomed
3842   99     21         52.5680    54.5094    3.6931     % 
UB: 54.50937499999999
branching on 3 with b.
3843   100    22         52.5680    54.5094    3.6931     % 
LB close or above UB, fathomed
3844   99     22         52.5680    54.5094    3.6931     % 
UB: 54.50937499999999
branching on 1 with b.
3845   100    23         52.5680    54.5094    3.6931     % 
UB: 54.50937499999999
branching on 2 with b.
3846   101    24         52.5680    54.5094    3.6931     % 
UB: 54.50937499999999
branching on 3 with b.
3847   102    25         52.5680    54.5094    3.6931     % 
UB: 54.50937499999999
branching on 1 with b.
3848   103    26         52.5680    54.5094    3.6931     % 
LB close or above UB, fathomed
3849   102    26         52.5680    54.5094    3.6931     % 
LB close or above UB, fathomed
3850   101    25         52.5680    54.5094    3.6931     % 
LB close or above UB, fathomed
3851   100    24         52.5680    54.5094    3.6931     % 
UB: 54.50937499999999
branching on 3 with b.
3852   101    25         52.5680    54.5094    3.6931     % 
UB: 54.50937499999999
branching on 1 with b.
3853   102    26         52.5680    54.5094    3.6931     % 
LB close or above UB, fathomed
3854   101    26         52.5680    54.5094    3.6931     % 
LB close or above UB, fathomed
3855   100    25         52.5680    54.5094    3.6931     % 
LB close or above UB, fathomed
3856   99     23         52.5680    54.5094    3.6931     % 
LB close or above UB, fathomed
3857   98     21         52.5680    54.5094    3.6931     % 
UB: 54.50937499999999
branching on 3 with b.
3858   99     22         52.5680    54.5094    3.6931     % 
LB close or above UB, fathomed
3859   98     22         52.5680    54.5094    3.6931     % 
UB: 54.50937499999999
branching on 1 with b.
3860   99     23         52.5680    54.5094    3.6931     % 
UB: 54.50937499999999
branching on 2 with b.
3861   100    24         52.5680    54.5094    3.6931     % 
UB: 54.50937499999999
branching on 3 with b.
3862   101    25         52.5680    54.5094    3.6931     % 
UB: 54.50937499999999
branching on 1 with b.
3863   102    26         52.5680    54.5094    3.6931     % 
LB close or above UB, fathomed
3864   101    26         52.5680    54.5094    3.6931     % 
LB close or above UB, fathomed
3865   100    25         52.5680    54.5094    3.6931     % 
LB close or above UB, fathomed
3866   99     24         52.5680    54.5094    3.6931     % 
UB: 54.50937499999999
branching on 3 with b.
3867   100    25         52.5680    54.5094    3.6931     % 
UB: 54.50937499999999
branching on 1 with b.
3868   101    26         52.5680    54.5094    3.6931     % 
LB close or above UB, fathomed
3869   100    26         52.5680    54.5094    3.6931     % 
LB close or above UB, fathomed
3870   99     25         52.5680    54.5094    3.6931     % 
LB close or above UB, fathomed
3871   98     23         52.5680    54.5094    3.6931     % 
LB close or above UB, fathomed
3872   97     21         52.5680    54.5094    3.6931     % 
LB close or above UB, fathomed
3873   96     21         52.5680    54.5094    3.6931     % 
LB close or above UB, fathomed
3874   95     28         52.5680    54.5094    3.6931     % 
LB close or above UB, fathomed
3875   94     28         52.5680    54.5094    3.6931     % 
LB close or above UB, fathomed
3876   93     28         52.5680    54.5094    3.6931     % 
LB close or above UB, fathomed
3877   92     28         52.5680    54.5094    3.6931     % 
LB close or above UB, fathomed
3878   91     28         52.5680    54.5094    3.6931     % 
LB close or above UB, fathomed
3879   90     28         52.5680    54.5094    3.6931     % 
LB close or above UB, fathomed
3880   89     26         52.5680    54.5094    3.6931     % 
LB close or above UB, fathomed
3881   88     26         52.5680    54.5094    3.6931     % 
LB close or above UB, fathomed
3882   87     27         52.5680    54.5094    3.6931     % 
UB: 54.50937499999999
branching on 3 with b.
3883   88     28         52.5680    54.5094    3.6931     % 
UB: 54.50937499999999
branching on 1 with b.
3884   89     29         52.5680    54.5094    3.6931     % 
LB close or above UB, fathomed
3885   88     29         52.5680    54.5094    3.6931     % 
LB close or above UB, fathomed
3886   87     28         52.5680    54.5094    3.6931     % 
LB close or above UB, fathomed
3887   86     27         52.5680    54.5094    3.6931     % 
LB close or above UB, fathomed
3888   85     26         52.5680    54.5094    3.6931     % 
LB close or above UB, fathomed
3889   84     26         52.5680    54.5094    3.6931     % 
LB close or above UB, fathomed
3890   83     19         52.5680    54.5094    3.6931     % 
UB: 54.50937499999999
branching on CartesianIndex(3, 3) with a.
3891   84     20         52.5680    54.5094    3.6931     % 
LB close or above UB, fathomed
3892   83     20         52.5680    54.5094    3.6931     % 
LB close or above UB, fathomed
3893   82     19         52.5680    54.5094    3.6931     % 
LB close or above UB, fathomed
3894   81     28         52.5680    54.5094    3.6931     % 
LB close or above UB, fathomed
3895   80     28         52.5680    54.5094    3.6931     % 
LB close or above UB, fathomed
3896   79     25         52.5680    54.5094    3.6931     % 
LB close or above UB, fathomed
3897   78     25         52.5680    54.5094    3.6931     % 
LB close or above UB, fathomed
3898   77     25         52.5680    54.5094    3.6931     % 
LB close or above UB, fathomed
3899   76     25         52.5680    54.5094    3.6931     % 
LB close or above UB, fathomed
3900   75     28         52.5680    54.5094    3.6931     % 
LB close or above UB, fathomed
3901   74     28         52.5680    54.5094    3.6931     % 
LB close or above UB, fathomed
3902   73     28         52.5680    54.5094    3.6931     % 
LB close or above UB, fathomed
3903   72     28         52.5680    54.5094    3.6931     % 
LB close or above UB, fathomed
3904   71     20         52.5680    54.5094    3.6931     % 
UB: 54.50937499999999
branching on CartesianIndex(3, 3) with a.
3905   72     21         52.5680    54.5094    3.6931     % 
LB close or above UB, fathomed
3906   71     21         52.5680    54.5094    3.6931     % 
LB close or above UB, fathomed
3907   70     20         52.5680    54.5094    3.6931     % 
LB close or above UB, fathomed
3908   69     21         52.5680    54.5094    3.6931     % 
UB: 54.50937499999999
branching on 3 with b.
3909   70     22         52.5680    54.5094    3.6931     % 
LB close or above UB, fathomed
3910   69     22         52.5680    54.5094    3.6931     % 
UB: 54.50937499999999
branching on 1 with b.
3911   70     23         52.5680    54.5094    3.6931     % 
UB: 54.50937499999999
branching on 2 with b.
3912   71     24         52.5680    54.5094    3.6931     % 
UB: 54.50937499999999
branching on 3 with b.
3913   72     25         52.5680    54.5094    3.6931     % 
UB: 54.50937499999999
branching on 1 with b.
3914   73     26         52.5680    54.5094    3.6931     % 
LB close or above UB, fathomed
3915   72     26         52.5680    54.5094    3.6931     % 
LB close or above UB, fathomed
3916   71     25         52.5680    54.5094    3.6931     % 
LB close or above UB, fathomed
3917   70     24         52.5680    54.5094    3.6931     % 
LB close or above UB, fathomed
3918   69     23         52.5680    54.5094    3.6931     % 
LB close or above UB, fathomed
3919   68     21         52.5680    54.5094    3.6931     % 
LB close or above UB, fathomed
3920   67     19         52.5680    54.5094    3.6931     % 
LB close or above UB, fathomed
3921   66     19         52.5680    54.5094    3.6931     % 
LB close or above UB, fathomed
3922   65     22         52.5680    54.5094    3.6931     % 
UB: 54.50937499999999
branching on 3 with b.
3923   66     23         52.5680    54.5094    3.6931     % 
LB close or above UB, fathomed
3924   65     23         52.5680    54.5094    3.6931     % 
UB: 54.50937499999999
branching on 1 with b.
3925   66     24         52.5680    54.5094    3.6931     % 
UB: 54.50937499999999
branching on 2 with b.
3926   67     25         52.5680    54.5094    3.6931     % 
UB: 54.50937499999999
branching on 3 with b.
3927   68     26         52.5680    54.5094    3.6931     % 
UB: 54.50937499999999
branching on 1 with b.
3928   69     27         52.5680    54.5094    3.6931     % 
LB close or above UB, fathomed
3929   68     27         52.5680    54.5094    3.6931     % 
LB close or above UB, fathomed
3930   67     26         52.5680    54.5094    3.6931     % 
LB close or above UB, fathomed
3931   66     25         52.5680    54.5094    3.6931     % 
LB close or above UB, fathomed
3932   65     24         52.5680    54.5094    3.6931     % 
LB close or above UB, fathomed
3933   64     22         52.5680    54.5094    3.6931     % 
LB close or above UB, fathomed
3934   63     18         52.5680    54.5094    3.6931     % 
UB: 54.50937499999999
branching on CartesianIndex(2, 3) with a.
3935   64     19         52.5680    54.5094    3.6931     % 
UB: 54.50937499999999
branching on CartesianIndex(3, 3) with a.
3936   65     20         52.5680    54.5094    3.6931     % 
LB close or above UB, fathomed
3937   64     20         52.5680    54.5094    3.6931     % 
LB close or above UB, fathomed
3938   63     19         52.5680    54.5094    3.6931     % 
LB close or above UB, fathomed
3939   62     18         52.5680    54.5094    3.6931     % 
LB close or above UB, fathomed
3940   61     22         52.5680    54.5094    3.6931     % 
UB: 54.50937499999999
branching on 2 with b.
3941   62     23         52.5680    54.5094    3.6931     % 
UB: 54.50937499999999
branching on 3 with b.
3942   63     24         52.5680    54.5094    3.6931     % 
LB close or above UB, fathomed
3943   62     24         52.5680    54.5094    3.6931     % 
UB: 54.50937499999999
branching on 1 with b.
3944   63     25         52.5680    54.5094    3.6931     % 
UB: 54.50937499999999
branching on 2 with b.
3945   64     26         52.5680    54.5094    3.6931     % 
UB: 54.50937499999999
branching on 3 with b.
3946   65     27         52.5680    54.5094    3.6931     % 
UB: 54.50937499999999
branching on 1 with b.
3947   66     28         52.5680    54.5094    3.6931     % 
LB close or above UB, fathomed
3948   65     28         52.5680    54.5094    3.6931     % 
LB close or above UB, fathomed
3949   64     27         52.5680    54.5094    3.6931     % 
LB close or above UB, fathomed
3950   63     26         52.5680    54.5094    3.6931     % 
LB close or above UB, fathomed
3951   62     25         52.5680    54.5094    3.6931     % 
LB close or above UB, fathomed
3952   61     23         52.5680    54.5094    3.6931     % 
LB close or above UB, fathomed
3953   60     22         52.5680    54.5094    3.6931     % 
LB close or above UB, fathomed
3954   59     23         52.5680    54.5094    3.6931     % 
UB: 54.50937499999999
branching on 3 with b.
3955   60     24         52.5680    54.5094    3.6931     % 
LB close or above UB, fathomed
3956   59     24         52.5680    54.5094    3.6931     % 
UB: 54.50937499999999
branching on 1 with b.
3957   60     25         52.5680    54.5094    3.6931     % 
LB close or above UB, fathomed
3958   59     25         52.5680    54.5094    3.6931     % 
UB: 54.50937499999999
branching on 2 with b.
3959   60     26         52.5680    54.5094    3.6931     % 
LB close or above UB, fathomed
3960   59     26         52.5680    54.5094    3.6931     % 
UB: 54.50937499999999
branching on 3 with b.
3961   60     27         52.5680    54.5094    3.6931     % 
LB close or above UB, fathomed
3962   59     27         52.5680    54.5094    3.6931     % 
LB close or above UB, fathomed
3963   58     23         52.5680    54.5094    3.6931     % 
UB: 54.50937499999999
branching on 3 with b.
3964   59     24         52.5680    54.5094    3.6931     % 
LB close or above UB, fathomed
3965   58     24         52.5680    54.5094    3.6931     % 
UB: 54.50937499999999
branching on 1 with b.
3966   59     25         52.5680    54.5094    3.6931     % 
LB close or above UB, fathomed
3967   58     25         52.5680    54.5094    3.6931     % 
UB: 54.50937499999999
branching on 2 with b.
3968   58     26         52.5680    54.5094    3.6931     % 
UB: 54.50937499999999
branching on 3 with b.
3969   59     27         52.5680    54.5094    3.6931     % 
LB close or above UB, fathomed
3970   58     27         52.5680    54.5094    3.6931     % 
LB close or above UB, fathomed
3971   57     18         52.5680    54.5094    3.6931     % 
UB: 54.50937499999999
branching on CartesianIndex(1, 6) with c.
3972   58     18         52.5680    54.5094    3.6931     % 
UB: 54.50937499999999
branching on CartesianIndex(1, 6) with c.
3973   59     16         52.5680    54.5094    3.6931     % 
LB close or above UB, fathomed
3974   58     16         52.5680    54.5094    3.6931     % 
UB: 54.50937499999999
branching on CartesianIndex(1, 4) with c.
3975   59     24         52.5680    54.5094    3.6931     % 
UB: 54.50937499999999
branching on 3 with b.
3976   60     25         52.5680    54.5094    3.6931     % 
UB: 54.50937499999999
branching on 1 with b.
3977   61     26         52.5680    54.5094    3.6931     % 
LB close or above UB, fathomed
3978   60     26         52.5680    54.5094    3.6931     % 
LB close or above UB, fathomed
3979   59     25         52.5680    54.5094    3.6931     % 
LB close or above UB, fathomed
3980   58     24         52.5680    54.5094    3.6931     % 
LB close or above UB, fathomed
3981   57     25         52.5680    54.5094    3.6931     % 
LB close or above UB, fathomed
3982   56     25         52.5680    54.5094    3.6931     % 
LB close or above UB, fathomed
3983   55     22         52.5680    54.5094    3.6931     % 
LB close or above UB, fathomed
3984   54     22         52.5680    54.5094    3.6931     % 
UB: 54.50937499999999
branching on 3 with b.
3985   55     23         52.5680    54.5094    3.6931     % 
LB close or above UB, fathomed
3986   54     23         52.5680    54.5094    3.6931     % 
UB: 54.50937499999999
branching on CartesianIndex(1, 4) with c.
3987   55     24         52.5680    54.5094    3.6931     % 
LB close or above UB, fathomed
3988   54     24         52.5680    54.5094    3.6931     % 
UB: 54.50937499999999
branching on CartesianIndex(1, 5) with c.
3989   55     25         52.5680    54.5094    3.6931     % 
UB: 54.50937499999999
branching on CartesianIndex(1, 6) with c.
3990   56     26         52.5680    54.5094    3.6931     % 
LB close or above UB, fathomed
3991   55     26         52.5680    54.5094    3.6931     % 
UB: 54.50937499999999
branching on 1 with b.
3992   56     27         52.5680    54.5094    3.6931     % 
LB close or above UB, fathomed
3993   55     27         52.5680    54.5094    3.6931     % 
LB close or above UB, fathomed
3994   54     25         52.5680    54.5094    3.6931     % 
LB close or above UB, fathomed
3995   53     18         52.5680    54.5094    3.6931     % 
LB close or above UB, fathomed
3996   52     18         52.5680    54.5094    3.6931     % 
UB: 54.50937499999999
branching on CartesianIndex(1, 5) with c.
3997   53     19         52.5680    54.5094    3.6931     % 
UB: 54.50937499999999
branching on 3 with b.
3998   54     20         52.5680    54.5094    3.6931     % 
UB: 54.50937499999999
branching on CartesianIndex(1, 6) with c.
3999   55     21         52.5680    54.5094    3.6931     % 
LB close or above UB, fathomed
4000   54     21         52.5680    54.5094    3.6931     % 
UB: 54.50937499999999
branching on CartesianIndex(1, 7) with c.
4001   55     22         52.5680    54.5094    3.6931     % 
UB: 54.50937499999999
branching on 1 with b.
4002   56     23         52.5680    54.5094    3.6931     % 
LB close or above UB, fathomed
4003   55     23         52.5680    54.5094    3.6931     % 
UB: 54.50937499999999
branching on 2 with b.
4004   56     24         52.5680    54.5094    3.6931     % 
UB: 54.50937499999999
branching on 3 with b.
4005   57     25         52.5680    54.5094    3.6931     % 
UB: 54.50937499999999
branching on 1 with b.
4006   58     26         52.5680    54.5094    3.6931     % 
LB close or above UB, fathomed
4007   57     26         52.5680    54.5094    3.6931     % 
LB close or above UB, fathomed
4008   56     25         52.5680    54.5094    3.6931     % 
LB close or above UB, fathomed
4009   55     24         52.5680    54.5094    3.6931     % 
LB close or above UB, fathomed
4010   54     22         52.5680    54.5094    3.6931     % 
LB close or above UB, fathomed
4011   53     20         52.5680    54.5094    3.6931     % 
LB close or above UB, fathomed
4012   52     19         52.5680    54.5094    3.6931     % 
LB close or above UB, fathomed
4013   51     19         52.5680    54.5094    3.6931     % 
LB close or above UB, fathomed
4014   50     19         52.5680    54.5094    3.6931     % 
UB: 54.50937499999999
branching on CartesianIndex(1, 7) with c.
4015   51     20         52.5680    54.5094    3.6931     % 
UB: 54.50937499999999
branching on 3 with b.
4016   52     21         52.5680    54.5094    3.6931     % 
LB close or above UB, fathomed
4017   51     21         52.5680    54.5094    3.6931     % 
UB: 54.50937499999999
branching on 1 with b.
4018   52     22         52.5680    54.5094    3.6931     % 
UB: 54.50937499999999
branching on 2 with b.
4019   53     23         52.5680    54.5094    3.6931     % 
UB: 54.50937499999999
branching on 3 with b.
4020   54     24         52.5680    54.5094    3.6931     % 
UB: 54.50937499999999
branching on 1 with b.
4021   55     25         52.5680    54.5094    3.6931     % 
LB close or above UB, fathomed
4022   54     25         52.5680    54.5094    3.6931     % 
LB close or above UB, fathomed
4023   53     24         52.5680    54.5094    3.6931     % 
LB close or above UB, fathomed
4024   52     23         52.5680    54.5094    3.6931     % 
UB: 54.50937499999999
branching on 3 with b.
4025   53     24         52.5680    54.5094    3.6931     % 
UB: 54.50937499999999
branching on 1 with b.
4026   54     25         52.5680    54.5094    3.6931     % 
LB close or above UB, fathomed
4027   53     25         52.5680    54.5094    3.6931     % 
LB close or above UB, fathomed
4028   52     24         52.5680    54.5094    3.6931     % 
LB close or above UB, fathomed
4029   51     22         52.5680    54.5094    3.6931     % 
LB close or above UB, fathomed
4030   50     20         52.5680    54.5094    3.6931     % 
LB close or above UB, fathomed
4031   49     26         52.5680    54.5094    3.6931     % 
LB close or above UB, fathomed
4032   48     26         52.5680    54.5094    3.6931     % 
LB close or above UB, fathomed
4033   47     28         52.5680    54.5094    3.6931     % 
LB close or above UB, fathomed
4034   46     28         52.5680    54.5094    3.6931     % 
LB close or above UB, fathomed
4035   45     28         52.5680    54.5094    3.6931     % 
LB close or above UB, fathomed
4036   44     28         52.5680    54.5094    3.6931     % 
LB close or above UB, fathomed
4037   43     21         52.5680    54.5094    3.6931     % 
LB close or above UB, fathomed
4038   42     21         52.5680    54.5094    3.6931     % 
UB: 54.50937499999999
branching on 1 with b.
4039   43     22         52.5680    54.5094    3.6931     % 
LB close or above UB, fathomed
4040   42     22         52.5680    54.5094    3.6931     % 
UB: 54.50937499999999
branching on 2 with b.
4041   43     23         52.5680    54.5094    3.6931     % 
UB: 54.50937499999999
branching on 3 with b.
4042   44     24         52.5680    54.5094    3.6931     % 
LB close or above UB, fathomed
4043   43     24         52.5680    54.5094    3.6931     % 
LB close or above UB, fathomed
4044   42     23         52.5680    54.5094    3.6931     % 
UB: 54.50937499999999
branching on 3 with b.
4045   43     24         52.5680    54.5094    3.6931     % 
LB close or above UB, fathomed
4046   42     24         52.5680    54.5094    3.6931     % 
LB close or above UB, fathomed
4047   41     21         52.5680    54.5094    3.6931     % 
LB close or above UB, fathomed
4048   40     21         52.5680    54.5094    3.6931     % 
UB: 54.50937499999999
branching on CartesianIndex(1, 7) with c.
4049   41     22         52.5680    54.5094    3.6931     % 
UB: 54.50937499999999
branching on 2 with b.
4050   42     23         52.5680    54.5094    3.6931     % 
UB: 54.50937499999999
branching on 3 with b.
4051   43     24         52.5680    54.5094    3.6931     % 
LB close or above UB, fathomed
4052   42     24         52.5680    54.5094    3.6931     % 
UB: 54.50937499999999
branching on 1 with b.
4053   43     25         52.5680    54.5094    3.6931     % 
UB: 54.50937499999999
branching on 2 with b.
4054   44     26         52.5680    54.5094    3.6931     % 
UB: 54.50937499999999
branching on 3 with b.
4055   45     27         52.5680    54.5094    3.6931     % 
UB: 54.50937499999999
branching on 1 with b.
4056   46     28         52.5680    54.5094    3.6931     % 
LB close or above UB, fathomed
4057   45     28         52.5680    54.5094    3.6931     % 
LB close or above UB, fathomed
4058   44     27         52.5680    54.5094    3.6931     % 
LB close or above UB, fathomed
4059   43     26         52.5680    54.5094    3.6931     % 
UB: 54.50937499999999
branching on 3 with b.
4060   44     27         52.5680    54.5094    3.6931     % 
UB: 54.50937499999999
branching on 1 with b.
4061   45     28         52.5680    54.5094    3.6931     % 
LB close or above UB, fathomed
4062   44     28         52.5680    54.5094    3.6931     % 
LB close or above UB, fathomed
4063   43     27         52.5680    54.5094    3.6931     % 
LB close or above UB, fathomed
4064   42     25         52.5680    54.5094    3.6931     % 
LB close or above UB, fathomed
4065   41     23         52.5680    54.5094    3.6931     % 
UB: 54.50937499999999
branching on 3 with b.
4066   42     24         52.5680    54.5094    3.6931     % 
LB close or above UB, fathomed
4067   41     24         52.5680    54.5094    3.6931     % 
UB: 54.50937499999999
branching on 1 with b.
4068   42     25         52.5680    54.5094    3.6931     % 
UB: 54.50937499999999
branching on 2 with b.
4069   43     26         52.5680    54.5094    3.6931     % 
UB: 54.50937499999999
branching on 3 with b.
4070   44     27         52.5680    54.5094    3.6931     % 
UB: 54.50937499999999
branching on 1 with b.
4071   45     28         52.5680    54.5094    3.6931     % 
LB close or above UB, fathomed
4072   44     28         52.5680    54.5094    3.6931     % 
LB close or above UB, fathomed
4073   43     27         52.5680    54.5094    3.6931     % 
LB close or above UB, fathomed
4074   42     26         52.5680    54.5094    3.6931     % 
UB: 54.50937499999999
branching on 3 with b.
4075   43     27         52.5680    54.5094    3.6931     % 
UB: 54.50937499999999
branching on 1 with b.
4076   44     28         52.5680    54.5094    3.6931     % 
LB close or above UB, fathomed
4077   43     28         52.5680    54.5094    3.6931     % 
LB close or above UB, fathomed
4078   42     27         52.5680    54.5094    3.6931     % 
LB close or above UB, fathomed
4079   41     25         52.5680    54.5094    3.6931     % 
LB close or above UB, fathomed
4080   40     22         52.5680    54.5094    3.6931     % 
LB close or above UB, fathomed
4081   39     20         52.5680    54.5094    3.6931     % 
UB: 54.50937499999999
branching on 3 with b.
4082   40     21         52.5680    54.5094    3.6931     % 
LB close or above UB, fathomed
4083   39     21         52.5680    54.5094    3.6931     % 
UB: 54.50937499999999
branching on 1 with b.
4084   40     22         52.5680    54.5094    3.6931     % 
UB: 54.50937499999999
branching on 2 with b.
4085   41     23         52.5680    54.5094    3.6931     % 
UB: 54.50937499999999
branching on 3 with b.
4086   42     24         52.5680    54.5094    3.6931     % 
UB: 54.50937499999999
branching on 1 with b.
4087   43     25         52.5680    54.5094    3.6931     % 
LB close or above UB, fathomed
4088   42     25         52.5680    54.5094    3.6931     % 
LB close or above UB, fathomed
4089   41     24         52.5680    54.5094    3.6931     % 
LB close or above UB, fathomed
4090   40     23         52.5680    54.5094    3.6931     % 
LB close or above UB, fathomed
4091   39     22         52.5680    54.5094    3.6931     % 
LB close or above UB, fathomed
4092   38     20         52.5680    54.5094    3.6931     % 
LB close or above UB, fathomed
4093   37     25         52.5680    54.5094    3.6931     % 
UB: 54.50937499999999
branching on 3 with b.
4094   38     26         52.5680    54.5094    3.6931     % 
LB close or above UB, fathomed
4095   37     26         52.5680    54.5094    3.6931     % 
LB close or above UB, fathomed
4096   36     25         52.5680    54.5094    3.6931     % 
LB close or above UB, fathomed
4097   35     15         52.5680    54.5094    3.6931     % 
LB close or above UB, fathomed
4098   34     15         52.5680    54.5094    3.6931     % 
UB: 54.50937499999999
branching on CartesianIndex(1, 4) with c.
4099   35     26         52.5680    54.5094    3.6931     % 
UB: 54.50937499999999
branching on 1 with b.
4100   36     27         52.5680    54.5094    3.6931     % 
LB close or above UB, fathomed
4101   35     27         52.5680    54.5094    3.6931     % 
LB close or above UB, fathomed
4102   34     26         52.5680    54.5094    3.6931     % 
LB close or above UB, fathomed
4103   33     17         52.5680    54.5094    3.6931     % 
UB: 54.50937499999999
branching on CartesianIndex(2, 3) with a.
4104   34     18         52.5680    54.5094    3.6931     % 
LB close or above UB, fathomed
4105   33     18         52.5680    54.5094    3.6931     % 
UB: 54.50937499999999
branching on CartesianIndex(1, 4) with c.
4106   34     19         52.5680    54.5094    3.6931     % 
LB close or above UB, fathomed
4107   33     19         52.5680    54.5094    3.6931     % 
UB: 54.50937499999999
branching on CartesianIndex(1, 5) with c.
4108   34     20         52.5680    54.5094    3.6931     % 
UB: 54.50937499999999
branching on CartesianIndex(1, 6) with c.
4109   35     20         52.5680    54.5094    3.6931     % 
UB: 54.50937499999999
branching on CartesianIndex(1, 6) with c.
4110   36     17         52.5680    54.5094    3.6931     % 
LB close or above UB, fathomed
4111   35     21         52.5680    54.5094    3.6931     % 
UB: 54.50937499999999
branching on CartesianIndex(1, 5) with c.
4112   36     21         52.5680    54.5094    3.6931     % 
LB close or above UB, fathomed
4113   35     17         52.5680    54.5094    3.6931     % 
LB close or above UB, fathomed
4114   34     17         52.5680    54.5094    3.6931     % 
UB: 54.50937499999999
branching on CartesianIndex(1, 5) with c.
4115   35     18         52.5680    54.5094    3.6931     % 
UB: 54.50937499999999
branching on CartesianIndex(1, 6) with c.
4116   36     19         52.5680    54.5094    3.6931     % 
LB close or above UB, fathomed
4117   35     19         52.5680    54.5094    3.6931     % 
UB: 54.50937499999999
branching on CartesianIndex(1, 7) with c.
4118   36     20         52.5680    54.5094    3.6931     % 
UB: 54.50937499999999
branching on 2 with b.
4119   37     21         52.5680    54.5094    3.6931     % 
LB close or above UB, fathomed
4120   36     21         52.5680    54.5094    3.6931     % 
LB close or above UB, fathomed
4121   35     20         52.5680    54.5094    3.6931     % 
LB close or above UB, fathomed
4122   34     18         52.5680    54.5094    3.6931     % 
LB close or above UB, fathomed
4123   33     21         52.5680    54.5094    3.6931     % 
LB close or above UB, fathomed
4124   32     21         52.5680    54.5094    3.6931     % 
LB close or above UB, fathomed
4125   31     19         52.5680    54.5094    3.6931     % 
LB close or above UB, fathomed
4126   30     19         52.5680    54.5094    3.6931     % 
LB close or above UB, fathomed
4127   29     20         52.5680    54.5094    3.6931     % 
LB close or above UB, fathomed
4128   28     20         52.5680    54.5094    3.6931     % 
UB: 54.50937499999999
branching on 2 with b.
4129   29     21         52.5680    54.5094    3.6931     % 
UB: 54.50937499999999
branching on 3 with b.
4130   30     22         52.5680    54.5094    3.6931     % 
UB: 54.50937499999999
branching on CartesianIndex(1, 4) with c.
4131   31     23         52.5680    54.5094    3.6931     % 
LB close or above UB, fathomed
4132   30     23         52.5680    54.5094    3.6931     % 
UB: 54.50937499999999
branching on CartesianIndex(1, 5) with c.
4133   31     24         52.5680    54.5094    3.6931     % 
UB: 54.50937499999999
branching on 1 with b.
4134   32     25         52.5680    54.5094    3.6931     % 
LB close or above UB, fathomed
4135   31     25         52.5680    54.5094    3.6931     % 
UB: 54.50937499999999
branching on CartesianIndex(1, 6) with c.
4136   32     26         52.5680    54.5094    3.6931     % 
LB close or above UB, fathomed
4137   31     26         52.5680    54.5094    3.6931     % 
UB: 54.50937499999999
branching on CartesianIndex(1, 7) with c.
4138   32     27         52.5680    54.5094    3.6931     % 
UB: 54.50937499999999
branching on 2 with b.
4139   33     28         52.5680    54.5094    3.6931     % 
UB: 54.50937499999999
branching on 3 with b.
4140   34     29         52.5680    54.5094    3.6931     % 
LB close or above UB, fathomed
4141   33     29         52.5680    54.5094    3.6931     % 
LB close or above UB, fathomed
4142   32     28         52.5680    54.5094    3.6931     % 
LB close or above UB, fathomed
4143   31     27         52.5680    54.5094    3.6931     % 
LB close or above UB, fathomed
4144   30     24         52.5680    54.5094    3.6931     % 
LB close or above UB, fathomed
4145   29     22         52.5680    54.5094    3.6931     % 
LB close or above UB, fathomed
4146   28     21         52.5680    54.5094    3.6931     % 
LB close or above UB, fathomed
4147   27     22         52.5680    54.5094    3.6931     % 
LB close or above UB, fathomed
4148   26     22         52.5680    54.5094    3.6931     % 
UB: 54.50937499999999
branching on CartesianIndex(1, 6) with c.
4149   27     23         52.5680    54.5094    3.6931     % 
LB close or above UB, fathomed
4150   26     23         52.5680    54.5094    3.6931     % 
UB: 54.50937499999999
branching on CartesianIndex(1, 7) with c.
4151   27     24         52.5680    54.5094    3.6931     % 
UB: 54.50937499999999
branching on 1 with b.
4152   28     25         52.5680    54.5094    3.6931     % 
LB close or above UB, fathomed
4153   27     25         52.5680    54.5094    3.6931     % 
LB close or above UB, fathomed
4154   26     24         52.5680    54.5094    3.6931     % 
LB close or above UB, fathomed
4155   25     21         52.5680    54.5094    3.6931     % 
LB close or above UB, fathomed
4156   24     21         52.5680    54.5094    3.6931     % 
UB: 54.50937499999999
branching on CartesianIndex(1, 7) with c.
4157   25     22         52.5680    54.5094    3.6931     % 
UB: 54.50937499999999
branching on 2 with b.
4158   26     23         52.5680    54.5094    3.6931     % 
UB: 54.50937499999999
branching on 3 with b.
4159   27     24         52.5680    54.5094    3.6931     % 
LB close or above UB, fathomed
4160   26     24         52.5680    54.5094    3.6931     % 
UB: 54.50937499999999
branching on 1 with b.
4161   27     25         52.5680    54.5094    3.6931     % 
UB: 54.50937499999999
branching on 2 with b.
4162   28     26         52.5680    54.5094    3.6931     % 
UB: 54.50937499999999
branching on 3 with b.
4163   29     27         52.5680    54.5094    3.6931     % 
UB: 54.50937499999999
branching on 1 with b.
4164   30     28         52.5680    54.5094    3.6931     % 
LB close or above UB, fathomed
4165   29     28         52.5680    54.5094    3.6931     % 
LB close or above UB, fathomed
4166   28     27         52.5680    54.5094    3.6931     % 
LB close or above UB, fathomed
4167   27     26         52.5680    54.5094    3.6931     % 
UB: 54.50937499999999
branching on 3 with b.
4168   28     27         52.5680    54.5094    3.6931     % 
UB: 54.50937499999999
branching on 1 with b.
4169   29     28         52.5680    54.5094    3.6931     % 
LB close or above UB, fathomed
4170   28     28         52.5680    54.5094    3.6931     % 
LB close or above UB, fathomed
4171   27     27         52.5680    54.5094    3.6931     % 
LB close or above UB, fathomed
4172   26     25         52.5680    54.5094    3.6931     % 
LB close or above UB, fathomed
4173   25     23         52.5680    54.5094    3.6931     % 
UB: 54.50937499999999
branching on 3 with b.
4174   26     24         52.5680    54.5094    3.6931     % 
LB close or above UB, fathomed
4175   25     24         52.5680    54.5094    3.6931     % 
UB: 54.50937499999999
branching on 1 with b.
4176   26     25         52.5680    54.5094    3.6931     % 
UB: 54.50937499999999
branching on 2 with b.
4177   26     26         52.5680    54.5094    3.6931     % 
UB: 54.50937499999999
branching on 3 with b.
4178   27     27         52.5680    54.5094    3.6931     % 
UB: 54.50937499999999
branching on 1 with b.
4179   28     28         52.5680    54.5094    3.6931     % 
LB close or above UB, fathomed
4180   27     28         52.5680    54.5094    3.6931     % 
LB close or above UB, fathomed
4181   26     27         52.5680    54.5094    3.6931     % 
LB close or above UB, fathomed
4182   25     25         52.5680    54.5094    3.6931     % 
LB close or above UB, fathomed
4183   24     22         52.5680    54.5094    3.6931     % 
LB close or above UB, fathomed
4184   23     21         52.5680    54.5094    3.6931     % 
LB close or above UB, fathomed
4185   22     21         52.5680    54.5094    3.6931     % 
UB: 54.50937499999999
branching on CartesianIndex(1, 7) with c.
4186   23     22         52.5680    54.5094    3.6931     % 
UB: 54.50937499999999
branching on 2 with b.
4187   24     23         52.5680    54.5094    3.6931     % 
UB: 54.50937499999999
branching on 3 with b.
4188   25     24         52.5680    54.5094    3.6931     % 
LB close or above UB, fathomed
4189   24     24         52.5680    54.5094    3.6931     % 
UB: 54.50937499999999
branching on 1 with b.
4190   25     25         52.5680    54.5094    3.6931     % 
UB: 54.50937499999999
branching on 2 with b.
4191   26     26         52.5680    54.5094    3.6931     % 
LB close or above UB, fathomed
4192   25     26         52.5680    54.5094    3.6931     % 
UB: 54.50937499999999
branching on 3 with b.
4193   26     27         52.5680    54.5094    3.6931     % 
UB: 54.50937499999999
branching on 1 with b.
4194   27     28         52.5680    54.5094    3.6931     % 
LB close or above UB, fathomed
4195   26     28         52.5680    54.5094    3.6931     % 
LB close or above UB, fathomed
4196   25     27         52.5680    54.5094    3.6931     % 
LB close or above UB, fathomed
4197   24     25         52.5680    54.5094    3.6931     % 
LB close or above UB, fathomed
4198   23     23         52.5680    54.5094    3.6931     % 
UB: 54.50937499999999
branching on 3 with b.
4199   24     24         52.5680    54.5094    3.6931     % 
LB close or above UB, fathomed
4200   23     24         52.5680    54.5094    3.6931     % 
UB: 54.50937499999999
branching on 1 with b.
4201   24     25         52.5680    54.5094    3.6931     % 
UB: 54.50937499999999
branching on 2 with b.
4202   24     26         52.5680    54.5094    3.6931     % 
UB: 54.50937499999999
branching on 3 with b.
4203   25     27         52.5680    54.5094    3.6931     % 
UB: 54.50937499999999
branching on 1 with b.
4204   26     28         52.5680    54.5094    3.6931     % 
LB close or above UB, fathomed
4205   25     28         52.5680    54.5094    3.6931     % 
LB close or above UB, fathomed
4206   24     27         52.5680    54.5094    3.6931     % 
LB close or above UB, fathomed
4207   23     25         52.5680    54.5094    3.6931     % 
LB close or above UB, fathomed
4208   22     22         52.5680    54.5094    3.6931     % 
LB close or above UB, fathomed
4209   21     16         52.5680    54.5094    3.6931     % 
LB close or above UB, fathomed
4210   20     16         52.5680    54.5094    3.6931     % 
UB: 54.50937499999999
branching on CartesianIndex(1, 5) with c.
4211   21     17         52.5680    54.5094    3.6931     % 
UB: 54.50937499999999
branching on 2 with b.
4212   22     18         52.5680    54.5094    3.6931     % 
UB: 54.50937499999999
branching on 3 with b.
4213   23     19         52.5680    54.5094    3.6931     % 
LB close or above UB, fathomed
4214   22     19         52.5680    54.5094    3.6931     % 
UB: 54.50937499999999
branching on CartesianIndex(1, 6) with c.
4215   23     20         52.5680    54.5094    3.6931     % 
LB close or above UB, fathomed
4216   22     20         52.5680    54.5094    3.6931     % 
UB: 54.50937499999999
branching on CartesianIndex(1, 7) with c.
4217   23     21         52.5680    54.5094    3.6931     % 
UB: 54.50937499999999
branching on 1 with b.
4218   24     22         52.5680    54.5094    3.6931     % 
UB: 54.50937499999999
branching on 2 with b.
4219   25     23         52.5680    54.5094    3.6931     % 
UB: 54.50937499999999
branching on 3 with b.
4220   26     24         52.5680    54.5094    3.6931     % 
UB: 54.50937499999999
branching on 1 with b.
4221   27     25         52.5680    54.5094    3.6931     % 
LB close or above UB, fathomed
4222   26     25         52.5680    54.5094    3.6931     % 
LB close or above UB, fathomed
4223   25     24         52.5680    54.5094    3.6931     % 
LB close or above UB, fathomed
4224   24     23         52.5680    54.5094    3.6931     % 
UB: 54.50937499999999
branching on 3 with b.
4225   25     24         52.5680    54.5094    3.6931     % 
UB: 54.50937499999999
branching on 1 with b.
4226   26     25         52.5680    54.5094    3.6931     % 
LB close or above UB, fathomed
4227   25     25         52.5680    54.5094    3.6931     % 
LB close or above UB, fathomed
4228   24     24         52.5680    54.5094    3.6931     % 
LB close or above UB, fathomed
4229   23     22         52.5680    54.5094    3.6931     % 
LB close or above UB, fathomed
4230   22     21         52.5680    54.5094    3.6931     % 
LB close or above UB, fathomed
4231   21     18         52.5680    54.5094    3.6931     % 
UB: 54.50937499999999
branching on 3 with b.
4232   22     19         52.5680    54.5094    3.6931     % 
LB close or above UB, fathomed
4233   21     19         52.5680    54.5094    3.6931     % 
UB: 54.50937499999999
branching on CartesianIndex(1, 6) with c.
4234   22     20         52.5680    54.5094    3.6931     % 
LB close or above UB, fathomed
4235   21     20         52.5680    54.5094    3.6931     % 
UB: 54.50937499999999
branching on CartesianIndex(1, 7) with c.
4236   22     21         52.5680    54.5094    3.6931     % 
UB: 54.50937499999999
branching on 1 with b.
4237   23     22         52.5680    54.5094    3.6931     % 
UB: 54.50937499999999
branching on 2 with b.
4238   24     23         52.5680    54.5094    3.6931     % 
UB: 54.50937499999999
branching on 3 with b.
4239   25     24         52.5680    54.5094    3.6931     % 
UB: 54.50937499999999
branching on 1 with b.
4240   26     25         52.5680    54.5094    3.6931     % 
LB close or above UB, fathomed
4241   25     25         52.5680    54.5094    3.6931     % 
LB close or above UB, fathomed
4242   24     24         52.5680    54.5094    3.6931     % 
LB close or above UB, fathomed
4243   23     23         52.5680    54.5094    3.6931     % 
UB: 54.50937499999999
branching on 3 with b.
4244   24     24         52.5680    54.5094    3.6931     % 
UB: 54.50937499999999
branching on 1 with b.
4245   25     25         52.5680    54.5094    3.6931     % 
LB close or above UB, fathomed
4246   24     25         52.5680    54.5094    3.6931     % 
LB close or above UB, fathomed
4247   23     24         52.5680    54.5094    3.6931     % 
LB close or above UB, fathomed
4248   22     22         52.5680    54.5094    3.6931     % 
LB close or above UB, fathomed
4249   21     21         52.5680    54.5094    3.6931     % 
LB close or above UB, fathomed
4250   20     17         52.5680    54.5094    3.6931     % 
UB: 54.50937499999999
branching on CartesianIndex(1, 6) with c.
4251   21     18         52.5680    54.5094    3.6931     % 
LB close or above UB, fathomed
4252   20     18         52.5680    54.5094    3.6931     % 
UB: 54.50937499999999
branching on 2 with b.
4253   21     19         52.5680    54.5094    3.6931     % 
UB: 54.50937499999999
branching on CartesianIndex(1, 7) with c.
4254   22     20         52.5680    54.5094    3.6931     % 
UB: 54.50937499999999
branching on 3 with b.
4255   23     21         52.5680    54.5094    3.6931     % 
LB close or above UB, fathomed
4256   22     21         52.5680    54.5094    3.6931     % 
UB: 54.50937499999999
branching on 1 with b.
4257   23     22         52.5680    54.5094    3.6931     % 
UB: 54.50937499999999
branching on 2 with b.
4258   24     23         52.5680    54.5094    3.6931     % 
UB: 54.50937499999999
branching on 3 with b.
4259   25     24         52.5680    54.5094    3.6931     % 
UB: 54.50937499999999
branching on 1 with b.
4260   26     25         52.5680    54.5094    3.6931     % 
LB close or above UB, fathomed
4261   25     25         52.5680    54.5094    3.6931     % 
LB close or above UB, fathomed
4262   24     24         52.5680    54.5094    3.6931     % 
LB close or above UB, fathomed
4263   23     23         52.5680    54.5094    3.6931     % 
UB: 54.50937499999999
branching on 3 with b.
4264   24     24         52.5680    54.5094    3.6931     % 
UB: 54.50937499999999
branching on 1 with b.
4265   25     25         52.5680    54.5094    3.6931     % 
LB close or above UB, fathomed
4266   24     25         52.5680    54.5094    3.6931     % 
LB close or above UB, fathomed
4267   23     24         52.5680    54.5094    3.6931     % 
LB close or above UB, fathomed
4268   22     22         52.5680    54.5094    3.6931     % 
LB close or above UB, fathomed
4269   21     20         52.5680    54.5094    3.6931     % 
LB close or above UB, fathomed
4270   20     19         52.5680    54.5094    3.6931     % 
UB: 54.50937499999999
branching on CartesianIndex(1, 7) with c.
4271   21     20         52.5680    54.5094    3.6931     % 
UB: 54.50937499999999
branching on 3 with b.
4272   22     21         52.5680    54.5094    3.6931     % 
LB close or above UB, fathomed
4273   21     21         52.5680    54.5094    3.6931     % 
UB: 54.50937499999999
branching on 1 with b.
4274   22     22         52.5680    54.5094    3.6931     % 
UB: 54.50937499999999
branching on 2 with b.
4275   23     23         52.5680    54.5094    3.6931     % 
UB: 54.50937499999999
branching on 3 with b.
4276   24     24         52.5680    54.5094    3.6931     % 
UB: 54.50937499999999
branching on 1 with b.
4277   25     25         52.5680    54.5094    3.6931     % 
LB close or above UB, fathomed
4278   24     25         52.5680    54.5094    3.6931     % 
LB close or above UB, fathomed
4279   23     24         52.5680    54.5094    3.6931     % 
LB close or above UB, fathomed
4280   22     23         52.5680    54.5094    3.6931     % 
UB: 54.50937499999999
branching on 3 with b.
4281   23     24         52.5680    54.5094    3.6931     % 
UB: 54.50937499999999
branching on 1 with b.
4282   24     25         52.5680    54.5094    3.6931     % 
LB close or above UB, fathomed
4283   23     25         52.5680    54.5094    3.6931     % 
LB close or above UB, fathomed
4284   22     24         52.5680    54.5094    3.6931     % 
LB close or above UB, fathomed
4285   21     22         52.5680    54.5094    3.6931     % 
LB close or above UB, fathomed
4286   20     20         52.5680    54.5094    3.6931     % 
LB close or above UB, fathomed
4287   19     17         52.5680    54.5094    3.6931     % 
LB close or above UB, fathomed
4288   18     17         52.5680    54.5094    3.6931     % 
UB: 54.50937499999999
branching on CartesianIndex(1, 5) with c.
4289   19     18         52.5680    54.5094    3.6931     % 
LB close or above UB, fathomed
4290   18     18         52.5680    54.5094    3.6931     % 
LB close or above UB, fathomed
4291   17     19         52.5680    54.5094    3.6931     % 
LB close or above UB, fathomed
4292   16     19         52.5680    54.5094    3.6931     % 
UB: 54.50937499999999
branching on CartesianIndex(1, 7) with c.
4293   17     20         52.5680    54.5094    3.6931     % 
UB: 54.50937499999999
branching on 3 with b.
4294   18     21         52.5680    54.5094    3.6931     % 
LB close or above UB, fathomed
4295   17     21         52.5680    54.5094    3.6931     % 
UB: 54.50937499999999
branching on 1 with b.
4296   18     22         52.5680    54.5094    3.6931     % 
UB: 54.50937499999999
branching on 2 with b.
4297   19     23         52.5680    54.5094    3.6931     % 
UB: 54.50937499999999
branching on 3 with b.
4298   20     24         52.5680    54.5094    3.6931     % 
UB: 54.50937499999999
branching on 1 with b.
4299   21     25         52.5680    54.5094    3.6931     % 
LB close or above UB, fathomed
4300   20     25         52.5680    54.5094    3.6931     % 
LB close or above UB, fathomed
4301   19     24         52.5680    54.5094    3.6931     % 
LB close or above UB, fathomed
4302   18     23         52.5680    54.5094    3.6931     % 
UB: 54.50937499999999
branching on 3 with b.
4303   19     24         52.5680    54.5094    3.6931     % 
UB: 54.50937499999999
branching on 1 with b.
4304   20     25         52.5680    54.5094    3.6931     % 
LB close or above UB, fathomed
4305   19     25         52.5680    54.5094    3.6931     % 
LB close or above UB, fathomed
4306   18     24         52.5680    54.5094    3.6931     % 
LB close or above UB, fathomed
4307   17     22         52.5680    54.5094    3.6931     % 
LB close or above UB, fathomed
4308   16     20         52.5680    54.5094    3.6931     % 
LB close or above UB, fathomed
4309   15     21         52.5680    54.5094    3.6931     % 
LB close or above UB, fathomed
4310   14     21         52.5680    54.5094    3.6931     % 
UB: 54.50937499999999
branching on CartesianIndex(1, 5) with c.
4311   15     22         52.5680    54.5094    3.6931     % 
UB: 54.50937499999999
branching on CartesianIndex(1, 6) with c.
4312   16     23         52.5680    54.5094    3.6931     % 
LB close or above UB, fathomed
4313   15     23         52.5680    54.5094    3.6931     % 
UB: 54.50937499999999
branching on CartesianIndex(1, 7) with c.
4314   16     24         52.5680    54.5094    3.6931     % 
UB: 54.50937499999999
branching on 1 with b.
4315   17     25         52.5680    54.5094    3.6931     % 
LB close or above UB, fathomed
4316   16     25         52.5680    54.5094    3.6931     % 
LB close or above UB, fathomed
4317   15     24         52.5680    54.5094    3.6931     % 
LB close or above UB, fathomed
4318   14     22         52.5680    54.5094    3.6931     % 
LB close or above UB, fathomed
4319   13     20         52.5680    54.5094    3.6931     % 
LB close or above UB, fathomed
4320   12     20         52.5680    54.5094    3.6931     % 
UB: 54.50937499999999
branching on CartesianIndex(1, 6) with c.
4321   13     21         52.5680    54.5094    3.6931     % 
LB close or above UB, fathomed
4322   12     21         52.5680    54.5094    3.6931     % 
UB: 54.50937499999999
branching on CartesianIndex(1, 7) with c.
4323   13     22         52.5680    54.5094    3.6931     % 
UB: 54.50937499999999
branching on 2 with b.
4324   14     23         52.5680    54.5094    3.6931     % 
UB: 54.50937499999999
branching on 3 with b.
4325   15     24         52.5680    54.5094    3.6931     % 
LB close or above UB, fathomed
4326   14     24         52.5680    54.5094    3.6931     % 
UB: 54.50937499999999
branching on 1 with b.
4327   15     25         52.5680    54.5094    3.6931     % 
UB: 54.50937499999999
branching on 2 with b.
4328   16     26         52.5680    54.5094    3.6931     % 
UB: 54.50937499999999
branching on 3 with b.
4329   17     27         52.5680    54.5094    3.6931     % 
UB: 54.50937499999999
branching on 1 with b.
4330   18     28         52.5680    54.5094    3.6931     % 
LB close or above UB, fathomed
4331   17     28         52.5680    54.5094    3.6931     % 
LB close or above UB, fathomed
4332   16     27         52.5680    54.5094    3.6931     % 
LB close or above UB, fathomed
4333   15     26         52.5680    54.5094    3.6931     % 
UB: 54.50937499999999
branching on 3 with b.
4334   16     27         52.5680    54.5094    3.6931     % 
UB: 54.50937499999999
branching on 1 with b.
4335   17     28         52.5680    54.5094    3.6931     % 
LB close or above UB, fathomed
4336   16     28         52.5680    54.5094    3.6931     % 
LB close or above UB, fathomed
4337   15     27         52.5680    54.5094    3.6931     % 
LB close or above UB, fathomed
4338   14     25         52.5680    54.5094    3.6931     % 
LB close or above UB, fathomed
4339   13     23         52.5680    54.5094    3.6931     % 
UB: 54.50937499999999
branching on 3 with b.
4340   14     24         52.5680    54.5094    3.6931     % 
LB close or above UB, fathomed
4341   13     24         52.5680    54.5094    3.6931     % 
UB: 54.50937499999999
branching on 1 with b.
4342   14     25         52.5680    54.5094    3.6931     % 
UB: 54.50937499999999
branching on 2 with b.
4343   15     26         52.5680    54.5094    3.6931     % 
UB: 54.50937499999999
branching on 3 with b.
4344   16     27         52.5680    54.5094    3.6931     % 
UB: 54.50937499999999
branching on 1 with b.
4345   17     28         52.5680    54.5094    3.6931     % 
LB close or above UB, fathomed
4346   16     28         52.5680    54.5094    3.6931     % 
LB close or above UB, fathomed
4347   15     27         52.5680    54.5094    3.6931     % 
LB close or above UB, fathomed
4348   14     26         52.5680    54.5094    3.6931     % 
UB: 54.50937499999999
branching on 3 with b.
4349   15     27         52.5680    54.5094    3.6931     % 
UB: 54.50937499999999
branching on 1 with b.
4350   16     28         52.5680    54.5094    3.6931     % 
LB close or above UB, fathomed
4351   15     28         52.5680    54.5094    3.6931     % 
LB close or above UB, fathomed
4352   14     27         52.5680    54.5094    3.6931     % 
LB close or above UB, fathomed
4353   13     25         52.5680    54.5094    3.6931     % 
LB close or above UB, fathomed
4354   12     22         52.5680    54.5094    3.6931     % 
LB close or above UB, fathomed
4355   11     17         52.5680    54.5094    3.6931     % 
LB close or above UB, fathomed
4356   10     17         52.5680    54.5094    3.6931     % 
LB close or above UB, fathomed
4357   9      20         52.5680    54.5094    3.6931     % 
LB close or above UB, fathomed
4358   8      20         52.5680    54.5094    3.6931     % 
UB: 54.50937499999999
branching on CartesianIndex(1, 5) with c.
4359   9      21         52.5680    54.5094    3.6931     % 
UB: 54.50937499999999
branching on CartesianIndex(1, 6) with c.
4360   10     22         52.5680    54.5094    3.6931     % 
LB close or above UB, fathomed
4361   9      22         52.5680    54.5094    3.6931     % 
UB: 54.50937499999999
branching on CartesianIndex(1, 7) with c.
4362   10     23         52.5680    54.5094    3.6931     % 
UB: 54.50937499999999
branching on 3 with b.
4363   11     24         52.5680    54.5094    3.6931     % 
LB close or above UB, fathomed
4364   10     24         52.5680    54.5094    3.6931     % 
UB: 54.50937499999999
branching on 1 with b.
4365   11     25         52.5680    54.5094    3.6931     % 
UB: 54.50937499999999
branching on 2 with b.
4366   12     26         52.5680    54.5094    3.6931     % 
UB: 54.50937499999999
branching on 3 with b.
4367   13     27         52.5680    54.5094    3.6931     % 
LB close or above UB, fathomed
4368   12     27         52.5680    54.5094    3.6931     % 
LB close or above UB, fathomed
4369   11     26         52.5680    54.5094    3.6931     % 
LB close or above UB, fathomed
4370   10     25         52.5680    54.5094    3.6931     % 
LB close or above UB, fathomed
4371   9      23         52.5680    54.5094    3.6931     % 
LB close or above UB, fathomed
4372   8      21         52.5680    54.5094    3.6931     % 
LB close or above UB, fathomed
4373   7      9          52.7953    54.5094    3.2466     % 
LB close or above UB, fathomed
4374   6      9          52.7953    54.5094    3.2466     % 
LB close or above UB, fathomed
4375   5      14         52.8201    54.5094    3.1982     % 
LB close or above UB, fathomed
4376   4      14         52.8201    54.5094    3.1982     % 
LB close or above UB, fathomed
4377   3      14         53.0458    54.5094    2.7592     % 
LB close or above UB, fathomed
4378   2      14         53.0458    54.5094    2.7592     % 
LB close or above UB, fathomed
4379   1      11         53.5358    54.5094    1.8185     % 
LB close or above UB, fathomed
4380   0      11         53.5358    54.5094    1.8185     % 
LB close or above UB, fathomed
all node solved
solved nodes:  4381
4381                                                  5.4441e+01     5.4509e+01     0.1257  % 
5×3 Matrix{Float64}:
 0.0  0.0  0.0
 0.0  1.0  1.0
 1.0  0.0  0.0
 0.0  0.0  0.0
 0.0  0.0  0.0
3-element Vector{Float64}:
 0.39978125000100184
 0.5700113976379195
 0.37718310937677446
2×7 Matrix{Float64}:
 0.0  0.0  0.0  1.0  0.0  1.0  0.0
 0.0  0.0  0.0  0.0  1.0  0.0  1.0
3-element Vector{Float64}:
 1.0
 1.0
 1.0
5×3 Matrix{Float64}:
 0.0  0.0  0.0
 0.0  1.0  1.0
 1.0  0.0  0.0
 0.0  0.0  0.0
 0.0  0.0  0.0
3-element Vector{Float64}:
 0.39978125000100184
 0.5700113976379195
 0.37718310937677446
2×7 Matrix{Float64}:
 0.0  0.0  0.0  1.0  0.0  1.0  0.0
 0.0  0.0  0.0  0.0  1.0  0.0  1.0
3-element Vector{Float64}:
 1.0
 1.0
 1.0
comparison (CRT and Glb)on prediction: Dict{Bool, Int64}(0 => 0, 1 => 125)
Dataname	 time	 objv	 lb	 gap	 train_w	 train_g	 test_w	 test_g
body_293.body	 184.83	 54.50937499999999	 54.441	 0.0013	 92.473	 92.473	 90.4	 90.4
