Running 6 processes.
Start training seeds_788.seeds with seed 1.
Any[]
(7, 206)
(7, 103)
(7, 52)
(7, 51)
dimension: 7, class: 3
cart cost: 35.4642857142857
size of X: (7, 155)
ngroups: 6
UB: 35.4642857142857
Iter	left	lev	LB	UB	gap	
0      0      1          5.9959     35.4643    491.4751   % 
UB: 35.4642857142857
branching on 1 with d.
1      1      2          5.9959     35.4643    491.4751   % 
LB close or above UB, fathomed
2      0      2          5.9959     35.4643    491.4751   % 
UB: 35.4642857142857
branching on 2 with d.
3      1      3          5.9959     35.4643    491.4751   % 
UB: 35.4642857142857
branching on 3 with d.
4      2      3          5.9959     35.4643    491.4751   % 
UB: 35.4642857142857
branching on 3 with d.
5      3      4          5.9959     35.4643    491.4751   % 
UB: 35.4642857142857
branching on CartesianIndex(1, 1) with a.
6      4      4          5.9959     35.4643    491.4751   % 
UB: 35.4642857142857
branching on CartesianIndex(1, 1) with a.
7      5      5          6.0357     35.4643    487.5740   % 
UB: 35.4642857142857
branching on 1 with b.
8      6      6          6.0357     35.4643    487.5740   % 
UB: 35.4642857142857
branching on CartesianIndex(2, 1) with a.
9      7      7          6.0357     35.4643    487.5740   % 
UB: 35.4642857142857
branching on 1 with b.
10     8      7          6.0357     35.4643    487.5740   % 
UB: 35.4642857142857
branching on CartesianIndex(1, 2) with a.
11     9      6          6.0357     35.4643    487.5740   % 
UB: 35.4642857142857
branching on 1 with b.
12     10     5          6.0357     35.4643    487.5740   % 
UB: 35.4642857142857
branching on 1 with b.
13     11     6          6.0357     35.4643    487.5740   % 
UB: 35.4642857142857
branching on CartesianIndex(1, 2) with a.
14     12     7          6.0357     35.4643    487.5740   % 
UB: 35.4642857142857
branching on CartesianIndex(2, 2) with a.
15     13     8          6.0357     35.4643    487.5740   % 
UB: 35.4642857142857
branching on CartesianIndex(3, 2) with a.
16     14     9          6.0357     35.4643    487.5740   % 
UB: 35.4642857142857
branching on 1 with b.
17     15     10         6.0357     35.4643    487.5740   % 
UB: 35.4642857142857
branching on 2 with b.
18     16     10         6.0357     35.4643    487.5740   % 
UB: 35.4642857142857
branching on 2 with b.
19     17     9          6.0357     35.4643    487.5740   % 
UB: 35.4642857142857
branching on CartesianIndex(1, 3) with a.
20     18     8          6.0357     35.4643    487.5740   % 
UB: 35.4642857142857
branching on 1 with b.
21     19     7          6.0357     35.4643    487.5740   % 
UB: 35.4642857142857
branching on CartesianIndex(1, 3) with a.
22     20     6          6.0357     35.4643    487.5740   % 
UB: 35.4642857142857
branching on CartesianIndex(1, 2) with a.
23     21     8          8.9786     35.4643    294.9881   % 
UB: 35.4642857142857
branching on 1 with b.
24     22     9          8.9786     35.4643    294.9881   % 
UB: 35.4642857142857
branching on CartesianIndex(2, 2) with a.
25     23     9          8.9786     35.4643    294.9881   % 
UB: 35.4642857142857
branching on 2 with b.
26     24     10         8.9786     35.4643    294.9881   % 
UB: 35.4642857142857
branching on 3 with b.
27     25     11         8.9786     35.4643    294.9881   % 
UB: 35.4642857142857
branching on CartesianIndex(2, 2) with a.
28     26     12         8.9786     35.4643    294.9881   % 
UB: 35.4642857142857
branching on 1 with b.
29     27     12         8.9786     35.4643    294.9881   % 
LB close or above UB, fathomed
30     26     11         8.9786     35.4643    294.9881   % 
UB: 35.4642857142857
branching on CartesianIndex(2, 2) with a.
31     27     12         8.9786     35.4643    294.9881   % 
UB: 35.4642857142857
branching on CartesianIndex(3, 2) with a.
32     28     13         8.9786     35.4643    294.9881   % 
UB: 35.4642857142857
branching on CartesianIndex(4, 2) with a.
33     29     14         8.9786     35.4643    294.9881   % 
UB: 35.4642857142857
branching on CartesianIndex(5, 2) with a.
34     30     15         8.9786     35.4643    294.9881   % 
UB: 35.4642857142857
branching on CartesianIndex(6, 2) with a.
35     31     15         8.9786     35.4643    294.9881   % 
UB: 35.4642857142857
branching on CartesianIndex(1, 3) with a.
36     32     14         8.9786     35.4643    294.9881   % 
UB: 35.4642857142857
branching on CartesianIndex(1, 3) with a.
37     33     13         8.9786     35.4643    294.9881   % 
UB: 35.4642857142857
branching on CartesianIndex(1, 3) with a.
38     34     12         8.9786     35.4643    294.9881   % 
UB: 35.4642857142857
branching on CartesianIndex(1, 3) with a.
39     35     10         8.9786     35.4643    294.9881   % 
UB: 35.4642857142857
branching on 3 with b.
40     36     8          8.9786     35.4643    294.9881   % 
UB: 35.4642857142857
branching on CartesianIndex(1, 3) with a.
41     37     8          8.9786     35.4643    294.9881   % 
LB close or above UB, fathomed
42     36     8          8.9786     35.4643    294.9881   % 
UB: 35.4642857142857
branching on 2 with b.
43     37     9          8.9786     35.4643    294.9881   % 
UB: 35.4642857142857
branching on 3 with b.
44     38     10         8.9786     35.4643    294.9881   % 
UB: 35.4642857142857
branching on CartesianIndex(3, 1) with a.
45     39     10         8.9786     35.4643    294.9881   % 
UB: 35.4642857142857
branching on CartesianIndex(3, 1) with a.
46     40     11         8.9786     35.4643    294.9881   % 
UB: 35.4642857142857
branching on CartesianIndex(4, 1) with a.
47     41     12         8.9786     35.4643    294.9881   % 
UB: 35.4642857142857
branching on CartesianIndex(5, 1) with a.
48     42     13         8.9786     35.4643    294.9881   % 
UB: 35.4642857142857
branching on 1 with b.
49     43     13         8.9786     35.4643    294.9881   % 
UB: 35.4642857142857
branching on CartesianIndex(1, 2) with a.
50     44     14         8.9786     35.4643    294.9881   % 
UB: 35.4642857142857
branching on CartesianIndex(2, 2) with a.
51     45     15         8.9786     35.4643    294.9881   % 
UB: 35.4642857142857
branching on CartesianIndex(3, 2) with a.
52     46     16         8.9786     35.4643    294.9881   % 
UB: 35.4642857142857
branching on CartesianIndex(4, 2) with a.
53     47     17         8.9786     35.4643    294.9881   % 
UB: 35.4642857142857
branching on CartesianIndex(5, 2) with a.
54     48     17         8.9786     35.4643    294.9881   % 
UB: 35.4642857142857
branching on CartesianIndex(1, 3) with a.
55     49     16         8.9786     35.4643    294.9881   % 
LB close or above UB, fathomed
56     48     15         8.9786     35.4643    294.9881   % 
UB: 35.4642857142857
branching on CartesianIndex(1, 3) with a.
57     49     14         8.9786     35.4643    294.9881   % 
UB: 35.4642857142857
branching on CartesianIndex(1, 3) with a.
58     50     12         8.9786     35.4643    294.9881   % 
UB: 35.4642857142857
branching on CartesianIndex(1, 2) with a.
59     51     11         8.9786     35.4643    294.9881   % 
LB close or above UB, fathomed
60     50     9          8.9786     35.4643    294.9881   % 
UB: 35.4642857142857
branching on 3 with b.
61     51     13         11.9214    35.4643    197.4835   % 
UB: 35.4642857142857
branching on CartesianIndex(2, 2) with a.
62     52     14         11.9214    35.4643    197.4835   % 
UB: 35.4642857142857
branching on CartesianIndex(3, 2) with a.
63     53     15         11.9214    35.4643    197.4835   % 
UB: 35.4642857142857
branching on 1 with b.
64     54     16         11.9214    35.4643    197.4835   % 
UB: 35.4642857142857
branching on CartesianIndex(4, 2) with a.
65     55     17         11.9214    35.4643    197.4835   % 
UB: 35.4642857142857
branching on 2 with b.
66     56     18         11.9214    35.4643    197.4835   % 
UB: 35.4642857142857
branching on CartesianIndex(5, 2) with a.
67     57     18         11.9214    35.4643    197.4835   % 
UB: 35.4642857142857
branching on CartesianIndex(5, 2) with a.
68     58     19         11.9214    35.4643    197.4835   % 
UB: 35.4642857142857
branching on 3 with b.
69     59     19         11.9214    35.4643    197.4835   % 
UB: 35.4642857142857
branching on CartesianIndex(1, 3) with a.
70     60     17         11.9214    35.4643    197.4835   % 
LB close or above UB, fathomed
71     59     16         11.9214    35.4643    197.4835   % 
UB: 35.4642857142857
branching on CartesianIndex(4, 2) with a.
72     60     15         11.9214    35.4643    197.4835   % 
LB close or above UB, fathomed
73     59     14         11.9214    35.4643    197.4835   % 
UB: 35.4642857142857
branching on CartesianIndex(1, 3) with a.
74     60     13         11.9214    35.4643    197.4835   % 
UB: 35.4642857142857
branching on CartesianIndex(1, 3) with a.
75     61     11         11.9214    35.4643    197.4835   % 
UB: 35.4642857142857
branching on 1 with b.
76     62     12         11.9214    35.4643    197.4835   % 
UB: 35.4642857142857
branching on CartesianIndex(4, 1) with a.
77     63     12         11.9214    35.4643    197.4835   % 
UB: 35.4642857142857
branching on CartesianIndex(4, 1) with a.
78     64     13         11.9214    35.4643    197.4835   % 
UB: 35.4642857142857
branching on CartesianIndex(5, 1) with a.
79     65     14         11.9214    35.4643    197.4835   % 
UB: 35.4642857142857
branching on 2 with b.
80     66     14         11.9214    35.4643    197.4835   % 
UB: 35.4642857142857
branching on CartesianIndex(1, 2) with a.
81     67     15         11.9214    35.4643    197.4835   % 
UB: 35.4642857142857
branching on CartesianIndex(2, 2) with a.
82     68     15         11.9214    35.4643    197.4835   % 
UB: 35.4642857142857
branching on CartesianIndex(1, 3) with a.
83     69     13         11.9214    35.4643    197.4835   % 
UB: 35.4642857142857
branching on 2 with b.
84     70     11         11.9214    35.4643    197.4835   % 
LB close or above UB, fathomed
85     69     16         11.9214    35.4643    197.4835   % 
UB: 35.4642857142857
branching on CartesianIndex(1, 3) with a.
86     70     16         11.9214    35.4643    197.4835   % 
UB: 35.4642857142857
branching on CartesianIndex(1, 3) with a.
87     71     13         11.9214    35.4643    197.4835   % 
UB: 35.4642857142857
branching on CartesianIndex(3, 2) with a.
88     72     14         11.9214    35.4643    197.4835   % 
UB: 35.4642857142857
branching on 2 with b.
89     73     15         11.9214    35.4643    197.4835   % 
UB: 35.4642857142857
branching on 3 with b.
90     74     15         11.9214    35.4643    197.4835   % 
UB: 35.4642857142857
branching on 3 with b.
91     75     16         11.9214    35.4643    197.4835   % 
LB close or above UB, fathomed
92     74     16         11.9214    35.4643    197.4835   % 
UB: 35.4642857142857
branching on CartesianIndex(4, 2) with a.
93     75     17         11.9214    35.4643    197.4835   % 
UB: 35.4642857142857
branching on CartesianIndex(5, 2) with a.
94     76     18         11.9214    35.4643    197.4835   % 
UB: 35.4642857142857
branching on CartesianIndex(6, 2) with a.
95     77     18         11.9214    35.4643    197.4835   % 
UB: 35.4642857142857
branching on CartesianIndex(1, 3) with a.
96     78     17         11.9214    35.4643    197.4835   % 
UB: 35.4642857142857
branching on CartesianIndex(1, 3) with a.
97     79     14         11.9214    35.4643    197.4835   % 
UB: 35.4642857142857
branching on CartesianIndex(1, 3) with a.
98     80     13         11.9214    35.4643    197.4835   % 
UB: 35.4642857142857
branching on CartesianIndex(3, 2) with a.
99     81     11         11.9214    35.4643    197.4835   % 
UB: 35.4642857142857
branching on CartesianIndex(4, 2) with a.
100    82     12         11.9214    35.4643    197.4835   % 
UB: 35.4642857142857
branching on 3 with b.
101    83     13         11.9214    35.4643    197.4835   % 
UB: 35.4642857142857
branching on CartesianIndex(5, 2) with a.
102    84     13         11.9214    35.4643    197.4835   % 
UB: 32.52142857142857
branching on 1 with b.
103    85     14         11.9214    32.5214    172.7981   % 
UB: 32.52142857142857
branching on CartesianIndex(5, 2) with a.
104    80     15         11.9214    32.5214    172.7981   % 
UB: 29.57857142857143
branching on CartesianIndex(6, 2) with a.
105    81     16         11.9214    29.5786    148.1126   % 
UB: 29.57857142857143
branching on CartesianIndex(1, 3) with a.
106    80     17         11.9214    29.5786    148.1126   % 
UB: 29.57857142857143
branching on CartesianIndex(2, 3) with a.
107    81     18         11.9214    29.5786    148.1126   % 
UB: 29.57857142857143
branching on CartesianIndex(3, 3) with a.
108    82     19         11.9214    29.5786    148.1126   % 
UB: 29.57857142857143
branching on CartesianIndex(4, 3) with a.
109    83     20         11.9214    29.5786    148.1126   % 
UB: 29.57857142857143
branching on CartesianIndex(5, 3) with a.
110    84     21         11.9214    29.5786    148.1126   % 
UB: 29.57857142857143
branching on CartesianIndex(6, 3) with a.
111    85     22         11.9214    29.5786    148.1126   % 
UB: 29.57857142857143
branching on CartesianIndex(1, 4) with c.
112    86     23         11.9214    29.5786    148.1126   % 
LB close or above UB, fathomed
113    85     23         11.9214    29.5786    148.1126   % 
UB: 29.57857142857143
branching on CartesianIndex(1, 5) with c.
114    86     24         11.9214    29.5786    148.1126   % 
UB: 29.57857142857143
branching on 2 with b.
115    87     25         11.9214    29.5786    148.1126   % 
UB: 29.57857142857143
branching on 3 with b.
116    88     26         11.9214    29.5786    148.1126   % 
UB: 29.57857142857143
branching on CartesianIndex(2, 5) with c.
117    89     27         11.9214    29.5786    148.1126   % 
UB: 29.57857142857143
branching on CartesianIndex(1, 6) with c.
118    90     28         11.9214    29.5786    148.1126   % 
LB close or above UB, fathomed
119    89     28         11.9214    29.5786    148.1126   % 
UB: 29.57857142857143
branching on CartesianIndex(1, 7) with c.
120    90     29         11.9214    29.5786    148.1126   % 
UB: 29.57857142857143
branching on CartesianIndex(2, 7) with c.
121    91     30         11.9214    29.5786    148.1126   % 
LB close or above UB, fathomed
122    90     30         11.9214    29.5786    148.1126   % 
UB: 29.57857142857143
branching on 1 with b.
123    91     31         11.9214    29.5786    148.1126   % 
UB: 29.57857142857143
branching on 2 with b.
124    92     32         11.9214    29.5786    148.1126   % 
UB: 29.57857142857143
branching on 3 with b.
125    93     32         11.9214    29.5786    148.1126   % 
UB: 29.57857142857143
branching on 3 with b.
126    94     31         11.9214    29.5786    148.1126   % 
UB: 29.57857142857143
branching on 2 with b.
127    95     29         11.9214    29.5786    148.1126   % 
LB close or above UB, fathomed
128    94     27         11.9214    29.5786    148.1126   % 
LB close or above UB, fathomed
129    93     26         11.9214    29.5786    148.1126   % 
LB close or above UB, fathomed
130    92     25         11.9214    29.5786    148.1126   % 
LB close or above UB, fathomed
131    91     24         11.9214    29.5786    148.1126   % 
LB close or above UB, fathomed
132    90     22         11.9214    29.5786    148.1126   % 
LB close or above UB, fathomed
133    89     21         11.9214    29.5786    148.1126   % 
LB close or above UB, fathomed
134    88     20         11.9214    29.5786    148.1126   % 
LB close or above UB, fathomed
135    87     19         11.9214    29.5786    148.1126   % 
LB close or above UB, fathomed
136    86     18         11.9214    29.5786    148.1126   % 
UB: 29.57857142857143
branching on CartesianIndex(1, 4) with c.
137    87     17         11.9214    29.5786    148.1126   % 
UB: 29.57857142857143
branching on CartesianIndex(1, 4) with c.
138    88     16         11.9214    29.5786    148.1126   % 
UB: 29.57857142857143
branching on CartesianIndex(1, 3) with a.
139    89     15         11.9214    29.5786    148.1126   % 
UB: 29.57857142857143
branching on CartesianIndex(1, 3) with a.
140    90     14         11.9214    29.5786    148.1126   % 
UB: 29.57857142857143
branching on CartesianIndex(5, 2) with a.
141    91     12         11.9214    29.5786    148.1126   % 
UB: 29.57857142857143
branching on 3 with b.
142    92     11         11.9214    29.5786    148.1126   % 
LB close or above UB, fathomed
143    91     11         11.9214    29.5786    148.1126   % 
UB: 29.57857142857143
branching on CartesianIndex(4, 2) with a.
144    92     12         11.9214    29.5786    148.1126   % 
UB: 29.57857142857143
branching on 3 with b.
145    93     12         11.9214    29.5786    148.1126   % 
UB: 29.57857142857143
branching on CartesianIndex(1, 3) with a.
146    94     11         11.9214    29.5786    148.1126   % 
UB: 29.57857142857143
branching on CartesianIndex(4, 2) with a.
147    95     13         14.8643    29.5786    98.9909    % 
UB: 29.57857142857143
branching on CartesianIndex(5, 2) with a.
148    96     13         14.8643    29.5786    98.9909    % 
UB: 29.57857142857143
branching on 1 with b.
149    97     14         14.8643    29.5786    98.9909    % 
LB close or above UB, fathomed
150    96     14         14.8643    29.5786    98.9909    % 
UB: 29.57857142857143
branching on CartesianIndex(5, 2) with a.
151    97     15         14.8643    29.5786    98.9909    % 
UB: 29.57857142857143
branching on CartesianIndex(6, 2) with a.
152    98     16         14.8643    29.5786    98.9909    % 
UB: 29.57857142857143
branching on CartesianIndex(1, 3) with a.
153    99     16         14.8643    29.5786    98.9909    % 
UB: 29.57857142857143
branching on 2 with b.
154    100    17         14.8643    29.5786    98.9909    % 
UB: 29.57857142857143
branching on 3 with b.
155    101    17         14.8643    29.5786    98.9909    % 
UB: 29.57857142857143
branching on CartesianIndex(1, 3) with a.
156    102    15         14.8643    29.5786    98.9909    % 
UB: 29.57857142857143
branching on 2 with b.
157    103    14         14.8643    29.5786    98.9909    % 
UB: 29.57857142857143
branching on CartesianIndex(6, 2) with a.
158    104    15         14.8643    29.5786    98.9909    % 
UB: 29.57857142857143
branching on CartesianIndex(1, 3) with a.
159    105    16         14.8643    29.5786    98.9909    % 
UB: 29.57857142857143
branching on 1 with b.
160    106    17         14.8643    29.5786    98.9909    % 
UB: 29.57857142857143
branching on 2 with b.
161    107    18         14.8643    29.5786    98.9909    % 
UB: 29.57857142857143
branching on CartesianIndex(2, 3) with a.
162    108    19         14.8643    29.5786    98.9909    % 
UB: 29.57857142857143
branching on CartesianIndex(3, 3) with a.
163    109    19         14.8643    29.5786    98.9909    % 
LB close or above UB, fathomed
164    108    18         14.8643    29.5786    98.9909    % 
LB close or above UB, fathomed
165    107    17         14.8643    29.5786    98.9909    % 
LB close or above UB, fathomed
166    106    16         14.8643    29.5786    98.9909    % 
LB close or above UB, fathomed
167    105    15         14.8643    29.5786    98.9909    % 
UB: 29.57857142857143
branching on CartesianIndex(1, 3) with a.
168    106    14         14.8643    29.5786    98.9909    % 
UB: 29.57857142857143
branching on CartesianIndex(1, 3) with a.
169    107    16         14.8643    29.5786    98.9909    % 
LB close or above UB, fathomed
170    106    16         14.8643    29.5786    98.9909    % 
UB: 29.57857142857143
branching on CartesianIndex(4, 2) with a.
171    107    17         14.8643    29.5786    98.9909    % 
UB: 29.57857142857143
branching on CartesianIndex(5, 2) with a.
172    108    18         14.8643    29.5786    98.9909    % 
UB: 29.57857142857143
branching on CartesianIndex(6, 2) with a.
173    109    19         14.8643    29.5786    98.9909    % 
UB: 29.57857142857143
branching on CartesianIndex(1, 3) with a.
174    110    19         14.8643    29.5786    98.9909    % 
UB: 29.57857142857143
branching on CartesianIndex(1, 3) with a.
175    111    18         14.8643    29.5786    98.9909    % 
LB close or above UB, fathomed
176    110    17         14.8643    29.5786    98.9909    % 
LB close or above UB, fathomed
177    109    17         14.8643    29.5786    98.9909    % 
UB: 29.57857142857143
branching on 1 with b.
178    110    18         14.8643    29.5786    98.9909    % 
UB: 29.57857142857143
branching on CartesianIndex(2, 3) with a.
179    111    19         14.8643    29.5786    98.9909    % 
UB: 29.57857142857143
branching on CartesianIndex(3, 3) with a.
180    112    20         14.8643    29.5786    98.9909    % 
UB: 29.57857142857143
branching on CartesianIndex(4, 3) with a.
181    113    21         14.8643    29.5786    98.9909    % 
UB: 29.57857142857143
branching on CartesianIndex(5, 3) with a.
182    114    22         14.8643    29.5786    98.9909    % 
UB: 29.57857142857143
branching on 2 with b.
183    115    23         14.8643    29.5786    98.9909    % 
UB: 29.57857142857143
branching on CartesianIndex(6, 3) with a.
184    116    23         14.8643    29.5786    98.9909    % 
LB close or above UB, fathomed
185    115    22         14.8643    29.5786    98.9909    % 
LB close or above UB, fathomed
186    114    21         14.8643    29.5786    98.9909    % 
LB close or above UB, fathomed
187    113    20         14.8643    29.5786    98.9909    % 
LB close or above UB, fathomed
188    112    19         14.8643    29.5786    98.9909    % 
UB: 29.57857142857143
branching on CartesianIndex(1, 4) with c.
189    113    18         14.8643    29.5786    98.9909    % 
LB close or above UB, fathomed
190    112    17         14.8643    29.5786    98.9909    % 
LB close or above UB, fathomed
191    111    16         14.8643    29.5786    98.9909    % 
UB: 29.57857142857143
branching on CartesianIndex(3, 2) with a.
192    112    17         14.8643    29.5786    98.9909    % 
UB: 29.57857142857143
branching on CartesianIndex(4, 2) with a.
193    113    18         14.8643    29.5786    98.9909    % 
UB: 29.57857142857143
branching on CartesianIndex(5, 2) with a.
194    114    18         14.8643    29.5786    98.9909    % 
LB close or above UB, fathomed
195    113    17         14.8643    29.5786    98.9909    % 
LB close or above UB, fathomed
196    112    16         14.8643    29.5786    98.9909    % 
LB close or above UB, fathomed
197    111    15         14.8643    29.5786    98.9909    % 
UB: 29.57857142857143
branching on CartesianIndex(6, 1) with a.
198    112    15         14.8643    29.5786    98.9909    % 
UB: 29.57857142857143
branching on 3 with b.
199    113    13         14.8643    29.5786    98.9909    % 
UB: 29.57857142857143
branching on CartesianIndex(5, 1) with a.
200    114    13         14.8643    29.5786    98.9909    % 
UB: 29.57857142857143
branching on CartesianIndex(1, 2) with a.
201    115    14         14.8643    29.5786    98.9909    % 
UB: 29.57857142857143
branching on CartesianIndex(2, 2) with a.
202    116    15         14.8643    29.5786    98.9909    % 
UB: 29.57857142857143
branching on CartesianIndex(3, 2) with a.
203    117    16         14.8643    29.5786    98.9909    % 
UB: 29.57857142857143
branching on 2 with b.
204    118    17         14.8643    29.5786    98.9909    % 
UB: 29.57857142857143
branching on 3 with b.
205    119    17         14.8643    29.5786    98.9909    % 
UB: 29.57857142857143
branching on CartesianIndex(4, 2) with a.
206    120    18         14.8643    29.5786    98.9909    % 
UB: 29.57857142857143
branching on CartesianIndex(5, 2) with a.
207    121    19         14.8643    29.5786    98.9909    % 
LB close or above UB, fathomed
208    120    19         14.8643    29.5786    98.9909    % 
UB: 29.57857142857143
branching on CartesianIndex(1, 3) with a.
209    121    18         14.8643    29.5786    98.9909    % 
LB close or above UB, fathomed
210    120    16         14.8643    29.5786    98.9909    % 
LB close or above UB, fathomed
211    119    15         14.8643    29.5786    98.9909    % 
LB close or above UB, fathomed
212    118    14         14.8643    29.5786    98.9909    % 
UB: 29.57857142857143
branching on 2 with b.
213    119    18         14.8643    29.5786    98.9909    % 
UB: 29.57857142857143
branching on CartesianIndex(6, 2) with a.
214    120    18         14.8643    29.5786    98.9909    % 
LB close or above UB, fathomed
215    119    14         14.8643    29.5786    98.9909    % 
UB: 29.57857142857143
branching on 2 with b.
216    120    14         14.8643    29.5786    98.9909    % 
UB: 29.57857142857143
branching on CartesianIndex(6, 1) with a.
217    121    15         14.8643    29.5786    98.9909    % 
UB: 29.57857142857143
branching on 2 with b.
218    122    16         14.8643    29.5786    98.9909    % 
UB: 29.57857142857143
branching on CartesianIndex(1, 2) with a.
219    123    16         14.8643    29.5786    98.9909    % 
UB: 29.57857142857143
branching on CartesianIndex(1, 2) with a.
220    124    15         14.8643    29.5786    98.9909    % 
LB close or above UB, fathomed
221    123    24         14.8643    29.5786    98.9909    % 
UB: 29.57857142857143
branching on CartesianIndex(1, 4) with c.
222    124    25         14.8643    29.5786    98.9909    % 
LB close or above UB, fathomed
223    123    25         14.8643    29.5786    98.9909    % 
UB: 29.57857142857143
branching on CartesianIndex(1, 5) with c.
224    124    26         14.8643    29.5786    98.9909    % 
UB: 29.57857142857143
branching on CartesianIndex(2, 5) with c.
225    125    27         14.8643    29.5786    98.9909    % 
UB: 29.57857142857143
branching on 3 with b.
226    126    28         14.8643    29.5786    98.9909    % 
UB: 29.57857142857143
branching on CartesianIndex(1, 6) with c.
227    127    29         14.8643    29.5786    98.9909    % 
LB close or above UB, fathomed
228    126    29         14.8643    29.5786    98.9909    % 
UB: 29.57857142857143
branching on CartesianIndex(1, 7) with c.
229    127    30         14.8643    29.5786    98.9909    % 
UB: 29.57857142857143
branching on CartesianIndex(2, 7) with c.
230    128    31         14.8643    29.5786    98.9909    % 
LB close or above UB, fathomed
231    127    31         14.8643    29.5786    98.9909    % 
UB: 29.57857142857143
branching on 1 with b.
232    128    32         14.8643    29.5786    98.9909    % 
UB: 29.57857142857143
branching on 2 with b.
233    129    33         14.8643    29.5786    98.9909    % 
UB: 29.57857142857143
branching on 3 with b.
234    130    33         14.8643    29.5786    98.9909    % 
UB: 29.57857142857143
branching on 3 with b.
235    131    32         14.8643    29.5786    98.9909    % 
UB: 29.57857142857143
branching on 2 with b.
236    132    30         14.8643    29.5786    98.9909    % 
LB close or above UB, fathomed
237    131    28         14.8643    29.5786    98.9909    % 
LB close or above UB, fathomed
238    130    27         14.8643    29.5786    98.9909    % 
LB close or above UB, fathomed
239    129    26         14.8643    29.5786    98.9909    % 
LB close or above UB, fathomed
240    128    24         14.8643    29.5786    98.9909    % 
LB close or above UB, fathomed
241    127    20         14.8643    29.5786    98.9909    % 
UB: 29.57857142857143
branching on CartesianIndex(4, 3) with a.
242    128    21         14.8643    29.5786    98.9909    % 
UB: 29.57857142857143
branching on CartesianIndex(5, 3) with a.
243    129    22         14.8643    29.5786    98.9909    % 
UB: 29.57857142857143
branching on CartesianIndex(6, 3) with a.
244    130    23         14.8643    29.5786    98.9909    % 
UB: 29.57857142857143
branching on CartesianIndex(1, 4) with c.
245    131    23         14.8643    29.5786    98.9909    % 
LB close or above UB, fathomed
246    130    22         14.8643    29.5786    98.9909    % 
LB close or above UB, fathomed
247    129    21         14.8643    29.5786    98.9909    % 
LB close or above UB, fathomed
248    128    20         14.8643    29.5786    98.9909    % 
LB close or above UB, fathomed
249    127    24         14.8643    29.5786    98.9909    % 
LB close or above UB, fathomed
250    126    24         14.8643    29.5786    98.9909    % 
UB: 29.57857142857143
branching on CartesianIndex(1, 5) with c.
251    127    25         14.8643    29.5786    98.9909    % 
UB: 29.57857142857143
branching on CartesianIndex(2, 5) with c.
252    128    26         14.8643    29.5786    98.9909    % 
UB: 29.57857142857143
branching on CartesianIndex(1, 6) with c.
253    129    27         14.8643    29.5786    98.9909    % 
LB close or above UB, fathomed
254    128    27         14.8643    29.5786    98.9909    % 
UB: 29.57857142857143
branching on 3 with b.
255    129    28         14.8643    29.5786    98.9909    % 
LB close or above UB, fathomed
256    128    28         14.8643    29.5786    98.9909    % 
UB: 29.57857142857143
branching on 1 with b.
257    129    29         14.8643    29.5786    98.9909    % 
UB: 29.57857142857143
branching on CartesianIndex(1, 7) with c.
258    130    30         14.8643    29.5786    98.9909    % 
UB: 29.57857142857143
branching on CartesianIndex(2, 7) with c.
259    131    31         14.8643    29.5786    98.9909    % 
LB close or above UB, fathomed
260    130    31         14.8643    29.5786    98.9909    % 
UB: 29.57857142857143
branching on 2 with b.
261    131    32         14.8643    29.5786    98.9909    % 
UB: 29.57857142857143
branching on 3 with b.
262    132    32         14.8643    29.5786    98.9909    % 
UB: 29.57857142857143
branching on 3 with b.
263    133    30         14.8643    29.5786    98.9909    % 
LB close or above UB, fathomed
264    132    29         14.8643    29.5786    98.9909    % 
LB close or above UB, fathomed
265    131    26         14.8643    29.5786    98.9909    % 
LB close or above UB, fathomed
266    130    25         14.8643    29.5786    98.9909    % 
LB close or above UB, fathomed
267    129    17         15.6000    29.5786    89.6062    % 
UB: 29.57857142857143
branching on CartesianIndex(5, 2) with a.
268    130    17         15.6000    29.5786    89.6062    % 
LB close or above UB, fathomed
269    129    5          17.7571    29.5786    66.5728    % 
UB: 29.57857142857143
branching on 1 with b.
270    130    6          17.7571    29.5786    66.5728    % 
UB: 29.57857142857143
branching on CartesianIndex(2, 1) with a.
271    131    7          17.7571    29.5786    66.5728    % 
UB: 29.57857142857143
branching on CartesianIndex(3, 1) with a.
272    132    7          17.7571    29.5786    66.5728    % 
LB close or above UB, fathomed
273    131    6          17.7571    29.5786    66.5728    % 
UB: 29.57857142857143
branching on CartesianIndex(2, 1) with a.
274    132    7          17.7571    29.5786    66.5728    % 
UB: 29.57857142857143
branching on CartesianIndex(3, 1) with a.
275    133    8          17.7571    29.5786    66.5728    % 
UB: 29.57857142857143
branching on CartesianIndex(4, 1) with a.
276    134    9          17.7571    29.5786    66.5728    % 
UB: 29.57857142857143
branching on CartesianIndex(5, 1) with a.
277    135    10         17.7571    29.5786    66.5728    % 
UB: 29.57857142857143
branching on 1 with b.
278    136    11         17.7571    29.5786    66.5728    % 
UB: 29.57857142857143
branching on 2 with b.
279    137    12         17.7571    29.5786    66.5728    % 
UB: 29.57857142857143
branching on CartesianIndex(6, 1) with a.
280    138    13         17.7571    29.5786    66.5728    % 
UB: 29.57857142857143
branching on CartesianIndex(1, 2) with a.
281    139    14         17.7571    29.5786    66.5728    % 
UB: 29.57857142857143
branching on CartesianIndex(2, 2) with a.
282    140    14         17.7571    29.5786    66.5728    % 
UB: 29.57857142857143
branching on CartesianIndex(1, 4) with c.
283    141    13         17.7571    29.5786    66.5728    % 
LB close or above UB, fathomed
284    140    12         17.7571    29.5786    66.5728    % 
LB close or above UB, fathomed
285    139    11         17.7571    29.5786    66.5728    % 
LB close or above UB, fathomed
286    138    10         17.7571    29.5786    66.5728    % 
LB close or above UB, fathomed
287    137    9          17.7571    29.5786    66.5728    % 
LB close or above UB, fathomed
288    136    8          17.7571    29.5786    66.5728    % 
LB close or above UB, fathomed
289    135    7          17.7571    29.5786    66.5728    % 
UB: 29.57857142857143
branching on 1 with b.
290    136    5          17.7571    29.5786    66.5728    % 
LB close or above UB, fathomed
291    135    17         17.8071    29.5786    66.1051    % 
UB: 29.57857142857143
branching on 3 with b.
292    136    17         17.8071    29.5786    66.1051    % 
LB close or above UB, fathomed
293    135    15         17.8071    29.5786    66.1051    % 
UB: 29.57857142857143
branching on CartesianIndex(6, 1) with a.
294    136    15         17.8071    29.5786    66.1051    % 
UB: 29.57857142857143
branching on CartesianIndex(6, 1) with a.
295    137    19         17.8071    29.5786    66.1051    % 
UB: 29.57857142857143
branching on CartesianIndex(1, 3) with a.
296    138    19         17.8071    29.5786    66.1051    % 
UB: 29.57857142857143
branching on CartesianIndex(1, 3) with a.
297    139    20         17.8071    29.5786    66.1051    % 
UB: 29.57857142857143
branching on 1 with b.
298    140    21         17.8071    29.5786    66.1051    % 
UB: 29.57857142857143
branching on CartesianIndex(2, 3) with a.
299    141    21         17.8071    29.5786    66.1051    % 
UB: 29.57857142857143
branching on 2 with b.
300    142    20         17.8071    29.5786    66.1051    % 
LB close or above UB, fathomed
301    141    14         17.8071    29.5786    66.1051    % 
UB: 29.57857142857143
branching on CartesianIndex(6, 1) with a.
302    142    14         17.8071    29.5786    66.1051    % 
UB: 29.57857142857143
branching on CartesianIndex(1, 2) with a.
303    143    16         17.8071    29.5786    66.1051    % 
UB: 29.57857142857143
branching on CartesianIndex(6, 1) with a.
304    144    17         17.8071    29.5786    66.1051    % 
UB: 29.57857142857143
branching on CartesianIndex(1, 2) with a.
305    145    18         17.8071    29.5786    66.1051    % 
UB: 29.57857142857143
branching on CartesianIndex(2, 2) with a.
306    146    18         17.8071    29.5786    66.1051    % 
LB close or above UB, fathomed
307    145    17         17.8071    29.5786    66.1051    % 
LB close or above UB, fathomed
308    144    16         17.8071    29.5786    66.1051    % 
UB: 29.57857142857143
branching on CartesianIndex(6, 1) with a.
309    145    20         17.8071    29.5786    66.1051    % 
UB: 29.57857142857143
branching on CartesianIndex(2, 3) with a.
310    146    21         17.8071    29.5786    66.1051    % 
UB: 29.57857142857143
branching on CartesianIndex(3, 3) with a.
311    147    22         17.8071    29.5786    66.1051    % 
UB: 29.57857142857143
branching on CartesianIndex(4, 3) with a.
312    148    23         17.8071    29.5786    66.1051    % 
UB: 29.57857142857143
branching on CartesianIndex(5, 3) with a.
313    149    24         17.8071    29.5786    66.1051    % 
UB: 29.57857142857143
branching on CartesianIndex(6, 3) with a.
314    150    24         17.8071    29.5786    66.1051    % 
LB close or above UB, fathomed
315    149    23         17.8071    29.5786    66.1051    % 
LB close or above UB, fathomed
316    148    22         17.8071    29.5786    66.1051    % 
LB close or above UB, fathomed
317    147    21         17.8071    29.5786    66.1051    % 
LB close or above UB, fathomed
318    146    20         17.8071    29.5786    66.1051    % 
LB close or above UB, fathomed
319    145    18         17.8071    29.5786    66.1051    % 
UB: 29.57857142857143
branching on CartesianIndex(2, 3) with a.
320    146    19         17.8071    29.5786    66.1051    % 
UB: 29.57857142857143
branching on CartesianIndex(3, 3) with a.
321    147    20         17.8071    29.5786    66.1051    % 
UB: 29.57857142857143
branching on CartesianIndex(4, 3) with a.
322    148    20         17.8071    29.5786    66.1051    % 
LB close or above UB, fathomed
323    147    19         17.8071    29.5786    66.1051    % 
UB: 29.57857142857143
branching on CartesianIndex(1, 4) with c.
324    148    18         17.8071    29.5786    66.1051    % 
LB close or above UB, fathomed
325    147    18         17.8071    29.5786    66.1051    % 
UB: 29.57857142857143
branching on CartesianIndex(1, 3) with a.
326    148    19         17.8071    29.5786    66.1051    % 
UB: 29.57857142857143
branching on CartesianIndex(2, 3) with a.
327    149    20         17.8071    29.5786    66.1051    % 
UB: 29.57857142857143
branching on CartesianIndex(3, 3) with a.
328    150    21         17.8071    29.5786    66.1051    % 
UB: 29.57857142857143
branching on CartesianIndex(4, 3) with a.
329    151    21         17.8071    29.5786    66.1051    % 
LB close or above UB, fathomed
330    150    20         17.8071    29.5786    66.1051    % 
UB: 29.57857142857143
branching on CartesianIndex(1, 4) with c.
331    151    19         17.8071    29.5786    66.1051    % 
LB close or above UB, fathomed
332    150    18         17.8071    29.5786    66.1051    % 
LB close or above UB, fathomed
333    149    17         17.8071    29.5786    66.1051    % 
UB: 29.57857142857143
branching on CartesianIndex(2, 3) with a.
334    150    18         17.8071    29.5786    66.1051    % 
UB: 29.57857142857143
branching on CartesianIndex(3, 3) with a.
335    151    19         17.8071    29.5786    66.1051    % 
UB: 29.57857142857143
branching on CartesianIndex(4, 3) with a.
336    152    20         17.8071    29.5786    66.1051    % 
UB: 29.57857142857143
branching on CartesianIndex(5, 3) with a.
337    153    21         17.8071    29.5786    66.1051    % 
UB: 29.57857142857143
branching on CartesianIndex(6, 3) with a.
338    154    22         17.8071    29.5786    66.1051    % 
UB: 29.57857142857143
branching on CartesianIndex(1, 4) with c.
339    155    23         17.8071    29.5786    66.1051    % 
UB: 29.57857142857143
branching on CartesianIndex(2, 4) with c.
340    156    23         17.8071    29.5786    66.1051    % 
UB: 29.57857142857143
branching on CartesianIndex(1, 5) with c.
341    157    24         17.8071    29.5786    66.1051    % 
UB: 29.57857142857143
branching on CartesianIndex(2, 5) with c.
342    158    25         17.8071    29.5786    66.1051    % 
UB: 29.57857142857143
branching on 2 with b.
343    159    26         17.8071    29.5786    66.1051    % 
UB: 29.57857142857143
branching on 3 with b.
344    160    27         17.8071    29.5786    66.1051    % 
UB: 29.57857142857143
branching on CartesianIndex(1, 6) with c.
345    161    28         17.8071    29.5786    66.1051    % 
LB close or above UB, fathomed
346    160    28         17.8071    29.5786    66.1051    % 
UB: 29.57857142857143
branching on CartesianIndex(1, 7) with c.
347    161    29         17.8071    29.5786    66.1051    % 
UB: 29.57857142857143
branching on CartesianIndex(2, 7) with c.
348    162    30         17.8071    29.5786    66.1051    % 
LB close or above UB, fathomed
349    161    30         17.8071    29.5786    66.1051    % 
UB: 29.57857142857143
branching on 1 with b.
350    162    31         17.8071    29.5786    66.1051    % 
LB close or above UB, fathomed
351    161    31         17.8071    29.5786    66.1051    % 
UB: 29.57857142857143
branching on 2 with b.
352    162    32         17.8071    29.5786    66.1051    % 
UB: 29.57857142857143
branching on 3 with b.
353    163    33         17.8071    29.5786    66.1051    % 
UB: 29.57857142857143
branching on 1 with b.
354    164    33         17.8071    29.5786    66.1051    % 
LB close or above UB, fathomed
355    163    32         17.8071    29.5786    66.1051    % 
UB: 29.57857142857143
branching on 3 with b.
356    164    29         17.8071    29.5786    66.1051    % 
LB close or above UB, fathomed
357    163    27         17.8071    29.5786    66.1051    % 
LB close or above UB, fathomed
358    162    26         17.8071    29.5786    66.1051    % 
LB close or above UB, fathomed
359    161    25         17.8071    29.5786    66.1051    % 
LB close or above UB, fathomed
360    160    24         17.8071    29.5786    66.1051    % 
LB close or above UB, fathomed
361    159    22         17.8071    29.5786    66.1051    % 
LB close or above UB, fathomed
362    158    21         17.8071    29.5786    66.1051    % 
LB close or above UB, fathomed
363    157    20         17.8071    29.5786    66.1051    % 
LB close or above UB, fathomed
364    156    19         17.8071    29.5786    66.1051    % 
LB close or above UB, fathomed
365    155    18         17.8071    29.5786    66.1051    % 
UB: 29.57857142857143
branching on 2 with b.
366    156    17         17.8071    29.5786    66.1051    % 
LB close or above UB, fathomed
367    155    14         17.8071    29.5786    66.1051    % 
UB: 29.57857142857143
branching on CartesianIndex(6, 2) with a.
368    156    15         17.8071    29.5786    66.1051    % 
UB: 29.57857142857143
branching on CartesianIndex(1, 3) with a.
369    157    15         17.8071    29.5786    66.1051    % 
UB: 29.57857142857143
branching on 1 with b.
370    158    16         17.8071    29.5786    66.1051    % 
LB close or above UB, fathomed
371    157    16         17.8071    29.5786    66.1051    % 
UB: 29.57857142857143
branching on CartesianIndex(1, 3) with a.
372    158    17         17.8071    29.5786    66.1051    % 
UB: 29.57857142857143
branching on 2 with b.
373    159    18         17.8071    29.5786    66.1051    % 
UB: 29.57857142857143
branching on CartesianIndex(2, 3) with a.
374    160    18         17.8071    29.5786    66.1051    % 
UB: 29.57857142857143
branching on CartesianIndex(2, 3) with a.
375    161    17         17.8071    29.5786    66.1051    % 
LB close or above UB, fathomed
376    160    14         17.8071    29.5786    66.1051    % 
UB: 29.57857142857143
branching on 1 with b.
377    161    19         17.8071    29.5786    66.1051    % 
LB close or above UB, fathomed
378    160    19         17.8071    29.5786    66.1051    % 
UB: 29.57857142857143
branching on CartesianIndex(1, 5) with c.
379    161    20         17.8071    29.5786    66.1051    % 
UB: 29.57857142857143
branching on CartesianIndex(2, 5) with c.
380    162    21         17.8071    29.5786    66.1051    % 
UB: 29.57857142857143
branching on CartesianIndex(1, 6) with c.
381    163    22         17.8071    29.5786    66.1051    % 
LB close or above UB, fathomed
382    162    22         17.8071    29.5786    66.1051    % 
UB: 29.57857142857143
branching on CartesianIndex(1, 7) with c.
383    163    23         17.8071    29.5786    66.1051    % 
UB: 29.57857142857143
branching on CartesianIndex(2, 7) with c.
384    164    24         17.8071    29.5786    66.1051    % 
LB close or above UB, fathomed
385    163    24         17.8071    29.5786    66.1051    % 
UB: 29.57857142857143
branching on 2 with b.
386    164    25         17.8071    29.5786    66.1051    % 
UB: 29.57857142857143
branching on 3 with b.
387    165    26         17.8071    29.5786    66.1051    % 
UB: 29.57857142857143
branching on 1 with b.
388    166    27         17.8071    29.5786    66.1051    % 
UB: 29.57857142857143
branching on 2 with b.
389    167    28         17.8071    29.5786    66.1051    % 
UB: 29.57857142857143
branching on 3 with b.
390    168    28         17.8071    29.5786    66.1051    % 
UB: 29.57857142857143
branching on 3 with b.
391    169    27         17.8071    29.5786    66.1051    % 
LB close or above UB, fathomed
392    168    26         17.8071    29.5786    66.1051    % 
LB close or above UB, fathomed
393    167    25         17.8071    29.5786    66.1051    % 
LB close or above UB, fathomed
394    166    23         17.8071    29.5786    66.1051    % 
LB close or above UB, fathomed
395    165    21         17.8071    29.5786    66.1051    % 
LB close or above UB, fathomed
396    164    20         17.8071    29.5786    66.1051    % 
LB close or above UB, fathomed
397    163    33         17.8071    29.5786    66.1051    % 
UB: 29.57857142857143
branching on 1 with b.
398    164    33         17.8071    29.5786    66.1051    % 
LB close or above UB, fathomed
399    163    14         17.8071    29.5786    66.1051    % 
UB: 29.57857142857143
branching on CartesianIndex(4, 2) with a.
400    164    14         17.8071    29.5786    66.1051    % 
LB close or above UB, fathomed
401    163    17         17.8071    29.5786    66.1051    % 
UB: 29.57857142857143
branching on 1 with b.
402    164    18         17.8071    29.5786    66.1051    % 
UB: 29.57857142857143
branching on CartesianIndex(2, 3) with a.
403    165    19         17.8071    29.5786    66.1051    % 
UB: 29.57857142857143
branching on CartesianIndex(3, 3) with a.
404    166    20         17.8071    29.5786    66.1051    % 
UB: 29.57857142857143
branching on CartesianIndex(4, 3) with a.
405    167    21         17.8071    29.5786    66.1051    % 
UB: 29.57857142857143
branching on CartesianIndex(5, 3) with a.
406    168    22         17.8071    29.5786    66.1051    % 
UB: 29.57857142857143
branching on CartesianIndex(6, 3) with a.
407    169    23         17.8071    29.5786    66.1051    % 
UB: 29.57857142857143
branching on CartesianIndex(1, 4) with c.
408    170    24         17.8071    29.5786    66.1051    % 
LB close or above UB, fathomed
409    169    24         17.8071    29.5786    66.1051    % 
UB: 29.57857142857143
branching on CartesianIndex(1, 5) with c.
410    170    25         17.8071    29.5786    66.1051    % 
UB: 29.57857142857143
branching on CartesianIndex(2, 5) with c.
411    171    26         17.8071    29.5786    66.1051    % 
UB: 29.57857142857143
branching on 2 with b.
412    172    27         17.8071    29.5786    66.1051    % 
UB: 29.57857142857143
branching on CartesianIndex(1, 6) with c.
413    173    27         17.8071    29.5786    66.1051    % 
UB: 29.57857142857143
branching on 3 with b.
414    174    26         17.8071    29.5786    66.1051    % 
LB close or above UB, fathomed
415    173    25         17.8071    29.5786    66.1051    % 
LB close or above UB, fathomed
416    172    23         17.8071    29.5786    66.1051    % 
LB close or above UB, fathomed
417    171    22         17.8071    29.5786    66.1051    % 
LB close or above UB, fathomed
418    170    21         17.8071    29.5786    66.1051    % 
LB close or above UB, fathomed
419    169    20         17.8071    29.5786    66.1051    % 
LB close or above UB, fathomed
420    168    19         17.8071    29.5786    66.1051    % 
UB: 29.57857142857143
branching on 2 with b.
421    169    18         17.8071    29.5786    66.1051    % 
LB close or above UB, fathomed
422    168    17         17.8071    29.5786    66.1051    % 
LB close or above UB, fathomed
423    167    10         17.8071    29.5786    66.1051    % 
UB: 29.57857142857143
branching on CartesianIndex(2, 3) with a.
424    168    11         17.8071    29.5786    66.1051    % 
UB: 29.57857142857143
branching on 1 with b.
425    169    12         17.8071    29.5786    66.1051    % 
UB: 29.57857142857143
branching on 2 with b.
426    170    12         17.8071    29.5786    66.1051    % 
UB: 29.57857142857143
branching on 2 with b.
427    171    11         17.8071    29.5786    66.1051    % 
UB: 29.57857142857143
branching on CartesianIndex(1, 4) with c.
428    172    10         17.8071    29.5786    66.1051    % 
LB close or above UB, fathomed
429    171    7          17.8071    29.5786    66.1051    % 
UB: 29.57857142857143
branching on 2 with b.
430    172    8          17.8071    29.5786    66.1051    % 
UB: 29.57857142857143
branching on 3 with b.
431    173    9          17.8071    29.5786    66.1051    % 
UB: 29.57857142857143
branching on 1 with b.
432    174    10         17.8071    29.5786    66.1051    % 
UB: 29.57857142857143
branching on CartesianIndex(2, 1) with a.
433    175    11         17.8071    29.5786    66.1051    % 
UB: 29.57857142857143
branching on CartesianIndex(3, 1) with a.
434    176    12         17.8071    29.5786    66.1051    % 
UB: 29.57857142857143
branching on CartesianIndex(4, 1) with a.
435    177    13         17.8071    29.5786    66.1051    % 
UB: 29.57857142857143
branching on CartesianIndex(5, 1) with a.
436    178    14         17.8071    29.5786    66.1051    % 
UB: 29.57857142857143
branching on CartesianIndex(6, 1) with a.
437    179    15         17.8071    29.5786    66.1051    % 
UB: 29.57857142857143
branching on CartesianIndex(1, 2) with a.
438    180    16         17.8071    29.5786    66.1051    % 
UB: 29.57857142857143
branching on 2 with b.
439    181    16         17.8071    29.5786    66.1051    % 
UB: 29.57857142857143
branching on CartesianIndex(1, 3) with a.
440    182    15         17.8071    29.5786    66.1051    % 
LB close or above UB, fathomed
441    181    14         17.8071    29.5786    66.1051    % 
UB: 29.57857142857143
branching on CartesianIndex(1, 2) with a.
442    182    15         17.8071    29.5786    66.1051    % 
UB: 29.57857142857143
branching on CartesianIndex(2, 2) with a.
443    183    15         17.8071    29.5786    66.1051    % 
LB close or above UB, fathomed
444    182    13         17.8071    29.5786    66.1051    % 
UB: 29.57857142857143
branching on CartesianIndex(1, 2) with a.
445    183    14         17.8071    29.5786    66.1051    % 
UB: 29.57857142857143
branching on CartesianIndex(2, 2) with a.
446    184    14         17.8071    29.5786    66.1051    % 
LB close or above UB, fathomed
447    183    12         17.8071    29.5786    66.1051    % 
LB close or above UB, fathomed
448    182    11         17.8071    29.5786    66.1051    % 
UB: 29.57857142857143
branching on 2 with b.
449    183    12         17.8071    29.5786    66.1051    % 
UB: 29.57857142857143
branching on 3 with b.
450    184    12         17.8071    29.5786    66.1051    % 
UB: 29.57857142857143
branching on CartesianIndex(1, 2) with a.
451    185    10         17.8071    29.5786    66.1051    % 
UB: 29.57857142857143
branching on CartesianIndex(2, 1) with a.
452    186    9          17.8071    29.5786    66.1051    % 
UB: 29.57857142857143
branching on CartesianIndex(2, 1) with a.
453    187    10         17.8071    29.5786    66.1051    % 
UB: 29.57857142857143
branching on CartesianIndex(3, 1) with a.
454    188    11         17.8071    29.5786    66.1051    % 
UB: 29.57857142857143
branching on CartesianIndex(4, 1) with a.
455    189    12         17.8071    29.5786    66.1051    % 
UB: 29.57857142857143
branching on CartesianIndex(5, 1) with a.
456    190    13         17.8071    29.5786    66.1051    % 
UB: 29.57857142857143
branching on CartesianIndex(6, 1) with a.
457    191    14         17.8071    29.5786    66.1051    % 
UB: 29.57857142857143
branching on 1 with b.
458    192    15         17.8071    29.5786    66.1051    % 
UB: 29.57857142857143
branching on CartesianIndex(1, 2) with a.
459    193    16         17.8071    29.5786    66.1051    % 
UB: 29.57857142857143
branching on 2 with b.
460    194    16         17.8071    29.5786    66.1051    % 
UB: 29.57857142857143
branching on 2 with b.
461    195    15         17.8071    29.5786    66.1051    % 
LB close or above UB, fathomed
462    194    14         17.8071    29.5786    66.1051    % 
LB close or above UB, fathomed
463    193    13         17.8071    29.5786    66.1051    % 
UB: 29.57857142857143
branching on CartesianIndex(1, 2) with a.
464    194    14         17.8071    29.5786    66.1051    % 
UB: 29.57857142857143
branching on CartesianIndex(2, 2) with a.
465    195    14         17.8071    29.5786    66.1051    % 
UB: 29.57857142857143
branching on CartesianIndex(1, 3) with a.
466    196    12         17.8071    29.5786    66.1051    % 
UB: 29.57857142857143
branching on CartesianIndex(1, 2) with a.
467    197    11         17.8071    29.5786    66.1051    % 
LB close or above UB, fathomed
468    196    10         17.8071    29.5786    66.1051    % 
UB: 29.57857142857143
branching on CartesianIndex(1, 2) with a.
469    197    11         17.8071    29.5786    66.1051    % 
UB: 29.57857142857143
branching on CartesianIndex(2, 2) with a.
470    198    11         17.8071    29.5786    66.1051    % 
UB: 29.57857142857143
branching on CartesianIndex(1, 3) with a.
471    199    8          17.8071    29.5786    66.1051    % 
LB close or above UB, fathomed
472    198    7          17.8071    29.5786    66.1051    % 
LB close or above UB, fathomed
473    197    22         17.8071    29.5786    66.1051    % 
UB: 29.57857142857143
branching on CartesianIndex(5, 3) with a.
474    198    23         17.8071    29.5786    66.1051    % 
UB: 29.57857142857143
branching on CartesianIndex(6, 3) with a.
475    199    24         17.8071    29.5786    66.1051    % 
UB: 29.57857142857143
branching on CartesianIndex(1, 4) with c.
476    200    25         17.8071    29.5786    66.1051    % 
UB: 29.57857142857143
branching on 1 with b.
477    201    25         17.8071    29.5786    66.1051    % 
UB: 29.57857142857143
branching on CartesianIndex(1, 5) with c.
478    202    26         17.8071    29.5786    66.1051    % 
UB: 29.57857142857143
branching on CartesianIndex(2, 5) with c.
479    203    27         17.8071    29.5786    66.1051    % 
UB: 29.57857142857143
branching on CartesianIndex(1, 6) with c.
480    204    28         17.8071    29.5786    66.1051    % 
LB close or above UB, fathomed
481    203    28         17.8071    29.5786    66.1051    % 
UB: 29.57857142857143
branching on CartesianIndex(1, 7) with c.
482    204    29         17.8071    29.5786    66.1051    % 
UB: 29.57857142857143
branching on CartesianIndex(2, 7) with c.
483    205    30         17.8071    29.5786    66.1051    % 
LB close or above UB, fathomed
484    204    30         17.8071    29.5786    66.1051    % 
UB: 29.57857142857143
branching on 1 with b.
485    205    31         17.8071    29.5786    66.1051    % 
LB close or above UB, fathomed
486    204    31         17.8071    29.5786    66.1051    % 
UB: 29.57857142857143
branching on 2 with b.
487    205    29         17.8071    29.5786    66.1051    % 
LB close or above UB, fathomed
488    204    27         17.8071    29.5786    66.1051    % 
LB close or above UB, fathomed
489    203    26         17.8071    29.5786    66.1051    % 
LB close or above UB, fathomed
490    202    24         17.8071    29.5786    66.1051    % 
LB close or above UB, fathomed
491    201    23         17.8071    29.5786    66.1051    % 
LB close or above UB, fathomed
492    200    22         17.8071    29.5786    66.1051    % 
LB close or above UB, fathomed
493    199    21         17.8071    29.5786    66.1051    % 
UB: 29.57857142857143
branching on CartesianIndex(5, 3) with a.
494    200    22         17.8071    29.5786    66.1051    % 
UB: 29.57857142857143
branching on CartesianIndex(6, 3) with a.
495    201    23         17.8071    29.5786    66.1051    % 
UB: 29.57857142857143
branching on CartesianIndex(1, 4) with c.
496    202    24         17.8071    29.5786    66.1051    % 
UB: 29.57857142857143
branching on CartesianIndex(2, 4) with c.
497    203    24         17.8071    29.5786    66.1051    % 
UB: 29.57857142857143
branching on CartesianIndex(1, 5) with c.
498    204    23         17.8071    29.5786    66.1051    % 
LB close or above UB, fathomed
499    203    22         17.8071    29.5786    66.1051    % 
LB close or above UB, fathomed
500    202    21         17.8071    29.5786    66.1051    % 
LB close or above UB, fathomed
501    201    25         17.8071    29.5786    66.1051    % 
UB: 29.57857142857143
branching on CartesianIndex(1, 4) with c.
502    202    25         17.8071    29.5786    66.1051    % 
LB close or above UB, fathomed
503    201    17         17.8071    29.5786    66.1051    % 
UB: 29.57857142857143
branching on CartesianIndex(2, 3) with a.
504    202    18         17.8071    29.5786    66.1051    % 
UB: 29.57857142857143
branching on CartesianIndex(3, 3) with a.
505    203    19         17.8071    29.5786    66.1051    % 
UB: 29.57857142857143
branching on CartesianIndex(4, 3) with a.
506    204    20         17.8071    29.5786    66.1051    % 
UB: 29.57857142857143
branching on CartesianIndex(5, 3) with a.
507    205    21         17.8071    29.5786    66.1051    % 
UB: 29.57857142857143
branching on CartesianIndex(6, 3) with a.
508    206    22         17.8071    29.5786    66.1051    % 
UB: 29.57857142857143
branching on CartesianIndex(1, 4) with c.
509    207    23         17.8071    29.5786    66.1051    % 
LB close or above UB, fathomed
510    206    23         17.8071    29.5786    66.1051    % 
UB: 29.57857142857143
branching on CartesianIndex(1, 5) with c.
511    207    24         17.8071    29.5786    66.1051    % 
UB: 29.57857142857143
branching on 2 with b.
512    208    25         17.8071    29.5786    66.1051    % 
UB: 29.57857142857143
branching on CartesianIndex(2, 5) with c.
513    209    25         17.8071    29.5786    66.1051    % 
UB: 29.57857142857143
branching on CartesianIndex(2, 5) with c.
514    210    24         17.8071    29.5786    66.1051    % 
LB close or above UB, fathomed
515    209    22         17.8071    29.5786    66.1051    % 
LB close or above UB, fathomed
516    208    21         17.8071    29.5786    66.1051    % 
LB close or above UB, fathomed
517    207    20         17.8071    29.5786    66.1051    % 
LB close or above UB, fathomed
518    206    19         17.8071    29.5786    66.1051    % 
LB close or above UB, fathomed
519    205    18         17.8071    29.5786    66.1051    % 
UB: 29.57857142857143
branching on CartesianIndex(1, 4) with c.
520    206    17         17.8071    29.5786    66.1051    % 
LB close or above UB, fathomed
521    205    26         17.8071    29.5786    66.1051    % 
LB close or above UB, fathomed
522    204    26         17.8071    29.5786    66.1051    % 
UB: 29.57857142857143
branching on CartesianIndex(1, 5) with c.
523    205    27         17.8071    29.5786    66.1051    % 
UB: 29.57857142857143
branching on CartesianIndex(2, 5) with c.
524    206    28         17.8071    29.5786    66.1051    % 
UB: 29.57857142857143
branching on 1 with b.
525    207    29         17.8071    29.5786    66.1051    % 
UB: 29.57857142857143
branching on CartesianIndex(1, 6) with c.
526    208    29         17.8071    29.5786    66.1051    % 
UB: 29.57857142857143
branching on CartesianIndex(1, 6) with c.
527    209    28         17.8071    29.5786    66.1051    % 
LB close or above UB, fathomed
528    208    27         17.8071    29.5786    66.1051    % 
LB close or above UB, fathomed
529    207    30         17.8071    29.5786    66.1051    % 
LB close or above UB, fathomed
530    206    30         17.8071    29.5786    66.1051    % 
UB: 29.57857142857143
branching on CartesianIndex(1, 7) with c.
531    207    31         17.8071    29.5786    66.1051    % 
UB: 29.57857142857143
branching on CartesianIndex(2, 7) with c.
532    208    32         17.8071    29.5786    66.1051    % 
LB close or above UB, fathomed
533    207    32         17.8071    29.5786    66.1051    % 
UB: 29.57857142857143
branching on 2 with b.
534    208    33         17.8071    29.5786    66.1051    % 
UB: 29.57857142857143
branching on 3 with b.
535    209    33         17.8071    29.5786    66.1051    % 
UB: 29.57857142857143
branching on 3 with b.
536    210    31         17.8071    29.5786    66.1051    % 
LB close or above UB, fathomed
537    209    13         18.6502    29.5786    58.5964    % 
UB: 29.57857142857143
branching on CartesianIndex(2, 2) with a.
538    210    13         18.6502    29.5786    58.5964    % 
LB close or above UB, fathomed
539    209    9          19.4702    29.5786    51.9171    % 
UB: 29.57857142857143
branching on 1 with b.
540    210    9          19.4702    29.5786    51.9171    % 
LB close or above UB, fathomed
541    209    4          20.6935    29.5786    42.9366    % 
LB close or above UB, fathomed
542    208    4          20.6935    29.5786    42.9366    % 
UB: 29.57857142857143
branching on CartesianIndex(1, 1) with a.
543    209    5          20.6935    29.5786    42.9366    % 
UB: 29.57857142857143
branching on CartesianIndex(2, 1) with a.
544    210    5          20.6935    29.5786    42.9366    % 
UB: 29.57857142857143
branching on CartesianIndex(1, 3) with a.
545    211    8          20.7000    29.5786    42.8916    % 
UB: 29.57857142857143
branching on CartesianIndex(4, 1) with a.
546    212    9          20.7000    29.5786    42.8916    % 
UB: 29.57857142857143
branching on 1 with b.
547    213    10         20.7000    29.5786    42.8916    % 
LB close or above UB, fathomed
548    212    10         20.7000    29.5786    42.8916    % 
UB: 29.57857142857143
branching on CartesianIndex(5, 1) with a.
549    213    11         20.7000    29.5786    42.8916    % 
UB: 29.57857142857143
branching on CartesianIndex(6, 1) with a.
550    214    12         20.7000    29.5786    42.8916    % 
UB: 29.57857142857143
branching on 2 with b.
551    215    12         20.7000    29.5786    42.8916    % 
LB close or above UB, fathomed
552    214    11         20.7000    29.5786    42.8916    % 
LB close or above UB, fathomed
553    213    9          20.7000    29.5786    42.8916    % 
LB close or above UB, fathomed
554    212    8          20.7000    29.5786    42.8916    % 
LB close or above UB, fathomed
555    211    13         20.7000    29.5786    42.8916    % 
UB: 29.57857142857143
branching on CartesianIndex(1, 2) with a.
556    212    14         20.7000    29.5786    42.8916    % 
UB: 29.57857142857143
branching on CartesianIndex(2, 2) with a.
557    213    14         20.7000    29.5786    42.8916    % 
UB: 29.57857142857143
branching on CartesianIndex(1, 4) with c.
558    214    13         20.7000    29.5786    42.8916    % 
LB close or above UB, fathomed
559    213    34         20.7500    29.5786    42.5473    % 
UB: 29.57857142857143
branching on 2 with b.
560    214    34         20.7500    29.5786    42.5473    % 
UB: 29.57857142857143
branching on 2 with b.
561    215    34         20.7500    29.5786    42.5473    % 
UB: 29.57857142857143
branching on 1 with b.
562    216    34         20.7500    29.5786    42.5473    % 
LB close or above UB, fathomed
563    215    34         20.7500    29.5786    42.5473    % 
UB: 29.57857142857143
branching on 1 with b.
564    216    34         20.7500    29.5786    42.5473    % 
LB close or above UB, fathomed
565    215    32         20.7500    29.5786    42.5473    % 
UB: 29.57857142857143
branching on 3 with b.
566    216    32         20.7500    29.5786    42.5473    % 
UB: 29.57857142857143
branching on 3 with b.
567    217    33         20.7500    29.5786    42.5473    % 
LB close or above UB, fathomed
568    216    33         20.7500    29.5786    42.5473    % 
UB: 29.57857142857143
branching on 3 with b.
569    217    26         20.7500    29.5786    42.5473    % 
UB: 29.57857142857143
branching on CartesianIndex(1, 6) with c.
570    218    27         20.7500    29.5786    42.5473    % 
LB close or above UB, fathomed
571    217    27         20.7500    29.5786    42.5473    % 
UB: 29.57857142857143
branching on CartesianIndex(1, 7) with c.
572    218    28         20.7500    29.5786    42.5473    % 
UB: 29.57857142857143
branching on CartesianIndex(2, 7) with c.
573    219    29         20.7500    29.5786    42.5473    % 
LB close or above UB, fathomed
574    218    29         20.7500    29.5786    42.5473    % 
UB: 29.57857142857143
branching on 3 with b.
575    219    30         20.7500    29.5786    42.5473    % 
UB: 29.57857142857143
branching on 1 with b.
576    220    31         20.7500    29.5786    42.5473    % 
UB: 26.635714285714283
branching on 2 with b.
577    221    32         20.7500    26.6357    28.3649    % 
UB: 26.635714285714283
branching on 3 with b.
578    168    33         20.7500    26.6357    28.3649    % 
UB: 26.635714285714283
branching on 1 with b.
579    169    33         20.7500    26.6357    28.3649    % 
LB close or above UB, fathomed
580    168    32         20.7500    26.6357    28.3649    % 
LB close or above UB, fathomed
581    167    31         20.7500    26.6357    28.3649    % 
UB: 26.635714285714283
branching on 2 with b.
582    168    30         20.7500    26.6357    28.3649    % 
LB close or above UB, fathomed
583    167    28         20.7500    26.6357    28.3649    % 
LB close or above UB, fathomed
584    166    26         20.7500    26.6357    28.3649    % 
LB close or above UB, fathomed
585    165    13         20.7500    26.6357    28.3649    % 
LB close or above UB, fathomed
586    164    13         20.7500    26.6357    28.3649    % 
LB close or above UB, fathomed
587    163    15         20.7500    26.6357    28.3649    % 
LB close or above UB, fathomed
588    162    15         20.7500    26.6357    28.3649    % 
LB close or above UB, fathomed
589    161    13         20.7500    26.6357    28.3649    % 
LB close or above UB, fathomed
590    160    13         20.7500    26.6357    28.3649    % 
UB: 26.635714285714283
branching on CartesianIndex(3, 3) with a.
591    161    28         20.7500    26.6357    28.3649    % 
UB: 26.635714285714283
branching on CartesianIndex(1, 6) with c.
592    162    29         20.7500    26.6357    28.3649    % 
LB close or above UB, fathomed
593    161    29         20.7500    26.6357    28.3649    % 
UB: 26.635714285714283
branching on CartesianIndex(1, 7) with c.
594    162    30         20.7500    26.6357    28.3649    % 
UB: 26.635714285714283
branching on CartesianIndex(2, 7) with c.
595    163    31         20.7500    26.6357    28.3649    % 
LB close or above UB, fathomed
596    162    31         20.7500    26.6357    28.3649    % 
UB: 26.635714285714283
branching on 1 with b.
597    163    32         20.7500    26.6357    28.3649    % 
UB: 26.635714285714283
branching on 2 with b.
598    164    33         20.7500    26.6357    28.3649    % 
UB: 26.635714285714283
branching on 3 with b.
599    165    34         20.7500    26.6357    28.3649    % 
UB: 26.635714285714283
branching on 1 with b.
600    166    34         20.7500    26.6357    28.3649    % 
LB close or above UB, fathomed
601    165    33         20.7500    26.6357    28.3649    % 
LB close or above UB, fathomed
602    164    32         20.7500    26.6357    28.3649    % 
UB: 26.635714285714283
branching on 2 with b.
603    165    30         20.7500    26.6357    28.3649    % 
LB close or above UB, fathomed
604    164    28         20.7500    26.6357    28.3649    % 
LB close or above UB, fathomed
605    163    15         20.7500    26.6357    28.3649    % 
UB: 26.635714285714283
branching on CartesianIndex(5, 2) with a.
606    164    16         20.7500    26.6357    28.3649    % 
LB close or above UB, fathomed
607    163    16         20.7500    26.6357    28.3649    % 
LB close or above UB, fathomed
608    162    15         20.7500    26.6357    28.3649    % 
LB close or above UB, fathomed
609    161    34         20.7500    26.6357    28.3649    % 
UB: 26.635714285714283
branching on 2 with b.
610    162    35         20.7500    26.6357    28.3649    % 
UB: 26.635714285714283
branching on 3 with b.
611    163    35         20.7500    26.6357    28.3649    % 
LB close or above UB, fathomed
612    162    34         20.7500    26.6357    28.3649    % 
UB: 26.635714285714283
branching on 2 with b.
613    163    19         20.7500    26.6357    28.3649    % 
UB: 26.635714285714283
branching on CartesianIndex(3, 3) with a.
614    164    20         20.7500    26.6357    28.3649    % 
UB: 26.635714285714283
branching on CartesianIndex(4, 3) with a.
615    165    21         20.7500    26.6357    28.3649    % 
UB: 26.635714285714283
branching on CartesianIndex(5, 3) with a.
616    166    22         20.7500    26.6357    28.3649    % 
UB: 26.635714285714283
branching on CartesianIndex(6, 3) with a.
617    167    23         20.7500    26.6357    28.3649    % 
UB: 26.635714285714283
branching on 3 with b.
618    168    24         20.7500    26.6357    28.3649    % 
LB close or above UB, fathomed
619    167    24         20.7500    26.6357    28.3649    % 
UB: 26.635714285714283
branching on CartesianIndex(1, 4) with c.
620    168    25         20.7500    26.6357    28.3649    % 
LB close or above UB, fathomed
621    167    25         20.7500    26.6357    28.3649    % 
LB close or above UB, fathomed
622    166    23         20.7500    26.6357    28.3649    % 
LB close or above UB, fathomed
623    165    22         20.7500    26.6357    28.3649    % 
LB close or above UB, fathomed
624    164    21         20.7500    26.6357    28.3649    % 
LB close or above UB, fathomed
625    163    20         20.7500    26.6357    28.3649    % 
LB close or above UB, fathomed
626    162    19         20.7500    26.6357    28.3649    % 
LB close or above UB, fathomed
627    161    19         20.7500    26.6357    28.3649    % 
UB: 26.635714285714283
branching on CartesianIndex(3, 3) with a.
628    162    20         20.7500    26.6357    28.3649    % 
UB: 26.635714285714283
branching on CartesianIndex(4, 3) with a.
629    163    21         20.7500    26.6357    28.3649    % 
UB: 26.635714285714283
branching on CartesianIndex(5, 3) with a.
630    164    22         20.7500    26.6357    28.3649    % 
UB: 26.635714285714283
branching on CartesianIndex(6, 3) with a.
631    165    23         20.7500    26.6357    28.3649    % 
UB: 26.635714285714283
branching on 3 with b.
632    166    23         20.7500    26.6357    28.3649    % 
LB close or above UB, fathomed
633    165    22         20.7500    26.6357    28.3649    % 
LB close or above UB, fathomed
634    164    21         20.7500    26.6357    28.3649    % 
LB close or above UB, fathomed
635    163    20         20.7500    26.6357    28.3649    % 
LB close or above UB, fathomed
636    162    19         20.7500    26.6357    28.3649    % 
LB close or above UB, fathomed
637    161    16         20.7500    26.6357    28.3649    % 
UB: 26.635714285714283
branching on CartesianIndex(2, 3) with a.
638    162    17         20.7500    26.6357    28.3649    % 
UB: 26.635714285714283
branching on CartesianIndex(3, 3) with a.
639    163    18         20.7500    26.6357    28.3649    % 
UB: 26.635714285714283
branching on CartesianIndex(4, 3) with a.
640    164    19         20.7500    26.6357    28.3649    % 
UB: 26.635714285714283
branching on CartesianIndex(5, 3) with a.
641    165    20         20.7500    26.6357    28.3649    % 
UB: 26.635714285714283
branching on CartesianIndex(6, 3) with a.
642    166    21         20.7500    26.6357    28.3649    % 
UB: 26.635714285714283
branching on CartesianIndex(1, 4) with c.
643    167    21         20.7500    26.6357    28.3649    % 
LB close or above UB, fathomed
644    166    20         20.7500    26.6357    28.3649    % 
LB close or above UB, fathomed
645    165    19         20.7500    26.6357    28.3649    % 
LB close or above UB, fathomed
646    164    18         20.7500    26.6357    28.3649    % 
LB close or above UB, fathomed
647    163    17         20.7500    26.6357    28.3649    % 
LB close or above UB, fathomed
648    162    16         20.7500    26.6357    28.3649    % 
LB close or above UB, fathomed
649    161    33         20.7500    26.6357    28.3649    % 
UB: 26.635714285714283
branching on 1 with b.
650    162    33         20.7500    26.6357    28.3649    % 
LB close or above UB, fathomed
651    161    17         20.7500    26.6357    28.3649    % 
UB: 26.635714285714283
branching on CartesianIndex(1, 2) with a.
652    162    18         20.7500    26.6357    28.3649    % 
UB: 26.635714285714283
branching on 1 with b.
653    163    18         20.7500    26.6357    28.3649    % 
LB close or above UB, fathomed
654    162    17         20.7500    26.6357    28.3649    % 
LB close or above UB, fathomed
655    161    19         20.7500    26.6357    28.3649    % 
LB close or above UB, fathomed
656    160    19         20.7500    26.6357    28.3649    % 
LB close or above UB, fathomed
657    159    15         20.7500    26.6357    28.3649    % 
UB: 26.635714285714283
branching on 2 with b.
658    160    16         20.7500    26.6357    28.3649    % 
LB close or above UB, fathomed
659    159    16         20.7500    26.6357    28.3649    % 
UB: 26.635714285714283
branching on CartesianIndex(2, 2) with a.
660    160    17         20.7500    26.6357    28.3649    % 
UB: 26.635714285714283
branching on 3 with b.
661    161    17         20.7500    26.6357    28.3649    % 
LB close or above UB, fathomed
662    160    15         20.7500    26.6357    28.3649    % 
LB close or above UB, fathomed
663    159    15         20.7500    26.6357    28.3649    % 
UB: 26.635714285714283
branching on 2 with b.
664    160    16         20.7500    26.6357    28.3649    % 
LB close or above UB, fathomed
665    159    16         20.7500    26.6357    28.3649    % 
UB: 26.635714285714283
branching on CartesianIndex(1, 2) with a.
666    160    15         20.7500    26.6357    28.3649    % 
LB close or above UB, fathomed
667    159    16         20.7500    26.6357    28.3649    % 
UB: 26.635714285714283
branching on CartesianIndex(1, 2) with a.
668    160    17         20.7500    26.6357    28.3649    % 
UB: 26.635714285714283
branching on CartesianIndex(2, 2) with a.
669    161    17         20.7500    26.6357    28.3649    % 
LB close or above UB, fathomed
670    160    16         20.7500    26.6357    28.3649    % 
LB close or above UB, fathomed
671    159    18         20.7500    26.6357    28.3649    % 
UB: 26.635714285714283
branching on CartesianIndex(2, 2) with a.
672    160    19         20.7500    26.6357    28.3649    % 
UB: 26.635714285714283
branching on 1 with b.
673    161    19         20.7500    26.6357    28.3649    % 
LB close or above UB, fathomed
674    160    18         20.7500    26.6357    28.3649    % 
LB close or above UB, fathomed
675    159    18         20.7500    26.6357    28.3649    % 
LB close or above UB, fathomed
676    158    18         20.7500    26.6357    28.3649    % 
LB close or above UB, fathomed
677    157    33         20.7500    26.6357    28.3649    % 
LB close or above UB, fathomed
678    156    33         20.7500    26.6357    28.3649    % 
UB: 26.635714285714283
branching on 1 with b.
679    157    34         20.7500    26.6357    28.3649    % 
UB: 26.635714285714283
branching on 2 with b.
680    158    35         20.7500    26.6357    28.3649    % 
UB: 26.635714285714283
branching on 3 with b.
681    159    35         20.7500    26.6357    28.3649    % 
LB close or above UB, fathomed
682    158    34         20.7500    26.6357    28.3649    % 
UB: 26.635714285714283
branching on 2 with b.
683    159    17         20.7500    26.6357    28.3649    % 
LB close or above UB, fathomed
684    158    17         20.7500    26.6357    28.3649    % 
UB: 26.635714285714283
branching on CartesianIndex(1, 3) with a.
685    159    16         20.7500    26.6357    28.3649    % 
UB: 26.635714285714283
branching on CartesianIndex(1, 2) with a.
686    160    17         20.7500    26.6357    28.3649    % 
LB close or above UB, fathomed
687    159    17         20.7500    26.6357    28.3649    % 
UB: 26.635714285714283
branching on CartesianIndex(1, 3) with a.
688    160    16         20.7500    26.6357    28.3649    % 
LB close or above UB, fathomed
689    159    19         20.7500    26.6357    28.3649    % 
UB: 26.635714285714283
branching on CartesianIndex(6, 2) with a.
690    160    19         20.7500    26.6357    28.3649    % 
LB close or above UB, fathomed
691    159    20         20.7500    26.6357    28.3649    % 
LB close or above UB, fathomed
692    158    20         20.7500    26.6357    28.3649    % 
UB: 26.635714285714283
branching on CartesianIndex(1, 5) with c.
693    159    21         20.7500    26.6357    28.3649    % 
UB: 26.635714285714283
branching on CartesianIndex(2, 5) with c.
694    160    21         20.7500    26.6357    28.3649    % 
LB close or above UB, fathomed
695    159    13         20.7500    26.6357    28.3649    % 
UB: 26.635714285714283
branching on CartesianIndex(2, 3) with a.
696    160    14         20.7500    26.6357    28.3649    % 
UB: 26.635714285714283
branching on CartesianIndex(3, 3) with a.
697    161    15         20.7500    26.6357    28.3649    % 
UB: 26.635714285714283
branching on CartesianIndex(4, 3) with a.
698    162    16         20.7500    26.6357    28.3649    % 
UB: 26.635714285714283
branching on CartesianIndex(5, 3) with a.
699    163    17         20.7500    26.6357    28.3649    % 
UB: 26.635714285714283
branching on CartesianIndex(6, 3) with a.
700    164    18         20.7500    26.6357    28.3649    % 
UB: 26.635714285714283
branching on 3 with b.
701    165    19         20.7500    26.6357    28.3649    % 
UB: 26.635714285714283
branching on CartesianIndex(1, 4) with c.
702    166    19         20.7500    26.6357    28.3649    % 
UB: 26.635714285714283
branching on CartesianIndex(1, 4) with c.
703    167    20         20.7500    26.6357    28.3649    % 
UB: 26.635714285714283
branching on CartesianIndex(2, 4) with c.
704    168    20         20.7500    26.6357    28.3649    % 
UB: 26.635714285714283
branching on CartesianIndex(1, 5) with c.
705    169    18         20.7500    26.6357    28.3649    % 
LB close or above UB, fathomed
706    168    17         20.7500    26.6357    28.3649    % 
LB close or above UB, fathomed
707    167    16         20.7500    26.6357    28.3649    % 
LB close or above UB, fathomed
708    166    15         20.7500    26.6357    28.3649    % 
LB close or above UB, fathomed
709    165    14         20.7500    26.6357    28.3649    % 
LB close or above UB, fathomed
710    164    13         20.7500    26.6357    28.3649    % 
LB close or above UB, fathomed
711    163    15         20.7500    26.6357    28.3649    % 
LB close or above UB, fathomed
712    162    15         20.7500    26.6357    28.3649    % 
LB close or above UB, fathomed
713    161    33         20.7500    26.6357    28.3649    % 
UB: 26.635714285714283
branching on 1 with b.
714    162    33         20.7500    26.6357    28.3649    % 
LB close or above UB, fathomed
715    161    19         20.7500    26.6357    28.3649    % 
LB close or above UB, fathomed
716    160    19         20.7500    26.6357    28.3649    % 
UB: 26.635714285714283
branching on CartesianIndex(1, 3) with a.
717    161    20         20.7500    26.6357    28.3649    % 
UB: 26.635714285714283
branching on CartesianIndex(2, 3) with a.
718    162    21         20.7500    26.6357    28.3649    % 
UB: 26.635714285714283
branching on CartesianIndex(3, 3) with a.
719    163    22         20.7500    26.6357    28.3649    % 
UB: 26.635714285714283
branching on 1 with b.
720    164    23         20.7500    26.6357    28.3649    % 
UB: 26.635714285714283
branching on CartesianIndex(4, 3) with a.
721    165    24         20.7500    26.6357    28.3649    % 
UB: 26.635714285714283
branching on CartesianIndex(5, 3) with a.
722    166    25         20.7500    26.6357    28.3649    % 
UB: 26.635714285714283
branching on CartesianIndex(6, 3) with a.
723    167    26         20.7500    26.6357    28.3649    % 
UB: 26.635714285714283
branching on CartesianIndex(1, 4) with c.
724    168    26         20.7500    26.6357    28.3649    % 
LB close or above UB, fathomed
725    167    25         20.7500    26.6357    28.3649    % 
LB close or above UB, fathomed
726    166    24         20.7500    26.6357    28.3649    % 
LB close or above UB, fathomed
727    165    23         20.7500    26.6357    28.3649    % 
UB: 26.635714285714283
branching on CartesianIndex(4, 3) with a.
728    166    22         20.7500    26.6357    28.3649    % 
LB close or above UB, fathomed
729    165    21         20.7500    26.6357    28.3649    % 
LB close or above UB, fathomed
730    164    20         20.7500    26.6357    28.3649    % 
LB close or above UB, fathomed
731    163    14         20.7500    26.6357    28.3649    % 
LB close or above UB, fathomed
732    162    14         20.7500    26.6357    28.3649    % 
UB: 26.635714285714283
branching on CartesianIndex(1, 2) with a.
733    163    14         20.7500    26.6357    28.3649    % 
UB: 26.635714285714283
branching on 1 with b.
734    164    15         20.7500    26.6357    28.3649    % 
UB: 26.635714285714283
branching on 2 with b.
735    165    16         20.7500    26.6357    28.3649    % 
UB: 26.635714285714283
branching on 3 with b.
736    166    16         20.7500    26.6357    28.3649    % 
LB close or above UB, fathomed
737    165    15         20.7500    26.6357    28.3649    % 
UB: 26.635714285714283
branching on CartesianIndex(2, 3) with a.
738    166    14         20.7500    26.6357    28.3649    % 
LB close or above UB, fathomed
739    165    20         20.7500    26.6357    28.3649    % 
UB: 26.635714285714283
branching on CartesianIndex(2, 3) with a.
740    166    21         20.7500    26.6357    28.3649    % 
UB: 26.635714285714283
branching on CartesianIndex(3, 3) with a.
741    167    22         20.7500    26.6357    28.3649    % 
UB: 26.635714285714283
branching on CartesianIndex(4, 3) with a.
742    168    23         20.7500    26.6357    28.3649    % 
UB: 26.635714285714283
branching on 3 with b.
743    169    24         20.7500    26.6357    28.3649    % 
UB: 26.635714285714283
branching on CartesianIndex(5, 3) with a.
744    170    25         20.7500    26.6357    28.3649    % 
UB: 26.635714285714283
branching on CartesianIndex(6, 3) with a.
745    171    26         20.7500    26.6357    28.3649    % 
UB: 26.635714285714283
branching on CartesianIndex(1, 4) with c.
746    172    27         20.7500    26.6357    28.3649    % 
UB: 26.635714285714283
branching on 1 with b.
747    173    28         20.7500    26.6357    28.3649    % 
LB close or above UB, fathomed
748    172    28         20.7500    26.6357    28.3649    % 
UB: 26.635714285714283
branching on 2 with b.
749    173    27         20.7500    26.6357    28.3649    % 
LB close or above UB, fathomed
750    172    26         20.7500    26.6357    28.3649    % 
LB close or above UB, fathomed
751    171    25         20.7500    26.6357    28.3649    % 
LB close or above UB, fathomed
752    170    24         20.7500    26.6357    28.3649    % 
LB close or above UB, fathomed
753    169    23         20.7500    26.6357    28.3649    % 
LB close or above UB, fathomed
754    168    22         20.7500    26.6357    28.3649    % 
LB close or above UB, fathomed
755    167    21         20.7500    26.6357    28.3649    % 
LB close or above UB, fathomed
756    166    20         20.7500    26.6357    28.3649    % 
LB close or above UB, fathomed
757    165    15         20.7500    26.6357    28.3649    % 
UB: 26.635714285714283
branching on CartesianIndex(2, 3) with a.
758    166    16         20.7500    26.6357    28.3649    % 
UB: 26.635714285714283
branching on CartesianIndex(3, 3) with a.
759    167    17         20.7500    26.6357    28.3649    % 
UB: 26.635714285714283
branching on 1 with b.
760    168    18         20.7500    26.6357    28.3649    % 
LB close or above UB, fathomed
761    167    18         20.7500    26.6357    28.3649    % 
UB: 26.635714285714283
branching on 2 with b.
762    168    17         20.7500    26.6357    28.3649    % 
LB close or above UB, fathomed
763    167    16         20.7500    26.6357    28.3649    % 
LB close or above UB, fathomed
764    166    15         20.7500    26.6357    28.3649    % 
LB close or above UB, fathomed
765    165    16         20.7500    26.6357    28.3649    % 
UB: 26.635714285714283
branching on CartesianIndex(2, 3) with a.
766    166    17         20.7500    26.6357    28.3649    % 
UB: 26.635714285714283
branching on CartesianIndex(3, 3) with a.
767    167    18         20.7500    26.6357    28.3649    % 
UB: 26.635714285714283
branching on CartesianIndex(4, 3) with a.
768    168    19         20.7500    26.6357    28.3649    % 
UB: 26.635714285714283
branching on CartesianIndex(5, 3) with a.
769    169    20         20.7500    26.6357    28.3649    % 
UB: 26.635714285714283
branching on 1 with b.
770    170    21         20.7500    26.6357    28.3649    % 
LB close or above UB, fathomed
771    169    21         20.7500    26.6357    28.3649    % 
LB close or above UB, fathomed
772    168    20         20.7500    26.6357    28.3649    % 
LB close or above UB, fathomed
773    167    19         20.7500    26.6357    28.3649    % 
LB close or above UB, fathomed
774    166    18         20.7500    26.6357    28.3649    % 
LB close or above UB, fathomed
775    165    17         20.7500    26.6357    28.3649    % 
LB close or above UB, fathomed
776    164    16         20.7500    26.6357    28.3649    % 
LB close or above UB, fathomed
777    163    18         20.7500    26.6357    28.3649    % 
UB: 26.635714285714283
branching on CartesianIndex(2, 3) with a.
778    164    19         20.7500    26.6357    28.3649    % 
UB: 26.635714285714283
branching on CartesianIndex(3, 3) with a.
779    165    20         20.7500    26.6357    28.3649    % 
UB: 26.635714285714283
branching on 1 with b.
780    166    21         20.7500    26.6357    28.3649    % 
LB close or above UB, fathomed
781    165    21         20.7500    26.6357    28.3649    % 
LB close or above UB, fathomed
782    164    20         20.7500    26.6357    28.3649    % 
LB close or above UB, fathomed
783    163    19         20.7500    26.6357    28.3649    % 
LB close or above UB, fathomed
784    162    18         20.7500    26.6357    28.3649    % 
LB close or above UB, fathomed
785    161    16         20.7500    26.6357    28.3649    % 
UB: 26.635714285714283
branching on CartesianIndex(2, 3) with a.
786    162    17         20.7500    26.6357    28.3649    % 
UB: 26.635714285714283
branching on CartesianIndex(3, 3) with a.
787    163    18         20.7500    26.6357    28.3649    % 
UB: 26.635714285714283
branching on CartesianIndex(4, 3) with a.
788    164    19         20.7500    26.6357    28.3649    % 
UB: 26.635714285714283
branching on CartesianIndex(5, 3) with a.
789    165    20         20.7500    26.6357    28.3649    % 
UB: 26.635714285714283
branching on CartesianIndex(6, 3) with a.
790    166    21         20.7500    26.6357    28.3649    % 
UB: 26.635714285714283
branching on CartesianIndex(1, 4) with c.
791    167    22         20.7500    26.6357    28.3649    % 
UB: 26.635714285714283
branching on CartesianIndex(2, 4) with c.
792    168    23         20.7500    26.6357    28.3649    % 
UB: 26.635714285714283
branching on CartesianIndex(1, 5) with c.
793    169    24         20.7500    26.6357    28.3649    % 
LB close or above UB, fathomed
794    168    24         20.7500    26.6357    28.3649    % 
UB: 26.635714285714283
branching on CartesianIndex(1, 6) with c.
795    169    25         20.7500    26.6357    28.3649    % 
LB close or above UB, fathomed
796    168    25         20.7500    26.6357    28.3649    % 
UB: 26.635714285714283
branching on CartesianIndex(1, 7) with c.
797    169    26         20.7500    26.6357    28.3649    % 
UB: 26.635714285714283
branching on CartesianIndex(2, 7) with c.
798    170    27         20.7500    26.6357    28.3649    % 
LB close or above UB, fathomed
799    169    27         20.7500    26.6357    28.3649    % 
UB: 26.635714285714283
branching on 1 with b.
800    170    28         20.7500    26.6357    28.3649    % 
UB: 26.635714285714283
branching on 2 with b.
801    171    29         20.7500    26.6357    28.3649    % 
LB close or above UB, fathomed
802    170    29         20.7500    26.6357    28.3649    % 
UB: 26.635714285714283
branching on 3 with b.
803    171    30         20.7500    26.6357    28.3649    % 
UB: 26.635714285714283
branching on 1 with b.
804    172    31         20.7500    26.6357    28.3649    % 
UB: 26.635714285714283
branching on 2 with b.
805    173    31         20.7500    26.6357    28.3649    % 
UB: 26.635714285714283
branching on 2 with b.
806    174    30         20.7500    26.6357    28.3649    % 
LB close or above UB, fathomed
807    173    28         20.7500    26.6357    28.3649    % 
LB close or above UB, fathomed
808    172    26         20.7500    26.6357    28.3649    % 
LB close or above UB, fathomed
809    171    23         20.7500    26.6357    28.3649    % 
LB close or above UB, fathomed
810    170    22         20.7500    26.6357    28.3649    % 
LB close or above UB, fathomed
811    169    21         20.7500    26.6357    28.3649    % 
LB close or above UB, fathomed
812    168    20         20.7500    26.6357    28.3649    % 
LB close or above UB, fathomed
813    167    19         20.7500    26.6357    28.3649    % 
LB close or above UB, fathomed
814    166    18         20.7500    26.6357    28.3649    % 
LB close or above UB, fathomed
815    165    17         20.7500    26.6357    28.3649    % 
LB close or above UB, fathomed
816    164    16         20.7500    26.6357    28.3649    % 
LB close or above UB, fathomed
817    163    22         20.7500    26.6357    28.3649    % 
LB close or above UB, fathomed
818    162    22         20.7500    26.6357    28.3649    % 
UB: 26.635714285714283
branching on CartesianIndex(1, 5) with c.
819    163    23         20.7500    26.6357    28.3649    % 
UB: 26.635714285714283
branching on CartesianIndex(2, 5) with c.
820    164    24         20.7500    26.6357    28.3649    % 
UB: 26.635714285714283
branching on 1 with b.
821    165    25         20.7500    26.6357    28.3649    % 
LB close or above UB, fathomed
822    164    25         20.7500    26.6357    28.3649    % 
UB: 26.635714285714283
branching on CartesianIndex(1, 6) with c.
823    165    26         20.7500    26.6357    28.3649    % 
LB close or above UB, fathomed
824    164    26         20.7500    26.6357    28.3649    % 
UB: 26.635714285714283
branching on CartesianIndex(1, 7) with c.
825    165    27         20.7500    26.6357    28.3649    % 
UB: 26.635714285714283
branching on CartesianIndex(2, 7) with c.
826    166    28         20.7500    26.6357    28.3649    % 
LB close or above UB, fathomed
827    165    28         20.7500    26.6357    28.3649    % 
UB: 26.635714285714283
branching on 2 with b.
828    166    29         20.7500    26.6357    28.3649    % 
UB: 26.635714285714283
branching on 3 with b.
829    167    30         20.7500    26.6357    28.3649    % 
LB close or above UB, fathomed
830    166    30         20.7500    26.6357    28.3649    % 
UB: 26.635714285714283
branching on 1 with b.
831    167    31         20.7500    26.6357    28.3649    % 
LB close or above UB, fathomed
832    166    31         20.7500    26.6357    28.3649    % 
UB: 26.635714285714283
branching on 2 with b.
833    167    32         20.7500    26.6357    28.3649    % 
UB: 26.635714285714283
branching on 3 with b.
834    168    33         20.7500    26.6357    28.3649    % 
LB close or above UB, fathomed
835    167    33         20.7500    26.6357    28.3649    % 
UB: 26.635714285714283
branching on 1 with b.
836    168    34         20.7500    26.6357    28.3649    % 
LB close or above UB, fathomed
837    167    34         20.7500    26.6357    28.3649    % 
UB: 26.635714285714283
branching on 2 with b.
838    168    32         20.7500    26.6357    28.3649    % 
UB: 26.635714285714283
branching on 3 with b.
839    169    29         20.7500    26.6357    28.3649    % 
LB close or above UB, fathomed
840    168    27         20.7500    26.6357    28.3649    % 
LB close or above UB, fathomed
841    167    24         20.7500    26.6357    28.3649    % 
LB close or above UB, fathomed
842    166    23         20.7500    26.6357    28.3649    % 
LB close or above UB, fathomed
843    165    24         20.7500    26.6357    28.3649    % 
LB close or above UB, fathomed
844    164    24         20.7500    26.6357    28.3649    % 
UB: 26.635714285714283
branching on CartesianIndex(1, 4) with c.
845    165    25         20.7500    26.6357    28.3649    % 
LB close or above UB, fathomed
846    164    25         20.7500    26.6357    28.3649    % 
UB: 26.635714285714283
branching on CartesianIndex(1, 5) with c.
847    165    26         20.7500    26.6357    28.3649    % 
UB: 26.635714285714283
branching on 1 with b.
848    166    27         20.7500    26.6357    28.3649    % 
LB close or above UB, fathomed
849    165    27         20.7500    26.6357    28.3649    % 
UB: 26.635714285714283
branching on CartesianIndex(2, 5) with c.
850    166    26         20.7500    26.6357    28.3649    % 
LB close or above UB, fathomed
851    165    28         20.7500    26.6357    28.3649    % 
LB close or above UB, fathomed
852    164    28         20.7500    26.6357    28.3649    % 
UB: 26.635714285714283
branching on CartesianIndex(1, 7) with c.
853    165    29         20.7500    26.6357    28.3649    % 
UB: 26.635714285714283
branching on CartesianIndex(2, 7) with c.
854    166    30         20.7500    26.6357    28.3649    % 
LB close or above UB, fathomed
855    165    30         20.7500    26.6357    28.3649    % 
UB: 26.635714285714283
branching on 3 with b.
856    166    31         20.7500    26.6357    28.3649    % 
UB: 26.635714285714283
branching on 1 with b.
857    167    32         20.7500    26.6357    28.3649    % 
UB: 26.635714285714283
branching on 2 with b.
858    168    33         20.7500    26.6357    28.3649    % 
LB close or above UB, fathomed
859    167    33         20.7500    26.6357    28.3649    % 
UB: 26.635714285714283
branching on 3 with b.
860    168    32         20.7500    26.6357    28.3649    % 
LB close or above UB, fathomed
861    167    31         20.7500    26.6357    28.3649    % 
LB close or above UB, fathomed
862    166    29         20.7500    26.6357    28.3649    % 
LB close or above UB, fathomed
863    165    16         20.7500    26.6357    28.3649    % 
UB: 26.635714285714283
branching on CartesianIndex(2, 3) with a.
864    166    16         20.7500    26.6357    28.3649    % 
LB close or above UB, fathomed
865    165    17         20.7500    26.6357    28.3649    % 
UB: 26.635714285714283
branching on CartesianIndex(3, 3) with a.
866    166    18         20.7500    26.6357    28.3649    % 
UB: 26.635714285714283
branching on CartesianIndex(4, 3) with a.
867    167    19         20.7500    26.6357    28.3649    % 
UB: 26.635714285714283
branching on 1 with b.
868    168    20         20.7500    26.6357    28.3649    % 
UB: 26.635714285714283
branching on CartesianIndex(5, 3) with a.
869    169    21         20.7500    26.6357    28.3649    % 
UB: 26.635714285714283
branching on 2 with b.
870    170    22         20.7500    26.6357    28.3649    % 
UB: 26.635714285714283
branching on 3 with b.
871    171    22         20.7500    26.6357    28.3649    % 
UB: 26.635714285714283
branching on CartesianIndex(6, 3) with a.
872    172    23         20.7500    26.6357    28.3649    % 
UB: 26.635714285714283
branching on CartesianIndex(1, 4) with c.
873    173    24         20.7500    26.6357    28.3649    % 
LB close or above UB, fathomed
874    172    24         20.7500    26.6357    28.3649    % 
UB: 26.635714285714283
branching on CartesianIndex(1, 5) with c.
875    173    23         20.7500    26.6357    28.3649    % 
LB close or above UB, fathomed
876    172    21         20.7500    26.6357    28.3649    % 
LB close or above UB, fathomed
877    171    20         20.7500    26.6357    28.3649    % 
LB close or above UB, fathomed
878    170    19         20.7500    26.6357    28.3649    % 
LB close or above UB, fathomed
879    169    18         20.7500    26.6357    28.3649    % 
LB close or above UB, fathomed
880    168    17         20.7500    26.6357    28.3649    % 
LB close or above UB, fathomed
881    167    27         20.7500    26.6357    28.3649    % 
LB close or above UB, fathomed
882    166    27         20.7500    26.6357    28.3649    % 
UB: 26.635714285714283
branching on CartesianIndex(1, 5) with c.
883    167    20         20.7500    26.6357    28.3649    % 
LB close or above UB, fathomed
884    166    20         20.7500    26.6357    28.3649    % 
LB close or above UB, fathomed
885    165    22         20.7500    26.6357    28.3649    % 
UB: 26.635714285714283
branching on CartesianIndex(1, 6) with c.
886    166    23         20.7500    26.6357    28.3649    % 
LB close or above UB, fathomed
887    165    23         20.7500    26.6357    28.3649    % 
UB: 26.635714285714283
branching on CartesianIndex(1, 7) with c.
888    166    24         20.7500    26.6357    28.3649    % 
UB: 26.635714285714283
branching on CartesianIndex(2, 7) with c.
889    167    25         20.7500    26.6357    28.3649    % 
LB close or above UB, fathomed
890    166    25         20.7500    26.6357    28.3649    % 
UB: 26.635714285714283
branching on 2 with b.
891    167    26         20.7500    26.6357    28.3649    % 
UB: 26.635714285714283
branching on 3 with b.
892    168    27         20.7500    26.6357    28.3649    % 
UB: 26.635714285714283
branching on 1 with b.
893    169    28         20.7500    26.6357    28.3649    % 
UB: 26.635714285714283
branching on 2 with b.
894    170    29         20.7500    26.6357    28.3649    % 
LB close or above UB, fathomed
895    169    29         20.7500    26.6357    28.3649    % 
LB close or above UB, fathomed
896    168    28         20.7500    26.6357    28.3649    % 
LB close or above UB, fathomed
897    167    27         20.7500    26.6357    28.3649    % 
LB close or above UB, fathomed
898    166    26         20.7500    26.6357    28.3649    % 
LB close or above UB, fathomed
899    165    24         20.7500    26.6357    28.3649    % 
LB close or above UB, fathomed
900    164    22         20.7500    26.6357    28.3649    % 
LB close or above UB, fathomed
901    163    26         20.7500    26.6357    28.3649    % 
UB: 26.635714285714283
branching on CartesianIndex(1, 6) with c.
902    164    27         20.7500    26.6357    28.3649    % 
LB close or above UB, fathomed
903    163    27         20.7500    26.6357    28.3649    % 
UB: 26.635714285714283
branching on 3 with b.
904    164    28         20.7500    26.6357    28.3649    % 
UB: 26.635714285714283
branching on CartesianIndex(1, 7) with c.
905    165    29         20.7500    26.6357    28.3649    % 
UB: 26.635714285714283
branching on CartesianIndex(2, 7) with c.
906    166    30         20.7500    26.6357    28.3649    % 
LB close or above UB, fathomed
907    165    30         20.7500    26.6357    28.3649    % 
UB: 26.635714285714283
branching on 1 with b.
908    166    31         20.7500    26.6357    28.3649    % 
UB: 26.635714285714283
branching on 2 with b.
909    167    32         20.7500    26.6357    28.3649    % 
LB close or above UB, fathomed
910    166    32         20.7500    26.6357    28.3649    % 
UB: 26.635714285714283
branching on 3 with b.
911    167    31         20.7500    26.6357    28.3649    % 
LB close or above UB, fathomed
912    166    29         20.7500    26.6357    28.3649    % 
LB close or above UB, fathomed
913    165    28         20.7500    26.6357    28.3649    % 
LB close or above UB, fathomed
914    164    26         20.7500    26.6357    28.3649    % 
LB close or above UB, fathomed
915    163    20         21.6211    26.6357    23.1934    % 
UB: 26.635714285714283
branching on CartesianIndex(3, 2) with a.
916    164    21         21.6211    26.6357    23.1934    % 
LB close or above UB, fathomed
917    163    21         21.6211    26.6357    23.1934    % 
LB close or above UB, fathomed
918    162    20         21.6211    26.6357    23.1934    % 
UB: 26.635714285714283
branching on CartesianIndex(3, 2) with a.
919    163    21         21.6211    26.6357    23.1934    % 
LB close or above UB, fathomed
920    162    21         21.6211    26.6357    23.1934    % 
LB close or above UB, fathomed
921    161    15         23.0419    26.6357    15.5968    % 
UB: 26.635714285714283
branching on CartesianIndex(2, 3) with a.
922    162    15         23.0419    26.6357    15.5968    % 
LB close or above UB, fathomed
923    161    6          23.6363    26.6357    12.6896    % 
UB: 26.635714285714283
branching on 1 with b.
924    162    7          23.6363    26.6357    12.6896    % 
UB: 26.635714285714283
branching on 1 with b.
925    163    8          23.6363    26.6357    12.6896    % 
LB close or above UB, fathomed
926    162    8          23.6363    26.6357    12.6896    % 
LB close or above UB, fathomed
927    161    7          23.6363    26.6357    12.6896    % 
LB close or above UB, fathomed
928    160    6          23.6363    26.6357    12.6896    % 
LB close or above UB, fathomed
929    159    8          23.6429    26.6357    12.6586    % 
UB: 26.635714285714283
branching on CartesianIndex(1, 2) with a.
930    160    9          23.6429    26.6357    12.6586    % 
LB close or above UB, fathomed
931    159    9          23.6429    26.6357    12.6586    % 
LB close or above UB, fathomed
932    158    8          23.6429    26.6357    12.6586    % 
LB close or above UB, fathomed
933    157    15         23.6429    26.6357    12.6586    % 
UB: 26.635714285714283
branching on 1 with b.
934    158    16         23.6429    26.6357    12.6586    % 
LB close or above UB, fathomed
935    157    16         23.6429    26.6357    12.6586    % 
LB close or above UB, fathomed
936    156    15         23.6429    26.6357    12.6586    % 
LB close or above UB, fathomed
937    155    15         23.6429    26.6357    12.6586    % 
UB: 26.635714285714283
branching on CartesianIndex(2, 4) with c.
938    156    16         23.6429    26.6357    12.6586    % 
UB: 26.635714285714283
branching on CartesianIndex(1, 5) with c.
939    157    17         23.6429    26.6357    12.6586    % 
LB close or above UB, fathomed
940    156    17         23.6429    26.6357    12.6586    % 
UB: 26.635714285714283
branching on CartesianIndex(1, 7) with c.
941    157    18         23.6429    26.6357    12.6586    % 
UB: 26.635714285714283
branching on CartesianIndex(2, 7) with c.
942    158    19         23.6429    26.6357    12.6586    % 
LB close or above UB, fathomed
943    157    19         23.6429    26.6357    12.6586    % 
UB: 26.635714285714283
branching on 1 with b.
944    158    20         23.6429    26.6357    12.6586    % 
LB close or above UB, fathomed
945    157    20         23.6429    26.6357    12.6586    % 
LB close or above UB, fathomed
946    156    18         23.6429    26.6357    12.6586    % 
LB close or above UB, fathomed
947    155    16         23.6429    26.6357    12.6586    % 
LB close or above UB, fathomed
948    154    15         23.6429    26.6357    12.6586    % 
LB close or above UB, fathomed
949    153    34         23.6929    26.6357    12.4209    % 
LB close or above UB, fathomed
950    152    34         23.6929    26.6357    12.4209    % 
UB: 26.635714285714283
branching on 1 with b.
951    153    32         23.6929    26.6357    12.4209    % 
LB close or above UB, fathomed
952    152    32         23.6929    26.6357    12.4209    % 
LB close or above UB, fathomed
953    151    16         23.6929    26.6357    12.4209    % 
UB: 26.635714285714283
branching on CartesianIndex(3, 3) with a.
954    152    17         23.6929    26.6357    12.4209    % 
UB: 26.635714285714283
branching on CartesianIndex(4, 3) with a.
955    153    18         23.6929    26.6357    12.4209    % 
UB: 26.635714285714283
branching on 1 with b.
956    154    19         23.6929    26.6357    12.4209    % 
UB: 26.635714285714283
branching on 2 with b.
957    155    20         23.6929    26.6357    12.4209    % 
LB close or above UB, fathomed
958    154    20         23.6929    26.6357    12.4209    % 
LB close or above UB, fathomed
959    153    19         23.6929    26.6357    12.4209    % 
LB close or above UB, fathomed
960    152    18         23.6929    26.6357    12.4209    % 
LB close or above UB, fathomed
961    151    17         23.6929    26.6357    12.4209    % 
LB close or above UB, fathomed
962    150    16         23.6929    26.6357    12.4209    % 
LB close or above UB, fathomed
963    149    32         23.6929    26.6357    12.4209    % 
LB close or above UB, fathomed
964    148    32         23.6929    26.6357    12.4209    % 
LB close or above UB, fathomed
965    147    19         23.6929    26.6357    12.4209    % 
UB: 26.635714285714283
branching on CartesianIndex(2, 2) with a.
966    148    19         23.6929    26.6357    12.4209    % 
UB: 26.635714285714283
branching on CartesianIndex(2, 2) with a.
967    149    20         23.6929    26.6357    12.4209    % 
UB: 26.635714285714283
branching on CartesianIndex(3, 2) with a.
968    150    21         23.6929    26.6357    12.4209    % 
LB close or above UB, fathomed
969    149    21         23.6929    26.6357    12.4209    % 
LB close or above UB, fathomed
970    148    20         23.6929    26.6357    12.4209    % 
LB close or above UB, fathomed
971    147    34         23.6929    26.6357    12.4209    % 
LB close or above UB, fathomed
972    146    34         23.6929    26.6357    12.4209    % 
LB close or above UB, fathomed
973    145    29         23.6929    26.6357    12.4209    % 
UB: 26.635714285714283
branching on 1 with b.
974    146    30         23.6929    26.6357    12.4209    % 
UB: 26.635714285714283
branching on 2 with b.
975    147    31         23.6929    26.6357    12.4209    % 
LB close or above UB, fathomed
976    146    31         23.6929    26.6357    12.4209    % 
LB close or above UB, fathomed
977    145    30         23.6929    26.6357    12.4209    % 
LB close or above UB, fathomed
978    144    29         23.6929    26.6357    12.4209    % 
LB close or above UB, fathomed
979    143    20         23.6929    26.6357    12.4209    % 
UB: 26.635714285714283
branching on CartesianIndex(3, 2) with a.
980    144    20         23.6929    26.6357    12.4209    % 
LB close or above UB, fathomed
981    143    35         23.6929    26.6357    12.4209    % 
UB: 26.635714285714283
branching on 2 with b.
982    144    36         23.6929    26.6357    12.4209    % 
LB close or above UB, fathomed
983    143    36         23.6929    26.6357    12.4209    % 
UB: 26.635714285714283
branching on 3 with b.
984    144    37         23.6929    26.6357    12.4209    % 
LB close or above UB, fathomed
985    143    37         23.6929    26.6357    12.4209    % 
UB: 26.635714285714283
branching on 1 with b.
986    144    38         23.6929    26.6357    12.4209    % 
LB close or above UB, fathomed
987    143    38         23.6929    26.6357    12.4209    % 
LB close or above UB, fathomed
988    142    35         23.6929    26.6357    12.4209    % 
LB close or above UB, fathomed
989    141    33         23.6929    26.6357    12.4209    % 
LB close or above UB, fathomed
990    140    33         23.6929    26.6357    12.4209    % 
LB close or above UB, fathomed
991    139    25         23.6929    26.6357    12.4209    % 
UB: 26.635714285714283
branching on 3 with b.
992    140    26         23.6929    26.6357    12.4209    % 
LB close or above UB, fathomed
993    139    26         23.6929    26.6357    12.4209    % 
UB: 26.635714285714283
branching on CartesianIndex(2, 5) with c.
994    140    27         23.6929    26.6357    12.4209    % 
UB: 26.635714285714283
branching on CartesianIndex(1, 6) with c.
995    141    28         23.6929    26.6357    12.4209    % 
LB close or above UB, fathomed
996    140    28         23.6929    26.6357    12.4209    % 
UB: 26.635714285714283
branching on CartesianIndex(1, 7) with c.
997    141    29         23.6929    26.6357    12.4209    % 
UB: 26.635714285714283
branching on CartesianIndex(2, 7) with c.
998    142    30         23.6929    26.6357    12.4209    % 
LB close or above UB, fathomed
999    141    30         23.6929    26.6357    12.4209    % 
UB: 26.635714285714283
branching on 1 with b.
1000   142    31         23.6929    26.6357    12.4209    % 
UB: 26.635714285714283
branching on 2 with b.
1001   143    32         23.6929    26.6357    12.4209    % 
UB: 26.635714285714283
branching on 3 with b.
1002   144    33         23.6929    26.6357    12.4209    % 
LB close or above UB, fathomed
1003   143    33         23.6929    26.6357    12.4209    % 
UB: 26.635714285714283
branching on 1 with b.
1004   144    34         23.6929    26.6357    12.4209    % 
UB: 26.635714285714283
branching on 2 with b.
1005   145    35         23.6929    26.6357    12.4209    % 
LB close or above UB, fathomed
1006   144    35         23.6929    26.6357    12.4209    % 
LB close or above UB, fathomed
1007   143    34         23.6929    26.6357    12.4209    % 
LB close or above UB, fathomed
1008   142    32         23.6929    26.6357    12.4209    % 
LB close or above UB, fathomed
1009   141    31         23.6929    26.6357    12.4209    % 
LB close or above UB, fathomed
1010   140    29         23.6929    26.6357    12.4209    % 
LB close or above UB, fathomed
1011   139    27         23.6929    26.6357    12.4209    % 
LB close or above UB, fathomed
1012   138    25         23.6929    26.6357    12.4209    % 
LB close or above UB, fathomed
1013   137    34         23.6929    26.6357    12.4209    % 
LB close or above UB, fathomed
1014   136    34         23.6929    26.6357    12.4209    % 
LB close or above UB, fathomed
1015   135    33         23.6929    26.6357    12.4209    % 
LB close or above UB, fathomed
1016   134    33         23.6929    26.6357    12.4209    % 
UB: 26.635714285714283
branching on 1 with b.
1017   135    34         23.6929    26.6357    12.4209    % 
LB close or above UB, fathomed
1018   134    34         23.6929    26.6357    12.4209    % 
LB close or above UB, fathomed
1019   133    35         23.6929    26.6357    12.4209    % 
LB close or above UB, fathomed
1020   132    35         23.6929    26.6357    12.4209    % 
UB: 26.635714285714283
branching on 3 with b.
1021   133    36         23.6929    26.6357    12.4209    % 
LB close or above UB, fathomed
1022   132    36         23.6929    26.6357    12.4209    % 
UB: 26.635714285714283
branching on 1 with b.
1023   133    37         23.6929    26.6357    12.4209    % 
LB close or above UB, fathomed
1024   132    37         23.6929    26.6357    12.4209    % 
LB close or above UB, fathomed
1025   131    19         23.6929    26.6357    12.4209    % 
LB close or above UB, fathomed
1026   130    19         23.6929    26.6357    12.4209    % 
LB close or above UB, fathomed
1027   129    29         23.6929    26.6357    12.4209    % 
LB close or above UB, fathomed
1028   128    29         23.6929    26.6357    12.4209    % 
LB close or above UB, fathomed
1029   127    16         23.6929    26.6357    12.4209    % 
UB: 26.635714285714283
branching on 2 with b.
1030   128    17         23.6929    26.6357    12.4209    % 
LB close or above UB, fathomed
1031   127    17         23.6929    26.6357    12.4209    % 
LB close or above UB, fathomed
1032   126    16         23.6929    26.6357    12.4209    % 
LB close or above UB, fathomed
1033   125    17         23.6929    26.6357    12.4209    % 
UB: 26.635714285714283
branching on CartesianIndex(2, 3) with a.
1034   126    18         23.6929    26.6357    12.4209    % 
UB: 26.635714285714283
branching on CartesianIndex(3, 3) with a.
1035   127    19         23.6929    26.6357    12.4209    % 
UB: 26.635714285714283
branching on CartesianIndex(4, 3) with a.
1036   128    20         23.6929    26.6357    12.4209    % 
UB: 26.635714285714283
branching on CartesianIndex(5, 3) with a.
1037   129    21         23.6929    26.6357    12.4209    % 
UB: 26.635714285714283
branching on CartesianIndex(6, 3) with a.
1038   130    22         23.6929    26.6357    12.4209    % 
UB: 26.635714285714283
branching on CartesianIndex(1, 4) with c.
1039   131    23         23.6929    26.6357    12.4209    % 
UB: 26.635714285714283
branching on CartesianIndex(2, 4) with c.
1040   132    24         23.6929    26.6357    12.4209    % 
UB: 26.635714285714283
branching on CartesianIndex(1, 5) with c.
1041   133    25         23.6929    26.6357    12.4209    % 
LB close or above UB, fathomed
1042   132    25         23.6929    26.6357    12.4209    % 
UB: 26.635714285714283
branching on 1 with b.
1043   133    26         23.6929    26.6357    12.4209    % 
LB close or above UB, fathomed
1044   132    26         23.6929    26.6357    12.4209    % 
UB: 26.635714285714283
branching on CartesianIndex(1, 6) with c.
1045   133    27         23.6929    26.6357    12.4209    % 
LB close or above UB, fathomed
1046   132    27         23.6929    26.6357    12.4209    % 
UB: 26.635714285714283
branching on CartesianIndex(1, 7) with c.
1047   133    28         23.6929    26.6357    12.4209    % 
UB: 26.635714285714283
branching on CartesianIndex(2, 7) with c.
1048   134    29         23.6929    26.6357    12.4209    % 
LB close or above UB, fathomed
1049   133    29         23.6929    26.6357    12.4209    % 
UB: 26.635714285714283
branching on 2 with b.
1050   134    30         23.6929    26.6357    12.4209    % 
LB close or above UB, fathomed
1051   133    30         23.6929    26.6357    12.4209    % 
UB: 26.635714285714283
branching on 3 with b.
1052   134    31         23.6929    26.6357    12.4209    % 
LB close or above UB, fathomed
1053   133    31         23.6929    26.6357    12.4209    % 
LB close or above UB, fathomed
1054   132    28         23.6929    26.6357    12.4209    % 
LB close or above UB, fathomed
1055   131    24         23.6929    26.6357    12.4209    % 
LB close or above UB, fathomed
1056   130    23         23.6929    26.6357    12.4209    % 
LB close or above UB, fathomed
1057   129    22         23.6929    26.6357    12.4209    % 
LB close or above UB, fathomed
1058   128    21         23.6929    26.6357    12.4209    % 
LB close or above UB, fathomed
1059   127    20         23.6929    26.6357    12.4209    % 
LB close or above UB, fathomed
1060   126    19         23.6929    26.6357    12.4209    % 
LB close or above UB, fathomed
1061   125    18         23.6929    26.6357    12.4209    % 
LB close or above UB, fathomed
1062   124    17         23.6929    26.6357    12.4209    % 
LB close or above UB, fathomed
1063   123    15         23.6929    26.6357    12.4209    % 
UB: 26.635714285714283
branching on 3 with b.
1064   124    16         23.6929    26.6357    12.4209    % 
LB close or above UB, fathomed
1065   123    16         23.6929    26.6357    12.4209    % 
UB: 26.635714285714283
branching on CartesianIndex(2, 2) with a.
1066   124    17         23.6929    26.6357    12.4209    % 
UB: 26.635714285714283
branching on CartesianIndex(3, 2) with a.
1067   125    18         23.6929    26.6357    12.4209    % 
UB: 26.635714285714283
branching on CartesianIndex(4, 2) with a.
1068   126    19         23.6929    26.6357    12.4209    % 
UB: 26.635714285714283
branching on CartesianIndex(5, 2) with a.
1069   127    20         23.6929    26.6357    12.4209    % 
LB close or above UB, fathomed
1070   126    20         23.6929    26.6357    12.4209    % 
LB close or above UB, fathomed
1071   125    19         23.6929    26.6357    12.4209    % 
LB close or above UB, fathomed
1072   124    18         23.6929    26.6357    12.4209    % 
LB close or above UB, fathomed
1073   123    17         23.6929    26.6357    12.4209    % 
LB close or above UB, fathomed
1074   122    15         23.6929    26.6357    12.4209    % 
LB close or above UB, fathomed
1075   121    24         23.6929    26.6357    12.4209    % 
UB: 26.635714285714283
branching on CartesianIndex(5, 3) with a.
1076   122    25         23.6929    26.6357    12.4209    % 
UB: 26.635714285714283
branching on CartesianIndex(6, 3) with a.
1077   123    26         23.6929    26.6357    12.4209    % 
UB: 26.635714285714283
branching on CartesianIndex(1, 4) with c.
1078   124    27         23.6929    26.6357    12.4209    % 
LB close or above UB, fathomed
1079   123    27         23.6929    26.6357    12.4209    % 
LB close or above UB, fathomed
1080   122    26         23.6929    26.6357    12.4209    % 
LB close or above UB, fathomed
1081   121    25         23.6929    26.6357    12.4209    % 
LB close or above UB, fathomed
1082   120    24         23.6929    26.6357    12.4209    % 
LB close or above UB, fathomed
1083   119    34         23.6929    26.6357    12.4209    % 
UB: 26.635714285714283
branching on 2 with b.
1084   120    35         23.6929    26.6357    12.4209    % 
LB close or above UB, fathomed
1085   119    35         23.6929    26.6357    12.4209    % 
UB: 26.635714285714283
branching on 3 with b.
1086   120    36         23.6929    26.6357    12.4209    % 
UB: 26.635714285714283
branching on 1 with b.
1087   121    37         23.6929    26.6357    12.4209    % 
LB close or above UB, fathomed
1088   120    37         23.6929    26.6357    12.4209    % 
UB: 26.635714285714283
branching on 2 with b.
1089   121    38         23.6929    26.6357    12.4209    % 
UB: 26.635714285714283
branching on 3 with b.
1090   121    39         23.6929    26.6357    12.4209    % 
UB: 26.635714285714283
branching on 1 with b.
1091   122    40         23.6929    26.6357    12.4209    % 
UB: 26.635714285714283
branching on 2 with b.
1092   123    41         23.6929    26.6357    12.4209    % 
UB: 23.692857142857143
branching on 3 with b.
1093   123    42         23.6929    23.6929    0.0000     % 
LB close or above UB, fathomed
all node solved
solved nodes:  1094
1094                                                  2.3693e+01     2.3693e+01     0.0000  % 
7×3 Matrix{Float64}:
 0.0  1.0  0.0
 0.0  0.0  0.0
 0.0  0.0  0.0
 0.0  0.0  0.0
 0.0  0.0  0.0
 0.0  0.0  1.0
 1.0  0.0  0.0
3-element Vector{Float64}:
 0.5129342767434447
 0.2709649627891768
 0.1624426138675834
3×7 Matrix{Float64}:
 0.0  0.0  0.0  0.0  1.0  0.0  0.0
 0.0  0.0  0.0  0.0  0.0  1.0  1.0
 0.0  0.0  0.0  1.0  0.0  0.0  0.0
3-element Vector{Float64}:
 1.0
 1.0
 1.0
7×3 Matrix{Float64}:
 1.0  0.0  0.0
 0.0  0.0  0.0
 0.0  0.0  0.0
 0.0  0.0  0.0
 0.0  0.0  0.0
 0.0  0.0  0.0
 0.0  1.0  1.0
3-element Vector{Float64}:
 0.2732628725067352
 0.07687588884524689
 0.5315852431764317
3×7 Matrix{Float64}:
 0.0  0.0  0.0  1.0  0.0  1.0  0.0
 0.0  0.0  0.0  0.0  0.0  0.0  1.0
 0.0  0.0  0.0  0.0  1.0  0.0  0.0
3-element Vector{Float64}:
 1.0
 1.0
 1.0
comparison (CRT and Glb)on prediction: Dict{Bool, Int64}(0 => 2, 1 => 49)
Dataname	 time	 objv	 lb	 gap	 train_w	 train_g	 test_w	 test_g
seeds_788.seeds	 91.86	 23.692857142857143	 23.693	 0.0	 92.258	 94.839	 88.235	 88.235
