Running 6 processes.
Start training seeds_784.seeds with seed 1.
Any[]
(7, 206)
(7, 103)
(7, 52)
(7, 51)
dimension: 7, class: 3
cart cost: 47.2357142857143
size of X: (7, 155)
ngroups: 6
UB: 47.23571428571428
Iter	left	lev	LB	UB	gap	
0      0      1          5.9996     47.2357    687.3118   % 
UB: 47.23571428571428
branching on 1 with d.
1      1      2          5.9996     47.2357    687.3118   % 
LB close or above UB, fathomed
2      0      2          5.9996     47.2357    687.3118   % 
UB: 47.23571428571428
branching on 2 with d.
3      1      3          5.9996     47.2357    687.3118   % 
UB: 47.23571428571428
branching on 3 with d.
4      2      3          5.9996     47.2357    687.3118   % 
UB: 47.23571428571428
branching on 3 with d.
5      3      4          5.9996     47.2357    687.3118   % 
UB: 47.23571428571428
branching on CartesianIndex(1, 1) with a.
6      4      4          5.9996     47.2357    687.3118   % 
UB: 47.23571428571428
branching on CartesianIndex(1, 1) with a.
7      5      5          6.0077     47.2357    686.2549   % 
UB: 47.23571428571428
branching on 1 with b.
8      6      5          6.0077     47.2357    686.2549   % 
UB: 44.29285714285714
branching on CartesianIndex(1, 2) with a.
9      7      6          6.0221     44.2929    635.5008   % 
UB: 44.29285714285714
branching on 1 with b.
10     8      7          6.0221     44.2929    635.5008   % 
UB: 44.29285714285714
branching on CartesianIndex(2, 1) with a.
11     9      7          6.0221     44.2929    635.5008   % 
UB: 44.29285714285714
branching on 2 with b.
12     10     8          6.0221     44.2929    635.5008   % 
UB: 44.29285714285714
branching on 3 with b.
13     11     9          6.0221     44.2929    635.5008   % 
UB: 44.29285714285714
branching on CartesianIndex(2, 1) with a.
14     12     9          6.0221     44.2929    635.5008   % 
UB: 44.29285714285714
branching on CartesianIndex(2, 1) with a.
15     13     8          6.0221     44.2929    635.5008   % 
UB: 44.29285714285714
branching on CartesianIndex(2, 1) with a.
16     14     6          6.0221     44.2929    635.5008   % 
UB: 44.29285714285714
branching on 1 with b.
17     15     10         6.0222     44.2929    635.4971   % 
UB: 44.29285714285714
branching on 1 with b.
18     16     10         6.0222     44.2929    635.4971   % 
UB: 35.46428571428571
branching on 1 with b.
19     17     10         6.0357     35.4643    487.5769   % 
UB: 35.46428571428571
branching on CartesianIndex(3, 1) with a.
20     18     10         6.0357     35.4643    487.5769   % 
UB: 35.46428571428571
branching on CartesianIndex(1, 2) with a.
21     19     11         6.0357     35.4643    487.5740   % 
UB: 35.46428571428571
branching on CartesianIndex(1, 2) with a.
22     20     11         6.0357     35.4643    487.5740   % 
UB: 35.46428571428571
branching on CartesianIndex(1, 2) with a.
23     21     11         8.9650     35.4643    295.5850   % 
UB: 35.46428571428571
branching on CartesianIndex(3, 1) with a.
24     22     11         8.9650     35.4643    295.5850   % 
UB: 35.46428571428571
branching on CartesianIndex(3, 1) with a.
25     23     6          11.9070    35.4643    197.8446   % 
UB: 35.46428571428571
branching on 1 with b.
26     24     7          11.9070    35.4643    197.8446   % 
UB: 35.46428571428571
branching on 1 with b.
27     25     8          11.9070    35.4643    197.8446   % 
UB: 35.46428571428571
branching on CartesianIndex(2, 2) with a.
28     26     8          11.9070    35.4643    197.8446   % 
UB: 35.46428571428571
branching on 2 with b.
29     27     7          11.9070    35.4643    197.8446   % 
UB: 35.46428571428571
branching on CartesianIndex(2, 2) with a.
30     28     6          11.9070    35.4643    197.8446   % 
UB: 35.46428571428571
branching on CartesianIndex(1, 3) with a.
31     29     11         11.9214    35.4643    197.4843   % 
UB: 35.46428571428571
branching on CartesianIndex(4, 1) with a.
32     30     12         11.9214    35.4643    197.4843   % 
UB: 35.46428571428571
branching on CartesianIndex(5, 1) with a.
33     31     12         11.9214    35.4643    197.4843   % 
UB: 35.46428571428571
branching on CartesianIndex(1, 2) with a.
34     32     11         11.9214    35.4643    197.4843   % 
LB close or above UB, fathomed
35     31     12         11.9214    35.4643    197.4835   % 
UB: 35.46428571428571
branching on CartesianIndex(4, 1) with a.
36     32     12         11.9214    35.4643    197.4835   % 
LB close or above UB, fathomed
37     31     12         14.8507    35.4643    138.8049   % 
UB: 35.46428571428571
branching on CartesianIndex(4, 1) with a.
38     32     13         14.8507    35.4643    138.8049   % 
UB: 35.46428571428571
branching on CartesianIndex(5, 1) with a.
39     33     14         14.8507    35.4643    138.8049   % 
UB: 35.46428571428571
branching on CartesianIndex(6, 1) with a.
40     34     14         14.8507    35.4643    138.8049   % 
UB: 35.46428571428571
branching on CartesianIndex(1, 2) with a.
41     35     13         14.8507    35.4643    138.8049   % 
UB: 35.46428571428571
branching on 2 with b.
42     36     12         14.8507    35.4643    138.8049   % 
LB close or above UB, fathomed
43     35     14         14.8643    35.4643    138.5872   % 
UB: 35.46428571428571
branching on CartesianIndex(1, 2) with a.
44     36     14         14.8643    35.4643    138.5872   % 
UB: 35.46428571428571
branching on CartesianIndex(1, 2) with a.
45     37     13         14.8643    35.4643    138.5872   % 
UB: 35.46428571428571
branching on CartesianIndex(5, 1) with a.
46     38     14         14.8643    35.4643    138.5872   % 
UB: 35.46428571428571
branching on CartesianIndex(6, 1) with a.
47     39     14         14.8643    35.4643    138.5872   % 
UB: 35.46428571428571
branching on CartesianIndex(1, 2) with a.
48     40     13         14.8643    35.4643    138.5872   % 
UB: 35.46428571428571
branching on 2 with b.
49     41     14         14.8643    35.4643    138.5872   % 
UB: 35.46428571428571
branching on CartesianIndex(1, 2) with a.
50     42     14         14.8643    35.4643    138.5872   % 
UB: 35.46428571428571
branching on CartesianIndex(1, 2) with a.
51     43     13         14.8643    35.4643    138.5872   % 
UB: 35.46428571428571
branching on CartesianIndex(6, 1) with a.
52     44     13         14.8643    35.4643    138.5872   % 
UB: 35.46428571428571
branching on CartesianIndex(1, 2) with a.
53     45     14         14.8643    35.4643    138.5872   % 
UB: 35.46428571428571
branching on CartesianIndex(2, 2) with a.
54     46     14         14.8643    35.4643    138.5872   % 
UB: 35.46428571428571
branching on CartesianIndex(1, 3) with a.
55     47     9          14.8643    35.4643    138.5872   % 
UB: 35.46428571428571
branching on CartesianIndex(2, 2) with a.
56     48     10         14.8643    35.4643    138.5872   % 
UB: 35.46428571428571
branching on CartesianIndex(3, 2) with a.
57     49     10         14.8643    35.4643    138.5872   % 
UB: 35.46428571428571
branching on CartesianIndex(1, 3) with a.
58     50     9          14.8643    35.4643    138.5872   % 
UB: 35.46428571428571
branching on CartesianIndex(2, 2) with a.
59     51     12         14.8643    35.4643    138.5872   % 
UB: 35.46428571428571
branching on CartesianIndex(2, 2) with a.
60     52     13         14.8643    35.4643    138.5872   % 
UB: 35.46428571428571
branching on 2 with b.
61     53     13         14.8643    35.4643    138.5872   % 
UB: 35.46428571428571
branching on CartesianIndex(1, 3) with a.
62     54     12         14.8643    35.4643    138.5872   % 
UB: 35.46428571428571
branching on CartesianIndex(1, 3) with a.
63     55     15         14.8643    35.4643    138.5872   % 
UB: 35.46428571428571
branching on 2 with b.
64     56     16         14.8643    35.4643    138.5872   % 
UB: 35.46428571428571
branching on CartesianIndex(1, 2) with a.
65     57     16         14.8643    35.4643    138.5872   % 
UB: 35.46428571428571
branching on 3 with b.
66     58     15         14.8643    35.4643    138.5872   % 
LB close or above UB, fathomed
67     57     12         14.8643    35.4643    138.5872   % 
UB: 35.46428571428571
branching on CartesianIndex(2, 2) with a.
68     58     13         14.8643    35.4643    138.5872   % 
UB: 35.46428571428571
branching on 2 with b.
69     59     14         14.8643    35.4643    138.5872   % 
UB: 35.46428571428571
branching on CartesianIndex(3, 2) with a.
70     60     15         14.8643    35.4643    138.5872   % 
UB: 35.46428571428571
branching on CartesianIndex(4, 2) with a.
71     61     16         14.8643    35.4643    138.5872   % 
UB: 35.46428571428571
branching on CartesianIndex(5, 2) with a.
72     62     17         14.8643    35.4643    138.5872   % 
UB: 35.46428571428571
branching on CartesianIndex(6, 2) with a.
73     63     17         14.8643    35.4643    138.5872   % 
UB: 35.46428571428571
branching on CartesianIndex(1, 3) with a.
74     64     16         14.8643    35.4643    138.5872   % 
UB: 35.46428571428571
branching on CartesianIndex(1, 3) with a.
75     65     15         14.8643    35.4643    138.5872   % 
UB: 35.46428571428571
branching on 3 with b.
76     66     14         14.8643    35.4643    138.5872   % 
UB: 35.46428571428571
branching on CartesianIndex(3, 2) with a.
77     67     13         14.8643    35.4643    138.5872   % 
UB: 35.46428571428571
branching on CartesianIndex(1, 3) with a.
78     68     12         14.8643    35.4643    138.5872   % 
UB: 35.46428571428571
branching on CartesianIndex(1, 3) with a.
79     69     11         14.8643    35.4643    138.5872   % 
UB: 35.46428571428571
branching on 1 with b.
80     70     12         14.8643    35.4643    138.5872   % 
UB: 35.46428571428571
branching on CartesianIndex(2, 2) with a.
81     71     13         14.8643    35.4643    138.5872   % 
UB: 35.46428571428571
branching on CartesianIndex(3, 2) with a.
82     72     14         14.8643    35.4643    138.5872   % 
UB: 35.46428571428571
branching on CartesianIndex(4, 2) with a.
83     73     15         14.8643    35.4643    138.5872   % 
UB: 35.46428571428571
branching on 2 with b.
84     74     16         14.8643    35.4643    138.5872   % 
UB: 35.46428571428571
branching on CartesianIndex(5, 2) with a.
85     75     17         14.8643    35.4643    138.5872   % 
UB: 35.46428571428571
branching on CartesianIndex(6, 2) with a.
86     76     18         14.8643    35.4643    138.5872   % 
UB: 35.46428571428571
branching on CartesianIndex(1, 3) with a.
87     77     18         14.8643    35.4643    138.5872   % 
UB: 35.46428571428571
branching on CartesianIndex(1, 3) with a.
88     78     17         14.8643    35.4643    138.5872   % 
UB: 35.46428571428571
branching on 3 with b.
89     79     16         14.8643    35.4643    138.5872   % 
UB: 35.46428571428571
branching on 3 with b.
90     80     15         14.8643    35.4643    138.5872   % 
UB: 35.46428571428571
branching on 2 with b.
91     81     14         14.8643    35.4643    138.5872   % 
UB: 35.46428571428571
branching on CartesianIndex(1, 3) with a.
92     82     13         14.8643    35.4643    138.5872   % 
UB: 35.46428571428571
branching on CartesianIndex(1, 3) with a.
93     83     12         14.8643    35.4643    138.5872   % 
UB: 35.46428571428571
branching on CartesianIndex(2, 2) with a.
94     84     11         14.8643    35.4643    138.5872   % 
UB: 35.46428571428571
branching on CartesianIndex(1, 3) with a.
95     85     18         14.8643    35.4643    138.5872   % 
UB: 35.46428571428571
branching on 3 with b.
96     86     18         14.8643    35.4643    138.5872   % 
UB: 35.46428571428571
branching on CartesianIndex(1, 3) with a.
97     87     15         16.9761    35.4643    108.9067   % 
UB: 35.46428571428571
branching on CartesianIndex(2, 2) with a.
98     88     15         16.9761    35.4643    108.9067   % 
UB: 35.46428571428571
branching on CartesianIndex(1, 3) with a.
99     89     9          17.7927    35.4643    99.3194    % 
UB: 35.46428571428571
branching on CartesianIndex(3, 2) with a.
100    90     10         17.7927    35.4643    99.3194    % 
UB: 35.46428571428571
branching on 2 with b.
101    91     11         17.7927    35.4643    99.3194    % 
UB: 35.46428571428571
branching on CartesianIndex(4, 2) with a.
102    92     12         17.7927    35.4643    99.3194    % 
UB: 35.46428571428571
branching on 3 with b.
103    93     13         17.7927    35.4643    99.3194    % 
UB: 35.46428571428571
branching on CartesianIndex(5, 2) with a.
104    94     13         17.7927    35.4643    99.3194    % 
UB: 35.46428571428571
branching on CartesianIndex(5, 2) with a.
105    95     12         17.7927    35.4643    99.3194    % 
UB: 35.46428571428571
branching on CartesianIndex(1, 3) with a.
106    96     13         17.7927    35.4643    99.3194    % 
UB: 35.46428571428571
branching on CartesianIndex(2, 3) with a.
107    97     14         17.7927    35.4643    99.3194    % 
UB: 35.46428571428571
branching on CartesianIndex(3, 3) with a.
108    98     15         17.7927    35.4643    99.3194    % 
UB: 35.46428571428571
branching on CartesianIndex(4, 3) with a.
109    99     16         17.7927    35.4643    99.3194    % 
UB: 35.46428571428571
branching on 3 with b.
110    100    16         17.7927    35.4643    99.3194    % 
UB: 35.46428571428571
branching on CartesianIndex(1, 4) with c.
111    101    15         17.7927    35.4643    99.3194    % 
LB close or above UB, fathomed
112    100    14         17.7927    35.4643    99.3194    % 
UB: 35.46428571428571
branching on 3 with b.
113    101    13         17.7927    35.4643    99.3194    % 
LB close or above UB, fathomed
114    100    11         17.7927    35.4643    99.3194    % 
UB: 35.46428571428571
branching on 3 with b.
115    101    10         17.7927    35.4643    99.3194    % 
UB: 35.46428571428571
branching on 2 with b.
116    102    9          17.7927    35.4643    99.3194    % 
UB: 35.46428571428571
branching on CartesianIndex(1, 3) with a.
117    103    13         17.8071    35.4643    99.1580    % 
UB: 35.46428571428571
branching on CartesianIndex(2, 2) with a.
118    104    14         17.8071    35.4643    99.1580    % 
UB: 35.46428571428571
branching on 1 with b.
119    105    14         17.8071    35.4643    99.1580    % 
UB: 35.46428571428571
branching on CartesianIndex(1, 3) with a.
120    106    13         17.8071    35.4643    99.1580    % 
UB: 35.46428571428571
branching on CartesianIndex(1, 3) with a.
121    107    17         17.8071    35.4643    99.1576    % 
UB: 35.46428571428571
branching on CartesianIndex(5, 2) with a.
122    108    18         17.8071    35.4643    99.1576    % 
UB: 35.46428571428571
branching on CartesianIndex(6, 2) with a.
123    109    18         17.8071    35.4643    99.1576    % 
UB: 35.46428571428571
branching on CartesianIndex(1, 3) with a.
124    110    17         17.8071    35.4643    99.1576    % 
LB close or above UB, fathomed
125    109    14         17.8071    35.4643    99.1576    % 
UB: 35.46428571428571
branching on 1 with b.
126    110    14         17.8071    35.4643    99.1576    % 
LB close or above UB, fathomed
127    109    14         17.8071    35.4643    99.1576    % 
UB: 35.46428571428571
branching on CartesianIndex(6, 2) with a.
128    110    14         17.8071    35.4643    99.1576    % 
UB: 35.46428571428571
branching on 1 with b.
129    111    15         17.8071    35.4643    99.1576    % 
UB: 35.46428571428571
branching on CartesianIndex(4, 2) with a.
130    112    16         17.8071    35.4643    99.1576    % 
UB: 35.46428571428571
branching on CartesianIndex(5, 2) with a.
131    113    17         17.8071    35.4643    99.1576    % 
UB: 35.46428571428571
branching on CartesianIndex(6, 2) with a.
132    114    17         17.8071    35.4643    99.1576    % 
UB: 35.46428571428571
branching on CartesianIndex(1, 3) with a.
133    115    16         17.8071    35.4643    99.1576    % 
UB: 35.46428571428571
branching on CartesianIndex(1, 3) with a.
134    116    15         17.8071    35.4643    99.1576    % 
UB: 35.46428571428571
branching on CartesianIndex(1, 3) with a.
135    117    11         17.8071    35.4643    99.1576    % 
UB: 35.46428571428571
branching on 3 with b.
136    118    12         17.8071    35.4643    99.1576    % 
UB: 35.46428571428571
branching on CartesianIndex(2, 3) with a.
137    119    13         17.8071    35.4643    99.1576    % 
UB: 35.46428571428571
branching on CartesianIndex(3, 3) with a.
138    120    13         17.8071    35.4643    99.1576    % 
LB close or above UB, fathomed
139    119    12         17.8071    35.4643    99.1576    % 
UB: 35.46428571428571
branching on CartesianIndex(2, 3) with a.
140    120    11         17.8071    35.4643    99.1576    % 
LB close or above UB, fathomed
141    119    11         17.8071    35.4643    99.1576    % 
UB: 35.46428571428571
branching on 3 with b.
142    120    12         17.8071    35.4643    99.1576    % 
UB: 35.46428571428571
branching on CartesianIndex(4, 2) with a.
143    121    13         17.8071    35.4643    99.1576    % 
UB: 35.46428571428571
branching on CartesianIndex(5, 2) with a.
144    122    13         17.8071    35.4643    99.1576    % 
UB: 35.46428571428571
branching on CartesianIndex(1, 3) with a.
145    123    12         17.8071    35.4643    99.1576    % 
UB: 35.46428571428571
branching on CartesianIndex(4, 2) with a.
146    124    11         17.8071    35.4643    99.1576    % 
UB: 35.46428571428571
branching on CartesianIndex(1, 3) with a.
147    125    15         17.8071    35.4643    99.1576    % 
UB: 35.46428571428571
branching on CartesianIndex(3, 2) with a.
148    126    16         17.8071    35.4643    99.1576    % 
UB: 35.46428571428571
branching on 1 with b.
149    127    17         17.8071    35.4643    99.1576    % 
UB: 35.46428571428571
branching on CartesianIndex(4, 2) with a.
150    128    17         17.8071    35.4643    99.1576    % 
UB: 35.46428571428571
branching on CartesianIndex(4, 2) with a.
151    129    16         17.8071    35.4643    99.1576    % 
UB: 35.46428571428571
branching on CartesianIndex(1, 3) with a.
152    130    15         17.8071    35.4643    99.1576    % 
UB: 35.46428571428571
branching on CartesianIndex(1, 3) with a.
153    131    7          17.8071    35.4643    99.1576    % 
UB: 35.46428571428571
branching on 2 with b.
154    132    8          17.8071    35.4643    99.1576    % 
UB: 35.46428571428571
branching on 3 with b.
155    133    9          17.8071    35.4643    99.1576    % 
UB: 35.46428571428571
branching on CartesianIndex(2, 1) with a.
156    134    10         17.8071    35.4643    99.1576    % 
UB: 35.46428571428571
branching on 1 with b.
157    135    11         17.8071    35.4643    99.1576    % 
UB: 35.46428571428571
branching on CartesianIndex(3, 1) with a.
158    136    12         17.8071    35.4643    99.1576    % 
UB: 35.46428571428571
branching on CartesianIndex(4, 1) with a.
159    137    13         17.8071    35.4643    99.1576    % 
UB: 35.46428571428571
branching on 2 with b.
160    138    14         17.8071    35.4643    99.1576    % 
UB: 35.46428571428571
branching on 3 with b.
161    139    14         17.8071    35.4643    99.1576    % 
UB: 35.46428571428571
branching on CartesianIndex(5, 1) with a.
162    140    13         17.8071    35.4643    99.1576    % 
UB: 35.46428571428571
branching on CartesianIndex(1, 2) with a.
163    141    12         17.8071    35.4643    99.1576    % 
LB close or above UB, fathomed
164    140    11         17.8071    35.4643    99.1576    % 
LB close or above UB, fathomed
165    139    10         17.8071    35.4643    99.1576    % 
UB: 35.46428571428571
branching on CartesianIndex(1, 2) with a.
166    140    9          17.8071    35.4643    99.1576    % 
UB: 35.46428571428571
branching on 1 with b.
167    141    8          17.8071    35.4643    99.1576    % 
LB close or above UB, fathomed
168    140    7          17.8071    35.4643    99.1576    % 
LB close or above UB, fathomed
169    139    19         17.8071    35.4643    99.1576    % 
LB close or above UB, fathomed
170    138    19         17.8071    35.4643    99.1576    % 
UB: 35.46428571428571
branching on CartesianIndex(1, 3) with a.
171    139    20         17.8071    35.4643    99.1576    % 
UB: 35.46428571428571
branching on CartesianIndex(2, 3) with a.
172    140    21         17.8071    35.4643    99.1576    % 
UB: 35.46428571428571
branching on CartesianIndex(3, 3) with a.
173    141    21         17.8071    35.4643    99.1576    % 
LB close or above UB, fathomed
174    140    20         17.8071    35.4643    99.1576    % 
LB close or above UB, fathomed
175    139    19         17.8071    35.4643    99.1576    % 
UB: 35.46428571428571
branching on 3 with b.
176    140    20         17.8071    35.4643    99.1576    % 
UB: 35.46428571428571
branching on CartesianIndex(2, 3) with a.
177    141    21         17.8071    35.4643    99.1576    % 
UB: 35.46428571428571
branching on CartesianIndex(3, 3) with a.
178    142    21         17.8071    35.4643    99.1576    % 
UB: 35.46428571428571
branching on CartesianIndex(1, 4) with c.
179    143    20         17.8071    35.4643    99.1576    % 
LB close or above UB, fathomed
180    142    19         17.8071    35.4643    99.1576    % 
UB: 35.46428571428571
branching on CartesianIndex(1, 4) with c.
181    143    22         17.8071    35.4643    99.1576    % 
UB: 35.46428571428571
branching on CartesianIndex(4, 3) with a.
182    144    23         17.8071    35.4643    99.1576    % 
UB: 35.46428571428571
branching on CartesianIndex(5, 3) with a.
183    145    24         17.8071    35.4643    99.1576    % 
UB: 35.46428571428571
branching on CartesianIndex(6, 3) with a.
184    146    25         17.8071    35.4643    99.1576    % 
UB: 35.46428571428571
branching on CartesianIndex(1, 4) with c.
185    147    25         17.8071    35.4643    99.1576    % 
LB close or above UB, fathomed
186    146    24         17.8071    35.4643    99.1576    % 
LB close or above UB, fathomed
187    145    23         17.8071    35.4643    99.1576    % 
LB close or above UB, fathomed
188    144    22         17.8071    35.4643    99.1576    % 
LB close or above UB, fathomed
189    143    26         17.8071    35.4643    99.1576    % 
UB: 35.46428571428571
branching on CartesianIndex(2, 4) with c.
190    144    26         17.8071    35.4643    99.1576    % 
UB: 35.46428571428571
branching on CartesianIndex(1, 5) with c.
191    145    27         17.8071    35.4643    99.1576    % 
UB: 35.46428571428571
branching on CartesianIndex(2, 5) with c.
192    146    28         17.8071    35.4643    99.1576    % 
UB: 35.46428571428571
branching on CartesianIndex(1, 6) with c.
193    147    29         17.8071    35.4643    99.1576    % 
LB close or above UB, fathomed
194    146    29         17.8071    35.4643    99.1576    % 
UB: 35.46428571428571
branching on CartesianIndex(1, 7) with c.
195    147    30         17.8071    35.4643    99.1576    % 
UB: 35.46428571428571
branching on CartesianIndex(2, 7) with c.
196    148    31         17.8071    35.4643    99.1576    % 
LB close or above UB, fathomed
197    147    31         17.8071    35.4643    99.1576    % 
UB: 35.46428571428571
branching on 1 with b.
198    148    32         17.8071    35.4643    99.1576    % 
UB: 35.46428571428571
branching on 2 with b.
199    149    33         17.8071    35.4643    99.1576    % 
UB: 35.46428571428571
branching on 3 with b.
200    150    33         17.8071    35.4643    99.1576    % 
UB: 35.46428571428571
branching on 3 with b.
201    151    32         17.8071    35.4643    99.1576    % 
UB: 35.46428571428571
branching on 2 with b.
202    152    30         17.8071    35.4643    99.1576    % 
LB close or above UB, fathomed
203    151    28         17.8071    35.4643    99.1576    % 
LB close or above UB, fathomed
204    150    27         17.8071    35.4643    99.1576    % 
LB close or above UB, fathomed
205    149    13         18.2698    35.4643    94.1142    % 
UB: 35.46428571428571
branching on CartesianIndex(3, 3) with a.
206    150    13         18.2698    35.4643    94.1142    % 
UB: 35.46428571428571
branching on CartesianIndex(1, 4) with c.
207    151    17         20.7355    35.4643    71.0313    % 
UB: 35.46428571428571
branching on 1 with b.
208    152    17         20.7355    35.4643    71.0313    % 
UB: 35.46428571428571
branching on CartesianIndex(5, 3) with a.
209    153    15         20.7365    35.4643    71.0239    % 
UB: 35.46428571428571
branching on 2 with b.
210    154    16         20.7365    35.4643    71.0239    % 
UB: 35.46428571428571
branching on CartesianIndex(2, 2) with a.
211    155    17         20.7365    35.4643    71.0239    % 
UB: 35.46428571428571
branching on CartesianIndex(3, 2) with a.
212    156    18         20.7365    35.4643    71.0239    % 
UB: 35.46428571428571
branching on 3 with b.
213    157    19         20.7365    35.4643    71.0239    % 
LB close or above UB, fathomed
214    156    19         20.7365    35.4643    71.0239    % 
UB: 35.46428571428571
branching on CartesianIndex(4, 2) with a.
215    157    20         20.7365    35.4643    71.0239    % 
UB: 35.46428571428571
branching on CartesianIndex(5, 2) with a.
216    158    21         20.7365    35.4643    71.0239    % 
UB: 35.46428571428571
branching on CartesianIndex(6, 2) with a.
217    159    21         20.7365    35.4643    71.0239    % 
UB: 35.46428571428571
branching on 1 with b.
218    160    20         20.7365    35.4643    71.0239    % 
UB: 35.46428571428571
branching on CartesianIndex(1, 3) with a.
219    161    18         20.7365    35.4643    71.0239    % 
UB: 35.46428571428571
branching on CartesianIndex(1, 3) with a.
220    162    17         20.7365    35.4643    71.0239    % 
UB: 35.46428571428571
branching on CartesianIndex(1, 3) with a.
221    163    16         20.7365    35.4643    71.0239    % 
UB: 35.46428571428571
branching on CartesianIndex(2, 2) with a.
222    164    15         20.7365    35.4643    71.0239    % 
UB: 35.46428571428571
branching on CartesianIndex(1, 3) with a.
223    165    22         20.7365    35.4643    71.0239    % 
UB: 35.46428571428571
branching on CartesianIndex(1, 3) with a.
224    166    23         20.7365    35.4643    71.0239    % 
UB: 35.46428571428571
branching on CartesianIndex(2, 3) with a.
225    167    24         20.7365    35.4643    71.0239    % 
UB: 35.46428571428571
branching on 1 with b.
226    168    25         20.7365    35.4643    71.0239    % 
UB: 35.46428571428571
branching on CartesianIndex(3, 3) with a.
227    169    25         20.7365    35.4643    71.0239    % 
UB: 35.46428571428571
branching on 2 with b.
228    170    24         20.7365    35.4643    71.0239    % 
LB close or above UB, fathomed
229    169    23         20.7365    35.4643    71.0239    % 
LB close or above UB, fathomed
230    168    22         20.7365    35.4643    71.0239    % 
UB: 35.46428571428571
branching on 1 with b.
231    169    34         20.7500    35.4643    70.9122    % 
UB: 35.46428571428571
branching on 1 with b.
232    170    34         20.7500    35.4643    70.9122    % 
UB: 35.46428571428571
branching on 1 with b.
233    171    35         20.7500    35.4643    70.9122    % 
UB: 35.46428571428571
branching on 2 with b.
234    172    35         20.7500    35.4643    70.9122    % 
UB: 35.46428571428571
branching on 2 with b.
235    173    34         20.7500    35.4643    70.9122    % 
UB: 35.46428571428571
branching on 1 with b.
236    174    34         20.7500    35.4643    70.9122    % 
UB: 35.46428571428571
branching on 1 with b.
237    175    35         20.7500    35.4643    70.9122    % 
UB: 35.46428571428571
branching on 2 with b.
238    176    35         20.7500    35.4643    70.9122    % 
UB: 35.46428571428571
branching on 2 with b.
239    177    15         20.7500    35.4643    70.9122    % 
UB: 35.46428571428571
branching on CartesianIndex(6, 1) with a.
240    178    15         20.7500    35.4643    70.9122    % 
UB: 35.46428571428571
branching on 3 with b.
241    179    16         20.7500    35.4643    70.9122    % 
UB: 35.46428571428571
branching on CartesianIndex(2, 3) with a.
242    180    17         20.7500    35.4643    70.9122    % 
UB: 35.46428571428571
branching on CartesianIndex(3, 3) with a.
243    181    17         20.7500    35.4643    70.9122    % 
UB: 35.46428571428571
branching on CartesianIndex(1, 4) with c.
244    182    16         20.7500    35.4643    70.9122    % 
LB close or above UB, fathomed
245    181    18         20.7500    35.4643    70.9122    % 
UB: 35.46428571428571
branching on 2 with b.
246    182    19         20.7500    35.4643    70.9122    % 
UB: 35.46428571428571
branching on 3 with b.
247    183    19         20.7500    35.4643    70.9122    % 
UB: 35.46428571428571
branching on 3 with b.
248    184    18         20.7500    35.4643    70.9122    % 
LB close or above UB, fathomed
249    183    18         20.7500    35.4643    70.9122    % 
UB: 35.46428571428571
branching on CartesianIndex(5, 2) with a.
250    184    19         20.7500    35.4643    70.9122    % 
UB: 35.46428571428571
branching on CartesianIndex(6, 2) with a.
251    185    20         20.7500    35.4643    70.9122    % 
UB: 35.46428571428571
branching on CartesianIndex(1, 3) with a.
252    186    21         20.7500    35.4643    70.9122    % 
UB: 35.46428571428571
branching on CartesianIndex(2, 3) with a.
253    187    22         20.7500    35.4643    70.9122    % 
UB: 35.46428571428571
branching on CartesianIndex(3, 3) with a.
254    188    22         20.7500    35.4643    70.9122    % 
UB: 35.46428571428571
branching on 2 with b.
255    189    21         20.7500    35.4643    70.9122    % 
LB close or above UB, fathomed
256    188    20         20.7500    35.4643    70.9122    % 
UB: 35.46428571428571
branching on 2 with b.
257    189    19         20.7500    35.4643    70.9122    % 
UB: 35.46428571428571
branching on CartesianIndex(1, 3) with a.
258    190    18         20.7500    35.4643    70.9122    % 
UB: 35.46428571428571
branching on CartesianIndex(1, 3) with a.
259    191    13         20.7500    35.4643    70.9122    % 
UB: 35.46428571428571
branching on 1 with b.
260    192    14         20.7500    35.4643    70.9122    % 
UB: 35.46428571428571
branching on CartesianIndex(5, 2) with a.
261    193    15         20.7500    35.4643    70.9122    % 
UB: 35.46428571428571
branching on CartesianIndex(6, 2) with a.
262    194    16         20.7500    35.4643    70.9122    % 
UB: 35.46428571428571
branching on CartesianIndex(1, 3) with a.
263    195    16         20.7500    35.4643    70.9122    % 
UB: 35.46428571428571
branching on CartesianIndex(1, 3) with a.
264    196    15         20.7500    35.4643    70.9122    % 
UB: 35.46428571428571
branching on CartesianIndex(1, 3) with a.
265    197    14         20.7500    35.4643    70.9122    % 
UB: 35.46428571428571
branching on 2 with b.
266    198    13         20.7500    35.4643    70.9122    % 
UB: 35.46428571428571
branching on 1 with b.
267    199    14         20.7500    35.4643    70.9122    % 
UB: 35.46428571428571
branching on CartesianIndex(6, 2) with a.
268    200    15         20.7500    35.4643    70.9122    % 
UB: 35.46428571428571
branching on 1 with b.
269    201    15         20.7500    35.4643    70.9122    % 
UB: 35.46428571428571
branching on CartesianIndex(1, 3) with a.
270    202    14         20.7500    35.4643    70.9122    % 
UB: 35.46428571428571
branching on CartesianIndex(1, 3) with a.
271    203    14         20.7500    35.4643    70.9122    % 
UB: 35.46428571428571
branching on CartesianIndex(4, 3) with a.
272    204    15         20.7500    35.4643    70.9122    % 
UB: 35.46428571428571
branching on CartesianIndex(5, 3) with a.
273    205    16         20.7500    35.4643    70.9122    % 
UB: 35.46428571428571
branching on CartesianIndex(6, 3) with a.
274    206    17         20.7500    35.4643    70.9122    % 
UB: 35.46428571428571
branching on CartesianIndex(1, 4) with c.
275    207    17         20.7500    35.4643    70.9122    % 
LB close or above UB, fathomed
276    206    16         20.7500    35.4643    70.9122    % 
LB close or above UB, fathomed
277    205    15         20.7500    35.4643    70.9122    % 
UB: 35.46428571428571
branching on 1 with b.
278    206    14         20.7500    35.4643    70.9122    % 
LB close or above UB, fathomed
279    205    18         20.7500    35.4643    70.9122    % 
UB: 35.46428571428571
branching on CartesianIndex(1, 3) with a.
280    206    18         20.7500    35.4643    70.9122    % 
UB: 35.46428571428571
branching on CartesianIndex(1, 3) with a.
281    207    15         20.7500    35.4643    70.9122    % 
UB: 35.46428571428571
branching on CartesianIndex(1, 2) with a.
282    208    15         20.7500    35.4643    70.9122    % 
UB: 35.46428571428571
branching on CartesianIndex(1, 2) with a.
283    209    16         20.7500    35.4643    70.9122    % 
UB: 35.46428571428571
branching on CartesianIndex(2, 2) with a.
284    210    16         20.7500    35.4643    70.9122    % 
UB: 35.46428571428571
branching on CartesianIndex(1, 3) with a.
285    211    19         20.7500    35.4643    70.9122    % 
UB: 35.46428571428571
branching on CartesianIndex(1, 3) with a.
286    212    19         20.7500    35.4643    70.9122    % 
UB: 35.46428571428571
branching on CartesianIndex(1, 3) with a.
287    213    16         20.7500    35.4643    70.9122    % 
UB: 35.46428571428571
branching on CartesianIndex(1, 3) with a.
288    214    17         20.7500    35.4643    70.9122    % 
UB: 35.46428571428571
branching on CartesianIndex(2, 3) with a.
289    215    18         20.7500    35.4643    70.9122    % 
UB: 35.46428571428571
branching on 3 with b.
290    216    18         20.7500    35.4643    70.9122    % 
UB: 35.46428571428571
branching on 3 with b.
291    217    17         20.7500    35.4643    70.9122    % 
LB close or above UB, fathomed
292    216    16         20.7500    35.4643    70.9122    % 
UB: 35.46428571428571
branching on 3 with b.
293    217    15         20.7500    35.4643    70.9122    % 
UB: 35.46428571428571
branching on CartesianIndex(2, 2) with a.
294    218    16         20.7500    35.4643    70.9122    % 
UB: 35.46428571428571
branching on CartesianIndex(3, 2) with a.
295    219    17         20.7500    35.4643    70.9122    % 
UB: 35.46428571428571
branching on CartesianIndex(4, 2) with a.
296    220    18         20.7500    35.4643    70.9122    % 
UB: 35.46428571428571
branching on CartesianIndex(5, 2) with a.
297    221    19         20.7500    35.4643    70.9122    % 
UB: 35.46428571428571
branching on 2 with b.
298    222    20         20.7500    35.4643    70.9122    % 
UB: 35.46428571428571
branching on CartesianIndex(6, 2) with a.
299    223    20         20.7500    35.4643    70.9122    % 
UB: 35.46428571428571
branching on 3 with b.
300    224    19         20.7500    35.4643    70.9122    % 
UB: 35.46428571428571
branching on 2 with b.
301    225    18         20.7500    35.4643    70.9122    % 
LB close or above UB, fathomed
302    224    17         20.7500    35.4643    70.9122    % 
LB close or above UB, fathomed
303    223    16         20.7500    35.4643    70.9122    % 
UB: 35.46428571428571
branching on CartesianIndex(1, 3) with a.
304    224    15         20.7500    35.4643    70.9122    % 
UB: 35.46428571428571
branching on CartesianIndex(1, 3) with a.
305    225    15         20.7500    35.4643    70.9122    % 
UB: 35.46428571428571
branching on 2 with b.
306    226    15         20.7500    35.4643    70.9122    % 
LB close or above UB, fathomed
307    225    9          20.7500    35.4643    70.9122    % 
UB: 35.46428571428571
branching on 3 with b.
308    226    9          20.7500    35.4643    70.9122    % 
UB: 35.46428571428571
branching on 3 with b.
309    227    17         20.7500    35.4643    70.9122    % 
UB: 35.46428571428571
branching on CartesianIndex(2, 3) with a.
310    228    17         20.7500    35.4643    70.9122    % 
UB: 35.46428571428571
branching on CartesianIndex(1, 4) with c.
311    229    20         20.7500    35.4643    70.9122    % 
UB: 35.46428571428571
branching on CartesianIndex(5, 2) with a.
312    230    21         20.7500    35.4643    70.9122    % 
UB: 35.46428571428571
branching on CartesianIndex(6, 2) with a.
313    231    22         20.7500    35.4643    70.9122    % 
UB: 35.46428571428571
branching on CartesianIndex(1, 3) with a.
314    232    22         20.7500    35.4643    70.9122    % 
UB: 35.46428571428571
branching on 1 with b.
315    233    21         20.7500    35.4643    70.9122    % 
LB close or above UB, fathomed
316    232    20         20.7500    35.4643    70.9122    % 
LB close or above UB, fathomed
317    231    18         20.7500    35.4643    70.9122    % 
LB close or above UB, fathomed
318    230    18         20.7500    35.4643    70.9122    % 
UB: 35.46428571428571
branching on CartesianIndex(5, 3) with a.
319    231    19         20.7500    35.4643    70.9122    % 
UB: 35.46428571428571
branching on CartesianIndex(6, 3) with a.
320    232    20         20.7500    35.4643    70.9122    % 
UB: 35.46428571428571
branching on CartesianIndex(1, 4) with c.
321    233    20         20.7500    35.4643    70.9122    % 
LB close or above UB, fathomed
322    232    19         20.7500    35.4643    70.9122    % 
LB close or above UB, fathomed
323    231    15         20.7500    35.4643    70.9122    % 
UB: 35.46428571428571
branching on CartesianIndex(1, 3) with a.
324    232    15         20.7500    35.4643    70.9122    % 
UB: 35.46428571428571
branching on CartesianIndex(1, 3) with a.
325    233    11         20.7500    35.4643    70.9122    % 
UB: 35.46428571428571
branching on 3 with b.
326    234    11         20.7500    35.4643    70.9122    % 
UB: 35.46428571428571
branching on CartesianIndex(1, 3) with a.
327    235    12         20.7500    35.4643    70.9122    % 
UB: 35.46428571428571
branching on 3 with b.
328    236    13         20.7500    35.4643    70.9122    % 
UB: 35.46428571428571
branching on 1 with b.
329    237    13         20.7500    35.4643    70.9122    % 
UB: 35.46428571428571
branching on 1 with b.
330    238    12         20.7500    35.4643    70.9122    % 
LB close or above UB, fathomed
331    237    14         20.7500    35.4643    70.9122    % 
UB: 35.46428571428571
branching on 1 with b.
332    238    15         20.7500    35.4643    70.9122    % 
LB close or above UB, fathomed
333    237    15         20.7500    35.4643    70.9122    % 
UB: 35.46428571428571
branching on CartesianIndex(6, 2) with a.
334    238    16         20.7500    35.4643    70.9122    % 
UB: 35.46428571428571
branching on CartesianIndex(1, 3) with a.
335    239    16         20.7500    35.4643    70.9122    % 
UB: 35.46428571428571
branching on CartesianIndex(1, 3) with a.
336    240    14         20.7500    35.4643    70.9122    % 
UB: 35.46428571428571
branching on CartesianIndex(1, 3) with a.
337    241    17         20.7500    35.4643    70.9122    % 
UB: 35.46428571428571
branching on CartesianIndex(2, 3) with a.
338    242    18         20.7500    35.4643    70.9122    % 
UB: 35.46428571428571
branching on CartesianIndex(3, 3) with a.
339    243    19         20.7500    35.4643    70.9122    % 
UB: 35.46428571428571
branching on CartesianIndex(4, 3) with a.
340    244    20         20.7500    35.4643    70.9122    % 
UB: 35.46428571428571
branching on CartesianIndex(5, 3) with a.
341    245    21         20.7500    35.4643    70.9122    % 
UB: 35.46428571428571
branching on CartesianIndex(6, 3) with a.
342    246    22         20.7500    35.4643    70.9122    % 
UB: 35.46428571428571
branching on 3 with b.
343    247    22         20.7500    35.4643    70.9122    % 
LB close or above UB, fathomed
344    246    21         20.7500    35.4643    70.9122    % 
LB close or above UB, fathomed
345    245    20         20.7500    35.4643    70.9122    % 
LB close or above UB, fathomed
346    244    19         20.7500    35.4643    70.9122    % 
LB close or above UB, fathomed
347    243    18         20.7500    35.4643    70.9122    % 
LB close or above UB, fathomed
348    242    17         20.7500    35.4643    70.9122    % 
LB close or above UB, fathomed
349    241    17         20.7500    35.4643    70.9122    % 
UB: 35.46428571428571
branching on CartesianIndex(1, 2) with a.
350    242    17         20.7500    35.4643    70.9122    % 
UB: 35.46428571428571
branching on 1 with b.
351    243    10         20.7500    35.4643    70.9122    % 
UB: 35.46428571428571
branching on CartesianIndex(1, 2) with a.
352    244    10         20.7500    35.4643    70.9122    % 
UB: 35.46428571428571
branching on CartesianIndex(1, 2) with a.
353    245    21         20.7500    35.4643    70.9122    % 
UB: 35.46428571428571
branching on 3 with b.
354    246    21         20.7500    35.4643    70.9122    % 
UB: 35.46428571428571
branching on CartesianIndex(1, 3) with a.
355    247    20         20.7500    35.4643    70.9122    % 
UB: 35.46428571428571
branching on CartesianIndex(2, 3) with a.
356    248    21         20.7500    35.4643    70.9122    % 
UB: 35.46428571428571
branching on CartesianIndex(3, 3) with a.
357    249    21         20.7500    35.4643    70.9122    % 
UB: 35.46428571428571
branching on CartesianIndex(1, 4) with c.
358    250    20         20.7500    35.4643    70.9122    % 
LB close or above UB, fathomed
359    249    19         20.7500    35.4643    70.9122    % 
UB: 35.46428571428571
branching on CartesianIndex(2, 3) with a.
360    250    20         20.7500    35.4643    70.9122    % 
UB: 35.46428571428571
branching on CartesianIndex(3, 3) with a.
361    251    21         20.7500    35.4643    70.9122    % 
UB: 35.46428571428571
branching on CartesianIndex(4, 3) with a.
362    252    22         20.7500    35.4643    70.9122    % 
UB: 35.46428571428571
branching on CartesianIndex(5, 3) with a.
363    253    23         20.7500    35.4643    70.9122    % 
UB: 35.46428571428571
branching on 3 with b.
364    254    24         20.7500    35.4643    70.9122    % 
LB close or above UB, fathomed
365    253    24         20.7500    35.4643    70.9122    % 
UB: 35.46428571428571
branching on 1 with b.
366    254    25         20.7500    35.4643    70.9122    % 
UB: 35.46428571428571
branching on 2 with b.
367    255    26         20.7500    35.4643    70.9122    % 
UB: 35.46428571428571
branching on CartesianIndex(6, 3) with a.
368    256    27         20.7500    35.4643    70.9122    % 
UB: 35.46428571428571
branching on CartesianIndex(1, 4) with c.
369    257    27         20.7500    35.4643    70.9122    % 
LB close or above UB, fathomed
370    256    26         20.7500    35.4643    70.9122    % 
UB: 35.46428571428571
branching on CartesianIndex(6, 3) with a.
371    257    25         20.7500    35.4643    70.9122    % 
UB: 35.46428571428571
branching on CartesianIndex(6, 3) with a.
372    258    23         20.7500    35.4643    70.9122    % 
LB close or above UB, fathomed
373    257    22         20.7500    35.4643    70.9122    % 
LB close or above UB, fathomed
374    256    21         20.7500    35.4643    70.9122    % 
LB close or above UB, fathomed
375    255    20         20.7500    35.4643    70.9122    % 
LB close or above UB, fathomed
376    254    19         20.7500    35.4643    70.9122    % 
LB close or above UB, fathomed
377    253    28         20.7500    35.4643    70.9122    % 
UB: 35.46428571428571
branching on CartesianIndex(2, 4) with c.
378    254    28         20.7500    35.4643    70.9122    % 
UB: 35.46428571428571
branching on CartesianIndex(1, 5) with c.
379    255    23         20.7500    35.4643    70.9122    % 
LB close or above UB, fathomed
380    254    23         20.7500    35.4643    70.9122    % 
UB: 35.46428571428571
branching on CartesianIndex(1, 4) with c.
381    255    24         20.7500    35.4643    70.9122    % 
UB: 35.46428571428571
branching on 1 with b.
382    256    24         20.7500    35.4643    70.9122    % 
UB: 35.46428571428571
branching on CartesianIndex(1, 5) with c.
383    257    21         20.7500    35.4643    70.9122    % 
UB: 35.46428571428571
branching on CartesianIndex(2, 4) with c.
384    258    21         20.7500    35.4643    70.9122    % 
UB: 35.46428571428571
branching on 2 with b.
385    259    18         20.7500    35.4643    70.9122    % 
UB: 35.46428571428571
branching on CartesianIndex(2, 3) with a.
386    260    18         20.7500    35.4643    70.9122    % 
LB close or above UB, fathomed
387    259    29         20.7500    35.4643    70.9122    % 
UB: 35.46428571428571
branching on CartesianIndex(2, 5) with c.
388    260    30         20.7500    35.4643    70.9122    % 
UB: 35.46428571428571
branching on 3 with b.
389    261    31         20.7500    35.4643    70.9122    % 
UB: 35.46428571428571
branching on CartesianIndex(1, 6) with c.
390    262    31         20.7500    35.4643    70.9122    % 
UB: 35.46428571428571
branching on 1 with b.
391    263    30         20.7500    35.4643    70.9122    % 
LB close or above UB, fathomed
392    262    29         20.7500    35.4643    70.9122    % 
LB close or above UB, fathomed
393    261    22         20.7500    35.4643    70.9122    % 
UB: 35.46428571428571
branching on CartesianIndex(4, 3) with a.
394    262    23         20.7500    35.4643    70.9122    % 
UB: 35.46428571428571
branching on CartesianIndex(5, 3) with a.
395    263    24         20.7500    35.4643    70.9122    % 
UB: 35.46428571428571
branching on CartesianIndex(6, 3) with a.
396    264    25         20.7500    35.4643    70.9122    % 
UB: 35.46428571428571
branching on CartesianIndex(1, 4) with c.
397    265    26         20.7500    35.4643    70.9122    % 
LB close or above UB, fathomed
398    264    26         20.7500    35.4643    70.9122    % 
UB: 35.46428571428571
branching on CartesianIndex(1, 5) with c.
399    265    27         20.7500    35.4643    70.9122    % 
UB: 35.46428571428571
branching on CartesianIndex(2, 5) with c.
400    266    28         20.7500    35.4643    70.9122    % 
UB: 35.46428571428571
branching on CartesianIndex(1, 6) with c.
401    267    29         20.7500    35.4643    70.9122    % 
LB close or above UB, fathomed
402    266    29         20.7500    35.4643    70.9122    % 
UB: 35.46428571428571
branching on CartesianIndex(1, 7) with c.
403    267    30         20.7500    35.4643    70.9122    % 
UB: 35.46428571428571
branching on CartesianIndex(2, 7) with c.
404    268    31         20.7500    35.4643    70.9122    % 
LB close or above UB, fathomed
405    267    31         20.7500    35.4643    70.9122    % 
UB: 35.46428571428571
branching on 1 with b.
406    268    32         20.7500    35.4643    70.9122    % 
UB: 35.46428571428571
branching on 2 with b.
407    269    33         20.7500    35.4643    70.9122    % 
UB: 35.46428571428571
branching on 3 with b.
408    270    33         20.7500    35.4643    70.9122    % 
UB: 35.46428571428571
branching on 3 with b.
409    271    32         20.7500    35.4643    70.9122    % 
UB: 35.46428571428571
branching on 2 with b.
410    272    30         20.7500    35.4643    70.9122    % 
LB close or above UB, fathomed
411    271    28         20.7500    35.4643    70.9122    % 
LB close or above UB, fathomed
412    270    27         20.7500    35.4643    70.9122    % 
LB close or above UB, fathomed
413    269    25         20.7500    35.4643    70.9122    % 
LB close or above UB, fathomed
414    268    24         20.7500    35.4643    70.9122    % 
UB: 35.46428571428571
branching on CartesianIndex(1, 4) with c.
415    269    23         20.7500    35.4643    70.9122    % 
UB: 35.46428571428571
branching on CartesianIndex(1, 4) with c.
416    270    22         20.7500    35.4643    70.9122    % 
LB close or above UB, fathomed
417    269    22         20.7500    35.4643    70.9122    % 
UB: 35.46428571428571
branching on CartesianIndex(1, 5) with c.
418    270    23         20.7500    35.4643    70.9122    % 
UB: 35.46428571428571
branching on CartesianIndex(2, 5) with c.
419    271    24         20.7500    35.4643    70.9122    % 
UB: 35.46428571428571
branching on CartesianIndex(1, 6) with c.
420    272    25         20.7500    35.4643    70.9122    % 
LB close or above UB, fathomed
421    271    25         20.7500    35.4643    70.9122    % 
UB: 35.46428571428571
branching on 3 with b.
422    272    26         20.7500    35.4643    70.9122    % 
LB close or above UB, fathomed
423    271    26         20.7500    35.4643    70.9122    % 
UB: 35.46428571428571
branching on CartesianIndex(1, 7) with c.
424    272    27         20.7500    35.4643    70.9122    % 
UB: 35.46428571428571
branching on 1 with b.
425    273    28         20.7500    35.4643    70.9122    % 
LB close or above UB, fathomed
426    272    28         20.7500    35.4643    70.9122    % 
UB: 35.46428571428571
branching on CartesianIndex(2, 7) with c.
427    273    27         20.7500    35.4643    70.9122    % 
LB close or above UB, fathomed
428    272    24         20.7500    35.4643    70.9122    % 
LB close or above UB, fathomed
429    271    23         20.7500    35.4643    70.9122    % 
LB close or above UB, fathomed
430    270    22         20.7500    35.4643    70.9122    % 
LB close or above UB, fathomed
431    269    25         20.7500    35.4643    70.9122    % 
UB: 35.46428571428571
branching on 1 with b.
432    270    25         20.7500    35.4643    70.9122    % 
LB close or above UB, fathomed
433    269    26         20.7500    35.4643    70.9122    % 
UB: 35.46428571428571
branching on CartesianIndex(2, 5) with c.
434    270    27         20.7500    35.4643    70.9122    % 
UB: 35.46428571428571
branching on CartesianIndex(1, 6) with c.
435    271    28         20.7500    35.4643    70.9122    % 
LB close or above UB, fathomed
436    270    28         20.7500    35.4643    70.9122    % 
UB: 35.46428571428571
branching on CartesianIndex(1, 7) with c.
437    271    29         20.7500    35.4643    70.9122    % 
UB: 35.46428571428571
branching on CartesianIndex(2, 7) with c.
438    272    30         20.7500    35.4643    70.9122    % 
LB close or above UB, fathomed
439    271    30         20.7500    35.4643    70.9122    % 
UB: 35.46428571428571
branching on 2 with b.
440    272    31         20.7500    35.4643    70.9122    % 
UB: 35.46428571428571
branching on 3 with b.
441    273    32         20.7500    35.4643    70.9122    % 
UB: 35.46428571428571
branching on 1 with b.
442    274    32         20.7500    35.4643    70.9122    % 
UB: 35.46428571428571
branching on 1 with b.
443    275    33         20.7500    35.4643    70.9122    % 
UB: 35.46428571428571
branching on 2 with b.
444    276    33         20.7500    35.4643    70.9122    % 
UB: 35.46428571428571
branching on 2 with b.
445    277    31         20.7500    35.4643    70.9122    % 
LB close or above UB, fathomed
446    276    29         20.7500    35.4643    70.9122    % 
LB close or above UB, fathomed
447    275    27         20.7500    35.4643    70.9122    % 
LB close or above UB, fathomed
448    274    26         20.7500    35.4643    70.9122    % 
LB close or above UB, fathomed
449    273    32         20.7500    35.4643    70.9122    % 
UB: 35.46428571428571
branching on CartesianIndex(1, 6) with c.
450    274    32         20.7500    35.4643    70.9122    % 
UB: 35.46428571428571
branching on CartesianIndex(1, 6) with c.
451    275    14         21.7310    35.4643    63.1971    % 
LB close or above UB, fathomed
452    274    14         21.7310    35.4643    63.1971    % 
UB: 35.46428571428571
branching on CartesianIndex(3, 2) with a.
453    275    4          23.6185    35.4643    50.1544    % 
LB close or above UB, fathomed
454    274    4          23.6185    35.4643    50.1544    % 
UB: 35.46428571428571
branching on CartesianIndex(1, 1) with a.
455    275    5          23.6185    35.4643    50.1544    % 
UB: 35.46428571428571
branching on CartesianIndex(2, 1) with a.
456    276    5          23.6185    35.4643    50.1544    % 
UB: 35.46428571428571
branching on CartesianIndex(1, 3) with a.
457    277    6          23.6185    35.4643    50.1544    % 
UB: 35.46428571428571
branching on 1 with b.
458    278    6          23.6185    35.4643    50.1544    % 
UB: 35.46428571428571
branching on 1 with b.
459    279    7          23.6185    35.4643    50.1544    % 
UB: 35.46428571428571
branching on 1 with b.
460    280    8          23.6185    35.4643    50.1544    % 
LB close or above UB, fathomed
461    279    8          23.6185    35.4643    50.1544    % 
UB: 35.46428571428571
branching on CartesianIndex(1, 3) with a.
462    280    7          23.6185    35.4643    50.1544    % 
LB close or above UB, fathomed
463    279    6          23.6429    35.4643    50.0000    % 
UB: 35.46428571428571
branching on CartesianIndex(2, 3) with a.
464    280    7          23.6429    35.4643    50.0000    % 
UB: 35.46428571428571
branching on 1 with b.
465    281    7          23.6429    35.4643    50.0000    % 
UB: 35.46428571428571
branching on 1 with b.
466    282    6          23.6429    35.4643    50.0000    % 
LB close or above UB, fathomed
467    281    5          23.6429    35.4643    50.0000    % 
UB: 35.46428571428571
branching on 1 with b.
468    282    6          23.6429    35.4643    50.0000    % 
UB: 35.46428571428571
branching on CartesianIndex(2, 1) with a.
469    283    6          23.6429    35.4643    50.0000    % 
UB: 35.46428571428571
branching on CartesianIndex(2, 1) with a.
470    284    5          23.6429    35.4643    50.0000    % 
LB close or above UB, fathomed
471    283    18         23.6784    35.4643    49.7748    % 
UB: 35.46428571428571
branching on CartesianIndex(6, 3) with a.
472    284    18         23.6784    35.4643    49.7748    % 
LB close or above UB, fathomed
473    283    26         23.6793    35.4643    49.7691    % 
UB: 35.46428571428571
branching on CartesianIndex(3, 3) with a.
474    284    26         23.6793    35.4643    49.7691    % 
UB: 35.46428571428571
branching on CartesianIndex(3, 3) with a.
475    285    27         23.6793    35.4643    49.7691    % 
UB: 35.46428571428571
branching on CartesianIndex(4, 3) with a.
476    286    28         23.6793    35.4643    49.7691    % 
UB: 35.46428571428571
branching on 3 with b.
477    287    29         23.6793    35.4643    49.7691    % 
LB close or above UB, fathomed
478    286    29         23.6793    35.4643    49.7691    % 
UB: 35.46428571428571
branching on CartesianIndex(5, 3) with a.
479    287    30         23.6793    35.4643    49.7691    % 
UB: 35.46428571428571
branching on CartesianIndex(6, 3) with a.
480    288    31         23.6793    35.4643    49.7691    % 
UB: 35.46428571428571
branching on CartesianIndex(1, 4) with c.
481    289    31         23.6793    35.4643    49.7691    % 
LB close or above UB, fathomed
482    288    30         23.6793    35.4643    49.7691    % 
LB close or above UB, fathomed
483    287    28         23.6793    35.4643    49.7691    % 
LB close or above UB, fathomed
484    286    27         23.6793    35.4643    49.7691    % 
LB close or above UB, fathomed
485    285    32         23.6929    35.4643    49.6834    % 
LB close or above UB, fathomed
486    284    32         23.6929    35.4643    49.6834    % 
UB: 35.46428571428571
branching on CartesianIndex(1, 5) with c.
487    285    17         23.6929    35.4643    49.6834    % 
UB: 35.46428571428571
branching on CartesianIndex(2, 3) with a.
488    286    18         23.6929    35.4643    49.6834    % 
UB: 35.46428571428571
branching on CartesianIndex(3, 3) with a.
489    287    19         23.6929    35.4643    49.6834    % 
UB: 35.46428571428571
branching on 2 with b.
490    288    20         23.6929    35.4643    49.6834    % 
UB: 35.46428571428571
branching on 3 with b.
491    289    20         23.6929    35.4643    49.6834    % 
UB: 35.46428571428571
branching on 3 with b.
492    290    19         23.6929    35.4643    49.6834    % 
LB close or above UB, fathomed
493    289    18         23.6929    35.4643    49.6834    % 
LB close or above UB, fathomed
494    288    17         23.6929    35.4643    49.6834    % 
LB close or above UB, fathomed
495    287    18         23.6929    35.4643    49.6834    % 
UB: 35.46428571428571
branching on CartesianIndex(3, 3) with a.
496    288    19         23.6929    35.4643    49.6834    % 
UB: 35.46428571428571
branching on CartesianIndex(4, 3) with a.
497    289    20         23.6929    35.4643    49.6834    % 
UB: 35.46428571428571
branching on CartesianIndex(5, 3) with a.
498    290    21         23.6929    35.4643    49.6834    % 
UB: 35.46428571428571
branching on 2 with b.
499    291    21         23.6929    35.4643    49.6834    % 
UB: 35.46428571428571
branching on CartesianIndex(1, 4) with c.
500    292    22         23.6929    35.4643    49.6834    % 
UB: 35.46428571428571
branching on CartesianIndex(2, 4) with c.
501    293    23         23.6929    35.4643    49.6834    % 
UB: 35.46428571428571
branching on CartesianIndex(1, 5) with c.
502    294    24         23.6929    35.4643    49.6834    % 
LB close or above UB, fathomed
503    293    24         23.6929    35.4643    49.6834    % 
UB: 35.46428571428571
branching on CartesianIndex(1, 6) with c.
504    294    23         23.6929    35.4643    49.6834    % 
LB close or above UB, fathomed
505    293    22         23.6929    35.4643    49.6834    % 
LB close or above UB, fathomed
506    292    20         23.6929    35.4643    49.6834    % 
UB: 35.46428571428571
branching on CartesianIndex(1, 4) with c.
507    293    19         23.6929    35.4643    49.6834    % 
UB: 35.46428571428571
branching on CartesianIndex(1, 4) with c.
508    294    18         23.6929    35.4643    49.6834    % 
UB: 35.46428571428571
branching on CartesianIndex(1, 4) with c.
509    295    10         23.6929    35.4643    49.6834    % 
UB: 35.46428571428571
branching on CartesianIndex(3, 1) with a.
510    296    11         23.6929    35.4643    49.6834    % 
UB: 35.46428571428571
branching on CartesianIndex(4, 1) with a.
511    297    12         23.6929    35.4643    49.6834    % 
UB: 35.46428571428571
branching on 1 with b.
512    298    13         23.6929    35.4643    49.6834    % 
UB: 35.46428571428571
branching on CartesianIndex(5, 1) with a.
513    299    14         23.6929    35.4643    49.6834    % 
LB close or above UB, fathomed
514    298    14         23.6929    35.4643    49.6834    % 
UB: 35.46428571428571
branching on CartesianIndex(1, 2) with a.
515    299    13         23.6929    35.4643    49.6834    % 
LB close or above UB, fathomed
516    298    12         23.6929    35.4643    49.6834    % 
LB close or above UB, fathomed
517    297    11         23.6929    35.4643    49.6834    % 
LB close or above UB, fathomed
518    296    10         23.6929    35.4643    49.6834    % 
UB: 35.46428571428571
branching on 1 with b.
519    297    11         23.6929    35.4643    49.6834    % 
UB: 35.46428571428571
branching on CartesianIndex(3, 1) with a.
520    298    11         23.6929    35.4643    49.6834    % 
LB close or above UB, fathomed
521    297    19         23.6929    35.4643    49.6834    % 
UB: 35.46428571428571
branching on CartesianIndex(3, 3) with a.
522    298    20         23.6929    35.4643    49.6834    % 
UB: 35.46428571428571
branching on CartesianIndex(4, 3) with a.
523    299    21         23.6929    35.4643    49.6834    % 
UB: 35.46428571428571
branching on CartesianIndex(5, 3) with a.
524    300    22         23.6929    35.4643    49.6834    % 
UB: 35.46428571428571
branching on 1 with b.
525    301    23         23.6929    35.4643    49.6834    % 
UB: 35.46428571428571
branching on CartesianIndex(6, 3) with a.
526    302    24         23.6929    35.4643    49.6834    % 
UB: 35.46428571428571
branching on CartesianIndex(1, 4) with c.
527    303    25         23.6929    35.4643    49.6834    % 
LB close or above UB, fathomed
528    302    25         23.6929    35.4643    49.6834    % 
UB: 35.46428571428571
branching on CartesianIndex(1, 5) with c.
529    303    24         23.6929    35.4643    49.6834    % 
LB close or above UB, fathomed
530    302    23         23.6929    35.4643    49.6834    % 
LB close or above UB, fathomed
531    301    22         23.6929    35.4643    49.6834    % 
LB close or above UB, fathomed
532    300    21         23.6929    35.4643    49.6834    % 
UB: 35.46428571428571
branching on CartesianIndex(1, 4) with c.
533    301    20         23.6929    35.4643    49.6834    % 
LB close or above UB, fathomed
534    300    19         23.6929    35.4643    49.6834    % 
LB close or above UB, fathomed
535    299    17         23.6929    35.4643    49.6834    % 
UB: 35.46428571428571
branching on CartesianIndex(3, 2) with a.
536    300    17         23.6929    35.4643    49.6834    % 
UB: 35.46428571428571
branching on CartesianIndex(1, 3) with a.
537    301    18         23.6929    35.4643    49.6834    % 
UB: 35.46428571428571
branching on CartesianIndex(2, 3) with a.
538    302    18         23.6929    35.4643    49.6834    % 
UB: 35.46428571428571
branching on CartesianIndex(1, 4) with c.
539    303    16         23.6929    35.4643    49.6834    % 
UB: 35.46428571428571
branching on 2 with b.
540    304    17         23.6929    35.4643    49.6834    % 
UB: 35.46428571428571
branching on CartesianIndex(1, 3) with a.
541    305    17         23.6929    35.4643    49.6834    % 
UB: 35.46428571428571
branching on 3 with b.
542    306    16         23.6929    35.4643    49.6834    % 
LB close or above UB, fathomed
543    305    17         23.6929    35.4643    49.6834    % 
UB: 35.46428571428571
branching on CartesianIndex(2, 3) with a.
544    306    18         23.6929    35.4643    49.6834    % 
UB: 35.46428571428571
branching on CartesianIndex(3, 3) with a.
545    307    18         23.6929    35.4643    49.6834    % 
UB: 35.46428571428571
branching on CartesianIndex(1, 4) with c.
546    308    17         23.6929    35.4643    49.6834    % 
LB close or above UB, fathomed
547    307    18         23.6929    35.4643    49.6834    % 
UB: 35.46428571428571
branching on CartesianIndex(4, 3) with a.
548    308    19         23.6929    35.4643    49.6834    % 
UB: 35.46428571428571
branching on CartesianIndex(5, 3) with a.
549    309    20         23.6929    35.4643    49.6834    % 
UB: 35.46428571428571
branching on CartesianIndex(6, 3) with a.
550    310    21         23.6929    35.4643    49.6834    % 
UB: 35.46428571428571
branching on CartesianIndex(1, 4) with c.
551    311    22         23.6929    35.4643    49.6834    % 
UB: 35.46428571428571
branching on CartesianIndex(2, 4) with c.
552    312    22         23.6929    35.4643    49.6834    % 
UB: 35.46428571428571
branching on CartesianIndex(1, 5) with c.
553    313    21         23.6929    35.4643    49.6834    % 
LB close or above UB, fathomed
554    312    20         23.6929    35.4643    49.6834    % 
LB close or above UB, fathomed
555    311    19         23.6929    35.4643    49.6834    % 
UB: 35.46428571428571
branching on CartesianIndex(1, 4) with c.
556    312    18         23.6929    35.4643    49.6834    % 
LB close or above UB, fathomed
557    311    16         23.6929    35.4643    49.6834    % 
UB: 35.46428571428571
branching on CartesianIndex(1, 2) with a.
558    312    16         23.6929    35.4643    49.6834    % 
UB: 35.46428571428571
branching on CartesianIndex(1, 2) with a.
559    313    10         23.6929    35.4643    49.6834    % 
UB: 35.46428571428571
branching on 2 with b.
560    314    11         23.6929    35.4643    49.6834    % 
UB: 35.46428571428571
branching on CartesianIndex(2, 1) with a.
561    315    11         23.6929    35.4643    49.6834    % 
UB: 35.46428571428571
branching on CartesianIndex(2, 1) with a.
562    316    10         23.6929    35.4643    49.6834    % 
LB close or above UB, fathomed
563    315    15         23.6929    35.4643    49.6834    % 
UB: 35.46428571428571
branching on CartesianIndex(5, 1) with a.
564    316    15         23.6929    35.4643    49.6834    % 
UB: 35.46428571428571
branching on CartesianIndex(5, 1) with a.
565    317    14         23.6929    35.4643    49.6834    % 
UB: 35.46428571428571
branching on CartesianIndex(2, 3) with a.
566    318    15         23.6929    35.4643    49.6834    % 
UB: 35.46428571428571
branching on CartesianIndex(3, 3) with a.
567    319    15         23.6929    35.4643    49.6834    % 
UB: 35.46428571428571
branching on CartesianIndex(1, 4) with c.
568    320    14         23.6929    35.4643    49.6834    % 
UB: 35.46428571428571
branching on CartesianIndex(1, 4) with c.
569    321    15         23.6929    35.4643    49.6834    % 
UB: 35.46428571428571
branching on CartesianIndex(2, 3) with a.
570    322    16         23.6929    35.4643    49.6834    % 
UB: 35.46428571428571
branching on 1 with b.
571    323    16         23.6929    35.4643    49.6834    % 
UB: 35.46428571428571
branching on CartesianIndex(1, 4) with c.
572    324    15         23.6929    35.4643    49.6834    % 
UB: 35.46428571428571
branching on CartesianIndex(1, 4) with c.
573    325    13         23.6929    35.4643    49.6834    % 
UB: 35.46428571428571
branching on CartesianIndex(3, 2) with a.
574    326    13         23.6929    35.4643    49.6834    % 
UB: 35.46428571428571
branching on CartesianIndex(1, 3) with a.
575    327    14         23.6929    35.4643    49.6834    % 
UB: 35.46428571428571
branching on CartesianIndex(2, 3) with a.
576    328    15         23.6929    35.4643    49.6834    % 
UB: 35.46428571428571
branching on CartesianIndex(3, 3) with a.
577    329    15         23.6929    35.4643    49.6834    % 
UB: 35.46428571428571
branching on 2 with b.
578    330    14         23.6929    35.4643    49.6834    % 
LB close or above UB, fathomed
579    329    14         23.6929    35.4643    49.6834    % 
UB: 35.46428571428571
branching on CartesianIndex(2, 3) with a.
580    330    15         23.6929    35.4643    49.6834    % 
UB: 35.46428571428571
branching on 2 with b.
581    331    16         23.6929    35.4643    49.6834    % 
UB: 35.46428571428571
branching on 3 with b.
582    332    17         23.6929    35.4643    49.6834    % 
LB close or above UB, fathomed
583    331    17         23.6929    35.4643    49.6834    % 
UB: 35.46428571428571
branching on 1 with b.
584    332    18         23.6929    35.4643    49.6834    % 
UB: 35.46428571428571
branching on CartesianIndex(3, 3) with a.
585    333    19         23.6929    35.4643    49.6834    % 
UB: 35.46428571428571
branching on CartesianIndex(4, 3) with a.
586    334    19         23.6929    35.4643    49.6834    % 
LB close or above UB, fathomed
587    333    18         23.6929    35.4643    49.6834    % 
UB: 35.46428571428571
branching on 2 with b.
588    334    16         23.6929    35.4643    49.6834    % 
UB: 35.46428571428571
branching on CartesianIndex(3, 3) with a.
589    335    15         23.6929    35.4643    49.6834    % 
LB close or above UB, fathomed
590    334    14         23.6929    35.4643    49.6834    % 
LB close or above UB, fathomed
591    333    13         23.6929    35.4643    49.6834    % 
UB: 35.46428571428571
branching on CartesianIndex(2, 3) with a.
592    334    14         23.6929    35.4643    49.6834    % 
UB: 35.46428571428571
branching on CartesianIndex(3, 3) with a.
593    335    15         23.6929    35.4643    49.6834    % 
UB: 35.46428571428571
branching on CartesianIndex(4, 3) with a.
594    336    15         23.6929    35.4643    49.6834    % 
LB close or above UB, fathomed
595    335    14         23.6929    35.4643    49.6834    % 
LB close or above UB, fathomed
596    334    13         23.6929    35.4643    49.6834    % 
LB close or above UB, fathomed
597    333    14         23.6929    35.4643    49.6834    % 
UB: 35.46428571428571
branching on 2 with b.
598    334    15         23.6929    35.4643    49.6834    % 
LB close or above UB, fathomed
599    333    15         23.6929    35.4643    49.6834    % 
UB: 35.46428571428571
branching on 3 with b.
600    334    14         23.6929    35.4643    49.6834    % 
LB close or above UB, fathomed
601    333    15         23.6929    35.4643    49.6834    % 
UB: 35.46428571428571
branching on CartesianIndex(2, 2) with a.
602    334    16         23.6929    35.4643    49.6834    % 
UB: 35.46428571428571
branching on 3 with b.
603    335    17         23.6929    35.4643    49.6834    % 
LB close or above UB, fathomed
604    334    17         23.6929    35.4643    49.6834    % 
UB: 35.46428571428571
branching on CartesianIndex(3, 2) with a.
605    335    16         23.6929    35.4643    49.6834    % 
UB: 35.46428571428571
branching on CartesianIndex(1, 3) with a.
606    336    15         23.6929    35.4643    49.6834    % 
LB close or above UB, fathomed
607    335    15         23.6929    35.4643    49.6834    % 
UB: 35.46428571428571
branching on CartesianIndex(2, 2) with a.
608    336    16         23.6929    35.4643    49.6834    % 
UB: 35.46428571428571
branching on CartesianIndex(3, 2) with a.
609    337    16         23.6929    35.4643    49.6834    % 
UB: 35.46428571428571
branching on 3 with b.
610    338    15         23.6929    35.4643    49.6834    % 
LB close or above UB, fathomed
611    337    7          23.6929    35.4643    49.6834    % 
UB: 35.46428571428571
branching on CartesianIndex(2, 3) with a.
612    338    8          23.6929    35.4643    49.6834    % 
UB: 35.46428571428571
branching on 1 with b.
613    339    9          23.6929    35.4643    49.6834    % 
UB: 35.46428571428571
branching on CartesianIndex(3, 3) with a.
614    340    10         23.6929    35.4643    49.6834    % 
UB: 35.46428571428571
branching on CartesianIndex(4, 3) with a.
615    341    11         23.6929    35.4643    49.6834    % 
UB: 35.46428571428571
branching on CartesianIndex(5, 3) with a.
616    342    12         23.6929    35.4643    49.6834    % 
UB: 35.46428571428571
branching on CartesianIndex(6, 3) with a.
617    343    13         23.6929    35.4643    49.6834    % 
UB: 35.46428571428571
branching on 1 with b.
618    344    13         23.6929    35.4643    49.6834    % 
LB close or above UB, fathomed
619    343    12         23.6929    35.4643    49.6834    % 
LB close or above UB, fathomed
620    342    11         23.6929    35.4643    49.6834    % 
UB: 35.46428571428571
branching on CartesianIndex(1, 4) with c.
621    343    12         23.6929    35.4643    49.6834    % 
UB: 35.46428571428571
branching on 1 with b.
622    344    12         23.6929    35.4643    49.6834    % 
LB close or above UB, fathomed
623    343    10         23.6929    35.4643    49.6834    % 
LB close or above UB, fathomed
624    342    9          23.6929    35.4643    49.6834    % 
UB: 35.46428571428571
branching on 1 with b.
625    343    8          23.6929    35.4643    49.6834    % 
UB: 35.46428571428571
branching on CartesianIndex(1, 4) with c.
626    344    7          23.6929    35.4643    49.6834    % 
LB close or above UB, fathomed
627    343    16         23.6929    35.4643    49.6834    % 
UB: 35.46428571428571
branching on CartesianIndex(5, 3) with a.
628    344    17         23.6929    35.4643    49.6834    % 
UB: 35.46428571428571
branching on CartesianIndex(6, 3) with a.
629    345    18         23.6929    35.4643    49.6834    % 
UB: 35.46428571428571
branching on CartesianIndex(1, 4) with c.
630    346    18         23.6929    35.4643    49.6834    % 
LB close or above UB, fathomed
631    345    17         23.6929    35.4643    49.6834    % 
LB close or above UB, fathomed
632    344    16         23.6929    35.4643    49.6834    % 
LB close or above UB, fathomed
633    343    20         23.6929    35.4643    49.6834    % 
UB: 35.46428571428571
branching on 2 with b.
634    344    21         23.6929    35.4643    49.6834    % 
UB: 35.46428571428571
branching on CartesianIndex(5, 3) with a.
635    345    21         23.6929    35.4643    49.6834    % 
UB: 35.46428571428571
branching on CartesianIndex(5, 3) with a.
636    346    20         23.6929    35.4643    49.6834    % 
LB close or above UB, fathomed
637    345    18         23.6929    35.4643    49.6834    % 
UB: 35.46428571428571
branching on CartesianIndex(2, 3) with a.
638    346    19         23.6929    35.4643    49.6834    % 
UB: 35.46428571428571
branching on CartesianIndex(3, 3) with a.
639    347    20         23.6929    35.4643    49.6834    % 
UB: 35.46428571428571
branching on CartesianIndex(4, 3) with a.
640    348    21         23.6929    35.4643    49.6834    % 
UB: 35.46428571428571
branching on CartesianIndex(5, 3) with a.
641    349    22         23.6929    35.4643    49.6834    % 
UB: 35.46428571428571
branching on CartesianIndex(6, 3) with a.
642    350    23         23.6929    35.4643    49.6834    % 
UB: 35.46428571428571
branching on CartesianIndex(1, 4) with c.
643    351    23         23.6929    35.4643    49.6834    % 
LB close or above UB, fathomed
644    350    22         23.6929    35.4643    49.6834    % 
LB close or above UB, fathomed
645    349    21         23.6929    35.4643    49.6834    % 
LB close or above UB, fathomed
646    348    20         23.6929    35.4643    49.6834    % 
LB close or above UB, fathomed
647    347    19         23.6929    35.4643    49.6834    % 
LB close or above UB, fathomed
648    346    18         23.6929    35.4643    49.6834    % 
LB close or above UB, fathomed
649    345    26         23.6929    35.4643    49.6834    % 
UB: 35.46428571428571
branching on CartesianIndex(2, 5) with c.
650    346    27         23.6929    35.4643    49.6834    % 
UB: 35.46428571428571
branching on 2 with b.
651    347    28         23.6929    35.4643    49.6834    % 
UB: 35.46428571428571
branching on CartesianIndex(1, 6) with c.
652    348    29         23.6929    35.4643    49.6834    % 
LB close or above UB, fathomed
653    347    29         23.6929    35.4643    49.6834    % 
UB: 35.46428571428571
branching on CartesianIndex(1, 7) with c.
654    348    30         23.6929    35.4643    49.6834    % 
UB: 35.46428571428571
branching on CartesianIndex(2, 7) with c.
655    349    31         23.6929    35.4643    49.6834    % 
LB close or above UB, fathomed
656    348    31         23.6929    35.4643    49.6834    % 
UB: 35.46428571428571
branching on 3 with b.
657    349    32         23.6929    35.4643    49.6834    % 
UB: 35.46428571428571
branching on 1 with b.
658    350    33         23.6929    35.4643    49.6834    % 
UB: 35.46428571428571
branching on 2 with b.
659    351    33         23.6929    35.4643    49.6834    % 
UB: 35.46428571428571
branching on 2 with b.
660    352    32         23.6929    35.4643    49.6834    % 
LB close or above UB, fathomed
661    351    30         23.6929    35.4643    49.6834    % 
LB close or above UB, fathomed
662    350    28         23.6929    35.4643    49.6834    % 
LB close or above UB, fathomed
663    349    27         23.6929    35.4643    49.6834    % 
LB close or above UB, fathomed
664    348    26         23.6929    35.4643    49.6834    % 
LB close or above UB, fathomed
665    347    25         23.6929    35.4643    49.6834    % 
UB: 35.46428571428571
branching on CartesianIndex(2, 6) with c.
666    348    26         23.6929    35.4643    49.6834    % 
UB: 35.46428571428571
branching on CartesianIndex(1, 7) with c.
667    349    27         23.6929    35.4643    49.6834    % 
UB: 35.46428571428571
branching on CartesianIndex(2, 7) with c.
668    350    28         23.6929    35.4643    49.6834    % 
LB close or above UB, fathomed
669    349    28         23.6929    35.4643    49.6834    % 
UB: 35.46428571428571
branching on 2 with b.
670    350    29         23.6929    35.4643    49.6834    % 
UB: 35.46428571428571
branching on 3 with b.
671    351    29         23.6929    35.4643    49.6834    % 
LB close or above UB, fathomed
672    350    27         23.6929    35.4643    49.6834    % 
LB close or above UB, fathomed
673    349    26         23.6929    35.4643    49.6834    % 
UB: 35.46428571428571
branching on CartesianIndex(1, 7) with c.
674    350    25         23.6929    35.4643    49.6834    % 
UB: 35.46428571428571
branching on CartesianIndex(1, 7) with c.
675    351    21         23.6929    35.4643    49.6834    % 
LB close or above UB, fathomed
676    350    21         23.6929    35.4643    49.6834    % 
UB: 35.46428571428571
branching on CartesianIndex(4, 3) with a.
677    351    22         23.6929    35.4643    49.6834    % 
UB: 35.46428571428571
branching on CartesianIndex(5, 3) with a.
678    352    23         23.6929    35.4643    49.6834    % 
UB: 35.46428571428571
branching on CartesianIndex(6, 3) with a.
679    353    24         23.6929    35.4643    49.6834    % 
UB: 35.46428571428571
branching on CartesianIndex(1, 4) with c.
680    354    24         23.6929    35.4643    49.6834    % 
LB close or above UB, fathomed
681    353    23         23.6929    35.4643    49.6834    % 
LB close or above UB, fathomed
682    352    22         23.6929    35.4643    49.6834    % 
LB close or above UB, fathomed
683    351    34         23.6929    35.4643    49.6834    % 
UB: 35.46428571428571
branching on 1 with b.
684    352    35         23.6929    35.4643    49.6834    % 
UB: 35.46428571428571
branching on 2 with b.
685    353    35         23.6929    35.4643    49.6834    % 
UB: 35.46428571428571
branching on 2 with b.
686    354    34         23.6929    35.4643    49.6834    % 
LB close or above UB, fathomed
687    353    19         23.6929    35.4643    49.6834    % 
UB: 35.46428571428571
branching on CartesianIndex(3, 3) with a.
688    354    20         23.6929    35.4643    49.6834    % 
UB: 35.46428571428571
branching on CartesianIndex(4, 3) with a.
689    355    21         23.6929    35.4643    49.6834    % 
UB: 35.46428571428571
branching on CartesianIndex(5, 3) with a.
690    356    22         23.6929    35.4643    49.6834    % 
UB: 35.46428571428571
branching on CartesianIndex(6, 3) with a.
691    357    23         23.6929    35.4643    49.6834    % 
UB: 35.46428571428571
branching on 3 with b.
692    358    23         23.6929    35.4643    49.6834    % 
LB close or above UB, fathomed
693    357    22         23.6929    35.4643    49.6834    % 
LB close or above UB, fathomed
694    356    21         23.6929    35.4643    49.6834    % 
LB close or above UB, fathomed
695    355    20         23.6929    35.4643    49.6834    % 
LB close or above UB, fathomed
696    354    19         23.6929    35.4643    49.6834    % 
LB close or above UB, fathomed
697    353    17         23.6929    35.4643    49.6834    % 
UB: 35.46428571428571
branching on CartesianIndex(2, 3) with a.
698    354    18         23.6929    35.4643    49.6834    % 
UB: 35.46428571428571
branching on CartesianIndex(3, 3) with a.
699    355    19         23.6929    35.4643    49.6834    % 
UB: 35.46428571428571
branching on CartesianIndex(4, 3) with a.
700    356    20         23.6929    35.4643    49.6834    % 
UB: 35.46428571428571
branching on 2 with b.
701    357    21         23.6929    35.4643    49.6834    % 
UB: 35.46428571428571
branching on CartesianIndex(5, 3) with a.
702    358    21         23.6929    35.4643    49.6834    % 
UB: 35.46428571428571
branching on CartesianIndex(5, 3) with a.
703    359    22         23.6929    35.4643    49.6834    % 
UB: 35.46428571428571
branching on CartesianIndex(6, 3) with a.
704    360    23         23.6929    35.4643    49.6834    % 
UB: 35.46428571428571
branching on CartesianIndex(1, 4) with c.
705    361    23         23.6929    35.4643    49.6834    % 
LB close or above UB, fathomed
706    360    22         23.6929    35.4643    49.6834    % 
LB close or above UB, fathomed
707    359    20         23.6929    35.4643    49.6834    % 
LB close or above UB, fathomed
708    358    19         23.6929    35.4643    49.6834    % 
LB close or above UB, fathomed
709    357    18         23.6929    35.4643    49.6834    % 
LB close or above UB, fathomed
710    356    17         23.6929    35.4643    49.6834    % 
LB close or above UB, fathomed
711    355    16         23.6929    35.4643    49.6834    % 
UB: 35.46428571428571
branching on CartesianIndex(2, 3) with a.
712    356    17         23.6929    35.4643    49.6834    % 
UB: 35.46428571428571
branching on 1 with b.
713    357    17         23.6929    35.4643    49.6834    % 
UB: 35.46428571428571
branching on CartesianIndex(1, 4) with c.
714    358    16         23.6929    35.4643    49.6834    % 
LB close or above UB, fathomed
715    357    16         23.6929    35.4643    49.6834    % 
UB: 35.46428571428571
branching on 1 with b.
716    358    17         23.6929    35.4643    49.6834    % 
LB close or above UB, fathomed
717    357    17         23.6929    35.4643    49.6834    % 
UB: 35.46428571428571
branching on CartesianIndex(2, 3) with a.
718    358    18         23.6929    35.4643    49.6834    % 
UB: 35.46428571428571
branching on CartesianIndex(3, 3) with a.
719    359    18         23.6929    35.4643    49.6834    % 
UB: 35.46428571428571
branching on 2 with b.
720    360    16         23.6929    35.4643    49.6834    % 
LB close or above UB, fathomed
721    359    17         23.6929    35.4643    49.6834    % 
UB: 35.46428571428571
branching on CartesianIndex(2, 3) with a.
722    360    18         23.6929    35.4643    49.6834    % 
UB: 35.46428571428571
branching on CartesianIndex(3, 3) with a.
723    361    19         23.6929    35.4643    49.6834    % 
UB: 35.46428571428571
branching on CartesianIndex(4, 3) with a.
724    362    19         23.6929    35.4643    49.6834    % 
LB close or above UB, fathomed
725    361    18         23.6929    35.4643    49.6834    % 
LB close or above UB, fathomed
726    360    17         23.6929    35.4643    49.6834    % 
LB close or above UB, fathomed
727    359    19         23.6929    35.4643    49.6834    % 
UB: 35.46428571428571
branching on 3 with b.
728    360    19         23.6929    35.4643    49.6834    % 
LB close or above UB, fathomed
729    359    16         23.6929    35.4643    49.6834    % 
UB: 35.46428571428571
branching on CartesianIndex(2, 3) with a.
730    360    17         23.6929    35.4643    49.6834    % 
UB: 35.46428571428571
branching on 1 with b.
731    361    18         23.6929    35.4643    49.6834    % 
UB: 35.46428571428571
branching on CartesianIndex(3, 3) with a.
732    362    18         23.6929    35.4643    49.6834    % 
UB: 35.46428571428571
branching on CartesianIndex(3, 3) with a.
733    363    17         23.6929    35.4643    49.6834    % 
LB close or above UB, fathomed
734    362    16         23.6929    35.4643    49.6834    % 
LB close or above UB, fathomed
735    361    23         23.6929    35.4643    49.6834    % 
UB: 35.46428571428571
branching on 2 with b.
736    362    24         23.6929    35.4643    49.6834    % 
UB: 35.46428571428571
branching on CartesianIndex(4, 3) with a.
737    363    25         23.6929    35.4643    49.6834    % 
UB: 35.46428571428571
branching on CartesianIndex(5, 3) with a.
738    364    26         23.6929    35.4643    49.6834    % 
UB: 35.46428571428571
branching on CartesianIndex(6, 3) with a.
739    365    27         23.6929    35.4643    49.6834    % 
UB: 35.46428571428571
branching on CartesianIndex(1, 4) with c.
740    366    28         23.6929    35.4643    49.6834    % 
LB close or above UB, fathomed
741    365    28         23.6929    35.4643    49.6834    % 
UB: 35.46428571428571
branching on CartesianIndex(1, 5) with c.
742    366    29         23.6929    35.4643    49.6834    % 
UB: 35.46428571428571
branching on 3 with b.
743    367    30         23.6929    35.4643    49.6834    % 
UB: 35.46428571428571
branching on CartesianIndex(2, 5) with c.
744    368    31         23.6929    35.4643    49.6834    % 
UB: 35.46428571428571
branching on CartesianIndex(1, 6) with c.
745    369    32         23.6929    35.4643    49.6834    % 
LB close or above UB, fathomed
746    368    32         23.6929    35.4643    49.6834    % 
UB: 35.46428571428571
branching on 1 with b.
747    369    33         23.6929    35.4643    49.6834    % 
UB: 35.46428571428571
branching on CartesianIndex(1, 7) with c.
748    370    33         23.6929    35.4643    49.6834    % 
UB: 35.46428571428571
branching on 2 with b.
749    371    31         23.6929    35.4643    49.6834    % 
LB close or above UB, fathomed
750    370    30         23.6929    35.4643    49.6834    % 
LB close or above UB, fathomed
751    369    29         23.6929    35.4643    49.6834    % 
LB close or above UB, fathomed
752    368    27         23.6929    35.4643    49.6834    % 
LB close or above UB, fathomed
753    367    26         23.6929    35.4643    49.6834    % 
LB close or above UB, fathomed
754    366    25         23.6929    35.4643    49.6834    % 
UB: 35.46428571428571
branching on 3 with b.
755    367    24         23.6929    35.4643    49.6834    % 
LB close or above UB, fathomed
756    366    23         23.6929    35.4643    49.6834    % 
LB close or above UB, fathomed
757    365    17         23.6929    35.4643    49.6834    % 
UB: 35.46428571428571
branching on CartesianIndex(3, 2) with a.
758    366    17         23.6929    35.4643    49.6834    % 
UB: 35.46428571428571
branching on CartesianIndex(1, 3) with a.
759    367    14         23.6929    35.4643    49.6834    % 
UB: 35.46428571428571
branching on 2 with b.
760    368    15         23.6929    35.4643    49.6834    % 
LB close or above UB, fathomed
761    367    15         23.6929    35.4643    49.6834    % 
UB: 35.46428571428571
branching on 3 with b.
762    368    14         23.6929    35.4643    49.6834    % 
UB: 35.46428571428571
branching on CartesianIndex(1, 3) with a.
763    369    19         23.6929    35.4643    49.6834    % 
UB: 35.46428571428571
branching on CartesianIndex(2, 3) with a.
764    370    19         23.6929    35.4643    49.6834    % 
LB close or above UB, fathomed
765    369    12         23.6929    35.4643    49.6834    % 
UB: 35.46428571428571
branching on CartesianIndex(4, 2) with a.
766    370    12         23.6929    35.4643    49.6834    % 
UB: 35.46428571428571
branching on CartesianIndex(4, 2) with a.
767    371    18         23.6929    35.4643    49.6834    % 
UB: 35.46428571428571
branching on CartesianIndex(2, 3) with a.
768    372    18         23.6929    35.4643    49.6834    % 
LB close or above UB, fathomed
769    371    22         23.6929    35.4643    49.6834    % 
UB: 35.46428571428571
branching on 1 with b.
770    372    23         23.6929    35.4643    49.6834    % 
UB: 35.46428571428571
branching on CartesianIndex(4, 3) with a.
771    373    23         23.6929    35.4643    49.6834    % 
UB: 35.46428571428571
branching on CartesianIndex(4, 3) with a.
772    374    22         23.6929    35.4643    49.6834    % 
LB close or above UB, fathomed
773    373    10         23.6929    35.4643    49.6834    % 
UB: 35.46428571428571
branching on CartesianIndex(3, 2) with a.
774    374    11         23.6929    35.4643    49.6834    % 
UB: 35.46428571428571
branching on 3 with b.
775    375    11         23.6929    35.4643    49.6834    % 
UB: 35.46428571428571
branching on CartesianIndex(1, 3) with a.
776    376    10         23.6929    35.4643    49.6834    % 
LB close or above UB, fathomed
777    375    24         23.6929    35.4643    49.6834    % 
UB: 35.46428571428571
branching on CartesianIndex(5, 3) with a.
778    376    25         23.6929    35.4643    49.6834    % 
UB: 35.46428571428571
branching on CartesianIndex(6, 3) with a.
779    377    26         23.6929    35.4643    49.6834    % 
UB: 35.46428571428571
branching on CartesianIndex(1, 4) with c.
780    378    27         23.6929    35.4643    49.6834    % 
LB close or above UB, fathomed
781    377    27         23.6929    35.4643    49.6834    % 
UB: 35.46428571428571
branching on CartesianIndex(1, 5) with c.
782    378    26         23.6929    35.4643    49.6834    % 
LB close or above UB, fathomed
783    377    25         23.6929    35.4643    49.6834    % 
LB close or above UB, fathomed
784    376    24         23.6929    35.4643    49.6834    % 
UB: 35.46428571428571
branching on CartesianIndex(1, 4) with c.
785    377    20         23.6929    35.4643    49.6834    % 
UB: 35.46428571428571
branching on CartesianIndex(3, 3) with a.
786    378    20         23.6929    35.4643    49.6834    % 
UB: 35.46428571428571
branching on CartesianIndex(1, 4) with c.
787    379    18         23.6929    35.4643    49.6834    % 
UB: 35.46428571428571
branching on CartesianIndex(2, 3) with a.
788    380    19         23.6929    35.4643    49.6834    % 
UB: 35.46428571428571
branching on CartesianIndex(3, 3) with a.
789    381    20         23.6929    35.4643    49.6834    % 
UB: 35.46428571428571
branching on CartesianIndex(4, 3) with a.
790    382    20         23.6929    35.4643    49.6834    % 
LB close or above UB, fathomed
791    381    19         23.6929    35.4643    49.6834    % 
LB close or above UB, fathomed
792    380    18         23.6929    35.4643    49.6834    % 
LB close or above UB, fathomed
793    379    24         23.6929    35.4643    49.6834    % 
UB: 35.46428571428571
branching on CartesianIndex(2, 4) with c.
794    380    24         23.6929    35.4643    49.6834    % 
UB: 35.46428571428571
branching on CartesianIndex(1, 5) with c.
795    381    24         23.6929    35.4643    49.6834    % 
LB close or above UB, fathomed
796    380    24         23.6929    35.4643    49.6834    % 
UB: 35.46428571428571
branching on CartesianIndex(1, 4) with c.
797    381    25         23.6929    35.4643    49.6834    % 
UB: 35.46428571428571
branching on CartesianIndex(2, 4) with c.
798    382    26         23.6929    35.4643    49.6834    % 
UB: 35.46428571428571
branching on CartesianIndex(1, 5) with c.
799    383    27         23.6929    35.4643    49.6834    % 
UB: 35.46428571428571
branching on CartesianIndex(2, 5) with c.
800    384    27         23.6929    35.4643    49.6834    % 
UB: 35.46428571428571
branching on CartesianIndex(1, 6) with c.
801    385    28         23.6929    35.4643    49.6834    % 
LB close or above UB, fathomed
802    384    28         23.6929    35.4643    49.6834    % 
UB: 35.46428571428571
branching on CartesianIndex(1, 7) with c.
803    385    29         23.6929    35.4643    49.6834    % 
UB: 35.46428571428571
branching on CartesianIndex(2, 7) with c.
804    386    30         23.6929    35.4643    49.6834    % 
LB close or above UB, fathomed
805    385    30         23.6929    35.4643    49.6834    % 
UB: 35.46428571428571
branching on 1 with b.
806    386    31         23.6929    35.4643    49.6834    % 
UB: 35.46428571428571
branching on 2 with b.
807    387    32         23.6929    35.4643    49.6834    % 
UB: 35.46428571428571
branching on 3 with b.
808    388    32         23.6929    35.4643    49.6834    % 
UB: 35.46428571428571
branching on 3 with b.
809    389    31         23.6929    35.4643    49.6834    % 
UB: 35.46428571428571
branching on 2 with b.
810    390    29         23.6929    35.4643    49.6834    % 
LB close or above UB, fathomed
811    389    26         23.6929    35.4643    49.6834    % 
LB close or above UB, fathomed
812    388    25         23.6929    35.4643    49.6834    % 
LB close or above UB, fathomed
813    387    24         23.6929    35.4643    49.6834    % 
LB close or above UB, fathomed
814    386    24         23.6929    35.4643    49.6834    % 
UB: 35.46428571428571
branching on CartesianIndex(1, 5) with c.
815    387    19         23.6929    35.4643    49.6834    % 
UB: 35.46428571428571
branching on CartesianIndex(1, 4) with c.
816    388    20         23.6929    35.4643    49.6834    % 
UB: 35.46428571428571
branching on CartesianIndex(2, 4) with c.
817    389    20         23.6929    35.4643    49.6834    % 
UB: 35.46428571428571
branching on 1 with b.
818    390    19         23.6929    35.4643    49.6834    % 
LB close or above UB, fathomed
819    389    34         23.6929    35.4643    49.6834    % 
UB: 35.46428571428571
branching on 1 with b.
820    390    35         23.6929    35.4643    49.6834    % 
UB: 35.46428571428571
branching on 2 with b.
821    391    35         23.6929    35.4643    49.6834    % 
UB: 35.46428571428571
branching on 2 with b.
822    392    34         23.6929    35.4643    49.6834    % 
LB close or above UB, fathomed
823    391    18         23.6929    35.4643    49.6834    % 
UB: 35.46428571428571
branching on CartesianIndex(2, 4) with c.
824    392    18         23.6929    35.4643    49.6834    % 
LB close or above UB, fathomed
825    391    21         23.6929    35.4643    49.6834    % 
LB close or above UB, fathomed
826    390    21         23.6929    35.4643    49.6834    % 
UB: 35.46428571428571
branching on CartesianIndex(1, 5) with c.
827    391    22         23.6929    35.4643    49.6834    % 
UB: 35.46428571428571
branching on CartesianIndex(2, 5) with c.
828    392    23         23.6929    35.4643    49.6834    % 
UB: 35.46428571428571
branching on CartesianIndex(1, 6) with c.
829    393    24         23.6929    35.4643    49.6834    % 
LB close or above UB, fathomed
830    392    24         23.6929    35.4643    49.6834    % 
UB: 35.46428571428571
branching on CartesianIndex(1, 7) with c.
831    393    25         23.6929    35.4643    49.6834    % 
UB: 35.46428571428571
branching on CartesianIndex(2, 7) with c.
832    394    26         23.6929    35.4643    49.6834    % 
LB close or above UB, fathomed
833    393    26         23.6929    35.4643    49.6834    % 
UB: 35.46428571428571
branching on 2 with b.
834    394    27         23.6929    35.4643    49.6834    % 
UB: 35.46428571428571
branching on 3 with b.
835    395    28         23.6929    35.4643    49.6834    % 
UB: 35.46428571428571
branching on 1 with b.
836    396    29         23.6929    35.4643    49.6834    % 
LB close or above UB, fathomed
837    395    29         23.6929    35.4643    49.6834    % 
UB: 35.46428571428571
branching on 2 with b.
838    396    28         23.6929    35.4643    49.6834    % 
LB close or above UB, fathomed
839    395    27         23.6929    35.4643    49.6834    % 
LB close or above UB, fathomed
840    394    25         23.6929    35.4643    49.6834    % 
LB close or above UB, fathomed
841    393    23         23.6929    35.4643    49.6834    % 
LB close or above UB, fathomed
842    392    22         23.6929    35.4643    49.6834    % 
LB close or above UB, fathomed
843    391    29         23.6929    35.4643    49.6834    % 
LB close or above UB, fathomed
844    390    29         23.6929    35.4643    49.6834    % 
UB: 35.46428571428571
branching on 2 with b.
845    391    30         23.6929    35.4643    49.6834    % 
UB: 35.46428571428571
branching on 3 with b.
846    392    31         23.6929    35.4643    49.6834    % 
LB close or above UB, fathomed
847    391    31         23.6929    35.4643    49.6834    % 
UB: 35.46428571428571
branching on 1 with b.
848    392    32         23.6929    35.4643    49.6834    % 
UB: 35.46428571428571
branching on 2 with b.
849    393    32         23.6929    35.4643    49.6834    % 
UB: 35.46428571428571
branching on 2 with b.
850    394    30         23.6929    35.4643    49.6834    % 
LB close or above UB, fathomed
851    393    17         23.6929    35.4643    49.6834    % 
UB: 35.46428571428571
branching on CartesianIndex(2, 3) with a.
852    394    17         23.6929    35.4643    49.6834    % 
LB close or above UB, fathomed
853    393    19         23.6929    35.4643    49.6834    % 
UB: 35.46428571428571
branching on CartesianIndex(2, 3) with a.
854    394    20         23.6929    35.4643    49.6834    % 
UB: 35.46428571428571
branching on CartesianIndex(3, 3) with a.
855    395    21         23.6929    35.4643    49.6834    % 
UB: 35.46428571428571
branching on CartesianIndex(4, 3) with a.
856    396    22         23.6929    35.4643    49.6834    % 
UB: 35.46428571428571
branching on CartesianIndex(5, 3) with a.
857    397    23         23.6929    35.4643    49.6834    % 
UB: 35.46428571428571
branching on CartesianIndex(6, 3) with a.
858    398    24         23.6929    35.4643    49.6834    % 
UB: 35.46428571428571
branching on 3 with b.
859    399    25         23.6929    35.4643    49.6834    % 
LB close or above UB, fathomed
860    398    25         23.6929    35.4643    49.6834    % 
UB: 35.46428571428571
branching on CartesianIndex(1, 4) with c.
861    399    26         23.6929    35.4643    49.6834    % 
UB: 35.46428571428571
branching on CartesianIndex(2, 4) with c.
862    400    26         23.6929    35.4643    49.6834    % 
UB: 35.46428571428571
branching on CartesianIndex(1, 5) with c.
863    401    24         23.6929    35.4643    49.6834    % 
LB close or above UB, fathomed
864    400    23         23.6929    35.4643    49.6834    % 
LB close or above UB, fathomed
865    399    22         23.6929    35.4643    49.6834    % 
LB close or above UB, fathomed
866    398    21         23.6929    35.4643    49.6834    % 
LB close or above UB, fathomed
867    397    20         23.6929    35.4643    49.6834    % 
LB close or above UB, fathomed
868    396    19         23.6929    35.4643    49.6834    % 
LB close or above UB, fathomed
869    395    19         23.6929    35.4643    49.6834    % 
UB: 35.46428571428571
branching on 3 with b.
870    396    20         23.6929    35.4643    49.6834    % 
UB: 35.46428571428571
branching on 1 with b.
871    397    21         23.6929    35.4643    49.6834    % 
UB: 35.46428571428571
branching on CartesianIndex(2, 3) with a.
872    398    21         23.6929    35.4643    49.6834    % 
LB close or above UB, fathomed
873    397    20         23.6929    35.4643    49.6834    % 
LB close or above UB, fathomed
874    396    19         23.6929    35.4643    49.6834    % 
LB close or above UB, fathomed
875    395    22         23.6929    35.4643    49.6834    % 
UB: 35.46428571428571
branching on CartesianIndex(3, 3) with a.
876    396    22         23.6929    35.4643    49.6834    % 
UB: 35.46428571428571
branching on CartesianIndex(1, 4) with c.
877    397    27         23.6929    35.4643    49.6834    % 
UB: 35.46428571428571
branching on CartesianIndex(2, 5) with c.
878    398    28         23.6929    35.4643    49.6834    % 
UB: 35.46428571428571
branching on CartesianIndex(1, 6) with c.
879    399    29         23.6929    35.4643    49.6834    % 
LB close or above UB, fathomed
880    398    29         23.6929    35.4643    49.6834    % 
UB: 35.46428571428571
branching on CartesianIndex(1, 7) with c.
881    399    30         23.6929    35.4643    49.6834    % 
UB: 35.46428571428571
branching on CartesianIndex(2, 7) with c.
882    400    31         23.6929    35.4643    49.6834    % 
LB close or above UB, fathomed
883    399    31         23.6929    35.4643    49.6834    % 
UB: 35.46428571428571
branching on 1 with b.
884    400    32         23.6929    35.4643    49.6834    % 
UB: 35.46428571428571
branching on 2 with b.
885    401    33         23.6929    35.4643    49.6834    % 
UB: 35.46428571428571
branching on 3 with b.
886    402    33         23.6929    35.4643    49.6834    % 
UB: 35.46428571428571
branching on 3 with b.
887    403    32         23.6929    35.4643    49.6834    % 
LB close or above UB, fathomed
888    402    30         23.6929    35.4643    49.6834    % 
LB close or above UB, fathomed
889    401    28         23.6929    35.4643    49.6834    % 
LB close or above UB, fathomed
890    400    27         23.6929    35.4643    49.6834    % 
LB close or above UB, fathomed
891    399    25         23.6929    35.4643    49.6834    % 
UB: 35.46428571428571
branching on CartesianIndex(2, 5) with c.
892    400    26         23.6929    35.4643    49.6834    % 
UB: 35.46428571428571
branching on 3 with b.
893    401    27         23.6929    35.4643    49.6834    % 
LB close or above UB, fathomed
894    400    27         23.6929    35.4643    49.6834    % 
UB: 35.46428571428571
branching on CartesianIndex(1, 6) with c.
895    401    28         23.6929    35.4643    49.6834    % 
LB close or above UB, fathomed
896    400    28         23.6929    35.4643    49.6834    % 
UB: 35.46428571428571
branching on CartesianIndex(1, 7) with c.
897    401    29         23.6929    35.4643    49.6834    % 
UB: 35.46428571428571
branching on CartesianIndex(2, 7) with c.
898    402    30         23.6929    35.4643    49.6834    % 
LB close or above UB, fathomed
899    401    30         23.6929    35.4643    49.6834    % 
UB: 35.46428571428571
branching on 1 with b.
900    402    31         23.6929    35.4643    49.6834    % 
UB: 35.46428571428571
branching on 2 with b.
901    403    32         23.6929    35.4643    49.6834    % 
UB: 35.46428571428571
branching on 3 with b.
902    404    32         23.6929    35.4643    49.6834    % 
UB: 35.46428571428571
branching on 3 with b.
903    405    31         23.6929    35.4643    49.6834    % 
LB close or above UB, fathomed
904    404    29         23.6929    35.4643    49.6834    % 
LB close or above UB, fathomed
905    403    26         23.6929    35.4643    49.6834    % 
LB close or above UB, fathomed
906    402    25         23.6929    35.4643    49.6834    % 
LB close or above UB, fathomed
907    401    28         23.6929    35.4643    49.6834    % 
UB: 35.46428571428571
branching on CartesianIndex(2, 5) with c.
908    402    29         23.6929    35.4643    49.6834    % 
UB: 35.46428571428571
branching on CartesianIndex(1, 6) with c.
909    403    30         23.6929    35.4643    49.6834    % 
LB close or above UB, fathomed
910    402    30         23.6929    35.4643    49.6834    % 
UB: 35.46428571428571
branching on 2 with b.
911    403    31         23.6929    35.4643    49.6834    % 
UB: 35.46428571428571
branching on CartesianIndex(1, 7) with c.
912    404    32         23.6929    35.4643    49.6834    % 
UB: 35.46428571428571
branching on CartesianIndex(2, 7) with c.
913    405    33         23.6929    35.4643    49.6834    % 
LB close or above UB, fathomed
914    404    33         23.6929    35.4643    49.6834    % 
UB: 35.46428571428571
branching on 3 with b.
915    405    34         23.6929    35.4643    49.6834    % 
UB: 35.46428571428571
branching on 1 with b.
916    406    35         23.6929    35.4643    49.6834    % 
UB: 35.46428571428571
branching on 2 with b.
917    407    35         23.6929    35.4643    49.6834    % 
UB: 35.46428571428571
branching on 2 with b.
918    408    34         23.6929    35.4643    49.6834    % 
LB close or above UB, fathomed
919    407    32         23.6929    35.4643    49.6834    % 
LB close or above UB, fathomed
920    406    31         23.6929    35.4643    49.6834    % 
LB close or above UB, fathomed
921    405    29         23.6929    35.4643    49.6834    % 
LB close or above UB, fathomed
922    404    28         23.6929    35.4643    49.6834    % 
LB close or above UB, fathomed
923    403    25         23.6929    35.4643    49.6834    % 
UB: 35.46428571428571
branching on CartesianIndex(2, 4) with c.
924    404    25         23.6929    35.4643    49.6834    % 
UB: 32.52142857142857
branching on 1 with b.
925    405    26         23.6929    32.5214    37.2626    % 
LB close or above UB, fathomed
926    310    26         23.6929    32.5214    37.2626    % 
UB: 32.52142857142857
branching on CartesianIndex(1, 5) with c.
927    311    27         23.6929    32.5214    37.2626    % 
UB: 32.52142857142857
branching on CartesianIndex(2, 5) with c.
928    312    28         23.6929    32.5214    37.2626    % 
UB: 32.52142857142857
branching on 2 with b.
929    313    29         23.6929    32.5214    37.2626    % 
UB: 32.52142857142857
branching on CartesianIndex(1, 6) with c.
930    314    30         23.6929    32.5214    37.2626    % 
LB close or above UB, fathomed
931    313    30         23.6929    32.5214    37.2626    % 
UB: 32.52142857142857
branching on CartesianIndex(1, 7) with c.
932    314    31         23.6929    32.5214    37.2626    % 
UB: 32.52142857142857
branching on CartesianIndex(2, 7) with c.
933    315    32         23.6929    32.5214    37.2626    % 
LB close or above UB, fathomed
934    314    32         23.6929    32.5214    37.2626    % 
UB: 32.52142857142857
branching on 3 with b.
935    315    33         23.6929    32.5214    37.2626    % 
LB close or above UB, fathomed
936    314    33         23.6929    32.5214    37.2626    % 
UB: 32.52142857142857
branching on 1 with b.
937    315    34         23.6929    32.5214    37.2626    % 
UB: 32.52142857142857
branching on 2 with b.
938    316    34         23.6929    32.5214    37.2626    % 
UB: 32.52142857142857
branching on 2 with b.
939    317    31         23.6929    32.5214    37.2626    % 
LB close or above UB, fathomed
940    316    29         23.6929    32.5214    37.2626    % 
UB: 32.52142857142857
branching on CartesianIndex(1, 6) with c.
941    317    28         23.6929    32.5214    37.2626    % 
LB close or above UB, fathomed
942    316    27         23.6929    32.5214    37.2626    % 
LB close or above UB, fathomed
943    315    22         23.6929    32.5214    37.2626    % 
LB close or above UB, fathomed
944    314    22         23.6929    32.5214    37.2626    % 
UB: 32.52142857142857
branching on CartesianIndex(1, 5) with c.
945    315    23         23.6929    32.5214    37.2626    % 
UB: 32.52142857142857
branching on CartesianIndex(2, 5) with c.
946    316    24         23.6929    32.5214    37.2626    % 
UB: 32.52142857142857
branching on CartesianIndex(1, 6) with c.
947    317    25         23.6929    32.5214    37.2626    % 
LB close or above UB, fathomed
948    316    25         23.6929    32.5214    37.2626    % 
UB: 32.52142857142857
branching on CartesianIndex(1, 7) with c.
949    317    26         23.6929    32.5214    37.2626    % 
UB: 32.52142857142857
branching on CartesianIndex(2, 7) with c.
950    318    27         23.6929    32.5214    37.2626    % 
LB close or above UB, fathomed
951    317    27         23.6929    32.5214    37.2626    % 
UB: 32.52142857142857
branching on 1 with b.
952    318    28         23.6929    32.5214    37.2626    % 
UB: 32.52142857142857
branching on 2 with b.
953    319    29         23.6929    32.5214    37.2626    % 
UB: 32.52142857142857
branching on 3 with b.
954    320    29         23.6929    32.5214    37.2626    % 
UB: 32.52142857142857
branching on 3 with b.
955    321    28         23.6929    32.5214    37.2626    % 
LB close or above UB, fathomed
956    320    26         23.6929    32.5214    37.2626    % 
LB close or above UB, fathomed
957    319    24         23.6929    32.5214    37.2626    % 
LB close or above UB, fathomed
958    318    23         23.6929    32.5214    37.2626    % 
LB close or above UB, fathomed
959    317    33         23.6929    32.5214    37.2626    % 
LB close or above UB, fathomed
960    316    33         23.6929    32.5214    37.2626    % 
UB: 32.52142857142857
branching on CartesianIndex(1, 7) with c.
961    317    34         23.6929    32.5214    37.2626    % 
UB: 32.52142857142857
branching on CartesianIndex(2, 7) with c.
962    318    35         23.6929    32.5214    37.2626    % 
LB close or above UB, fathomed
963    317    35         23.6929    32.5214    37.2626    % 
UB: 32.52142857142857
branching on 2 with b.
964    318    36         23.6929    32.5214    37.2626    % 
UB: 32.52142857142857
branching on 3 with b.
965    319    36         23.6929    32.5214    37.2626    % 
UB: 32.52142857142857
branching on 3 with b.
966    320    34         23.6929    32.5214    37.2626    % 
LB close or above UB, fathomed
967    319    15         24.4286    32.5214    33.1287    % 
LB close or above UB, fathomed
968    318    15         24.4286    32.5214    33.1287    % 
UB: 32.52142857142857
branching on 3 with b.
969    319    14         25.1643    32.5214    29.2364    % 
UB: 32.52142857142857
branching on CartesianIndex(4, 2) with a.
970    320    14         25.1643    32.5214    29.2364    % 
LB close or above UB, fathomed
971    319    19         25.1643    32.5214    29.2364    % 
LB close or above UB, fathomed
972    318    19         25.1643    32.5214    29.2364    % 
UB: 32.52142857142857
branching on CartesianIndex(1, 5) with c.
973    319    18         25.3780    32.5214    28.1482    % 
UB: 32.52142857142857
branching on 3 with b.
974    320    18         25.3780    32.5214    28.1482    % 
LB close or above UB, fathomed
975    319    17         25.5441    32.5214    27.3146    % 
LB close or above UB, fathomed
976    318    17         25.5441    32.5214    27.3146    % 
UB: 32.52142857142857
branching on 3 with b.
977    319    8          26.5857    32.5214    22.3267    % 
UB: 32.52142857142857
branching on CartesianIndex(3, 3) with a.
978    320    9          26.5857    32.5214    22.3267    % 
UB: 32.52142857142857
branching on CartesianIndex(4, 3) with a.
979    321    10         26.5857    32.5214    22.3267    % 
UB: 32.52142857142857
branching on CartesianIndex(5, 3) with a.
980    322    11         26.5857    32.5214    22.3267    % 
UB: 32.52142857142857
branching on 1 with b.
981    323    12         26.5857    32.5214    22.3267    % 
LB close or above UB, fathomed
982    322    12         26.5857    32.5214    22.3267    % 
LB close or above UB, fathomed
983    321    11         26.5857    32.5214    22.3267    % 
LB close or above UB, fathomed
984    320    10         26.5857    32.5214    22.3267    % 
LB close or above UB, fathomed
985    319    9          26.5857    32.5214    22.3267    % 
LB close or above UB, fathomed
986    318    8          26.5857    32.5214    22.3267    % 
LB close or above UB, fathomed
987    317    7          26.5857    32.5214    22.3267    % 
UB: 32.52142857142857
branching on 1 with b.
988    318    7          26.5857    32.5214    22.3267    % 
LB close or above UB, fathomed
989    317    7          26.5857    32.5214    22.3267    % 
UB: 32.52142857142857
branching on 1 with b.
990    318    7          26.5857    32.5214    22.3267    % 
LB close or above UB, fathomed
991    317    33         26.6222    32.5214    22.1592    % 
UB: 32.52142857142857
branching on 1 with b.
992    318    33         26.6222    32.5214    22.1592    % 
LB close or above UB, fathomed
993    317    34         26.6222    32.5214    22.1592    % 
LB close or above UB, fathomed
994    316    34         26.6222    32.5214    22.1592    % 
LB close or above UB, fathomed
995    315    15         26.6357    32.5214    22.0972    % 
UB: 32.52142857142857
branching on CartesianIndex(3, 2) with a.
996    316    16         26.6357    32.5214    22.0972    % 
UB: 32.52142857142857
branching on 2 with b.
997    317    17         26.6357    32.5214    22.0972    % 
LB close or above UB, fathomed
998    316    17         26.6357    32.5214    22.0972    % 
UB: 32.52142857142857
branching on CartesianIndex(4, 2) with a.
999    317    16         26.6357    32.5214    22.0972    % 
LB close or above UB, fathomed
1000   316    15         26.6357    32.5214    22.0972    % 
UB: 32.52142857142857
branching on 2 with b.
1001   317    16         26.6357    32.5214    22.0972    % 
LB close or above UB, fathomed
1002   316    16         26.6357    32.5214    22.0972    % 
UB: 32.52142857142857
branching on CartesianIndex(3, 2) with a.
1003   317    34         26.6357    32.5214    22.0971    % 
LB close or above UB, fathomed
1004   316    34         26.6357    32.5214    22.0971    % 
UB: 32.52142857142857
branching on CartesianIndex(1, 7) with c.
1005   317    14         26.6357    32.5214    22.0971    % 
UB: 32.52142857142857
branching on 1 with b.
1006   318    14         26.6357    32.5214    22.0971    % 
LB close or above UB, fathomed
1007   317    30         26.6357    32.5214    22.0971    % 
UB: 32.52142857142857
branching on 1 with b.
1008   318    31         26.6357    32.5214    22.0971    % 
LB close or above UB, fathomed
1009   317    31         26.6357    32.5214    22.0971    % 
LB close or above UB, fathomed
1010   316    30         26.6357    32.5214    22.0971    % 
LB close or above UB, fathomed
1011   315    35         26.6357    32.5214    22.0971    % 
LB close or above UB, fathomed
1012   314    35         26.6357    32.5214    22.0971    % 
UB: 32.52142857142857
branching on 3 with b.
1013   315    36         26.6357    32.5214    22.0971    % 
LB close or above UB, fathomed
1014   314    36         26.6357    32.5214    22.0971    % 
UB: 32.52142857142857
branching on 1 with b.
1015   315    36         26.6357    32.5214    22.0971    % 
UB: 32.52142857142857
branching on 3 with b.
1016   316    36         26.6357    32.5214    22.0971    % 
LB close or above UB, fathomed
1017   315    33         26.6357    32.5214    22.0971    % 
LB close or above UB, fathomed
1018   314    33         26.6357    32.5214    22.0971    % 
UB: 32.52142857142857
branching on 1 with b.
1019   315    34         26.6357    32.5214    22.0971    % 
UB: 32.52142857142857
branching on 2 with b.
1020   316    35         26.6357    32.5214    22.0971    % 
UB: 32.52142857142857
branching on 3 with b.
1021   317    36         26.6357    32.5214    22.0971    % 
LB close or above UB, fathomed
1022   316    36         26.6357    32.5214    22.0971    % 
UB: 32.52142857142857
branching on 1 with b.
1023   317    35         26.6357    32.5214    22.0971    % 
LB close or above UB, fathomed
1024   316    34         26.6357    32.5214    22.0971    % 
LB close or above UB, fathomed
1025   315    33         26.6357    32.5214    22.0971    % 
LB close or above UB, fathomed
1026   314    33         26.6357    32.5214    22.0971    % 
UB: 32.52142857142857
branching on 1 with b.
1027   315    34         26.6357    32.5214    22.0971    % 
LB close or above UB, fathomed
1028   314    34         26.6357    32.5214    22.0971    % 
LB close or above UB, fathomed
1029   313    20         26.6357    32.5214    22.0971    % 
UB: 32.52142857142857
branching on 2 with b.
1030   314    21         26.6357    32.5214    22.0971    % 
UB: 32.52142857142857
branching on CartesianIndex(5, 3) with a.
1031   315    21         26.6357    32.5214    22.0971    % 
UB: 32.52142857142857
branching on CartesianIndex(5, 3) with a.
1032   316    20         26.6357    32.5214    22.0971    % 
LB close or above UB, fathomed
1033   315    18         26.6357    32.5214    22.0971    % 
LB close or above UB, fathomed
1034   314    18         26.6357    32.5214    22.0971    % 
UB: 32.52142857142857
branching on CartesianIndex(3, 3) with a.
1035   315    14         26.6357    32.5214    22.0971    % 
LB close or above UB, fathomed
1036   314    14         26.6357    32.5214    22.0971    % 
UB: 32.52142857142857
branching on 2 with b.
1037   315    15         26.6357    32.5214    22.0971    % 
UB: 32.52142857142857
branching on CartesianIndex(1, 4) with c.
1038   316    16         26.6357    32.5214    22.0971    % 
UB: 32.52142857142857
branching on CartesianIndex(2, 4) with c.
1039   317    17         26.6357    32.5214    22.0971    % 
UB: 32.52142857142857
branching on CartesianIndex(1, 5) with c.
1040   318    18         26.6357    32.5214    22.0971    % 
LB close or above UB, fathomed
1041   317    18         26.6357    32.5214    22.0971    % 
UB: 32.52142857142857
branching on CartesianIndex(1, 6) with c.
1042   318    19         26.6357    32.5214    22.0971    % 
LB close or above UB, fathomed
1043   317    19         26.6357    32.5214    22.0971    % 
UB: 32.52142857142857
branching on 3 with b.
1044   318    20         26.6357    32.5214    22.0971    % 
UB: 32.52142857142857
branching on CartesianIndex(1, 7) with c.
1045   319    20         26.6357    32.5214    22.0971    % 
UB: 32.52142857142857
branching on CartesianIndex(1, 7) with c.
1046   320    17         26.6357    32.5214    22.0971    % 
LB close or above UB, fathomed
1047   319    16         26.6357    32.5214    22.0971    % 
LB close or above UB, fathomed
1048   318    15         26.6357    32.5214    22.0971    % 
LB close or above UB, fathomed
1049   317    17         26.6357    32.5214    22.0971    % 
UB: 32.52142857142857
branching on CartesianIndex(4, 2) with a.
1050   318    18         26.6357    32.5214    22.0971    % 
UB: 32.52142857142857
branching on 3 with b.
1051   319    19         26.6357    32.5214    22.0971    % 
LB close or above UB, fathomed
1052   318    19         26.6357    32.5214    22.0971    % 
UB: 32.52142857142857
branching on CartesianIndex(5, 2) with a.
1053   319    18         26.6357    32.5214    22.0971    % 
LB close or above UB, fathomed
1054   318    17         26.6357    32.5214    22.0971    % 
LB close or above UB, fathomed
1055   317    19         26.6357    32.5214    22.0971    % 
LB close or above UB, fathomed
1056   316    19         26.6357    32.5214    22.0971    % 
UB: 32.52142857142857
branching on CartesianIndex(3, 3) with a.
1057   317    16         26.6357    32.5214    22.0971    % 
UB: 32.52142857142857
branching on CartesianIndex(4, 3) with a.
1058   318    17         26.6357    32.5214    22.0971    % 
UB: 32.52142857142857
branching on CartesianIndex(5, 3) with a.
1059   319    18         26.6357    32.5214    22.0971    % 
UB: 32.52142857142857
branching on CartesianIndex(6, 3) with a.
1060   320    19         26.6357    32.5214    22.0971    % 
UB: 32.52142857142857
branching on CartesianIndex(1, 4) with c.
1061   321    20         26.6357    32.5214    22.0971    % 
UB: 32.52142857142857
branching on 2 with b.
1062   322    20         26.6357    32.5214    22.0971    % 
LB close or above UB, fathomed
1063   321    19         26.6357    32.5214    22.0971    % 
LB close or above UB, fathomed
1064   320    18         26.6357    32.5214    22.0971    % 
LB close or above UB, fathomed
1065   319    17         26.6357    32.5214    22.0971    % 
LB close or above UB, fathomed
1066   318    16         26.6357    32.5214    22.0971    % 
LB close or above UB, fathomed
1067   317    14         26.6357    32.5214    22.0971    % 
UB: 32.52142857142857
branching on CartesianIndex(2, 3) with a.
1068   318    15         26.6357    32.5214    22.0971    % 
UB: 32.52142857142857
branching on 2 with b.
1069   319    16         26.6357    32.5214    22.0971    % 
LB close or above UB, fathomed
1070   318    16         26.6357    32.5214    22.0971    % 
LB close or above UB, fathomed
1071   317    15         26.6357    32.5214    22.0971    % 
LB close or above UB, fathomed
1072   316    14         26.6357    32.5214    22.0971    % 
LB close or above UB, fathomed
1073   315    17         26.6357    32.5214    22.0971    % 
UB: 32.52142857142857
branching on CartesianIndex(2, 4) with c.
1074   316    18         26.6357    32.5214    22.0971    % 
UB: 32.52142857142857
branching on CartesianIndex(1, 5) with c.
1075   317    19         26.6357    32.5214    22.0971    % 
LB close or above UB, fathomed
1076   316    19         26.6357    32.5214    22.0971    % 
UB: 32.52142857142857
branching on CartesianIndex(1, 6) with c.
1077   317    18         26.6357    32.5214    22.0971    % 
LB close or above UB, fathomed
1078   316    17         26.6357    32.5214    22.0971    % 
LB close or above UB, fathomed
1079   315    17         26.6357    32.5214    22.0971    % 
UB: 32.52142857142857
branching on 2 with b.
1080   316    18         26.6357    32.5214    22.0971    % 
LB close or above UB, fathomed
1081   315    18         26.6357    32.5214    22.0971    % 
LB close or above UB, fathomed
1082   314    17         26.6357    32.5214    22.0971    % 
UB: 32.52142857142857
branching on 2 with b.
1083   315    16         26.6357    32.5214    22.0971    % 
UB: 32.52142857142857
branching on CartesianIndex(2, 4) with c.
1084   316    17         26.6357    32.5214    22.0971    % 
UB: 32.52142857142857
branching on 1 with b.
1085   317    18         26.6357    32.5214    22.0971    % 
UB: 32.52142857142857
branching on CartesianIndex(1, 5) with c.
1086   318    18         26.6357    32.5214    22.0971    % 
UB: 32.52142857142857
branching on 2 with b.
1087   319    17         26.6357    32.5214    22.0971    % 
LB close or above UB, fathomed
1088   318    16         26.6357    32.5214    22.0971    % 
LB close or above UB, fathomed
1089   317    16         26.6357    32.5214    22.0971    % 
UB: 32.52142857142857
branching on CartesianIndex(4, 3) with a.
1090   318    17         26.6357    32.5214    22.0971    % 
UB: 32.52142857142857
branching on CartesianIndex(5, 3) with a.
1091   319    18         26.6357    32.5214    22.0971    % 
UB: 32.52142857142857
branching on CartesianIndex(6, 3) with a.
1092   320    19         26.6357    32.5214    22.0971    % 
UB: 32.52142857142857
branching on CartesianIndex(1, 4) with c.
1093   321    20         26.6357    32.5214    22.0971    % 
UB: 32.52142857142857
branching on 1 with b.
1094   322    21         26.6357    32.5214    22.0971    % 
UB: 32.52142857142857
branching on 2 with b.
1095   323    22         26.6357    32.5214    22.0971    % 
LB close or above UB, fathomed
1096   322    22         26.6357    32.5214    22.0971    % 
LB close or above UB, fathomed
1097   321    21         26.6357    32.5214    22.0971    % 
UB: 32.52142857142857
branching on 2 with b.
1098   322    20         26.6357    32.5214    22.0971    % 
LB close or above UB, fathomed
1099   321    19         26.6357    32.5214    22.0971    % 
LB close or above UB, fathomed
1100   320    18         26.6357    32.5214    22.0971    % 
LB close or above UB, fathomed
1101   319    17         26.6357    32.5214    22.0971    % 
LB close or above UB, fathomed
1102   318    16         26.6357    32.5214    22.0971    % 
LB close or above UB, fathomed
1103   317    16         26.6357    32.5214    22.0971    % 
LB close or above UB, fathomed
1104   316    16         26.6357    32.5214    22.0971    % 
UB: 32.52142857142857
branching on CartesianIndex(1, 2) with a.
1105   317    12         26.6357    32.5214    22.0971    % 
UB: 32.52142857142857
branching on CartesianIndex(3, 1) with a.
1106   318    13         26.6357    32.5214    22.0971    % 
UB: 32.52142857142857
branching on CartesianIndex(4, 1) with a.
1107   319    14         26.6357    32.5214    22.0971    % 
UB: 32.52142857142857
branching on CartesianIndex(5, 1) with a.
1108   320    15         26.6357    32.5214    22.0971    % 
UB: 32.52142857142857
branching on CartesianIndex(6, 1) with a.
1109   321    15         26.6357    32.5214    22.0971    % 
UB: 32.52142857142857
branching on CartesianIndex(1, 2) with a.
1110   322    16         26.6357    32.5214    22.0971    % 
UB: 32.52142857142857
branching on CartesianIndex(2, 2) with a.
1111   323    17         26.6357    32.5214    22.0971    % 
UB: 32.52142857142857
branching on CartesianIndex(3, 2) with a.
1112   324    18         26.6357    32.5214    22.0971    % 
UB: 32.52142857142857
branching on CartesianIndex(4, 2) with a.
1113   325    19         26.6357    32.5214    22.0971    % 
UB: 32.52142857142857
branching on CartesianIndex(5, 2) with a.
1114   326    20         26.6357    32.5214    22.0971    % 
LB close or above UB, fathomed
1115   325    20         26.6357    32.5214    22.0971    % 
LB close or above UB, fathomed
1116   324    19         26.6357    32.5214    22.0971    % 
LB close or above UB, fathomed
1117   323    18         26.6357    32.5214    22.0971    % 
LB close or above UB, fathomed
1118   322    17         26.6357    32.5214    22.0971    % 
UB: 32.52142857142857
branching on CartesianIndex(1, 3) with a.
1119   323    16         26.6357    32.5214    22.0971    % 
LB close or above UB, fathomed
1120   322    14         26.6357    32.5214    22.0971    % 
LB close or above UB, fathomed
1121   321    13         26.6357    32.5214    22.0971    % 
LB close or above UB, fathomed
1122   320    12         26.6357    32.5214    22.0971    % 
UB: 32.52142857142857
branching on CartesianIndex(1, 2) with a.
1123   321    17         26.6357    32.5214    22.0971    % 
UB: 32.52142857142857
branching on CartesianIndex(2, 2) with a.
1124   322    18         26.6357    32.5214    22.0971    % 
UB: 32.52142857142857
branching on 1 with b.
1125   323    19         26.6357    32.5214    22.0971    % 
UB: 32.52142857142857
branching on CartesianIndex(3, 2) with a.
1126   324    20         26.6357    32.5214    22.0971    % 
UB: 32.52142857142857
branching on CartesianIndex(4, 2) with a.
1127   325    21         26.6357    32.5214    22.0971    % 
UB: 32.52142857142857
branching on 2 with b.
1128   326    22         26.6357    32.5214    22.0971    % 
UB: 32.52142857142857
branching on 3 with b.
1129   327    23         26.6357    32.5214    22.0971    % 
LB close or above UB, fathomed
1130   326    23         26.6357    32.5214    22.0971    % 
UB: 32.52142857142857
branching on CartesianIndex(5, 2) with a.
1131   327    24         26.6357    32.5214    22.0971    % 
LB close or above UB, fathomed
1132   326    24         26.6357    32.5214    22.0971    % 
LB close or above UB, fathomed
1133   325    22         26.6357    32.5214    22.0971    % 
LB close or above UB, fathomed
1134   324    21         26.6357    32.5214    22.0971    % 
LB close or above UB, fathomed
1135   323    20         26.6357    32.5214    22.0971    % 
LB close or above UB, fathomed
1136   322    19         26.6357    32.5214    22.0971    % 
LB close or above UB, fathomed
1137   321    18         26.6357    32.5214    22.0971    % 
LB close or above UB, fathomed
1138   320    17         26.6357    32.5214    22.0971    % 
LB close or above UB, fathomed
1139   319    23         26.6357    32.5214    22.0971    % 
UB: 32.52142857142857
branching on CartesianIndex(1, 5) with c.
1140   320    24         26.6357    32.5214    22.0971    % 
LB close or above UB, fathomed
1141   319    24         26.6357    32.5214    22.0971    % 
UB: 32.52142857142857
branching on CartesianIndex(1, 6) with c.
1142   320    23         26.6357    32.5214    22.0971    % 
LB close or above UB, fathomed
1143   319    19         26.6357    32.5214    22.0971    % 
UB: 32.52142857142857
branching on CartesianIndex(4, 3) with a.
1144   320    20         26.6357    32.5214    22.0971    % 
UB: 32.52142857142857
branching on CartesianIndex(5, 3) with a.
1145   321    21         26.6357    32.5214    22.0971    % 
UB: 32.52142857142857
branching on CartesianIndex(6, 3) with a.
1146   322    21         26.6357    32.5214    22.0971    % 
LB close or above UB, fathomed
1147   321    20         26.6357    32.5214    22.0971    % 
UB: 32.52142857142857
branching on CartesianIndex(1, 4) with c.
1148   322    19         26.6357    32.5214    22.0971    % 
LB close or above UB, fathomed
1149   321    19         26.6357    32.5214    22.0971    % 
UB: 32.52142857142857
branching on CartesianIndex(2, 4) with c.
1150   322    20         26.6357    32.5214    22.0971    % 
UB: 32.52142857142857
branching on CartesianIndex(1, 5) with c.
1151   323    21         26.6357    32.5214    22.0971    % 
LB close or above UB, fathomed
1152   322    21         26.6357    32.5214    22.0971    % 
UB: 32.52142857142857
branching on CartesianIndex(1, 6) with c.
1153   323    20         26.6357    32.5214    22.0971    % 
LB close or above UB, fathomed
1154   322    19         26.6357    32.5214    22.0971    % 
LB close or above UB, fathomed
1155   321    19         26.6357    32.5214    22.0971    % 
UB: 32.52142857142857
branching on CartesianIndex(3, 3) with a.
1156   322    20         26.6357    32.5214    22.0971    % 
UB: 32.52142857142857
branching on CartesianIndex(4, 3) with a.
1157   323    21         26.6357    32.5214    22.0971    % 
UB: 32.52142857142857
branching on 2 with b.
1158   324    22         26.6357    32.5214    22.0971    % 
LB close or above UB, fathomed
1159   323    22         26.6357    32.5214    22.0971    % 
LB close or above UB, fathomed
1160   322    21         26.6357    32.5214    22.0971    % 
UB: 32.52142857142857
branching on CartesianIndex(1, 4) with c.
1161   323    20         26.6357    32.5214    22.0971    % 
UB: 32.52142857142857
branching on CartesianIndex(1, 4) with c.
1162   324    19         26.6357    32.5214    22.0971    % 
UB: 32.52142857142857
branching on CartesianIndex(1, 4) with c.
1163   325    20         26.6357    32.5214    22.0971    % 
UB: 32.52142857142857
branching on CartesianIndex(2, 4) with c.
1164   326    21         26.6357    32.5214    22.0971    % 
UB: 32.52142857142857
branching on CartesianIndex(1, 5) with c.
1165   327    22         26.6357    32.5214    22.0971    % 
LB close or above UB, fathomed
1166   326    22         26.6357    32.5214    22.0971    % 
UB: 32.52142857142857
branching on 2 with b.
1167   327    23         26.6357    32.5214    22.0971    % 
LB close or above UB, fathomed
1168   326    23         26.6357    32.5214    22.0971    % 
LB close or above UB, fathomed
1169   325    21         26.6357    32.5214    22.0971    % 
LB close or above UB, fathomed
1170   324    20         26.6357    32.5214    22.0971    % 
LB close or above UB, fathomed
1171   323    18         26.6357    32.5214    22.0971    % 
UB: 32.52142857142857
branching on CartesianIndex(4, 2) with a.
1172   324    19         26.6357    32.5214    22.0971    % 
UB: 32.52142857142857
branching on CartesianIndex(5, 2) with a.
1173   325    20         26.6357    32.5214    22.0971    % 
LB close or above UB, fathomed
1174   324    20         26.6357    32.5214    22.0971    % 
UB: 32.52142857142857
branching on CartesianIndex(1, 3) with a.
1175   325    19         26.6357    32.5214    22.0971    % 
LB close or above UB, fathomed
1176   324    18         26.6357    32.5214    22.0971    % 
LB close or above UB, fathomed
1177   323    12         26.6357    32.5214    22.0971    % 
UB: 32.52142857142857
branching on 2 with b.
1178   324    13         26.6357    32.5214    22.0971    % 
UB: 32.52142857142857
branching on CartesianIndex(4, 1) with a.
1179   325    14         26.6357    32.5214    22.0971    % 
UB: 32.52142857142857
branching on CartesianIndex(5, 1) with a.
1180   326    15         26.6357    32.5214    22.0971    % 
LB close or above UB, fathomed
1181   325    15         26.6357    32.5214    22.0971    % 
UB: 32.52142857142857
branching on CartesianIndex(1, 2) with a.
1182   326    14         26.6357    32.5214    22.0971    % 
LB close or above UB, fathomed
1183   325    13         26.6357    32.5214    22.0971    % 
LB close or above UB, fathomed
1184   324    12         26.6357    32.5214    22.0971    % 
LB close or above UB, fathomed
1185   323    19         26.6357    32.5214    22.0971    % 
UB: 32.52142857142857
branching on CartesianIndex(2, 4) with c.
1186   324    20         26.6357    32.5214    22.0971    % 
UB: 32.52142857142857
branching on CartesianIndex(1, 5) with c.
1187   325    21         26.6357    32.5214    22.0971    % 
LB close or above UB, fathomed
1188   324    21         26.6357    32.5214    22.0971    % 
UB: 32.52142857142857
branching on CartesianIndex(1, 6) with c.
1189   325    20         26.6357    32.5214    22.0971    % 
LB close or above UB, fathomed
1190   324    19         26.6357    32.5214    22.0971    % 
LB close or above UB, fathomed
1191   323    22         26.6357    32.5214    22.0971    % 
LB close or above UB, fathomed
1192   322    22         26.6357    32.5214    22.0971    % 
LB close or above UB, fathomed
1193   321    15         26.6357    32.5214    22.0971    % 
UB: 32.52142857142857
branching on CartesianIndex(4, 2) with a.
1194   322    16         26.6357    32.5214    22.0971    % 
UB: 32.52142857142857
branching on CartesianIndex(5, 2) with a.
1195   323    17         26.6357    32.5214    22.0971    % 
UB: 32.52142857142857
branching on CartesianIndex(6, 2) with a.
1196   324    17         26.6357    32.5214    22.0971    % 
UB: 32.52142857142857
branching on CartesianIndex(1, 3) with a.
1197   325    16         26.6357    32.5214    22.0971    % 
LB close or above UB, fathomed
1198   324    15         26.6357    32.5214    22.0971    % 
LB close or above UB, fathomed
1199   323    18         26.6357    32.5214    22.0971    % 
UB: 32.52142857142857
branching on CartesianIndex(1, 2) with a.
1200   324    19         26.6357    32.5214    22.0971    % 
UB: 32.52142857142857
branching on CartesianIndex(2, 2) with a.
1201   325    20         26.6357    32.5214    22.0971    % 
UB: 32.52142857142857
branching on CartesianIndex(3, 2) with a.
1202   326    20         26.6357    32.5214    22.0971    % 
LB close or above UB, fathomed
1203   325    19         26.6357    32.5214    22.0971    % 
LB close or above UB, fathomed
1204   324    18         26.6357    32.5214    22.0971    % 
UB: 32.52142857142857
branching on 2 with b.
1205   325    14         26.6357    32.5214    22.0971    % 
LB close or above UB, fathomed
1206   324    14         26.6357    32.5214    22.0971    % 
UB: 32.52142857142857
branching on CartesianIndex(2, 3) with a.
1207   325    14         26.6357    32.5214    22.0971    % 
LB close or above UB, fathomed
1208   324    14         26.6357    32.5214    22.0971    % 
UB: 32.52142857142857
branching on CartesianIndex(2, 3) with a.
1209   325    12         26.6357    32.5214    22.0971    % 
LB close or above UB, fathomed
1210   324    12         26.6357    32.5214    22.0971    % 
LB close or above UB, fathomed
1211   323    18         26.6357    32.5214    22.0971    % 
UB: 32.52142857142857
branching on CartesianIndex(2, 4) with c.
1212   324    19         26.6357    32.5214    22.0971    % 
UB: 32.52142857142857
branching on CartesianIndex(1, 5) with c.
1213   325    20         26.6357    32.5214    22.0971    % 
LB close or above UB, fathomed
1214   324    20         26.6357    32.5214    22.0971    % 
UB: 32.52142857142857
branching on CartesianIndex(1, 6) with c.
1215   325    19         26.6357    32.5214    22.0971    % 
LB close or above UB, fathomed
1216   324    18         26.6357    32.5214    22.0971    % 
LB close or above UB, fathomed
1217   323    16         26.6357    32.5214    22.0971    % 
UB: 32.52142857142857
branching on CartesianIndex(1, 2) with a.
1218   324    16         26.6357    32.5214    22.0971    % 
LB close or above UB, fathomed
1219   323    16         26.6357    32.5214    22.0971    % 
UB: 32.52142857142857
branching on CartesianIndex(2, 3) with a.
1220   324    17         26.6357    32.5214    22.0971    % 
UB: 32.52142857142857
branching on CartesianIndex(3, 3) with a.
1221   325    18         26.6357    32.5214    22.0971    % 
UB: 32.52142857142857
branching on CartesianIndex(4, 3) with a.
1222   326    19         26.6357    32.5214    22.0971    % 
UB: 32.52142857142857
branching on 2 with b.
1223   327    20         26.6357    32.5214    22.0971    % 
UB: 32.52142857142857
branching on CartesianIndex(5, 3) with a.
1224   328    20         26.6357    32.5214    22.0971    % 
LB close or above UB, fathomed
1225   327    19         26.6357    32.5214    22.0971    % 
LB close or above UB, fathomed
1226   326    18         26.6357    32.5214    22.0971    % 
LB close or above UB, fathomed
1227   325    17         26.6357    32.5214    22.0971    % 
LB close or above UB, fathomed
1228   324    16         26.6357    32.5214    22.0971    % 
LB close or above UB, fathomed
1229   323    21         26.6357    32.5214    22.0971    % 
LB close or above UB, fathomed
1230   322    21         26.6357    32.5214    22.0971    % 
UB: 32.52142857142857
branching on 1 with b.
1231   323    22         26.6357    32.5214    22.0971    % 
UB: 32.52142857142857
branching on CartesianIndex(6, 2) with a.
1232   324    23         26.6357    32.5214    22.0971    % 
LB close or above UB, fathomed
1233   323    23         26.6357    32.5214    22.0971    % 
UB: 32.52142857142857
branching on CartesianIndex(1, 3) with a.
1234   324    22         26.6357    32.5214    22.0971    % 
UB: 32.52142857142857
branching on 2 with b.
1235   325    23         26.6357    32.5214    22.0971    % 
UB: 32.52142857142857
branching on 3 with b.
1236   326    23         26.6357    32.5214    22.0971    % 
LB close or above UB, fathomed
1237   325    19         26.6357    32.5214    22.0971    % 
UB: 32.52142857142857
branching on CartesianIndex(2, 3) with a.
1238   326    20         26.6357    32.5214    22.0971    % 
UB: 32.52142857142857
branching on CartesianIndex(3, 3) with a.
1239   327    20         26.6357    32.5214    22.0971    % 
LB close or above UB, fathomed
1240   326    19         26.6357    32.5214    22.0971    % 
LB close or above UB, fathomed
1241   325    20         26.6357    32.5214    22.0971    % 
UB: 32.52142857142857
branching on 1 with b.
1242   326    21         26.6357    32.5214    22.0971    % 
UB: 32.52142857142857
branching on CartesianIndex(5, 2) with a.
1243   327    22         26.6357    32.5214    22.0971    % 
UB: 32.52142857142857
branching on CartesianIndex(6, 2) with a.
1244   328    23         26.6357    32.5214    22.0971    % 
LB close or above UB, fathomed
1245   327    23         26.6357    32.5214    22.0971    % 
UB: 32.52142857142857
branching on CartesianIndex(1, 3) with a.
1246   328    22         26.6357    32.5214    22.0971    % 
LB close or above UB, fathomed
1247   327    21         26.6357    32.5214    22.0971    % 
UB: 32.52142857142857
branching on CartesianIndex(5, 2) with a.
1248   328    22         26.6357    32.5214    22.0971    % 
UB: 32.52142857142857
branching on CartesianIndex(6, 2) with a.
1249   329    22         26.6357    32.5214    22.0971    % 
LB close or above UB, fathomed
1250   328    20         26.6357    32.5214    22.0971    % 
LB close or above UB, fathomed
1251   327    18         26.6357    32.5214    22.0971    % 
UB: 32.52142857142857
branching on CartesianIndex(2, 4) with c.
1252   328    18         26.6357    32.5214    22.0971    % 
LB close or above UB, fathomed
1253   327    16         26.6357    32.5214    22.0971    % 
UB: 32.52142857142857
branching on CartesianIndex(1, 2) with a.
1254   328    17         26.6357    32.5214    22.0971    % 
UB: 32.52142857142857
branching on CartesianIndex(2, 2) with a.
1255   329    18         26.6357    32.5214    22.0971    % 
UB: 32.52142857142857
branching on CartesianIndex(3, 2) with a.
1256   330    18         26.6357    32.5214    22.0971    % 
UB: 32.52142857142857
branching on CartesianIndex(1, 3) with a.
1257   331    17         26.6357    32.5214    22.0971    % 
LB close or above UB, fathomed
1258   330    16         26.6357    32.5214    22.0971    % 
LB close or above UB, fathomed
1259   329    36         26.6357    32.5214    22.0971    % 
UB: 32.52142857142857
branching on 3 with b.
1260   330    37         26.6357    32.5214    22.0971    % 
LB close or above UB, fathomed
1261   329    37         26.6357    32.5214    22.0971    % 
UB: 32.52142857142857
branching on 1 with b.
1262   330    36         26.6357    32.5214    22.0971    % 
LB close or above UB, fathomed
1263   329    18         26.6357    32.5214    22.0971    % 
UB: 32.52142857142857
branching on 3 with b.
1264   330    19         26.6357    32.5214    22.0971    % 
LB close or above UB, fathomed
1265   329    19         26.6357    32.5214    22.0971    % 
UB: 32.52142857142857
branching on 1 with b.
1266   330    20         26.6357    32.5214    22.0971    % 
UB: 32.52142857142857
branching on CartesianIndex(2, 3) with a.
1267   331    20         26.6357    32.5214    22.0971    % 
LB close or above UB, fathomed
1268   330    18         26.6357    32.5214    22.0971    % 
LB close or above UB, fathomed
1269   329    21         26.6357    32.5214    22.0971    % 
UB: 32.52142857142857
branching on CartesianIndex(2, 3) with a.
1270   330    22         26.6357    32.5214    22.0971    % 
UB: 32.52142857142857
branching on CartesianIndex(3, 3) with a.
1271   331    23         26.6357    32.5214    22.0971    % 
UB: 32.52142857142857
branching on CartesianIndex(4, 3) with a.
1272   332    24         26.6357    32.5214    22.0971    % 
UB: 32.52142857142857
branching on CartesianIndex(5, 3) with a.
1273   333    25         26.6357    32.5214    22.0971    % 
UB: 32.52142857142857
branching on CartesianIndex(6, 3) with a.
1274   334    26         26.6357    32.5214    22.0971    % 
UB: 32.52142857142857
branching on CartesianIndex(1, 4) with c.
1275   335    26         26.6357    32.5214    22.0971    % 
LB close or above UB, fathomed
1276   334    25         26.6357    32.5214    22.0971    % 
LB close or above UB, fathomed
1277   333    24         26.6357    32.5214    22.0971    % 
LB close or above UB, fathomed
1278   332    23         26.6357    32.5214    22.0971    % 
LB close or above UB, fathomed
1279   331    22         26.6357    32.5214    22.0971    % 
LB close or above UB, fathomed
1280   330    21         26.6357    32.5214    22.0971    % 
LB close or above UB, fathomed
1281   329    14         26.6357    32.5214    22.0971    % 
UB: 32.52142857142857
branching on CartesianIndex(4, 3) with a.
1282   330    15         26.6357    32.5214    22.0971    % 
UB: 32.52142857142857
branching on 1 with b.
1283   331    16         26.6357    32.5214    22.0971    % 
UB: 32.52142857142857
branching on 2 with b.
1284   332    17         26.6357    32.5214    22.0971    % 
UB: 32.52142857142857
branching on 3 with b.
1285   333    18         26.6357    32.5214    22.0971    % 
UB: 32.52142857142857
branching on CartesianIndex(5, 3) with a.
1286   334    19         26.6357    32.5214    22.0971    % 
UB: 32.52142857142857
branching on CartesianIndex(6, 3) with a.
1287   335    19         26.6357    32.5214    22.0971    % 
LB close or above UB, fathomed
1288   334    18         26.6357    32.5214    22.0971    % 
LB close or above UB, fathomed
1289   333    17         26.6357    32.5214    22.0971    % 
LB close or above UB, fathomed
1290   332    16         26.6357    32.5214    22.0971    % 
UB: 32.52142857142857
branching on CartesianIndex(5, 3) with a.
1291   333    17         26.6357    32.5214    22.0971    % 
UB: 32.52142857142857
branching on CartesianIndex(6, 3) with a.
1292   334    17         26.6357    32.5214    22.0971    % 
LB close or above UB, fathomed
1293   333    15         26.6357    32.5214    22.0971    % 
UB: 32.52142857142857
branching on CartesianIndex(1, 4) with c.
1294   334    16         26.6357    32.5214    22.0971    % 
LB close or above UB, fathomed
1295   333    16         26.6357    32.5214    22.0971    % 
LB close or above UB, fathomed
1296   332    14         26.6357    32.5214    22.0971    % 
LB close or above UB, fathomed
1297   331    11         26.6357    32.5214    22.0971    % 
UB: 32.52142857142857
branching on CartesianIndex(2, 2) with a.
1298   332    12         26.6357    32.5214    22.0971    % 
UB: 32.52142857142857
branching on 1 with b.
1299   333    12         26.6357    32.5214    22.0971    % 
UB: 32.52142857142857
branching on 1 with b.
1300   334    13         26.6357    32.5214    22.0971    % 
UB: 32.52142857142857
branching on 2 with b.
1301   335    14         26.6357    32.5214    22.0971    % 
LB close or above UB, fathomed
1302   334    14         26.6357    32.5214    22.0971    % 
LB close or above UB, fathomed
1303   333    13         26.6357    32.5214    22.0971    % 
LB close or above UB, fathomed
1304   332    11         26.6357    32.5214    22.0971    % 
UB: 32.52142857142857
branching on CartesianIndex(1, 3) with a.
1305   333    12         26.6357    32.5214    22.0971    % 
UB: 32.52142857142857
branching on 1 with b.
1306   334    13         26.6357    32.5214    22.0971    % 
UB: 32.52142857142857
branching on CartesianIndex(2, 3) with a.
1307   335    14         26.6357    32.5214    22.0971    % 
UB: 32.52142857142857
branching on CartesianIndex(3, 3) with a.
1308   336    15         26.6357    32.5214    22.0971    % 
UB: 32.52142857142857
branching on CartesianIndex(4, 3) with a.
1309   337    16         26.6357    32.5214    22.0971    % 
UB: 32.52142857142857
branching on 2 with b.
1310   338    17         26.6357    32.5214    22.0971    % 
LB close or above UB, fathomed
1311   337    17         26.6357    32.5214    22.0971    % 
LB close or above UB, fathomed
1312   336    16         26.6357    32.5214    22.0971    % 
UB: 32.52142857142857
branching on 2 with b.
1313   337    15         26.6357    32.5214    22.0971    % 
LB close or above UB, fathomed
1314   336    14         26.6357    32.5214    22.0971    % 
LB close or above UB, fathomed
1315   335    13         26.6357    32.5214    22.0971    % 
LB close or above UB, fathomed
1316   334    12         26.6357    32.5214    22.0971    % 
UB: 32.52142857142857
branching on CartesianIndex(1, 4) with c.
1317   335    10         26.6357    32.5214    22.0971    % 
UB: 32.52142857142857
branching on 2 with b.
1318   336    11         26.6357    32.5214    22.0971    % 
UB: 32.52142857142857
branching on CartesianIndex(2, 3) with a.
1319   337    12         26.6357    32.5214    22.0971    % 
UB: 32.52142857142857
branching on CartesianIndex(3, 3) with a.
1320   338    12         26.6357    32.5214    22.0971    % 
LB close or above UB, fathomed
1321   337    11         26.6357    32.5214    22.0971    % 
UB: 32.52142857142857
branching on 3 with b.
1322   338    12         26.6357    32.5214    22.0971    % 
LB close or above UB, fathomed
1323   337    12         26.6357    32.5214    22.0971    % 
LB close or above UB, fathomed
1324   336    10         26.6357    32.5214    22.0971    % 
LB close or above UB, fathomed
1325   335    15         26.6357    32.5214    22.0971    % 
LB close or above UB, fathomed
1326   334    15         26.6357    32.5214    22.0971    % 
UB: 32.52142857142857
branching on CartesianIndex(1, 4) with c.
1327   335    16         26.6357    32.5214    22.0971    % 
UB: 32.52142857142857
branching on CartesianIndex(2, 3) with a.
1328   336    17         26.6357    32.5214    22.0971    % 
UB: 32.52142857142857
branching on CartesianIndex(3, 3) with a.
1329   337    18         26.6357    32.5214    22.0971    % 
UB: 32.52142857142857
branching on 3 with b.
1330   338    19         26.6357    32.5214    22.0971    % 
LB close or above UB, fathomed
1331   337    19         26.6357    32.5214    22.0971    % 
UB: 32.52142857142857
branching on CartesianIndex(4, 3) with a.
1332   338    18         26.6357    32.5214    22.0971    % 
LB close or above UB, fathomed
1333   337    17         26.6357    32.5214    22.0971    % 
LB close or above UB, fathomed
1334   336    16         26.6357    32.5214    22.0971    % 
LB close or above UB, fathomed
1335   335    12         26.6357    32.5214    22.0971    % 
UB: 32.52142857142857
branching on 1 with b.
1336   336    13         26.6357    32.5214    22.0971    % 
UB: 32.52142857142857
branching on CartesianIndex(2, 3) with a.
1337   337    14         26.6357    32.5214    22.0971    % 
UB: 32.52142857142857
branching on CartesianIndex(3, 3) with a.
1338   338    14         26.6357    32.5214    22.0971    % 
LB close or above UB, fathomed
1339   337    13         26.6357    32.5214    22.0971    % 
UB: 32.52142857142857
branching on CartesianIndex(2, 3) with a.
1340   338    14         26.6357    32.5214    22.0971    % 
UB: 32.52142857142857
branching on CartesianIndex(3, 3) with a.
1341   339    14         26.6357    32.5214    22.0971    % 
LB close or above UB, fathomed
1342   338    12         26.6357    32.5214    22.0971    % 
LB close or above UB, fathomed
1343   337    13         26.6357    32.5214    22.0971    % 
UB: 32.52142857142857
branching on CartesianIndex(2, 3) with a.
1344   338    14         26.6357    32.5214    22.0971    % 
UB: 32.52142857142857
branching on 2 with b.
1345   339    15         26.6357    32.5214    22.0971    % 
UB: 32.52142857142857
branching on CartesianIndex(3, 3) with a.
1346   340    16         26.6357    32.5214    22.0971    % 
UB: 32.52142857142857
branching on CartesianIndex(4, 3) with a.
1347   341    17         26.6357    32.5214    22.0971    % 
UB: 32.52142857142857
branching on CartesianIndex(5, 3) with a.
1348   342    18         26.6357    32.5214    22.0971    % 
UB: 32.52142857142857
branching on CartesianIndex(6, 3) with a.
1349   343    19         26.6357    32.5214    22.0971    % 
UB: 32.52142857142857
branching on CartesianIndex(1, 4) with c.
1350   344    20         26.6357    32.5214    22.0971    % 
UB: 32.52142857142857
branching on CartesianIndex(2, 4) with c.
1351   345    20         26.6357    32.5214    22.0971    % 
LB close or above UB, fathomed
1352   344    19         26.6357    32.5214    22.0971    % 
LB close or above UB, fathomed
1353   343    18         26.6357    32.5214    22.0971    % 
LB close or above UB, fathomed
1354   342    17         26.6357    32.5214    22.0971    % 
LB close or above UB, fathomed
1355   341    16         26.6357    32.5214    22.0971    % 
LB close or above UB, fathomed
1356   340    15         26.6357    32.5214    22.0971    % 
LB close or above UB, fathomed
1357   339    14         26.6357    32.5214    22.0971    % 
LB close or above UB, fathomed
1358   338    13         26.6357    32.5214    22.0971    % 
LB close or above UB, fathomed
1359   337    17         26.6357    32.5214    22.0971    % 
LB close or above UB, fathomed
1360   336    17         26.6357    32.5214    22.0971    % 
UB: 32.52142857142857
branching on CartesianIndex(1, 3) with a.
1361   337    15         26.6357    32.5214    22.0971    % 
UB: 32.52142857142857
branching on 1 with b.
1362   338    16         26.6357    32.5214    22.0971    % 
UB: 32.52142857142857
branching on CartesianIndex(2, 3) with a.
1363   339    16         26.6357    32.5214    22.0971    % 
UB: 32.52142857142857
branching on CartesianIndex(2, 3) with a.
1364   340    17         26.6357    32.5214    22.0971    % 
UB: 32.52142857142857
branching on CartesianIndex(3, 3) with a.
1365   341    18         26.6357    32.5214    22.0971    % 
UB: 32.52142857142857
branching on CartesianIndex(4, 3) with a.
1366   342    18         26.6357    32.5214    22.0971    % 
LB close or above UB, fathomed
1367   341    17         26.6357    32.5214    22.0971    % 
LB close or above UB, fathomed
1368   340    15         26.6357    32.5214    22.0971    % 
LB close or above UB, fathomed
1369   339    8          26.6357    32.5214    22.0971    % 
LB close or above UB, fathomed
1370   338    8          26.6357    32.5214    22.0971    % 
UB: 32.52142857142857
branching on 2 with b.
1371   339    16         26.6357    32.5214    22.0971    % 
LB close or above UB, fathomed
1372   338    16         26.6357    32.5214    22.0971    % 
UB: 32.52142857142857
branching on CartesianIndex(1, 5) with c.
1373   339    17         26.6357    32.5214    22.0971    % 
UB: 32.52142857142857
branching on CartesianIndex(2, 5) with c.
1374   340    18         26.6357    32.5214    22.0971    % 
UB: 32.52142857142857
branching on CartesianIndex(1, 6) with c.
1375   341    19         26.6357    32.5214    22.0971    % 
LB close or above UB, fathomed
1376   340    19         26.6357    32.5214    22.0971    % 
UB: 32.52142857142857
branching on 1 with b.
1377   341    20         26.6357    32.5214    22.0971    % 
LB close or above UB, fathomed
1378   340    20         26.6357    32.5214    22.0971    % 
UB: 32.52142857142857
branching on 2 with b.
1379   341    21         26.6357    32.5214    22.0971    % 
UB: 32.52142857142857
branching on CartesianIndex(1, 7) with c.
1380   342    22         26.6357    32.5214    22.0971    % 
UB: 32.52142857142857
branching on 3 with b.
1381   343    23         26.6357    32.5214    22.0971    % 
UB: 32.52142857142857
branching on CartesianIndex(2, 7) with c.
1382   344    24         26.6357    32.5214    22.0971    % 
LB close or above UB, fathomed
1383   343    24         26.6357    32.5214    22.0971    % 
UB: 32.52142857142857
branching on 1 with b.
1384   344    25         26.6357    32.5214    22.0971    % 
LB close or above UB, fathomed
1385   343    25         26.6357    32.5214    22.0971    % 
UB: 32.52142857142857
branching on 2 with b.
1386   344    23         26.6357    32.5214    22.0971    % 
LB close or above UB, fathomed
1387   343    22         26.6357    32.5214    22.0971    % 
LB close or above UB, fathomed
1388   342    21         26.6357    32.5214    22.0971    % 
LB close or above UB, fathomed
1389   341    18         26.6357    32.5214    22.0971    % 
LB close or above UB, fathomed
1390   340    17         26.6357    32.5214    22.0971    % 
LB close or above UB, fathomed
1391   339    18         26.6357    32.5214    22.0971    % 
UB: 32.52142857142857
branching on CartesianIndex(1, 4) with c.
1392   340    19         26.6357    32.5214    22.0971    % 
UB: 32.52142857142857
branching on 2 with b.
1393   341    19         26.6357    32.5214    22.0971    % 
LB close or above UB, fathomed
1394   340    18         26.6357    32.5214    22.0971    % 
LB close or above UB, fathomed
1395   339    20         26.6357    32.5214    22.0971    % 
UB: 32.52142857142857
branching on CartesianIndex(1, 4) with c.
1396   340    21         26.6357    32.5214    22.0971    % 
UB: 32.52142857142857
branching on CartesianIndex(2, 4) with c.
1397   341    21         26.6357    32.5214    22.0971    % 
LB close or above UB, fathomed
1398   340    20         26.6357    32.5214    22.0971    % 
LB close or above UB, fathomed
1399   339    24         26.6357    32.5214    22.0971    % 
UB: 32.52142857142857
branching on CartesianIndex(2, 3) with a.
1400   340    25         26.6357    32.5214    22.0971    % 
UB: 32.52142857142857
branching on CartesianIndex(3, 3) with a.
1401   341    25         26.6357    32.5214    22.0971    % 
LB close or above UB, fathomed
1402   340    24         26.6357    32.5214    22.0971    % 
LB close or above UB, fathomed
1403   339    24         26.6357    32.5214    22.0971    % 
UB: 32.52142857142857
branching on CartesianIndex(2, 3) with a.
1404   340    25         26.6357    32.5214    22.0971    % 
UB: 32.52142857142857
branching on CartesianIndex(3, 3) with a.
1405   341    26         26.6357    32.5214    22.0971    % 
UB: 32.52142857142857
branching on CartesianIndex(4, 3) with a.
1406   342    27         26.6357    32.5214    22.0971    % 
UB: 32.52142857142857
branching on CartesianIndex(5, 3) with a.
1407   343    28         26.6357    32.5214    22.0971    % 
UB: 32.52142857142857
branching on CartesianIndex(6, 3) with a.
1408   344    29         26.6357    32.5214    22.0971    % 
UB: 32.52142857142857
branching on CartesianIndex(1, 4) with c.
1409   345    30         26.6357    32.5214    22.0971    % 
LB close or above UB, fathomed
1410   344    30         26.6357    32.5214    22.0971    % 
UB: 32.52142857142857
branching on CartesianIndex(1, 5) with c.
1411   345    29         26.6357    32.5214    22.0971    % 
LB close or above UB, fathomed
1412   344    28         26.6357    32.5214    22.0971    % 
LB close or above UB, fathomed
1413   343    27         26.6357    32.5214    22.0971    % 
LB close or above UB, fathomed
1414   342    26         26.6357    32.5214    22.0971    % 
LB close or above UB, fathomed
1415   341    25         26.6357    32.5214    22.0971    % 
LB close or above UB, fathomed
1416   340    24         26.6357    32.5214    22.0971    % 
LB close or above UB, fathomed
1417   339    21         26.6357    32.5214    22.0971    % 
UB: 32.52142857142857
branching on 2 with b.
1418   340    21         26.6357    32.5214    22.0971    % 
LB close or above UB, fathomed
1419   339    15         26.6357    32.5214    22.0971    % 
UB: 32.52142857142857
branching on 2 with b.
1420   340    16         26.6357    32.5214    22.0971    % 
UB: 32.52142857142857
branching on 3 with b.
1421   341    17         26.6357    32.5214    22.0971    % 
LB close or above UB, fathomed
1422   340    17         26.6357    32.5214    22.0971    % 
UB: 32.52142857142857
branching on CartesianIndex(3, 3) with a.
1423   341    18         26.6357    32.5214    22.0971    % 
UB: 32.52142857142857
branching on CartesianIndex(4, 3) with a.
1424   342    19         26.6357    32.5214    22.0971    % 
UB: 32.52142857142857
branching on CartesianIndex(5, 3) with a.
1425   343    20         26.6357    32.5214    22.0971    % 
UB: 32.52142857142857
branching on CartesianIndex(6, 3) with a.
1426   344    20         26.6357    32.5214    22.0971    % 
LB close or above UB, fathomed
1427   343    19         26.6357    32.5214    22.0971    % 
LB close or above UB, fathomed
1428   342    18         26.6357    32.5214    22.0971    % 
LB close or above UB, fathomed
1429   341    16         26.6357    32.5214    22.0971    % 
UB: 32.52142857142857
branching on CartesianIndex(3, 3) with a.
1430   342    15         26.6357    32.5214    22.0971    % 
LB close or above UB, fathomed
1431   341    15         26.6357    32.5214    22.0971    % 
UB: 32.52142857142857
branching on CartesianIndex(3, 3) with a.
1432   342    15         26.6357    32.5214    22.0971    % 
LB close or above UB, fathomed
1433   341    22         26.6357    32.5214    22.0971    % 
UB: 32.52142857142857
branching on CartesianIndex(2, 6) with c.
1434   342    22         26.6357    32.5214    22.0971    % 
LB close or above UB, fathomed
1435   341    22         26.6357    32.5214    22.0971    % 
UB: 32.52142857142857
branching on 2 with b.
1436   342    22         26.6357    32.5214    22.0971    % 
LB close or above UB, fathomed
1437   341    22         26.6357    32.5214    22.0971    % 
UB: 32.52142857142857
branching on CartesianIndex(1, 4) with c.
1438   342    23         26.6357    32.5214    22.0971    % 
LB close or above UB, fathomed
1439   341    23         26.6357    32.5214    22.0971    % 
UB: 32.52142857142857
branching on CartesianIndex(1, 5) with c.
1440   342    24         26.6357    32.5214    22.0971    % 
UB: 32.52142857142857
branching on 2 with b.
1441   343    25         26.6357    32.5214    22.0971    % 
UB: 32.52142857142857
branching on CartesianIndex(2, 5) with c.
1442   344    26         26.6357    32.5214    22.0971    % 
UB: 32.52142857142857
branching on CartesianIndex(1, 6) with c.
1443   345    27         26.6357    32.5214    22.0971    % 
LB close or above UB, fathomed
1444   344    27         26.6357    32.5214    22.0971    % 
UB: 32.52142857142857
branching on CartesianIndex(1, 7) with c.
1445   345    28         26.6357    32.5214    22.0971    % 
UB: 32.52142857142857
branching on CartesianIndex(2, 7) with c.
1446   346    29         26.6357    32.5214    22.0971    % 
LB close or above UB, fathomed
1447   345    29         26.6357    32.5214    22.0971    % 
UB: 32.52142857142857
branching on 3 with b.
1448   346    30         26.6357    32.5214    22.0971    % 
UB: 32.52142857142857
branching on 1 with b.
1449   347    31         26.6357    32.5214    22.0971    % 
UB: 32.52142857142857
branching on 2 with b.
1450   348    32         26.6357    32.5214    22.0971    % 
LB close or above UB, fathomed
1451   347    32         26.6357    32.5214    22.0971    % 
UB: 32.52142857142857
branching on 3 with b.
1452   348    31         26.6357    32.5214    22.0971    % 
LB close or above UB, fathomed
1453   347    30         26.6357    32.5214    22.0971    % 
LB close or above UB, fathomed
1454   346    28         26.6357    32.5214    22.0971    % 
LB close or above UB, fathomed
1455   345    26         26.6357    32.5214    22.0971    % 
LB close or above UB, fathomed
1456   344    25         26.6357    32.5214    22.0971    % 
LB close or above UB, fathomed
1457   343    24         26.6357    32.5214    22.0971    % 
LB close or above UB, fathomed
1458   342    22         26.6357    32.5214    22.0971    % 
LB close or above UB, fathomed
1459   341    25         26.6357    32.5214    22.0971    % 
LB close or above UB, fathomed
1460   340    25         26.6357    32.5214    22.0971    % 
UB: 32.52142857142857
branching on CartesianIndex(1, 7) with c.
1461   341    26         26.6357    32.5214    22.0971    % 
UB: 32.52142857142857
branching on CartesianIndex(2, 7) with c.
1462   342    27         26.6357    32.5214    22.0971    % 
LB close or above UB, fathomed
1463   341    27         26.6357    32.5214    22.0971    % 
UB: 32.52142857142857
branching on 1 with b.
1464   342    28         26.6357    32.5214    22.0971    % 
UB: 32.52142857142857
branching on 2 with b.
1465   343    28         26.6357    32.5214    22.0971    % 
UB: 32.52142857142857
branching on 2 with b.
1466   344    26         26.6357    32.5214    22.0971    % 
LB close or above UB, fathomed
1467   343    20         26.6357    32.5214    22.0971    % 
LB close or above UB, fathomed
1468   342    20         26.6357    32.5214    22.0971    % 
UB: 32.52142857142857
branching on CartesianIndex(1, 7) with c.
1469   343    21         26.6357    32.5214    22.0971    % 
UB: 32.52142857142857
branching on 1 with b.
1470   344    21         26.6357    32.5214    22.0971    % 
LB close or above UB, fathomed
1471   343    21         26.6357    32.5214    22.0971    % 
UB: 32.52142857142857
branching on CartesianIndex(2, 7) with c.
1472   344    22         26.6357    32.5214    22.0971    % 
LB close or above UB, fathomed
1473   343    22         26.6357    32.5214    22.0971    % 
UB: 32.52142857142857
branching on 1 with b.
1474   344    23         26.6357    32.5214    22.0971    % 
UB: 32.52142857142857
branching on 2 with b.
1475   345    24         26.6357    32.5214    22.0971    % 
LB close or above UB, fathomed
1476   344    24         26.6357    32.5214    22.0971    % 
LB close or above UB, fathomed
1477   343    23         26.6357    32.5214    22.0971    % 
UB: 32.52142857142857
branching on 2 with b.
1478   344    24         26.6357    32.5214    22.0971    % 
LB close or above UB, fathomed
1479   343    24         26.6357    32.5214    22.0971    % 
LB close or above UB, fathomed
1480   342    21         26.6357    32.5214    22.0971    % 
LB close or above UB, fathomed
1481   341    19         26.6357    32.5214    22.0971    % 
UB: 32.52142857142857
branching on CartesianIndex(4, 3) with a.
1482   342    20         26.6357    32.5214    22.0971    % 
UB: 32.52142857142857
branching on 2 with b.
1483   343    21         26.6357    32.5214    22.0971    % 
UB: 32.52142857142857
branching on CartesianIndex(5, 3) with a.
1484   344    21         26.6357    32.5214    22.0971    % 
UB: 32.52142857142857
branching on CartesianIndex(5, 3) with a.
1485   345    22         26.6357    32.5214    22.0971    % 
UB: 32.52142857142857
branching on CartesianIndex(6, 3) with a.
1486   346    23         26.6357    32.5214    22.0971    % 
UB: 32.52142857142857
branching on CartesianIndex(1, 4) with c.
1487   347    24         26.6357    32.5214    22.0971    % 
LB close or above UB, fathomed
1488   346    24         26.6357    32.5214    22.0971    % 
UB: 32.52142857142857
branching on CartesianIndex(1, 5) with c.
1489   347    23         26.6357    32.5214    22.0971    % 
LB close or above UB, fathomed
1490   346    22         26.6357    32.5214    22.0971    % 
LB close or above UB, fathomed
1491   345    20         26.6357    32.5214    22.0971    % 
LB close or above UB, fathomed
1492   344    19         26.6357    32.5214    22.0971    % 
LB close or above UB, fathomed
1493   343    22         26.6357    32.5214    22.0971    % 
UB: 32.52142857142857
branching on CartesianIndex(6, 3) with a.
1494   344    22         26.6357    32.5214    22.0971    % 
LB close or above UB, fathomed
1495   343    37         26.6357    32.5214    22.0971    % 
LB close or above UB, fathomed
1496   342    37         26.6357    32.5214    22.0971    % 
UB: 32.52142857142857
branching on 1 with b.
1497   343    34         26.6357    32.5214    22.0971    % 
LB close or above UB, fathomed
1498   342    34         26.6357    32.5214    22.0971    % 
UB: 32.52142857142857
branching on 1 with b.
1499   343    35         26.6357    32.5214    22.0971    % 
LB close or above UB, fathomed
1500   342    35         26.6357    32.5214    22.0971    % 
LB close or above UB, fathomed
1501   341    33         26.6357    32.5214    22.0971    % 
LB close or above UB, fathomed
1502   340    33         26.6357    32.5214    22.0971    % 
LB close or above UB, fathomed
1503   339    30         26.6357    32.5214    22.0971    % 
UB: 32.52142857142857
branching on 3 with b.
1504   340    30         26.6357    32.5214    22.0971    % 
LB close or above UB, fathomed
1505   339    19         26.6357    32.5214    22.0971    % 
UB: 32.52142857142857
branching on CartesianIndex(3, 3) with a.
1506   340    20         26.6357    32.5214    22.0971    % 
UB: 32.52142857142857
branching on CartesianIndex(4, 3) with a.
1507   341    20         26.6357    32.5214    22.0971    % 
LB close or above UB, fathomed
1508   340    19         26.6357    32.5214    22.0971    % 
LB close or above UB, fathomed
1509   339    19         26.6357    32.5214    22.0971    % 
UB: 32.52142857142857
branching on CartesianIndex(4, 3) with a.
1510   340    20         26.6357    32.5214    22.0971    % 
UB: 32.52142857142857
branching on CartesianIndex(5, 3) with a.
1511   341    21         26.6357    32.5214    22.0971    % 
UB: 32.52142857142857
branching on 2 with b.
1512   342    22         26.6357    32.5214    22.0971    % 
UB: 32.52142857142857
branching on 3 with b.
1513   343    22         26.6357    32.5214    22.0971    % 
UB: 32.52142857142857
branching on CartesianIndex(6, 3) with a.
1514   344    23         26.6357    32.5214    22.0971    % 
UB: 32.52142857142857
branching on CartesianIndex(1, 4) with c.
1515   345    23         26.6357    32.5214    22.0971    % 
LB close or above UB, fathomed
1516   344    21         26.6357    32.5214    22.0971    % 
LB close or above UB, fathomed
1517   343    20         26.6357    32.5214    22.0971    % 
LB close or above UB, fathomed
1518   342    19         26.6357    32.5214    22.0971    % 
LB close or above UB, fathomed
1519   341    20         26.6357    32.5214    22.0971    % 
LB close or above UB, fathomed
1520   340    20         26.6357    32.5214    22.0971    % 
UB: 32.52142857142857
branching on CartesianIndex(2, 3) with a.
1521   341    21         26.6357    32.5214    22.0971    % 
UB: 32.52142857142857
branching on 1 with b.
1522   342    22         26.6357    32.5214    22.0971    % 
UB: 32.52142857142857
branching on 2 with b.
1523   343    23         26.6357    32.5214    22.0971    % 
UB: 32.52142857142857
branching on CartesianIndex(3, 3) with a.
1524   344    23         26.6357    32.5214    22.0971    % 
LB close or above UB, fathomed
1525   343    22         26.6357    32.5214    22.0971    % 
LB close or above UB, fathomed
1526   342    21         26.6357    32.5214    22.0971    % 
LB close or above UB, fathomed
1527   341    19         26.6357    32.5214    22.0971    % 
UB: 32.52142857142857
branching on 2 with b.
1528   342    20         26.6357    32.5214    22.0971    % 
UB: 32.52142857142857
branching on CartesianIndex(4, 3) with a.
1529   343    21         26.6357    32.5214    22.0971    % 
UB: 32.52142857142857
branching on CartesianIndex(5, 3) with a.
1530   344    22         26.6357    32.5214    22.0971    % 
UB: 32.52142857142857
branching on CartesianIndex(6, 3) with a.
1531   345    22         26.6357    32.5214    22.0971    % 
LB close or above UB, fathomed
1532   344    21         26.6357    32.5214    22.0971    % 
LB close or above UB, fathomed
1533   343    20         26.6357    32.5214    22.0971    % 
LB close or above UB, fathomed
1534   342    19         26.6357    32.5214    22.0971    % 
LB close or above UB, fathomed
1535   341    18         26.6357    32.5214    22.0971    % 
UB: 32.52142857142857
branching on 1 with b.
1536   342    18         26.6357    32.5214    22.0971    % 
LB close or above UB, fathomed
1537   341    23         26.6357    32.5214    22.0971    % 
UB: 32.52142857142857
branching on CartesianIndex(2, 3) with a.
1538   342    24         26.6357    32.5214    22.0971    % 
UB: 32.52142857142857
branching on CartesianIndex(3, 3) with a.
1539   343    24         26.6357    32.5214    22.0971    % 
LB close or above UB, fathomed
1540   342    23         26.6357    32.5214    22.0971    % 
LB close or above UB, fathomed
1541   341    19         26.6357    32.5214    22.0971    % 
UB: 32.52142857142857
branching on CartesianIndex(1, 4) with c.
1542   342    20         26.6357    32.5214    22.0971    % 
LB close or above UB, fathomed
1543   341    20         26.6357    32.5214    22.0971    % 
UB: 32.52142857142857
branching on 1 with b.
1544   342    21         26.6357    32.5214    22.0971    % 
UB: 32.52142857142857
branching on CartesianIndex(1, 5) with c.
1545   343    22         26.6357    32.5214    22.0971    % 
UB: 32.52142857142857
branching on CartesianIndex(2, 5) with c.
1546   344    23         26.6357    32.5214    22.0971    % 
UB: 32.52142857142857
branching on CartesianIndex(1, 6) with c.
1547   345    24         26.6357    32.5214    22.0971    % 
LB close or above UB, fathomed
1548   344    24         26.6357    32.5214    22.0971    % 
UB: 32.52142857142857
branching on CartesianIndex(1, 7) with c.
1549   345    25         26.6357    32.5214    22.0971    % 
UB: 32.52142857142857
branching on CartesianIndex(2, 7) with c.
1550   346    26         26.6357    32.5214    22.0971    % 
LB close or above UB, fathomed
1551   345    26         26.6357    32.5214    22.0971    % 
UB: 32.52142857142857
branching on 2 with b.
1552   346    27         26.6357    32.5214    22.0971    % 
UB: 32.52142857142857
branching on 3 with b.
1553   347    28         26.6357    32.5214    22.0971    % 
UB: 32.52142857142857
branching on 1 with b.
1554   348    29         26.6357    32.5214    22.0971    % 
LB close or above UB, fathomed
1555   347    29         26.6357    32.5214    22.0971    % 
LB close or above UB, fathomed
1556   346    28         26.6357    32.5214    22.0971    % 
LB close or above UB, fathomed
1557   345    27         26.6357    32.5214    22.0971    % 
LB close or above UB, fathomed
1558   344    25         26.6357    32.5214    22.0971    % 
LB close or above UB, fathomed
1559   343    23         26.6357    32.5214    22.0971    % 
LB close or above UB, fathomed
1560   342    22         26.6357    32.5214    22.0971    % 
LB close or above UB, fathomed
1561   341    21         26.6357    32.5214    22.0971    % 
LB close or above UB, fathomed
1562   340    19         26.6357    32.5214    22.0971    % 
LB close or above UB, fathomed
1563   339    20         26.6357    32.5214    22.0971    % 
UB: 32.52142857142857
branching on 1 with b.
1564   340    21         26.6357    32.5214    22.0971    % 
UB: 32.52142857142857
branching on CartesianIndex(2, 3) with a.
1565   341    22         26.6357    32.5214    22.0971    % 
UB: 32.52142857142857
branching on CartesianIndex(3, 3) with a.
1566   342    22         26.6357    32.5214    22.0971    % 
LB close or above UB, fathomed
1567   341    21         26.6357    32.5214    22.0971    % 
LB close or above UB, fathomed
1568   340    20         26.6357    32.5214    22.0971    % 
LB close or above UB, fathomed
1569   339    17         26.6357    32.5214    22.0971    % 
UB: 32.52142857142857
branching on CartesianIndex(2, 3) with a.
1570   340    18         26.6357    32.5214    22.0971    % 
UB: 32.52142857142857
branching on 2 with b.
1571   341    19         26.6357    32.5214    22.0971    % 
LB close or above UB, fathomed
1572   340    19         26.6357    32.5214    22.0971    % 
UB: 32.52142857142857
branching on CartesianIndex(3, 3) with a.
1573   341    18         26.6357    32.5214    22.0971    % 
LB close or above UB, fathomed
1574   340    17         26.6357    32.5214    22.0971    % 
LB close or above UB, fathomed
1575   339    23         26.6357    32.5214    22.0971    % 
UB: 32.52142857142857
branching on 3 with b.
1576   340    24         26.6357    32.5214    22.0971    % 
UB: 32.52142857142857
branching on CartesianIndex(1, 4) with c.
1577   341    25         26.6357    32.5214    22.0971    % 
LB close or above UB, fathomed
1578   340    25         26.6357    32.5214    22.0971    % 
UB: 32.52142857142857
branching on CartesianIndex(1, 5) with c.
1579   341    24         26.6357    32.5214    22.0971    % 
LB close or above UB, fathomed
1580   340    23         26.6357    32.5214    22.0971    % 
LB close or above UB, fathomed
1581   339    26         26.6357    32.5214    22.0971    % 
UB: 32.52142857142857
branching on CartesianIndex(4, 3) with a.
1582   340    27         26.6357    32.5214    22.0971    % 
UB: 32.52142857142857
branching on CartesianIndex(5, 3) with a.
1583   341    28         26.6357    32.5214    22.0971    % 
UB: 32.52142857142857
branching on CartesianIndex(6, 3) with a.
1584   342    29         26.6357    32.5214    22.0971    % 
UB: 32.52142857142857
branching on CartesianIndex(1, 4) with c.
1585   343    29         26.6357    32.5214    22.0971    % 
LB close or above UB, fathomed
1586   342    28         26.6357    32.5214    22.0971    % 
LB close or above UB, fathomed
1587   341    27         26.6357    32.5214    22.0971    % 
LB close or above UB, fathomed
1588   340    26         26.6357    32.5214    22.0971    % 
LB close or above UB, fathomed
1589   339    33         26.6357    32.5214    22.0971    % 
LB close or above UB, fathomed
1590   338    33         26.6357    32.5214    22.0971    % 
UB: 32.52142857142857
branching on 3 with b.
1591   339    18         26.6357    32.5214    22.0971    % 
UB: 32.52142857142857
branching on CartesianIndex(1, 3) with a.
1592   340    19         26.6357    32.5214    22.0971    % 
UB: 32.52142857142857
branching on CartesianIndex(2, 3) with a.
1593   341    20         26.6357    32.5214    22.0971    % 
UB: 32.52142857142857
branching on CartesianIndex(3, 3) with a.
1594   342    20         26.6357    32.5214    22.0971    % 
LB close or above UB, fathomed
1595   341    19         26.6357    32.5214    22.0971    % 
LB close or above UB, fathomed
1596   340    18         26.6357    32.5214    22.0971    % 
LB close or above UB, fathomed
1597   339    19         26.6357    32.5214    22.0971    % 
UB: 32.52142857142857
branching on CartesianIndex(2, 2) with a.
1598   340    19         26.6357    32.5214    22.0971    % 
UB: 32.52142857142857
branching on CartesianIndex(2, 2) with a.
1599   341    24         26.6357    32.5214    22.0971    % 
UB: 32.52142857142857
branching on CartesianIndex(4, 3) with a.
1600   342    25         26.6357    32.5214    22.0971    % 
UB: 32.52142857142857
branching on 3 with b.
1601   343    26         26.6357    32.5214    22.0971    % 
LB close or above UB, fathomed
1602   342    26         26.6357    32.5214    22.0971    % 
UB: 32.52142857142857
branching on CartesianIndex(5, 3) with a.
1603   343    27         26.6357    32.5214    22.0971    % 
UB: 32.52142857142857
branching on CartesianIndex(6, 3) with a.
1604   344    28         26.6357    32.5214    22.0971    % 
UB: 32.52142857142857
branching on CartesianIndex(1, 4) with c.
1605   345    28         26.6357    32.5214    22.0971    % 
LB close or above UB, fathomed
1606   344    27         26.6357    32.5214    22.0971    % 
LB close or above UB, fathomed
1607   343    25         26.6357    32.5214    22.0971    % 
LB close or above UB, fathomed
1608   342    24         26.6357    32.5214    22.0971    % 
LB close or above UB, fathomed
1609   341    21         26.6357    32.5214    22.0971    % 
UB: 32.52142857142857
branching on CartesianIndex(5, 3) with a.
1610   342    22         26.6357    32.5214    22.0971    % 
UB: 32.52142857142857
branching on CartesianIndex(6, 3) with a.
1611   343    23         26.6357    32.5214    22.0971    % 
UB: 32.52142857142857
branching on 3 with b.
1612   344    23         26.6357    32.5214    22.0971    % 
LB close or above UB, fathomed
1613   343    22         26.6357    32.5214    22.0971    % 
LB close or above UB, fathomed
1614   342    21         26.6357    32.5214    22.0971    % 
LB close or above UB, fathomed
1615   341    31         26.6357    32.5214    22.0971    % 
UB: 32.52142857142857
branching on 1 with b.
1616   342    32         26.6357    32.5214    22.0971    % 
UB: 32.52142857142857
branching on 2 with b.
1617   343    32         26.6357    32.5214    22.0971    % 
LB close or above UB, fathomed
1618   342    31         26.6357    32.5214    22.0971    % 
LB close or above UB, fathomed
1619   341    22         26.6357    32.5214    22.0971    % 
UB: 32.52142857142857
branching on CartesianIndex(2, 7) with c.
1620   342    22         26.6357    32.5214    22.0971    % 
UB: 32.52142857142857
branching on CartesianIndex(2, 7) with c.
1621   343    23         26.6357    32.5214    22.0971    % 
LB close or above UB, fathomed
1622   342    23         26.6357    32.5214    22.0971    % 
LB close or above UB, fathomed
1623   341    23         26.6357    32.5214    22.0971    % 
UB: 32.52142857142857
branching on CartesianIndex(1, 7) with c.
1624   342    23         26.6357    32.5214    22.0971    % 
UB: 32.52142857142857
branching on 2 with b.
1625   343    21         26.6357    32.5214    22.0971    % 
UB: 32.52142857142857
branching on CartesianIndex(1, 4) with c.
1626   344    21         26.6357    32.5214    22.0971    % 
LB close or above UB, fathomed
1627   343    22         26.6357    32.5214    22.0971    % 
LB close or above UB, fathomed
1628   342    22         26.6357    32.5214    22.0971    % 
LB close or above UB, fathomed
1629   341    18         26.6357    32.5214    22.0971    % 
UB: 32.52142857142857
branching on CartesianIndex(2, 3) with a.
1630   342    19         26.6357    32.5214    22.0971    % 
UB: 32.52142857142857
branching on CartesianIndex(3, 3) with a.
1631   343    19         26.6357    32.5214    22.0971    % 
UB: 32.52142857142857
branching on CartesianIndex(1, 4) with c.
1632   344    18         26.6357    32.5214    22.0971    % 
UB: 32.52142857142857
branching on CartesianIndex(1, 4) with c.
1633   345    27         26.6357    32.5214    22.0971    % 
LB close or above UB, fathomed
1634   344    27         26.6357    32.5214    22.0971    % 
UB: 32.52142857142857
branching on CartesianIndex(1, 5) with c.
1635   345    30         26.6357    32.5214    22.0971    % 
LB close or above UB, fathomed
1636   344    30         26.6357    32.5214    22.0971    % 
UB: 32.52142857142857
branching on 3 with b.
1637   345    31         26.6357    32.5214    22.0971    % 
LB close or above UB, fathomed
1638   344    31         26.6357    32.5214    22.0971    % 
UB: 32.52142857142857
branching on CartesianIndex(1, 7) with c.
1639   345    32         26.6357    32.5214    22.0971    % 
UB: 32.52142857142857
branching on CartesianIndex(2, 7) with c.
1640   346    33         26.6357    32.5214    22.0971    % 
LB close or above UB, fathomed
1641   345    33         26.6357    32.5214    22.0971    % 
UB: 32.52142857142857
branching on 1 with b.
1642   346    34         26.6357    32.5214    22.0971    % 
UB: 32.52142857142857
branching on 2 with b.
1643   347    34         26.6357    32.5214    22.0971    % 
UB: 32.52142857142857
branching on 2 with b.
1644   348    32         26.6357    32.5214    22.0971    % 
LB close or above UB, fathomed
1645   347    34         26.6357    32.5214    22.0971    % 
LB close or above UB, fathomed
1646   346    34         26.6357    32.5214    22.0971    % 
UB: 32.52142857142857
branching on 1 with b.
1647   347    35         26.6357    32.5214    22.0971    % 
LB close or above UB, fathomed
1648   346    35         26.6357    32.5214    22.0971    % 
UB: 32.52142857142857
branching on 2 with b.
1649   347    22         26.6357    32.5214    22.0971    % 
UB: 32.52142857142857
branching on CartesianIndex(6, 3) with a.
1650   348    23         26.6357    32.5214    22.0971    % 
UB: 32.52142857142857
branching on 3 with b.
1651   349    23         26.6357    32.5214    22.0971    % 
LB close or above UB, fathomed
1652   348    22         26.6357    32.5214    22.0971    % 
LB close or above UB, fathomed
1653   347    22         26.6357    32.5214    22.0971    % 
UB: 32.52142857142857
branching on CartesianIndex(6, 3) with a.
1654   348    23         26.6357    32.5214    22.0971    % 
UB: 32.52142857142857
branching on CartesianIndex(1, 4) with c.
1655   349    23         26.6357    32.5214    22.0971    % 
LB close or above UB, fathomed
1656   348    22         26.6357    32.5214    22.0971    % 
LB close or above UB, fathomed
1657   347    19         26.6357    32.5214    22.0971    % 
UB: 32.52142857142857
branching on CartesianIndex(2, 4) with c.
1658   348    20         26.6357    32.5214    22.0971    % 
UB: 32.52142857142857
branching on CartesianIndex(1, 5) with c.
1659   349    21         26.6357    32.5214    22.0971    % 
LB close or above UB, fathomed
1660   348    21         26.6357    32.5214    22.0971    % 
UB: 32.52142857142857
branching on CartesianIndex(1, 6) with c.
1661   349    20         26.6357    32.5214    22.0971    % 
LB close or above UB, fathomed
1662   348    19         26.6357    32.5214    22.0971    % 
LB close or above UB, fathomed
1663   347    17         26.6357    32.5214    22.0971    % 
LB close or above UB, fathomed
1664   346    17         26.6357    32.5214    22.0971    % 
UB: 32.52142857142857
branching on CartesianIndex(1, 3) with a.
1665   347    27         26.6357    32.5214    22.0971    % 
UB: 32.52142857142857
branching on CartesianIndex(1, 4) with c.
1666   348    27         26.6357    32.5214    22.0971    % 
LB close or above UB, fathomed
1667   347    22         26.6357    32.5214    22.0971    % 
LB close or above UB, fathomed
1668   346    22         26.6357    32.5214    22.0971    % 
UB: 32.52142857142857
branching on CartesianIndex(1, 3) with a.
1669   347    23         26.6357    32.5214    22.0971    % 
UB: 32.52142857142857
branching on CartesianIndex(2, 3) with a.
1670   348    24         26.6357    32.5214    22.0971    % 
UB: 32.52142857142857
branching on CartesianIndex(3, 3) with a.
1671   349    25         26.6357    32.5214    22.0971    % 
UB: 32.52142857142857
branching on CartesianIndex(4, 3) with a.
1672   350    26         26.6357    32.5214    22.0971    % 
UB: 32.52142857142857
branching on CartesianIndex(5, 3) with a.
1673   351    27         26.6357    32.5214    22.0971    % 
UB: 32.52142857142857
branching on CartesianIndex(6, 3) with a.
1674   352    28         26.6357    32.5214    22.0971    % 
UB: 32.52142857142857
branching on CartesianIndex(1, 4) with c.
1675   353    28         26.6357    32.5214    22.0971    % 
LB close or above UB, fathomed
1676   352    27         26.6357    32.5214    22.0971    % 
LB close or above UB, fathomed
1677   351    26         26.6357    32.5214    22.0971    % 
LB close or above UB, fathomed
1678   350    25         26.6357    32.5214    22.0971    % 
LB close or above UB, fathomed
1679   349    24         26.6357    32.5214    22.0971    % 
LB close or above UB, fathomed
1680   348    23         26.6357    32.5214    22.0971    % 
LB close or above UB, fathomed
1681   347    11         26.6357    32.5214    22.0971    % 
UB: 32.52142857142857
branching on CartesianIndex(2, 2) with a.
1682   348    12         26.6357    32.5214    22.0971    % 
UB: 32.52142857142857
branching on CartesianIndex(3, 2) with a.
1683   349    13         26.6357    32.5214    22.0971    % 
LB close or above UB, fathomed
1684   348    13         26.6357    32.5214    22.0971    % 
UB: 32.52142857142857
branching on CartesianIndex(1, 3) with a.
1685   349    12         26.6357    32.5214    22.0971    % 
LB close or above UB, fathomed
1686   348    11         26.6357    32.5214    22.0971    % 
LB close or above UB, fathomed
1687   347    11         26.6357    32.5214    22.0971    % 
UB: 32.52142857142857
branching on CartesianIndex(2, 2) with a.
1688   348    12         26.6357    32.5214    22.0971    % 
UB: 32.52142857142857
branching on CartesianIndex(3, 2) with a.
1689   349    13         26.6357    32.5214    22.0971    % 
UB: 32.52142857142857
branching on CartesianIndex(4, 2) with a.
1690   350    13         26.6357    32.5214    22.0971    % 
UB: 32.52142857142857
branching on CartesianIndex(1, 3) with a.
1691   351    12         26.6357    32.5214    22.0971    % 
UB: 32.52142857142857
branching on CartesianIndex(1, 3) with a.
1692   352    11         26.6357    32.5214    22.0971    % 
UB: 32.52142857142857
branching on CartesianIndex(1, 3) with a.
1693   353    21         26.6357    32.5214    22.0971    % 
UB: 32.52142857142857
branching on CartesianIndex(1, 3) with a.
1694   354    21         26.6357    32.5214    22.0971    % 
UB: 32.52142857142857
branching on 3 with b.
1695   355    14         26.6357    32.5214    22.0971    % 
UB: 32.52142857142857
branching on CartesianIndex(2, 3) with a.
1696   356    15         26.6357    32.5214    22.0971    % 
UB: 32.52142857142857
branching on CartesianIndex(3, 3) with a.
1697   357    16         26.6357    32.5214    22.0971    % 
UB: 32.52142857142857
branching on CartesianIndex(4, 3) with a.
1698   358    17         26.6357    32.5214    22.0971    % 
UB: 32.52142857142857
branching on CartesianIndex(5, 3) with a.
1699   359    18         26.6357    32.5214    22.0971    % 
UB: 32.52142857142857
branching on CartesianIndex(6, 3) with a.
1700   360    19         26.6357    32.5214    22.0971    % 
UB: 32.52142857142857
branching on CartesianIndex(1, 4) with c.
1701   361    19         26.6357    32.5214    22.0971    % 
LB close or above UB, fathomed
1702   360    18         26.6357    32.5214    22.0971    % 
LB close or above UB, fathomed
1703   359    17         26.6357    32.5214    22.0971    % 
LB close or above UB, fathomed
1704   358    16         26.6357    32.5214    22.0971    % 
LB close or above UB, fathomed
1705   357    15         26.6357    32.5214    22.0971    % 
LB close or above UB, fathomed
1706   356    14         26.6357    32.5214    22.0971    % 
LB close or above UB, fathomed
1707   355    14         26.6357    32.5214    22.0971    % 
UB: 32.52142857142857
branching on CartesianIndex(2, 3) with a.
1708   356    15         26.6357    32.5214    22.0971    % 
UB: 32.52142857142857
branching on CartesianIndex(3, 3) with a.
1709   357    15         26.6357    32.5214    22.0971    % 
LB close or above UB, fathomed
1710   356    14         26.6357    32.5214    22.0971    % 
LB close or above UB, fathomed
1711   355    22         26.6357    32.5214    22.0971    % 
LB close or above UB, fathomed
1712   354    22         26.6357    32.5214    22.0971    % 
UB: 32.52142857142857
branching on CartesianIndex(1, 7) with c.
1713   355    23         26.6357    32.5214    22.0971    % 
UB: 32.52142857142857
branching on 2 with b.
1714   356    24         26.6357    32.5214    22.0971    % 
LB close or above UB, fathomed
1715   355    24         26.6357    32.5214    22.0971    % 
LB close or above UB, fathomed
1716   354    23         26.6357    32.5214    22.0971    % 
LB close or above UB, fathomed
1717   353    28         26.6357    32.5214    22.0971    % 
UB: 32.52142857142857
branching on CartesianIndex(2, 5) with c.
1718   354    28         26.6357    32.5214    22.0971    % 
LB close or above UB, fathomed
1719   353    20         26.6357    32.5214    22.0971    % 
UB: 32.52142857142857
branching on CartesianIndex(4, 3) with a.
1720   354    21         26.6357    32.5214    22.0971    % 
UB: 32.52142857142857
branching on CartesianIndex(5, 3) with a.
1721   355    21         26.6357    32.5214    22.0971    % 
UB: 32.52142857142857
branching on 3 with b.
1722   356    20         26.6357    32.5214    22.0971    % 
LB close or above UB, fathomed
1723   355    26         26.6357    32.5214    22.0971    % 
UB: 32.52142857142857
branching on CartesianIndex(2, 5) with c.
1724   356    27         26.6357    32.5214    22.0971    % 
UB: 32.52142857142857
branching on CartesianIndex(1, 6) with c.
1725   357    28         26.6357    32.5214    22.0971    % 
LB close or above UB, fathomed
1726   356    28         26.6357    32.5214    22.0971    % 
UB: 32.52142857142857
branching on 1 with b.
1727   357    29         26.6357    32.5214    22.0971    % 
LB close or above UB, fathomed
1728   356    29         26.6357    32.5214    22.0971    % 
UB: 32.52142857142857
branching on CartesianIndex(1, 7) with c.
1729   357    27         26.6357    32.5214    22.0971    % 
LB close or above UB, fathomed
1730   356    26         26.6357    32.5214    22.0971    % 
LB close or above UB, fathomed
1731   355    23         26.6357    32.5214    22.0971    % 
UB: 32.52142857142857
branching on CartesianIndex(1, 4) with c.
1732   356    24         26.6357    32.5214    22.0971    % 
LB close or above UB, fathomed
1733   355    24         26.6357    32.5214    22.0971    % 
UB: 32.52142857142857
branching on CartesianIndex(1, 5) with c.
1734   356    25         26.6357    32.5214    22.0971    % 
UB: 32.52142857142857
branching on 3 with b.
1735   357    26         26.6357    32.5214    22.0971    % 
UB: 32.52142857142857
branching on CartesianIndex(2, 5) with c.
1736   358    27         26.6357    32.5214    22.0971    % 
UB: 32.52142857142857
branching on CartesianIndex(1, 6) with c.
1737   359    28         26.6357    32.5214    22.0971    % 
LB close or above UB, fathomed
1738   358    28         26.6357    32.5214    22.0971    % 
UB: 32.52142857142857
branching on CartesianIndex(1, 7) with c.
1739   359    29         26.6357    32.5214    22.0971    % 
UB: 32.52142857142857
branching on CartesianIndex(2, 7) with c.
1740   360    30         26.6357    32.5214    22.0971    % 
LB close or above UB, fathomed
1741   359    30         26.6357    32.5214    22.0971    % 
UB: 32.52142857142857
branching on 1 with b.
1742   360    31         26.6357    32.5214    22.0971    % 
LB close or above UB, fathomed
1743   359    31         26.6357    32.5214    22.0971    % 
UB: 32.52142857142857
branching on 2 with b.
1744   360    32         26.6357    32.5214    22.0971    % 
UB: 32.52142857142857
branching on 3 with b.
1745   361    33         26.6357    32.5214    22.0971    % 
UB: 32.52142857142857
branching on 1 with b.
1746   362    34         26.6357    32.5214    22.0971    % 
UB: 32.52142857142857
branching on 2 with b.
1747   363    34         26.6357    32.5214    22.0971    % 
LB close or above UB, fathomed
1748   362    33         26.6357    32.5214    22.0971    % 
LB close or above UB, fathomed
1749   361    32         26.6357    32.5214    22.0971    % 
UB: 32.52142857142857
branching on 3 with b.
1750   362    29         26.6357    32.5214    22.0971    % 
LB close or above UB, fathomed
1751   361    27         26.6357    32.5214    22.0971    % 
LB close or above UB, fathomed
1752   360    26         26.6357    32.5214    22.0971    % 
LB close or above UB, fathomed
1753   359    25         26.6357    32.5214    22.0971    % 
LB close or above UB, fathomed
1754   358    23         26.6357    32.5214    22.0971    % 
LB close or above UB, fathomed
1755   357    30         26.6357    32.5214    22.0971    % 
UB: 32.52142857142857
branching on 1 with b.
1756   358    31         26.6357    32.5214    22.0971    % 
LB close or above UB, fathomed
1757   357    31         26.6357    32.5214    22.0971    % 
LB close or above UB, fathomed
1758   356    30         26.6357    32.5214    22.0971    % 
LB close or above UB, fathomed
1759   355    21         26.6357    32.5214    22.0971    % 
UB: 32.52142857142857
branching on 3 with b.
1760   356    22         26.6357    32.5214    22.0971    % 
LB close or above UB, fathomed
1761   355    22         26.6357    32.5214    22.0971    % 
UB: 32.52142857142857
branching on 1 with b.
1762   356    23         26.6357    32.5214    22.0971    % 
UB: 32.52142857142857
branching on 2 with b.
1763   357    23         26.6357    32.5214    22.0971    % 
LB close or above UB, fathomed
1764   356    21         26.6357    32.5214    22.0971    % 
LB close or above UB, fathomed
1765   355    21         26.6357    32.5214    22.0971    % 
UB: 32.52142857142857
branching on CartesianIndex(4, 3) with a.
1766   356    22         26.6357    32.5214    22.0971    % 
UB: 32.52142857142857
branching on 1 with b.
1767   357    23         26.6357    32.5214    22.0971    % 
UB: 32.52142857142857
branching on 2 with b.
1768   358    24         26.6357    32.5214    22.0971    % 
UB: 32.52142857142857
branching on 3 with b.
1769   359    25         26.6357    32.5214    22.0971    % 
UB: 32.52142857142857
branching on CartesianIndex(5, 3) with a.
1770   360    26         26.6357    32.5214    22.0971    % 
UB: 32.52142857142857
branching on CartesianIndex(6, 3) with a.
1771   361    26         26.6357    32.5214    22.0971    % 
LB close or above UB, fathomed
1772   360    25         26.6357    32.5214    22.0971    % 
LB close or above UB, fathomed
1773   359    24         26.6357    32.5214    22.0971    % 
LB close or above UB, fathomed
1774   358    23         26.6357    32.5214    22.0971    % 
LB close or above UB, fathomed
1775   357    22         26.6357    32.5214    22.0971    % 
LB close or above UB, fathomed
1776   356    21         26.6357    32.5214    22.0971    % 
LB close or above UB, fathomed
1777   355    27         26.6357    32.5214    22.0971    % 
UB: 32.52142857142857
branching on CartesianIndex(1, 4) with c.
1778   356    28         26.6357    32.5214    22.0971    % 
UB: 32.52142857142857
branching on CartesianIndex(2, 4) with c.
1779   357    29         26.6357    32.5214    22.0971    % 
UB: 32.52142857142857
branching on CartesianIndex(1, 5) with c.
1780   358    30         26.6357    32.5214    22.0971    % 
LB close or above UB, fathomed
1781   357    30         26.6357    32.5214    22.0971    % 
UB: 32.52142857142857
branching on CartesianIndex(1, 6) with c.
1782   358    29         26.6357    32.5214    22.0971    % 
LB close or above UB, fathomed
1783   357    28         26.6357    32.5214    22.0971    % 
LB close or above UB, fathomed
1784   356    27         26.6357    32.5214    22.0971    % 
LB close or above UB, fathomed
1785   355    22         26.6357    32.5214    22.0971    % 
UB: 32.52142857142857
branching on CartesianIndex(6, 3) with a.
1786   356    22         26.6357    32.5214    22.0971    % 
UB: 32.52142857142857
branching on CartesianIndex(1, 4) with c.
1787   357    29         26.6357    32.5214    22.0971    % 
UB: 32.52142857142857
branching on 1 with b.
1788   358    30         26.6357    32.5214    22.0971    % 
UB: 32.52142857142857
branching on CartesianIndex(1, 6) with c.
1789   359    30         26.6357    32.5214    22.0971    % 
UB: 32.52142857142857
branching on CartesianIndex(1, 6) with c.
1790   360    29         26.6357    32.5214    22.0971    % 
LB close or above UB, fathomed
1791   359    29         26.6357    32.5214    22.0971    % 
LB close or above UB, fathomed
1792   358    29         26.6357    32.5214    22.0971    % 
UB: 32.52142857142857
branching on 1 with b.
1793   359    30         26.6357    32.5214    22.0971    % 
UB: 32.52142857142857
branching on CartesianIndex(1, 5) with c.
1794   360    31         26.6357    32.5214    22.0971    % 
UB: 32.52142857142857
branching on CartesianIndex(2, 5) with c.
1795   361    32         26.6357    32.5214    22.0971    % 
UB: 32.52142857142857
branching on CartesianIndex(1, 6) with c.
1796   362    33         26.6357    32.5214    22.0971    % 
LB close or above UB, fathomed
1797   361    33         26.6357    32.5214    22.0971    % 
UB: 32.52142857142857
branching on CartesianIndex(1, 7) with c.
1798   362    34         26.6357    32.5214    22.0971    % 
UB: 32.52142857142857
branching on CartesianIndex(2, 7) with c.
1799   363    35         26.6357    32.5214    22.0971    % 
LB close or above UB, fathomed
1800   362    35         26.6357    32.5214    22.0971    % 
UB: 32.52142857142857
branching on 2 with b.
1801   363    36         26.6357    32.5214    22.0971    % 
LB close or above UB, fathomed
1802   362    36         26.6357    32.5214    22.0971    % 
UB: 32.52142857142857
branching on 3 with b.
1803   363    34         26.6357    32.5214    22.0971    % 
LB close or above UB, fathomed
1804   362    32         26.6357    32.5214    22.0971    % 
LB close or above UB, fathomed
1805   361    31         26.6357    32.5214    22.0971    % 
LB close or above UB, fathomed
1806   360    30         26.6357    32.5214    22.0971    % 
LB close or above UB, fathomed
1807   359    24         26.6357    32.5214    22.0971    % 
LB close or above UB, fathomed
1808   358    24         26.6357    32.5214    22.0971    % 
UB: 32.52142857142857
branching on CartesianIndex(1, 4) with c.
1809   359    22         26.6357    32.5214    22.0971    % 
UB: 32.52142857142857
branching on CartesianIndex(2, 4) with c.
1810   360    23         26.6357    32.5214    22.0971    % 
UB: 32.52142857142857
branching on 1 with b.
1811   361    24         26.6357    32.5214    22.0971    % 
LB close or above UB, fathomed
1812   360    24         26.6357    32.5214    22.0971    % 
UB: 32.52142857142857
branching on 2 with b.
1813   361    23         26.6357    32.5214    22.0971    % 
LB close or above UB, fathomed
1814   360    22         26.6357    32.5214    22.0971    % 
LB close or above UB, fathomed
1815   359    31         26.6357    32.5214    22.0971    % 
UB: 32.52142857142857
branching on CartesianIndex(2, 5) with c.
1816   360    32         26.6357    32.5214    22.0971    % 
UB: 32.52142857142857
branching on CartesianIndex(1, 6) with c.
1817   361    33         26.6357    32.5214    22.0971    % 
LB close or above UB, fathomed
1818   360    33         26.6357    32.5214    22.0971    % 
UB: 32.52142857142857
branching on CartesianIndex(1, 7) with c.
1819   361    34         26.6357    32.5214    22.0971    % 
UB: 32.52142857142857
branching on 2 with b.
1820   362    35         26.6357    32.5214    22.0971    % 
UB: 32.52142857142857
branching on CartesianIndex(2, 7) with c.
1821   363    36         26.6357    32.5214    22.0971    % 
LB close or above UB, fathomed
1822   362    36         26.6357    32.5214    22.0971    % 
UB: 32.52142857142857
branching on 3 with b.
1823   363    37         26.6357    32.5214    22.0971    % 
LB close or above UB, fathomed
1824   362    37         26.6357    32.5214    22.0971    % 
UB: 32.52142857142857
branching on 1 with b.
1825   363    38         26.6357    32.5214    22.0971    % 
UB: 32.52142857142857
branching on 2 with b.
1826   364    38         26.6357    32.5214    22.0971    % 
UB: 32.52142857142857
branching on 2 with b.
1827   365    35         26.6357    32.5214    22.0971    % 
LB close or above UB, fathomed
1828   364    34         26.6357    32.5214    22.0971    % 
LB close or above UB, fathomed
1829   363    32         26.6357    32.5214    22.0971    % 
LB close or above UB, fathomed
1830   362    31         26.6357    32.5214    22.0971    % 
LB close or above UB, fathomed
1831   361    21         26.6357    32.5214    22.0971    % 
UB: 32.52142857142857
branching on CartesianIndex(1, 5) with c.
1832   362    22         26.6357    32.5214    22.0971    % 
LB close or above UB, fathomed
1833   361    22         26.6357    32.5214    22.0971    % 
LB close or above UB, fathomed
1834   360    21         26.6357    32.5214    22.0971    % 
LB close or above UB, fathomed
1835   359    18         26.6357    32.5214    22.0971    % 
LB close or above UB, fathomed
1836   358    18         26.6357    32.5214    22.0971    % 
LB close or above UB, fathomed
1837   357    19         26.6357    32.5214    22.0971    % 
UB: 32.52142857142857
branching on CartesianIndex(1, 5) with c.
1838   358    20         26.6357    32.5214    22.0971    % 
LB close or above UB, fathomed
1839   357    20         26.6357    32.5214    22.0971    % 
UB: 32.52142857142857
branching on CartesianIndex(1, 6) with c.
1840   358    19         26.6357    32.5214    22.0971    % 
LB close or above UB, fathomed
1841   357    21         26.6357    32.5214    22.0971    % 
LB close or above UB, fathomed
1842   356    21         26.6357    32.5214    22.0971    % 
UB: 32.52142857142857
branching on 1 with b.
1843   357    22         26.6357    32.5214    22.0971    % 
UB: 32.52142857142857
branching on CartesianIndex(1, 7) with c.
1844   358    23         26.6357    32.5214    22.0971    % 
UB: 32.52142857142857
branching on 2 with b.
1845   359    24         26.6357    32.5214    22.0971    % 
LB close or above UB, fathomed
1846   358    24         26.6357    32.5214    22.0971    % 
LB close or above UB, fathomed
1847   357    23         26.6357    32.5214    22.0971    % 
LB close or above UB, fathomed
1848   356    22         26.6357    32.5214    22.0971    % 
UB: 32.52142857142857
branching on CartesianIndex(1, 7) with c.
1849   357    25         26.6357    32.5214    22.0971    % 
LB close or above UB, fathomed
1850   356    25         26.6357    32.5214    22.0971    % 
UB: 32.52142857142857
branching on CartesianIndex(1, 5) with c.
1851   357    23         26.6357    32.5214    22.0971    % 
LB close or above UB, fathomed
1852   356    23         26.6357    32.5214    22.0971    % 
UB: 32.52142857142857
branching on CartesianIndex(1, 4) with c.
1853   357    20         26.6357    32.5214    22.0971    % 
UB: 32.52142857142857
branching on CartesianIndex(2, 4) with c.
1854   358    21         26.6357    32.5214    22.0971    % 
UB: 32.52142857142857
branching on CartesianIndex(1, 5) with c.
1855   359    22         26.6357    32.5214    22.0971    % 
LB close or above UB, fathomed
1856   358    22         26.6357    32.5214    22.0971    % 
UB: 32.52142857142857
branching on CartesianIndex(1, 6) with c.
1857   359    23         26.6357    32.5214    22.0971    % 
LB close or above UB, fathomed
1858   358    23         26.6357    32.5214    22.0971    % 
UB: 32.52142857142857
branching on 1 with b.
1859   359    24         26.6357    32.5214    22.0971    % 
UB: 32.52142857142857
branching on 2 with b.
1860   360    25         26.6357    32.5214    22.0971    % 
LB close or above UB, fathomed
1861   359    25         26.6357    32.5214    22.0971    % 
LB close or above UB, fathomed
1862   358    24         26.6357    32.5214    22.0971    % 
LB close or above UB, fathomed
1863   357    21         26.6357    32.5214    22.0971    % 
LB close or above UB, fathomed
1864   356    20         26.6357    32.5214    22.0971    % 
LB close or above UB, fathomed
1865   355    24         26.6357    32.5214    22.0971    % 
LB close or above UB, fathomed
1866   354    24         26.6357    32.5214    22.0971    % 
UB: 32.52142857142857
branching on CartesianIndex(1, 4) with c.
1867   355    25         26.6357    32.5214    22.0971    % 
UB: 32.52142857142857
branching on CartesianIndex(2, 4) with c.
1868   356    25         26.6357    32.5214    22.0971    % 
LB close or above UB, fathomed
1869   355    30         26.6357    32.5214    22.0971    % 
LB close or above UB, fathomed
1870   354    30         26.6357    32.5214    22.0971    % 
UB: 32.52142857142857
branching on CartesianIndex(1, 5) with c.
1871   355    31         26.6357    32.5214    22.0971    % 
UB: 32.52142857142857
branching on CartesianIndex(2, 5) with c.
1872   356    32         26.6357    32.5214    22.0971    % 
UB: 32.52142857142857
branching on CartesianIndex(1, 6) with c.
1873   357    33         26.6357    32.5214    22.0971    % 
LB close or above UB, fathomed
1874   356    33         26.6357    32.5214    22.0971    % 
UB: 32.52142857142857
branching on CartesianIndex(1, 7) with c.
1875   357    34         26.6357    32.5214    22.0971    % 
UB: 32.52142857142857
branching on CartesianIndex(2, 7) with c.
1876   358    35         26.6357    32.5214    22.0971    % 
LB close or above UB, fathomed
1877   357    35         26.6357    32.5214    22.0971    % 
UB: 32.52142857142857
branching on 2 with b.
1878   358    36         26.6357    32.5214    22.0971    % 
UB: 32.52142857142857
branching on 3 with b.
1879   359    36         26.6357    32.5214    22.0971    % 
UB: 32.52142857142857
branching on 3 with b.
1880   360    34         26.6357    32.5214    22.0971    % 
LB close or above UB, fathomed
1881   359    32         26.6357    32.5214    22.0971    % 
LB close or above UB, fathomed
1882   358    31         26.6357    32.5214    22.0971    % 
LB close or above UB, fathomed
1883   357    24         26.6357    32.5214    22.0971    % 
LB close or above UB, fathomed
1884   356    24         26.6357    32.5214    22.0971    % 
UB: 32.52142857142857
branching on CartesianIndex(1, 5) with c.
1885   357    25         26.6357    32.5214    22.0971    % 
UB: 32.52142857142857
branching on CartesianIndex(2, 5) with c.
1886   358    26         26.6357    32.5214    22.0971    % 
UB: 32.52142857142857
branching on CartesianIndex(1, 6) with c.
1887   359    27         26.6357    32.5214    22.0971    % 
LB close or above UB, fathomed
1888   358    27         26.6357    32.5214    22.0971    % 
UB: 32.52142857142857
branching on CartesianIndex(1, 7) with c.
1889   359    28         26.6357    32.5214    22.0971    % 
UB: 32.52142857142857
branching on CartesianIndex(2, 7) with c.
1890   360    29         26.6357    32.5214    22.0971    % 
LB close or above UB, fathomed
1891   359    29         26.6357    32.5214    22.0971    % 
UB: 32.52142857142857
branching on 3 with b.
1892   360    30         26.6357    32.5214    22.0971    % 
LB close or above UB, fathomed
1893   359    30         26.6357    32.5214    22.0971    % 
UB: 32.52142857142857
branching on 1 with b.
1894   360    31         26.6357    32.5214    22.0971    % 
UB: 32.52142857142857
branching on 2 with b.
1895   361    32         26.6357    32.5214    22.0971    % 
UB: 32.52142857142857
branching on 3 with b.
1896   362    33         26.6357    32.5214    22.0971    % 
LB close or above UB, fathomed
1897   361    33         26.6357    32.5214    22.0971    % 
UB: 32.52142857142857
branching on 1 with b.
1898   362    34         26.6357    32.5214    22.0971    % 
UB: 32.52142857142857
branching on 2 with b.
1899   363    35         26.6357    32.5214    22.0971    % 
UB: 32.52142857142857
branching on 3 with b.
1900   364    35         26.6357    32.5214    22.0971    % 
LB close or above UB, fathomed
1901   363    34         26.6357    32.5214    22.0971    % 
UB: 32.52142857142857
branching on 2 with b.
1902   364    32         26.6357    32.5214    22.0971    % 
LB close or above UB, fathomed
1903   363    31         26.6357    32.5214    22.0971    % 
UB: 32.52142857142857
branching on 2 with b.
1904   364    28         26.6357    32.5214    22.0971    % 
LB close or above UB, fathomed
1905   363    26         26.6357    32.5214    22.0971    % 
LB close or above UB, fathomed
1906   362    25         26.6357    32.5214    22.0971    % 
LB close or above UB, fathomed
1907   361    23         26.6357    32.5214    22.0971    % 
UB: 32.52142857142857
branching on 2 with b.
1908   362    24         26.6357    32.5214    22.0971    % 
UB: 32.52142857142857
branching on CartesianIndex(4, 3) with a.
1909   363    24         26.6357    32.5214    22.0971    % 
UB: 32.52142857142857
branching on 3 with b.
1910   364    25         26.6357    32.5214    22.0971    % 
UB: 32.52142857142857
branching on CartesianIndex(4, 3) with a.
1911   365    26         26.6357    32.5214    22.0971    % 
UB: 32.52142857142857
branching on CartesianIndex(5, 3) with a.
1912   366    27         26.6357    32.5214    22.0971    % 
UB: 32.52142857142857
branching on CartesianIndex(6, 3) with a.
1913   367    27         26.6357    32.5214    22.0971    % 
LB close or above UB, fathomed
1914   366    26         26.6357    32.5214    22.0971    % 
LB close or above UB, fathomed
1915   365    25         26.6357    32.5214    22.0971    % 
LB close or above UB, fathomed
1916   364    23         26.6357    32.5214    22.0971    % 
LB close or above UB, fathomed
1917   363    25         26.6357    32.5214    22.0971    % 
UB: 32.52142857142857
branching on CartesianIndex(2, 5) with c.
1918   364    26         26.6357    32.5214    22.0971    % 
UB: 32.52142857142857
branching on 3 with b.
1919   365    27         26.6357    32.5214    22.0971    % 
LB close or above UB, fathomed
1920   364    27         26.6357    32.5214    22.0971    % 
UB: 32.52142857142857
branching on CartesianIndex(1, 6) with c.
1921   365    28         26.6357    32.5214    22.0971    % 
LB close or above UB, fathomed
1922   364    28         26.6357    32.5214    22.0971    % 
UB: 32.52142857142857
branching on CartesianIndex(1, 7) with c.
1923   365    29         26.6357    32.5214    22.0971    % 
UB: 32.52142857142857
branching on CartesianIndex(2, 7) with c.
1924   366    30         26.6357    32.5214    22.0971    % 
LB close or above UB, fathomed
1925   365    30         26.6357    32.5214    22.0971    % 
UB: 32.52142857142857
branching on 1 with b.
1926   366    31         26.6357    32.5214    22.0971    % 
LB close or above UB, fathomed
1927   365    31         26.6357    32.5214    22.0971    % 
UB: 32.52142857142857
branching on 2 with b.
1928   366    32         26.6357    32.5214    22.0971    % 
UB: 32.52142857142857
branching on 3 with b.
1929   367    33         26.6357    32.5214    22.0971    % 
LB close or above UB, fathomed
1930   366    33         26.6357    32.5214    22.0971    % 
UB: 32.52142857142857
branching on 1 with b.
1931   367    34         26.6357    32.5214    22.0971    % 
LB close or above UB, fathomed
1932   366    34         26.6357    32.5214    22.0971    % 
UB: 32.52142857142857
branching on 2 with b.
1933   367    32         26.6357    32.5214    22.0971    % 
LB close or above UB, fathomed
1934   366    29         26.6357    32.5214    22.0971    % 
LB close or above UB, fathomed
1935   365    26         26.6357    32.5214    22.0971    % 
LB close or above UB, fathomed
1936   364    25         26.6357    32.5214    22.0971    % 
LB close or above UB, fathomed
1937   363    22         26.6357    32.5214    22.0971    % 
LB close or above UB, fathomed
1938   362    22         26.6357    32.5214    22.0971    % 
UB: 32.52142857142857
branching on CartesianIndex(1, 5) with c.
1939   363    23         26.6357    32.5214    22.0971    % 
UB: 32.52142857142857
branching on CartesianIndex(2, 5) with c.
1940   364    24         26.6357    32.5214    22.0971    % 
UB: 32.52142857142857
branching on CartesianIndex(1, 6) with c.
1941   365    25         26.6357    32.5214    22.0971    % 
LB close or above UB, fathomed
1942   364    25         26.6357    32.5214    22.0971    % 
UB: 32.52142857142857
branching on CartesianIndex(1, 7) with c.
1943   365    26         26.6357    32.5214    22.0971    % 
UB: 32.52142857142857
branching on CartesianIndex(2, 7) with c.
1944   366    27         26.6357    32.5214    22.0971    % 
LB close or above UB, fathomed
1945   365    27         26.6357    32.5214    22.0971    % 
UB: 32.52142857142857
branching on 1 with b.
1946   366    28         26.6357    32.5214    22.0971    % 
UB: 32.52142857142857
branching on 2 with b.
1947   367    29         26.6357    32.5214    22.0971    % 
UB: 32.52142857142857
branching on 3 with b.
1948   368    30         26.6357    32.5214    22.0971    % 
UB: 32.52142857142857
branching on 1 with b.
1949   369    31         26.6357    32.5214    22.0971    % 
LB close or above UB, fathomed
1950   368    31         26.6357    32.5214    22.0971    % 
UB: 32.52142857142857
branching on 2 with b.
1951   369    30         26.6357    32.5214    22.0971    % 
LB close or above UB, fathomed
1952   368    29         26.6357    32.5214    22.0971    % 
LB close or above UB, fathomed
1953   367    28         26.6357    32.5214    22.0971    % 
LB close or above UB, fathomed
1954   366    26         26.6357    32.5214    22.0971    % 
LB close or above UB, fathomed
1955   365    24         26.6357    32.5214    22.0971    % 
LB close or above UB, fathomed
1956   364    23         26.6357    32.5214    22.0971    % 
LB close or above UB, fathomed
1957   363    26         26.6357    32.5214    22.0971    % 
UB: 32.52142857142857
branching on CartesianIndex(2, 5) with c.
1958   364    27         26.6357    32.5214    22.0971    % 
UB: 32.52142857142857
branching on CartesianIndex(1, 6) with c.
1959   365    28         26.6357    32.5214    22.0971    % 
LB close or above UB, fathomed
1960   364    28         26.6357    32.5214    22.0971    % 
UB: 32.52142857142857
branching on CartesianIndex(1, 7) with c.
1961   365    29         26.6357    32.5214    22.0971    % 
UB: 32.52142857142857
branching on 1 with b.
1962   366    30         26.6357    32.5214    22.0971    % 
LB close or above UB, fathomed
1963   365    30         26.6357    32.5214    22.0971    % 
UB: 32.52142857142857
branching on CartesianIndex(2, 7) with c.
1964   366    31         26.6357    32.5214    22.0971    % 
LB close or above UB, fathomed
1965   365    31         26.6357    32.5214    22.0971    % 
UB: 32.52142857142857
branching on 2 with b.
1966   366    32         26.6357    32.5214    22.0971    % 
UB: 32.52142857142857
branching on 3 with b.
1967   367    32         26.6357    32.5214    22.0971    % 
UB: 32.52142857142857
branching on 3 with b.
1968   368    29         26.6357    32.5214    22.0971    % 
LB close or above UB, fathomed
1969   367    27         26.6357    32.5214    22.0971    % 
LB close or above UB, fathomed
1970   366    26         26.6357    32.5214    22.0971    % 
LB close or above UB, fathomed
1971   365    23         26.6357    32.5214    22.0971    % 
UB: 32.52142857142857
branching on CartesianIndex(2, 7) with c.
1972   366    24         26.6357    32.5214    22.0971    % 
LB close or above UB, fathomed
1973   365    24         26.6357    32.5214    22.0971    % 
UB: 32.52142857142857
branching on 2 with b.
1974   366    25         26.6357    32.5214    22.0971    % 
LB close or above UB, fathomed
1975   365    25         26.6357    32.5214    22.0971    % 
LB close or above UB, fathomed
1976   364    23         26.6357    32.5214    22.0971    % 
LB close or above UB, fathomed
1977   363    24         26.6357    32.5214    22.0971    % 
LB close or above UB, fathomed
1978   362    24         26.6357    32.5214    22.0971    % 
UB: 32.52142857142857
branching on CartesianIndex(1, 5) with c.
1979   363    25         26.6357    32.5214    22.0971    % 
UB: 32.52142857142857
branching on CartesianIndex(2, 5) with c.
1980   364    26         26.6357    32.5214    22.0971    % 
UB: 32.52142857142857
branching on CartesianIndex(1, 6) with c.
1981   365    27         26.6357    32.5214    22.0971    % 
LB close or above UB, fathomed
1982   364    27         26.6357    32.5214    22.0971    % 
UB: 32.52142857142857
branching on CartesianIndex(1, 7) with c.
1983   365    28         26.6357    32.5214    22.0971    % 
UB: 32.52142857142857
branching on 1 with b.
1984   366    29         26.6357    32.5214    22.0971    % 
UB: 32.52142857142857
branching on CartesianIndex(2, 7) with c.
1985   367    30         26.6357    32.5214    22.0971    % 
LB close or above UB, fathomed
1986   366    30         26.6357    32.5214    22.0971    % 
UB: 32.52142857142857
branching on 2 with b.
1987   367    31         26.6357    32.5214    22.0971    % 
UB: 32.52142857142857
branching on 3 with b.
1988   368    31         26.6357    32.5214    22.0971    % 
UB: 32.52142857142857
branching on 3 with b.
1989   369    29         26.6357    32.5214    22.0971    % 
LB close or above UB, fathomed
1990   368    28         26.6357    32.5214    22.0971    % 
LB close or above UB, fathomed
1991   367    26         26.6357    32.5214    22.0971    % 
LB close or above UB, fathomed
1992   366    25         26.6357    32.5214    22.0971    % 
LB close or above UB, fathomed
1993   365    28         26.6357    32.5214    22.0971    % 
UB: 32.52142857142857
branching on CartesianIndex(1, 4) with c.
1994   366    29         26.6357    32.5214    22.0971    % 
LB close or above UB, fathomed
1995   365    29         26.6357    32.5214    22.0971    % 
UB: 32.52142857142857
branching on CartesianIndex(1, 5) with c.
1996   366    28         26.6357    32.5214    22.0971    % 
LB close or above UB, fathomed
1997   365    28         26.6357    32.5214    22.0971    % 
LB close or above UB, fathomed
1998   364    28         26.6357    32.5214    22.0971    % 
LB close or above UB, fathomed
1999   363    26         26.6357    32.5214    22.0971    % 
UB: 32.52142857142857
branching on CartesianIndex(1, 5) with c.
2000   364    27         26.6357    32.5214    22.0971    % 
LB close or above UB, fathomed
2001   363    27         26.6357    32.5214    22.0971    % 
LB close or above UB, fathomed
2002   362    26         26.6357    32.5214    22.0971    % 
LB close or above UB, fathomed
2003   361    24         26.6357    32.5214    22.0971    % 
UB: 32.52142857142857
branching on CartesianIndex(2, 4) with c.
2004   362    25         26.6357    32.5214    22.0971    % 
UB: 32.52142857142857
branching on CartesianIndex(1, 5) with c.
2005   363    26         26.6357    32.5214    22.0971    % 
LB close or above UB, fathomed
2006   362    26         26.6357    32.5214    22.0971    % 
LB close or above UB, fathomed
2007   361    25         26.6357    32.5214    22.0971    % 
LB close or above UB, fathomed
2008   360    24         26.6357    32.5214    22.0971    % 
LB close or above UB, fathomed
2009   359    21         28.1071    32.5214    15.7052    % 
LB close or above UB, fathomed
2010   358    21         28.1071    32.5214    15.7052    % 
LB close or above UB, fathomed
2011   357    13         28.6315    32.5214    13.5864    % 
UB: 32.52142857142857
branching on 3 with b.
2012   358    14         28.6315    32.5214    13.5864    % 
LB close or above UB, fathomed
2013   357    14         28.6315    32.5214    13.5864    % 
LB close or above UB, fathomed
2014   356    13         28.6315    32.5214    13.5864    % 
LB close or above UB, fathomed
2015   355    13         28.9045    32.5214    12.5132    % 
LB close or above UB, fathomed
2016   354    13         28.9045    32.5214    12.5132    % 
UB: 32.52142857142857
branching on CartesianIndex(2, 4) with c.
2017   355    8          29.5286    32.5214    10.1355    % 
LB close or above UB, fathomed
2018   354    8          29.5286    32.5214    10.1355    % 
UB: 32.52142857142857
branching on CartesianIndex(3, 1) with a.
2019   355    9          29.5286    32.5214    10.1355    % 
UB: 32.52142857142857
branching on CartesianIndex(4, 1) with a.
2020   356    10         29.5286    32.5214    10.1355    % 
UB: 32.52142857142857
branching on 2 with b.
2021   357    11         29.5286    32.5214    10.1355    % 
UB: 32.52142857142857
branching on CartesianIndex(5, 1) with a.
2022   358    12         29.5286    32.5214    10.1355    % 
UB: 32.52142857142857
branching on CartesianIndex(6, 1) with a.
2023   359    13         29.5286    32.5214    10.1355    % 
UB: 32.52142857142857
branching on CartesianIndex(1, 2) with a.
2024   360    14         29.5286    32.5214    10.1355    % 
UB: 32.52142857142857
branching on CartesianIndex(2, 2) with a.
2025   361    14         29.5286    32.5214    10.1355    % 
UB: 32.52142857142857
branching on CartesianIndex(1, 4) with c.
2026   362    13         29.5286    32.5214    10.1355    % 
LB close or above UB, fathomed
2027   361    12         29.5286    32.5214    10.1355    % 
LB close or above UB, fathomed
2028   360    11         29.5286    32.5214    10.1355    % 
LB close or above UB, fathomed
2029   359    10         29.5286    32.5214    10.1355    % 
LB close or above UB, fathomed
2030   358    9          29.5286    32.5214    10.1355    % 
LB close or above UB, fathomed
2031   357    8          29.5286    32.5214    10.1355    % 
UB: 32.52142857142857
branching on CartesianIndex(3, 1) with a.
2032   358    9          29.5286    32.5214    10.1355    % 
UB: 32.52142857142857
branching on CartesianIndex(4, 1) with a.
2033   359    10         29.5286    32.5214    10.1355    % 
UB: 32.52142857142857
branching on 2 with b.
2034   360    11         29.5286    32.5214    10.1355    % 
UB: 32.52142857142857
branching on CartesianIndex(5, 1) with a.
2035   361    12         29.5286    32.5214    10.1355    % 
UB: 32.52142857142857
branching on CartesianIndex(6, 1) with a.
2036   362    13         29.5286    32.5214    10.1355    % 
UB: 32.52142857142857
branching on CartesianIndex(1, 2) with a.
2037   363    14         29.5286    32.5214    10.1355    % 
UB: 32.52142857142857
branching on CartesianIndex(2, 2) with a.
2038   364    15         29.5286    32.5214    10.1355    % 
LB close or above UB, fathomed
2039   363    15         29.5286    32.5214    10.1355    % 
UB: 32.52142857142857
branching on CartesianIndex(1, 4) with c.
2040   364    14         29.5286    32.5214    10.1355    % 
UB: 32.52142857142857
branching on CartesianIndex(1, 4) with c.
2041   365    13         29.5286    32.5214    10.1355    % 
LB close or above UB, fathomed
2042   364    12         29.5286    32.5214    10.1355    % 
LB close or above UB, fathomed
2043   363    11         29.5286    32.5214    10.1355    % 
LB close or above UB, fathomed
2044   362    10         29.5286    32.5214    10.1355    % 
LB close or above UB, fathomed
2045   361    9          29.5286    32.5214    10.1355    % 
LB close or above UB, fathomed
2046   360    8          29.5286    32.5214    10.1355    % 
LB close or above UB, fathomed
2047   359    8          29.5286    32.5214    10.1355    % 
LB close or above UB, fathomed
2048   358    8          29.5286    32.5214    10.1355    % 
LB close or above UB, fathomed
2049   357    7          29.5286    32.5214    10.1355    % 
UB: 32.52142857142857
branching on CartesianIndex(3, 1) with a.
2050   358    8          29.5286    32.5214    10.1355    % 
UB: 32.52142857142857
branching on 1 with b.
2051   359    9          29.5286    32.5214    10.1355    % 
LB close or above UB, fathomed
2052   358    9          29.5286    32.5214    10.1355    % 
UB: 32.52142857142857
branching on CartesianIndex(4, 1) with a.
2053   359    10         29.5286    32.5214    10.1355    % 
UB: 32.52142857142857
branching on CartesianIndex(5, 1) with a.
2054   360    11         29.5286    32.5214    10.1355    % 
LB close or above UB, fathomed
2055   359    11         29.5286    32.5214    10.1355    % 
UB: 32.52142857142857
branching on CartesianIndex(1, 3) with a.
2056   360    12         29.5286    32.5214    10.1355    % 
UB: 32.52142857142857
branching on 3 with b.
2057   361    13         29.5286    32.5214    10.1355    % 
UB: 32.52142857142857
branching on 1 with b.
2058   362    13         29.5286    32.5214    10.1355    % 
LB close or above UB, fathomed
2059   361    12         29.5286    32.5214    10.1355    % 
LB close or above UB, fathomed
2060   360    10         29.5286    32.5214    10.1355    % 
LB close or above UB, fathomed
2061   359    8          29.5286    32.5214    10.1355    % 
LB close or above UB, fathomed
2062   358    7          29.5286    32.5214    10.1355    % 
LB close or above UB, fathomed
2063   357    15         29.5286    32.5214    10.1355    % 
UB: 32.52142857142857
branching on CartesianIndex(2, 4) with c.
2064   358    16         29.5286    32.5214    10.1355    % 
UB: 32.52142857142857
branching on CartesianIndex(1, 5) with c.
2065   359    17         29.5286    32.5214    10.1355    % 
LB close or above UB, fathomed
2066   358    17         29.5286    32.5214    10.1355    % 
UB: 32.52142857142857
branching on CartesianIndex(1, 7) with c.
2067   359    18         29.5286    32.5214    10.1355    % 
UB: 32.52142857142857
branching on 1 with b.
2068   360    19         29.5286    32.5214    10.1355    % 
UB: 32.52142857142857
branching on CartesianIndex(2, 7) with c.
2069   361    19         29.5286    32.5214    10.1355    % 
LB close or above UB, fathomed
2070   360    18         29.5286    32.5214    10.1355    % 
LB close or above UB, fathomed
2071   359    16         29.5286    32.5214    10.1355    % 
LB close or above UB, fathomed
2072   358    15         29.5286    32.5214    10.1355    % 
LB close or above UB, fathomed
2073   357    9          29.5286    32.5214    10.1355    % 
UB: 32.52142857142857
branching on 3 with b.
2074   358    10         29.5286    32.5214    10.1355    % 
LB close or above UB, fathomed
2075   357    10         29.5286    32.5214    10.1355    % 
LB close or above UB, fathomed
2076   356    9          29.5286    32.5214    10.1355    % 
LB close or above UB, fathomed
2077   355    14         29.5286    32.5214    10.1355    % 
LB close or above UB, fathomed
2078   354    14         29.5286    32.5214    10.1355    % 
LB close or above UB, fathomed
2079   353    16         29.5286    32.5214    10.1355    % 
UB: 32.52142857142857
branching on CartesianIndex(2, 4) with c.
2080   354    17         29.5286    32.5214    10.1355    % 
UB: 32.52142857142857
branching on 1 with b.
2081   355    18         29.5286    32.5214    10.1355    % 
UB: 32.52142857142857
branching on CartesianIndex(1, 5) with c.
2082   356    18         29.5286    32.5214    10.1355    % 
LB close or above UB, fathomed
2083   355    17         29.5286    32.5214    10.1355    % 
LB close or above UB, fathomed
2084   354    16         29.5286    32.5214    10.1355    % 
LB close or above UB, fathomed
2085   353    15         29.5286    32.5214    10.1355    % 
UB: 32.52142857142857
branching on 1 with b.
2086   354    16         29.5286    32.5214    10.1355    % 
LB close or above UB, fathomed
2087   353    16         29.5286    32.5214    10.1355    % 
UB: 32.52142857142857
branching on 2 with b.
2088   354    15         29.5286    32.5214    10.1355    % 
LB close or above UB, fathomed
2089   353    17         29.5286    32.5214    10.1355    % 
LB close or above UB, fathomed
2090   352    17         29.5286    32.5214    10.1355    % 
LB close or above UB, fathomed
2091   351    19         29.5286    32.5214    10.1355    % 
LB close or above UB, fathomed
2092   350    19         29.5286    32.5214    10.1355    % 
UB: 32.52142857142857
branching on CartesianIndex(1, 7) with c.
2093   351    20         29.5286    32.5214    10.1355    % 
UB: 32.52142857142857
branching on CartesianIndex(2, 7) with c.
2094   352    21         29.5286    32.5214    10.1355    % 
LB close or above UB, fathomed
2095   351    21         29.5286    32.5214    10.1355    % 
UB: 32.52142857142857
branching on 2 with b.
2096   352    22         29.5286    32.5214    10.1355    % 
LB close or above UB, fathomed
2097   351    22         29.5286    32.5214    10.1355    % 
LB close or above UB, fathomed
2098   350    20         29.5286    32.5214    10.1355    % 
LB close or above UB, fathomed
2099   349    20         29.5286    32.5214    10.1355    % 
LB close or above UB, fathomed
2100   348    20         29.5286    32.5214    10.1355    % 
UB: 32.52142857142857
branching on 2 with b.
2101   349    21         29.5286    32.5214    10.1355    % 
LB close or above UB, fathomed
2102   348    21         29.5286    32.5214    10.1355    % 
LB close or above UB, fathomed
2103   347    15         29.5286    32.5214    10.1355    % 
UB: 32.52142857142857
branching on 1 with b.
2104   348    15         29.5286    32.5214    10.1355    % 
UB: 32.52142857142857
branching on 1 with b.
2105   349    16         29.5286    32.5214    10.1355    % 
LB close or above UB, fathomed
2106   348    16         29.5286    32.5214    10.1355    % 
UB: 32.52142857142857
branching on 2 with b.
2107   349    17         29.5286    32.5214    10.1355    % 
LB close or above UB, fathomed
2108   348    17         29.5286    32.5214    10.1355    % 
LB close or above UB, fathomed
2109   347    16         29.5286    32.5214    10.1355    % 
LB close or above UB, fathomed
2110   346    16         29.5286    32.5214    10.1355    % 
LB close or above UB, fathomed
2111   345    29         29.5786    32.5214    9.9493     % 
LB close or above UB, fathomed
2112   344    29         29.5786    32.5214    9.9493     % 
LB close or above UB, fathomed
2113   343    33         29.5786    32.5214    9.9493     % 
LB close or above UB, fathomed
2114   342    33         29.5786    32.5214    9.9493     % 
UB: 32.52142857142857
branching on 1 with b.
2115   343    34         29.5786    32.5214    9.9493     % 
LB close or above UB, fathomed
2116   342    34         29.5786    32.5214    9.9493     % 
LB close or above UB, fathomed
2117   341    32         29.5786    32.5214    9.9493     % 
LB close or above UB, fathomed
2118   340    32         29.5786    32.5214    9.9493     % 
LB close or above UB, fathomed
2119   339    37         29.5786    32.5214    9.9493     % 
LB close or above UB, fathomed
2120   338    37         29.5786    32.5214    9.9493     % 
UB: 32.52142857142857
branching on 1 with b.
2121   339    38         29.5786    32.5214    9.9493     % 
LB close or above UB, fathomed
2122   338    38         29.5786    32.5214    9.9493     % 
LB close or above UB, fathomed
2123   337    36         29.5786    32.5214    9.9493     % 
LB close or above UB, fathomed
2124   336    36         29.5786    32.5214    9.9493     % 
UB: 32.52142857142857
branching on 3 with b.
2125   337    37         29.5786    32.5214    9.9493     % 
LB close or above UB, fathomed
2126   336    37         29.5786    32.5214    9.9493     % 
LB close or above UB, fathomed
2127   335    33         29.5786    32.5214    9.9493     % 
UB: 32.52142857142857
branching on 1 with b.
2128   336    34         29.5786    32.5214    9.9493     % 
UB: 32.52142857142857
branching on 2 with b.
2129   337    35         29.5786    32.5214    9.9493     % 
UB: 32.52142857142857
branching on 3 with b.
2130   338    36         29.5786    32.5214    9.9493     % 
UB: 32.52142857142857
branching on 1 with b.
2131   339    37         29.5786    32.5214    9.9493     % 
UB: 32.52142857142857
branching on 2 with b.
2132   340    38         29.5786    32.5214    9.9493     % 
LB close or above UB, fathomed
2133   339    38         29.5786    32.5214    9.9493     % 
UB: 32.52142857142857
branching on 3 with b.
2134   340    37         29.5786    32.5214    9.9493     % 
UB: 32.52142857142857
branching on 2 with b.
2135   341    36         29.5786    32.5214    9.9493     % 
LB close or above UB, fathomed
2136   340    35         29.5786    32.5214    9.9493     % 
LB close or above UB, fathomed
2137   339    34         29.5786    32.5214    9.9493     % 
LB close or above UB, fathomed
2138   338    33         29.5786    32.5214    9.9493     % 
LB close or above UB, fathomed
2139   337    13         29.5786    32.5214    9.9493     % 
UB: 32.52142857142857
branching on CartesianIndex(4, 3) with a.
2140   338    14         29.5786    32.5214    9.9493     % 
UB: 32.52142857142857
branching on 3 with b.
2141   339    15         29.5786    32.5214    9.9493     % 
UB: 32.52142857142857
branching on CartesianIndex(5, 3) with a.
2142   340    16         29.5786    32.5214    9.9493     % 
UB: 32.52142857142857
branching on CartesianIndex(6, 3) with a.
2143   341    17         29.5786    32.5214    9.9493     % 
UB: 32.52142857142857
branching on CartesianIndex(1, 4) with c.
2144   342    17         29.5786    32.5214    9.9493     % 
LB close or above UB, fathomed
2145   341    16         29.5786    32.5214    9.9493     % 
LB close or above UB, fathomed
2146   340    15         29.5786    32.5214    9.9493     % 
LB close or above UB, fathomed
2147   339    14         29.5786    32.5214    9.9493     % 
LB close or above UB, fathomed
2148   338    13         29.5786    32.5214    9.9493     % 
LB close or above UB, fathomed
2149   337    13         29.5786    32.5214    9.9493     % 
LB close or above UB, fathomed
2150   336    13         29.5786    32.5214    9.9493     % 
LB close or above UB, fathomed
2151   335    19         29.5786    32.5214    9.9493     % 
UB: 32.52142857142857
branching on CartesianIndex(4, 2) with a.
2152   336    20         29.5786    32.5214    9.9493     % 
UB: 32.52142857142857
branching on 3 with b.
2153   337    21         29.5786    32.5214    9.9493     % 
UB: 32.52142857142857
branching on CartesianIndex(5, 2) with a.
2154   338    22         29.5786    32.5214    9.9493     % 
LB close or above UB, fathomed
2155   337    22         29.5786    32.5214    9.9493     % 
UB: 32.52142857142857
branching on CartesianIndex(1, 3) with a.
2156   338    23         29.5786    32.5214    9.9493     % 
UB: 32.52142857142857
branching on CartesianIndex(2, 3) with a.
2157   339    23         29.5786    32.5214    9.9493     % 
LB close or above UB, fathomed
2158   338    21         29.5786    32.5214    9.9493     % 
LB close or above UB, fathomed
2159   337    20         29.5786    32.5214    9.9493     % 
LB close or above UB, fathomed
2160   336    19         29.5786    32.5214    9.9493     % 
LB close or above UB, fathomed
2161   335    19         29.5786    32.5214    9.9493     % 
UB: 32.52142857142857
branching on CartesianIndex(1, 5) with c.
2162   336    20         29.5786    32.5214    9.9493     % 
LB close or above UB, fathomed
2163   335    20         29.5786    32.5214    9.9493     % 
UB: 32.52142857142857
branching on CartesianIndex(1, 6) with c.
2164   336    19         29.5786    32.5214    9.9493     % 
LB close or above UB, fathomed
2165   335    21         29.5786    32.5214    9.9493     % 
UB: 32.52142857142857
branching on CartesianIndex(4, 2) with a.
2166   336    22         29.5786    32.5214    9.9493     % 
UB: 32.52142857142857
branching on CartesianIndex(5, 2) with a.
2167   337    23         29.5786    32.5214    9.9493     % 
LB close or above UB, fathomed
2168   336    23         29.5786    32.5214    9.9493     % 
LB close or above UB, fathomed
2169   335    22         29.5786    32.5214    9.9493     % 
LB close or above UB, fathomed
2170   334    21         29.5786    32.5214    9.9493     % 
LB close or above UB, fathomed
2171   333    21         29.5786    32.5214    9.9493     % 
UB: 32.52142857142857
branching on CartesianIndex(2, 7) with c.
2172   334    22         29.5786    32.5214    9.9493     % 
LB close or above UB, fathomed
2173   333    22         29.5786    32.5214    9.9493     % 
UB: 32.52142857142857
branching on 1 with b.
2174   334    23         29.5786    32.5214    9.9493     % 
UB: 32.52142857142857
branching on 2 with b.
2175   335    24         29.5786    32.5214    9.9493     % 
LB close or above UB, fathomed
2176   334    24         29.5786    32.5214    9.9493     % 
LB close or above UB, fathomed
2177   333    23         29.5786    32.5214    9.9493     % 
UB: 32.52142857142857
branching on 2 with b.
2178   334    24         29.5786    32.5214    9.9493     % 
LB close or above UB, fathomed
2179   333    24         29.5786    32.5214    9.9493     % 
LB close or above UB, fathomed
2180   332    21         29.5786    32.5214    9.9493     % 
LB close or above UB, fathomed
2181   331    15         29.5786    32.5214    9.9493     % 
UB: 32.52142857142857
branching on CartesianIndex(2, 3) with a.
2182   332    15         29.5786    32.5214    9.9493     % 
LB close or above UB, fathomed
2183   331    35         29.5786    32.5214    9.9493     % 
UB: 32.52142857142857
branching on CartesianIndex(2, 7) with c.
2184   332    36         29.5786    32.5214    9.9493     % 
LB close or above UB, fathomed
2185   331    36         29.5786    32.5214    9.9493     % 
UB: 32.52142857142857
branching on 3 with b.
2186   332    37         29.5786    32.5214    9.9493     % 
UB: 32.52142857142857
branching on 1 with b.
2187   333    38         29.5786    32.5214    9.9493     % 
LB close or above UB, fathomed
2188   332    38         29.5786    32.5214    9.9493     % 
LB close or above UB, fathomed
2189   331    37         29.5786    32.5214    9.9493     % 
LB close or above UB, fathomed
2190   330    35         29.5786    32.5214    9.9493     % 
LB close or above UB, fathomed
2191   329    17         29.5786    32.5214    9.9493     % 
UB: 32.52142857142857
branching on CartesianIndex(4, 2) with a.
2192   330    18         29.5786    32.5214    9.9493     % 
UB: 32.52142857142857
branching on CartesianIndex(5, 2) with a.
2193   331    18         29.5786    32.5214    9.9493     % 
LB close or above UB, fathomed
2194   330    17         29.5786    32.5214    9.9493     % 
LB close or above UB, fathomed
2195   329    18         29.5786    32.5214    9.9493     % 
UB: 32.52142857142857
branching on CartesianIndex(5, 2) with a.
2196   330    19         29.5786    32.5214    9.9493     % 
LB close or above UB, fathomed
2197   329    19         29.5786    32.5214    9.9493     % 
LB close or above UB, fathomed
2198   328    18         29.5786    32.5214    9.9493     % 
LB close or above UB, fathomed
2199   327    20         29.5786    32.5214    9.9493     % 
UB: 32.52142857142857
branching on 2 with b.
2200   328    21         29.5786    32.5214    9.9493     % 
UB: 32.52142857142857
branching on 3 with b.
2201   329    21         29.5786    32.5214    9.9493     % 
LB close or above UB, fathomed
2202   328    20         29.5786    32.5214    9.9493     % 
LB close or above UB, fathomed
2203   327    15         29.5786    32.5214    9.9493     % 
UB: 32.52142857142857
branching on CartesianIndex(5, 2) with a.
2204   328    16         29.5786    32.5214    9.9493     % 
UB: 32.52142857142857
branching on CartesianIndex(6, 2) with a.
2205   329    17         29.5786    32.5214    9.9493     % 
LB close or above UB, fathomed
2206   328    17         29.5786    32.5214    9.9493     % 
LB close or above UB, fathomed
2207   327    16         29.5786    32.5214    9.9493     % 
UB: 32.52142857142857
branching on CartesianIndex(1, 3) with a.
2208   328    17         29.5786    32.5214    9.9493     % 
UB: 32.52142857142857
branching on CartesianIndex(2, 3) with a.
2209   329    18         29.5786    32.5214    9.9493     % 
UB: 32.52142857142857
branching on CartesianIndex(3, 3) with a.
2210   330    19         29.5786    32.5214    9.9493     % 
LB close or above UB, fathomed
2211   329    19         29.5786    32.5214    9.9493     % 
LB close or above UB, fathomed
2212   328    18         29.5786    32.5214    9.9493     % 
LB close or above UB, fathomed
2213   327    17         29.5786    32.5214    9.9493     % 
LB close or above UB, fathomed
2214   326    15         29.5786    32.5214    9.9493     % 
LB close or above UB, fathomed
2215   325    16         29.5786    32.5214    9.9493     % 
UB: 32.52142857142857
branching on CartesianIndex(5, 2) with a.
2216   326    17         29.5786    32.5214    9.9493     % 
LB close or above UB, fathomed
2217   325    17         29.5786    32.5214    9.9493     % 
LB close or above UB, fathomed
2218   324    16         29.5786    32.5214    9.9493     % 
LB close or above UB, fathomed
2219   323    33         29.5786    32.5214    9.9493     % 
LB close or above UB, fathomed
2220   322    33         29.5786    32.5214    9.9493     % 
UB: 32.52142857142857
branching on 1 with b.
2221   323    34         29.5786    32.5214    9.9493     % 
UB: 32.52142857142857
branching on 2 with b.
2222   324    35         29.5786    32.5214    9.9493     % 
LB close or above UB, fathomed
2223   323    35         29.5786    32.5214    9.9493     % 
UB: 32.52142857142857
branching on 3 with b.
2224   324    36         29.5786    32.5214    9.9493     % 
LB close or above UB, fathomed
2225   323    36         29.5786    32.5214    9.9493     % 
LB close or above UB, fathomed
2226   322    34         29.5786    32.5214    9.9493     % 
LB close or above UB, fathomed
2227   321    10         29.5786    32.5214    9.9493     % 
UB: 32.52142857142857
branching on CartesianIndex(3, 3) with a.
2228   322    11         29.5786    32.5214    9.9493     % 
UB: 32.52142857142857
branching on CartesianIndex(4, 3) with a.
2229   323    12         29.5786    32.5214    9.9493     % 
UB: 32.52142857142857
branching on CartesianIndex(5, 3) with a.
2230   324    12         29.5786    32.5214    9.9493     % 
LB close or above UB, fathomed
2231   323    11         29.5786    32.5214    9.9493     % 
LB close or above UB, fathomed
2232   322    10         29.5786    32.5214    9.9493     % 
LB close or above UB, fathomed
2233   321    14         29.5786    32.5214    9.9493     % 
UB: 32.52142857142857
branching on 2 with b.
2234   322    15         29.5786    32.5214    9.9493     % 
UB: 32.52142857142857
branching on CartesianIndex(1, 3) with a.
2235   323    15         29.5786    32.5214    9.9493     % 
LB close or above UB, fathomed
2236   322    14         29.5786    32.5214    9.9493     % 
LB close or above UB, fathomed
2237   321    36         29.5786    32.5214    9.9493     % 
LB close or above UB, fathomed
2238   320    36         29.5786    32.5214    9.9493     % 
UB: 32.52142857142857
branching on 3 with b.
2239   321    37         29.5786    32.5214    9.9493     % 
LB close or above UB, fathomed
2240   320    37         29.5786    32.5214    9.9493     % 
LB close or above UB, fathomed
2241   319    36         29.5786    32.5214    9.9493     % 
LB close or above UB, fathomed
2242   318    36         29.5786    32.5214    9.9493     % 
UB: 32.52142857142857
branching on 3 with b.
2243   319    37         29.5786    32.5214    9.9493     % 
LB close or above UB, fathomed
2244   318    37         29.5786    32.5214    9.9493     % 
LB close or above UB, fathomed
2245   317    8          29.5786    32.5214    9.9493     % 
LB close or above UB, fathomed
2246   316    8          29.5786    32.5214    9.9493     % 
UB: 32.52142857142857
branching on 1 with b.
2247   317    9          29.5786    32.5214    9.9493     % 
UB: 32.52142857142857
branching on CartesianIndex(1, 3) with a.
2248   318    10         29.5786    32.5214    9.9493     % 
UB: 32.52142857142857
branching on CartesianIndex(2, 3) with a.
2249   319    10         29.5786    32.5214    9.9493     % 
LB close or above UB, fathomed
2250   318    9          29.5786    32.5214    9.9493     % 
LB close or above UB, fathomed
2251   317    11         29.5786    32.5214    9.9493     % 
UB: 32.52142857142857
branching on 2 with b.
2252   318    12         29.5786    32.5214    9.9493     % 
UB: 32.52142857142857
branching on 3 with b.
2253   319    13         29.5786    32.5214    9.9493     % 
LB close or above UB, fathomed
2254   318    13         29.5786    32.5214    9.9493     % 
UB: 32.52142857142857
branching on 1 with b.
2255   319    14         29.5786    32.5214    9.9493     % 
LB close or above UB, fathomed
2256   318    14         29.5786    32.5214    9.9493     % 
LB close or above UB, fathomed
2257   317    12         29.5786    32.5214    9.9493     % 
LB close or above UB, fathomed
2258   316    11         29.5786    32.5214    9.9493     % 
LB close or above UB, fathomed
2259   315    16         29.5786    32.5214    9.9493     % 
UB: 32.52142857142857
branching on CartesianIndex(2, 3) with a.
2260   316    17         29.5786    32.5214    9.9493     % 
LB close or above UB, fathomed
2261   315    17         29.5786    32.5214    9.9493     % 
LB close or above UB, fathomed
2262   314    16         29.5786    32.5214    9.9493     % 
LB close or above UB, fathomed
2263   313    13         29.5786    32.5214    9.9493     % 
LB close or above UB, fathomed
2264   312    13         29.5786    32.5214    9.9493     % 
LB close or above UB, fathomed
2265   311    22         29.5786    32.5214    9.9493     % 
UB: 32.52142857142857
branching on CartesianIndex(2, 5) with c.
2266   312    23         29.5786    32.5214    9.9493     % 
UB: 32.52142857142857
branching on CartesianIndex(1, 6) with c.
2267   313    24         29.5786    32.5214    9.9493     % 
LB close or above UB, fathomed
2268   312    24         29.5786    32.5214    9.9493     % 
UB: 32.52142857142857
branching on CartesianIndex(1, 7) with c.
2269   313    23         29.5786    32.5214    9.9493     % 
LB close or above UB, fathomed
2270   312    22         29.5786    32.5214    9.9493     % 
LB close or above UB, fathomed
2271   311    19         29.5786    32.5214    9.9493     % 
LB close or above UB, fathomed
2272   310    19         29.5786    32.5214    9.9493     % 
LB close or above UB, fathomed
2273   309    16         29.5786    32.5214    9.9493     % 
UB: 32.52142857142857
branching on CartesianIndex(3, 3) with a.
2274   310    17         29.5786    32.5214    9.9493     % 
UB: 32.52142857142857
branching on CartesianIndex(4, 3) with a.
2275   311    18         29.5786    32.5214    9.9493     % 
UB: 32.52142857142857
branching on CartesianIndex(5, 3) with a.
2276   312    19         29.5786    32.5214    9.9493     % 
UB: 32.52142857142857
branching on CartesianIndex(6, 3) with a.
2277   313    20         29.5786    32.5214    9.9493     % 
UB: 32.52142857142857
branching on 2 with b.
2278   314    20         29.5786    32.5214    9.9493     % 
LB close or above UB, fathomed
2279   313    19         29.5786    32.5214    9.9493     % 
LB close or above UB, fathomed
2280   312    18         29.5786    32.5214    9.9493     % 
LB close or above UB, fathomed
2281   311    17         29.5786    32.5214    9.9493     % 
LB close or above UB, fathomed
2282   310    16         29.5786    32.5214    9.9493     % 
LB close or above UB, fathomed
2283   309    24         29.5786    32.5214    9.9493     % 
UB: 32.52142857142857
branching on CartesianIndex(3, 3) with a.
2284   310    25         29.5786    32.5214    9.9493     % 
UB: 32.52142857142857
branching on CartesianIndex(4, 3) with a.
2285   311    26         29.5786    32.5214    9.9493     % 
UB: 32.52142857142857
branching on CartesianIndex(5, 3) with a.
2286   312    27         29.5786    32.5214    9.9493     % 
UB: 32.52142857142857
branching on CartesianIndex(6, 3) with a.
2287   313    27         29.5786    32.5214    9.9493     % 
LB close or above UB, fathomed
2288   312    26         29.5786    32.5214    9.9493     % 
LB close or above UB, fathomed
2289   311    25         29.5786    32.5214    9.9493     % 
LB close or above UB, fathomed
2290   310    24         29.5786    32.5214    9.9493     % 
LB close or above UB, fathomed
2291   309    38         29.5786    32.5214    9.9493     % 
LB close or above UB, fathomed
2292   308    38         29.5786    32.5214    9.9493     % 
UB: 32.521428571428565
branching on 3 with b.
2293   309    39         29.5786    32.5214    9.9493     % 
UB: 32.521428571428565
branching on 1 with b.
2294   310    40         29.5786    32.5214    9.9493     % 
UB: 32.521428571428565
branching on 2 with b.
2295   311    41         29.5786    32.5214    9.9493     % 
LB close or above UB, fathomed
2296   310    41         29.5786    32.5214    9.9493     % 
LB close or above UB, fathomed
2297   309    40         29.5786    32.5214    9.9493     % 
LB close or above UB, fathomed
2298   308    39         29.5786    32.5214    9.9493     % 
LB close or above UB, fathomed
2299   307    39         29.5786    32.5214    9.9493     % 
UB: 32.521428571428565
branching on 1 with b.
2300   308    40         29.5786    32.5214    9.9493     % 
LB close or above UB, fathomed
2301   307    40         29.5786    32.5214    9.9493     % 
UB: 32.521428571428565
branching on 2 with b.
2302   308    41         29.5786    32.5214    9.9493     % 
LB close or above UB, fathomed
2303   307    41         29.5786    32.5214    9.9493     % 
LB close or above UB, fathomed
2304   306    39         29.5786    32.5214    9.9493     % 
LB close or above UB, fathomed
2305   305    14         29.5786    32.5214    9.9493     % 
UB: 32.521428571428565
branching on 2 with b.
2306   306    15         29.5786    32.5214    9.9493     % 
UB: 32.521428571428565
branching on CartesianIndex(1, 5) with c.
2307   307    16         29.5786    32.5214    9.9493     % 
LB close or above UB, fathomed
2308   306    16         29.5786    32.5214    9.9493     % 
LB close or above UB, fathomed
2309   305    15         29.5786    32.5214    9.9493     % 
LB close or above UB, fathomed
2310   304    14         29.5786    32.5214    9.9493     % 
LB close or above UB, fathomed
2311   303    35         29.5786    32.5214    9.9493     % 
LB close or above UB, fathomed
2312   302    35         29.5786    32.5214    9.9493     % 
LB close or above UB, fathomed
2313   301    37         29.5786    32.5214    9.9493     % 
LB close or above UB, fathomed
2314   300    37         29.5786    32.5214    9.9493     % 
UB: 32.521428571428565
branching on 1 with b.
2315   301    38         29.5786    32.5214    9.9493     % 
LB close or above UB, fathomed
2316   300    38         29.5786    32.5214    9.9493     % 
UB: 32.521428571428565
branching on 2 with b.
2317   301    39         29.5786    32.5214    9.9493     % 
UB: 32.521428571428565
branching on 3 with b.
2318   302    40         29.5786    32.5214    9.9493     % 
LB close or above UB, fathomed
2319   301    40         29.5786    32.5214    9.9493     % 
LB close or above UB, fathomed
2320   300    39         29.5786    32.5214    9.9493     % 
LB close or above UB, fathomed
2321   299    39         29.5786    32.5214    9.9493     % 
LB close or above UB, fathomed
2322   298    39         29.5786    32.5214    9.9493     % 
LB close or above UB, fathomed
2323   297    33         29.5786    32.5214    9.9493     % 
UB: 32.521428571428565
branching on 1 with b.
2324   298    34         29.5786    32.5214    9.9493     % 
LB close or above UB, fathomed
2325   297    34         29.5786    32.5214    9.9493     % 
LB close or above UB, fathomed
2326   296    33         29.5786    32.5214    9.9493     % 
LB close or above UB, fathomed
2327   295    35         29.5786    32.5214    9.9493     % 
LB close or above UB, fathomed
2328   294    35         29.5786    32.5214    9.9493     % 
UB: 32.521428571428565
branching on 3 with b.
2329   295    36         29.5786    32.5214    9.9493     % 
UB: 32.521428571428565
branching on 1 with b.
2330   296    37         29.5786    32.5214    9.9493     % 
UB: 32.521428571428565
branching on 2 with b.
2331   297    38         29.5786    32.5214    9.9493     % 
UB: 32.521428571428565
branching on 3 with b.
2332   298    39         29.5786    32.5214    9.9493     % 
UB: 32.521428571428565
branching on 1 with b.
2333   299    40         29.5786    32.5214    9.9493     % 
LB close or above UB, fathomed
2334   298    40         29.5786    32.5214    9.9493     % 
LB close or above UB, fathomed
2335   297    39         29.5786    32.5214    9.9493     % 
LB close or above UB, fathomed
2336   296    38         29.5786    32.5214    9.9493     % 
UB: 32.521428571428565
branching on 3 with b.
2337   297    39         29.5786    32.5214    9.9493     % 
UB: 32.521428571428565
branching on 1 with b.
2338   298    40         29.5786    32.5214    9.9493     % 
LB close or above UB, fathomed
2339   297    40         29.5786    32.5214    9.9493     % 
LB close or above UB, fathomed
2340   296    39         29.5786    32.5214    9.9493     % 
LB close or above UB, fathomed
2341   295    37         29.5786    32.5214    9.9493     % 
LB close or above UB, fathomed
2342   294    36         29.5786    32.5214    9.9493     % 
LB close or above UB, fathomed
2343   293    23         29.5786    32.5214    9.9493     % 
LB close or above UB, fathomed
2344   292    23         29.5786    32.5214    9.9493     % 
UB: 32.521428571428565
branching on 2 with b.
2345   293    24         29.5786    32.5214    9.9493     % 
LB close or above UB, fathomed
2346   292    24         29.5786    32.5214    9.9493     % 
LB close or above UB, fathomed
2347   291    33         29.5786    32.5214    9.9493     % 
LB close or above UB, fathomed
2348   290    33         29.5786    32.5214    9.9493     % 
LB close or above UB, fathomed
2349   289    34         29.5786    32.5214    9.9493     % 
LB close or above UB, fathomed
2350   288    34         29.5786    32.5214    9.9493     % 
UB: 32.521428571428565
branching on 1 with b.
2351   289    38         29.5786    32.5214    9.9493     % 
LB close or above UB, fathomed
2352   288    38         29.5786    32.5214    9.9493     % 
LB close or above UB, fathomed
2353   287    23         29.5786    32.5214    9.9493     % 
UB: 32.521428571428565
branching on CartesianIndex(1, 4) with c.
2354   288    23         29.5786    32.5214    9.9493     % 
LB close or above UB, fathomed
2355   287    29         29.5786    32.5214    9.9493     % 
LB close or above UB, fathomed
2356   286    29         29.5786    32.5214    9.9493     % 
LB close or above UB, fathomed
2357   285    29         29.5786    32.5214    9.9493     % 
LB close or above UB, fathomed
2358   284    29         29.5786    32.5214    9.9493     % 
UB: 32.521428571428565
branching on 3 with b.
2359   285    30         29.5786    32.5214    9.9493     % 
UB: 32.521428571428565
branching on 1 with b.
2360   286    31         29.5786    32.5214    9.9493     % 
LB close or above UB, fathomed
2361   285    31         29.5786    32.5214    9.9493     % 
LB close or above UB, fathomed
2362   284    30         29.5786    32.5214    9.9493     % 
LB close or above UB, fathomed
2363   283    20         29.5786    32.5214    9.9493     % 
LB close or above UB, fathomed
2364   282    20         29.5786    32.5214    9.9493     % 
LB close or above UB, fathomed
2365   281    9          29.5786    32.5214    9.9493     % 
UB: 32.521428571428565
branching on 3 with b.
2366   282    10         29.5786    32.5214    9.9493     % 
LB close or above UB, fathomed
2367   281    10         29.5786    32.5214    9.9493     % 
LB close or above UB, fathomed
2368   280    9          29.5786    32.5214    9.9493     % 
LB close or above UB, fathomed
2369   279    19         29.5786    32.5214    9.9493     % 
UB: 32.521428571428565
branching on CartesianIndex(5, 3) with a.
2370   280    20         29.5786    32.5214    9.9493     % 
UB: 32.521428571428565
branching on CartesianIndex(6, 3) with a.
2371   281    20         29.5786    32.5214    9.9493     % 
LB close or above UB, fathomed
2372   280    19         29.5786    32.5214    9.9493     % 
LB close or above UB, fathomed
2373   279    17         29.5786    32.5214    9.9493     % 
LB close or above UB, fathomed
2374   278    17         29.5786    32.5214    9.9493     % 
LB close or above UB, fathomed
2375   277    15         29.5786    32.5214    9.9493     % 
UB: 32.521428571428565
branching on 2 with b.
2376   278    16         29.5786    32.5214    9.9493     % 
LB close or above UB, fathomed
2377   277    16         29.5786    32.5214    9.9493     % 
LB close or above UB, fathomed
2378   276    15         29.5786    32.5214    9.9493     % 
LB close or above UB, fathomed
2379   275    15         29.5786    32.5214    9.9493     % 
UB: 32.521428571428565
branching on 2 with b.
2380   276    16         29.5786    32.5214    9.9493     % 
UB: 32.521428571428565
branching on CartesianIndex(4, 3) with a.
2381   277    17         29.5786    32.5214    9.9493     % 
UB: 32.521428571428565
branching on CartesianIndex(5, 3) with a.
2382   278    18         29.5786    32.5214    9.9493     % 
UB: 32.521428571428565
branching on CartesianIndex(6, 3) with a.
2383   279    18         29.5786    32.5214    9.9493     % 
LB close or above UB, fathomed
2384   278    17         29.5786    32.5214    9.9493     % 
LB close or above UB, fathomed
2385   277    16         29.5786    32.5214    9.9493     % 
LB close or above UB, fathomed
2386   276    15         29.5786    32.5214    9.9493     % 
LB close or above UB, fathomed
2387   275    20         29.5786    32.5214    9.9493     % 
UB: 32.521428571428565
branching on CartesianIndex(5, 3) with a.
2388   276    21         29.5786    32.5214    9.9493     % 
UB: 32.521428571428565
branching on CartesianIndex(6, 3) with a.
2389   277    22         29.5786    32.5214    9.9493     % 
UB: 32.521428571428565
branching on 1 with b.
2390   278    22         29.5786    32.5214    9.9493     % 
LB close or above UB, fathomed
2391   277    21         29.5786    32.5214    9.9493     % 
LB close or above UB, fathomed
2392   276    20         29.5786    32.5214    9.9493     % 
LB close or above UB, fathomed
2393   275    21         29.5786    32.5214    9.9493     % 
UB: 32.521428571428565
branching on CartesianIndex(3, 3) with a.
2394   276    22         29.5786    32.5214    9.9493     % 
UB: 32.521428571428565
branching on CartesianIndex(4, 3) with a.
2395   277    23         29.5786    32.5214    9.9493     % 
UB: 32.521428571428565
branching on CartesianIndex(5, 3) with a.
2396   278    24         29.5786    32.5214    9.9493     % 
UB: 32.521428571428565
branching on CartesianIndex(6, 3) with a.
2397   279    25         29.5786    32.5214    9.9493     % 
UB: 32.521428571428565
branching on CartesianIndex(1, 4) with c.
2398   280    25         29.5786    32.5214    9.9493     % 
LB close or above UB, fathomed
2399   279    24         29.5786    32.5214    9.9493     % 
LB close or above UB, fathomed
2400   278    23         29.5786    32.5214    9.9493     % 
LB close or above UB, fathomed
2401   277    22         29.5786    32.5214    9.9493     % 
LB close or above UB, fathomed
2402   276    21         29.5786    32.5214    9.9493     % 
LB close or above UB, fathomed
2403   275    38         29.5786    32.5214    9.9493     % 
LB close or above UB, fathomed
2404   274    38         29.5786    32.5214    9.9493     % 
LB close or above UB, fathomed
2405   273    23         29.5786    32.5214    9.9493     % 
LB close or above UB, fathomed
2406   272    23         29.5786    32.5214    9.9493     % 
UB: 32.521428571428565
branching on CartesianIndex(1, 3) with a.
2407   273    21         29.5786    32.5214    9.9493     % 
UB: 32.521428571428565
branching on CartesianIndex(4, 3) with a.
2408   274    21         29.5786    32.5214    9.9493     % 
LB close or above UB, fathomed
2409   273    19         29.5786    32.5214    9.9493     % 
LB close or above UB, fathomed
2410   272    19         29.5786    32.5214    9.9493     % 
LB close or above UB, fathomed
2411   271    18         29.5786    32.5214    9.9493     % 
LB close or above UB, fathomed
2412   270    18         29.5786    32.5214    9.9493     % 
LB close or above UB, fathomed
2413   269    22         29.5786    32.5214    9.9493     % 
UB: 32.521428571428565
branching on CartesianIndex(2, 4) with c.
2414   270    23         29.5786    32.5214    9.9493     % 
UB: 32.521428571428565
branching on CartesianIndex(1, 5) with c.
2415   271    24         29.5786    32.5214    9.9493     % 
LB close or above UB, fathomed
2416   270    24         29.5786    32.5214    9.9493     % 
UB: 32.521428571428565
branching on 2 with b.
2417   271    23         29.5786    32.5214    9.9493     % 
LB close or above UB, fathomed
2418   270    22         29.5786    32.5214    9.9493     % 
LB close or above UB, fathomed
2419   269    16         29.5786    32.5214    9.9493     % 
UB: 32.521428571428565
branching on CartesianIndex(1, 2) with a.
2420   270    17         29.5786    32.5214    9.9493     % 
UB: 32.521428571428565
branching on CartesianIndex(2, 2) with a.
2421   271    18         29.5786    32.5214    9.9493     % 
LB close or above UB, fathomed
2422   270    18         29.5786    32.5214    9.9493     % 
LB close or above UB, fathomed
2423   269    17         29.5786    32.5214    9.9493     % 
LB close or above UB, fathomed
2424   268    16         29.5786    32.5214    9.9493     % 
LB close or above UB, fathomed
2425   267    22         29.5786    32.5214    9.9493     % 
LB close or above UB, fathomed
2426   266    22         29.5786    32.5214    9.9493     % 
LB close or above UB, fathomed
2427   265    19         29.5786    32.5214    9.9493     % 
LB close or above UB, fathomed
2428   264    19         29.5786    32.5214    9.9493     % 
LB close or above UB, fathomed
2429   263    18         29.5786    32.5214    9.9493     % 
LB close or above UB, fathomed
2430   262    18         29.5786    32.5214    9.9493     % 
LB close or above UB, fathomed
2431   261    20         29.5786    32.5214    9.9493     % 
UB: 32.521428571428565
branching on CartesianIndex(4, 3) with a.
2432   262    20         29.5786    32.5214    9.9493     % 
LB close or above UB, fathomed
2433   261    20         29.5786    32.5214    9.9493     % 
LB close or above UB, fathomed
2434   260    20         29.5786    32.5214    9.9493     % 
LB close or above UB, fathomed
2435   259    37         29.5786    32.5214    9.9493     % 
UB: 32.521428571428565
branching on 2 with b.
2436   260    38         29.5786    32.5214    9.9493     % 
LB close or above UB, fathomed
2437   259    38         29.5786    32.5214    9.9493     % 
UB: 32.521428571428565
branching on 3 with b.
2438   259    39         29.5786    32.5214    9.9493     % 
UB: 32.521428571428565
branching on 1 with b.
2439   260    40         29.5786    32.5214    9.9493     % 
LB close or above UB, fathomed
2440   259    40         29.5786    32.5214    9.9493     % 
UB: 32.521428571428565
branching on 2 with b.
2441   260    41         29.5786    32.5214    9.9493     % 
LB close or above UB, fathomed
2442   259    41         29.5786    32.5214    9.9493     % 
LB close or above UB, fathomed
2443   258    37         29.5786    32.5214    9.9493     % 
UB: 32.521428571428565
branching on 2 with b.
2444   259    38         29.5786    32.5214    9.9493     % 
LB close or above UB, fathomed
2445   258    38         29.5786    32.5214    9.9493     % 
UB: 32.521428571428565
branching on 3 with b.
2446   258    39         29.5786    32.5214    9.9493     % 
UB: 32.521428571428565
branching on 1 with b.
2447   259    40         29.5786    32.5214    9.9493     % 
UB: 32.521428571428565
branching on 2 with b.
2448   260    41         29.5786    32.5214    9.9493     % 
LB close or above UB, fathomed
2449   259    41         29.5786    32.5214    9.9493     % 
LB close or above UB, fathomed
2450   258    40         29.5786    32.5214    9.9493     % 
LB close or above UB, fathomed
2451   257    37         29.5786    32.5214    9.9493     % 
UB: 32.521428571428565
branching on 2 with b.
2452   258    38         29.5786    32.5214    9.9493     % 
UB: 32.521428571428565
branching on 3 with b.
2453   258    39         29.5786    32.5214    9.9493     % 
UB: 32.521428571428565
branching on 1 with b.
2454   259    40         29.5786    32.5214    9.9493     % 
LB close or above UB, fathomed
2455   258    40         29.5786    32.5214    9.9493     % 
LB close or above UB, fathomed
2456   257    38         29.5786    32.5214    9.9493     % 
UB: 32.521428571428565
branching on 3 with b.
2457   257    39         29.5786    32.5214    9.9493     % 
UB: 32.521428571428565
branching on 1 with b.
2458   258    40         29.5786    32.5214    9.9493     % 
LB close or above UB, fathomed
2459   257    40         29.5786    32.5214    9.9493     % 
LB close or above UB, fathomed
2460   256    37         29.5786    32.5214    9.9493     % 
LB close or above UB, fathomed
2461   255    19         29.5786    32.5214    9.9493     % 
LB close or above UB, fathomed
2462   254    19         29.5786    32.5214    9.9493     % 
UB: 32.521428571428565
branching on CartesianIndex(4, 2) with a.
2463   255    20         29.5786    32.5214    9.9493     % 
UB: 32.521428571428565
branching on CartesianIndex(5, 2) with a.
2464   256    21         29.5786    32.5214    9.9493     % 
UB: 32.521428571428565
branching on CartesianIndex(6, 2) with a.
2465   257    22         29.5786    32.5214    9.9493     % 
LB close or above UB, fathomed
2466   256    22         29.5786    32.5214    9.9493     % 
UB: 32.521428571428565
branching on 1 with b.
2467   257    21         29.5786    32.5214    9.9493     % 
LB close or above UB, fathomed
2468   256    20         29.5786    32.5214    9.9493     % 
LB close or above UB, fathomed
2469   255    33         29.5786    32.5214    9.9493     % 
LB close or above UB, fathomed
2470   254    33         29.5786    32.5214    9.9493     % 
UB: 32.521428571428565
branching on 1 with b.
2471   255    34         29.5786    32.5214    9.9493     % 
LB close or above UB, fathomed
2472   254    34         29.5786    32.5214    9.9493     % 
LB close or above UB, fathomed
2473   253    12         29.5786    32.5214    9.9493     % 
UB: 32.521428571428565
branching on CartesianIndex(2, 3) with a.
2474   254    13         29.5786    32.5214    9.9493     % 
UB: 32.521428571428565
branching on 3 with b.
2475   255    14         29.5786    32.5214    9.9493     % 
UB: 32.521428571428565
branching on CartesianIndex(3, 3) with a.
2476   256    14         29.5786    32.5214    9.9493     % 
LB close or above UB, fathomed
2477   255    13         29.5786    32.5214    9.9493     % 
LB close or above UB, fathomed
2478   254    12         29.5786    32.5214    9.9493     % 
LB close or above UB, fathomed
2479   253    16         29.5786    32.5214    9.9493     % 
UB: 32.521428571428565
branching on 1 with b.
2480   254    16         29.5786    32.5214    9.9493     % 
LB close or above UB, fathomed
2481   253    12         29.5786    32.5214    9.9493     % 
UB: 32.521428571428565
branching on CartesianIndex(3, 1) with a.
2482   254    13         29.5786    32.5214    9.9493     % 
UB: 32.521428571428565
branching on CartesianIndex(4, 1) with a.
2483   255    14         29.5786    32.5214    9.9493     % 
UB: 32.521428571428565
branching on CartesianIndex(5, 1) with a.
2484   256    15         29.5786    32.5214    9.9493     % 
LB close or above UB, fathomed
2485   255    15         29.5786    32.5214    9.9493     % 
UB: 32.521428571428565
branching on CartesianIndex(1, 2) with a.
2486   256    16         29.5786    32.5214    9.9493     % 
LB close or above UB, fathomed
2487   255    16         29.5786    32.5214    9.9493     % 
UB: 32.521428571428565
branching on CartesianIndex(1, 3) with a.
2488   256    14         29.5786    32.5214    9.9493     % 
LB close or above UB, fathomed
2489   255    13         29.5786    32.5214    9.9493     % 
LB close or above UB, fathomed
2490   254    12         29.5786    32.5214    9.9493     % 
LB close or above UB, fathomed
2491   253    15         29.5786    32.5214    9.9493     % 
UB: 32.521428571428565
branching on CartesianIndex(2, 2) with a.
2492   254    16         29.5786    32.5214    9.9493     % 
UB: 32.521428571428565
branching on CartesianIndex(3, 2) with a.
2493   255    17         29.5786    32.5214    9.9493     % 
LB close or above UB, fathomed
2494   254    17         29.5786    32.5214    9.9493     % 
UB: 32.521428571428565
branching on CartesianIndex(1, 3) with a.
2495   255    16         29.5786    32.5214    9.9493     % 
LB close or above UB, fathomed
2496   254    15         29.5786    32.5214    9.9493     % 
LB close or above UB, fathomed
2497   253    21         29.5786    32.5214    9.9493     % 
UB: 32.521428571428565
branching on CartesianIndex(2, 4) with c.
2498   254    22         29.5786    32.5214    9.9493     % 
UB: 32.521428571428565
branching on 2 with b.
2499   255    23         29.5786    32.5214    9.9493     % 
LB close or above UB, fathomed
2500   254    23         29.5786    32.5214    9.9493     % 
LB close or above UB, fathomed
2501   253    22         29.5786    32.5214    9.9493     % 
LB close or above UB, fathomed
2502   252    21         29.5786    32.5214    9.9493     % 
LB close or above UB, fathomed
2503   251    33         29.5786    32.5214    9.9493     % 
LB close or above UB, fathomed
2504   250    33         29.5786    32.5214    9.9493     % 
LB close or above UB, fathomed
2505   249    15         29.5786    32.5214    9.9493     % 
UB: 32.521428571428565
branching on CartesianIndex(2, 3) with a.
2506   250    16         29.5786    32.5214    9.9493     % 
UB: 32.521428571428565
branching on CartesianIndex(3, 3) with a.
2507   251    17         29.5786    32.5214    9.9493     % 
UB: 32.521428571428565
branching on 1 with b.
2508   252    18         29.5786    32.5214    9.9493     % 
LB close or above UB, fathomed
2509   251    18         29.5786    32.5214    9.9493     % 
UB: 32.521428571428565
branching on CartesianIndex(4, 3) with a.
2510   252    19         29.5786    32.5214    9.9493     % 
UB: 32.521428571428565
branching on CartesianIndex(5, 3) with a.
2511   253    20         29.5786    32.5214    9.9493     % 
UB: 32.521428571428565
branching on CartesianIndex(6, 3) with a.
2512   254    21         29.5786    32.5214    9.9493     % 
UB: 32.521428571428565
branching on CartesianIndex(1, 4) with c.
2513   255    21         29.5786    32.5214    9.9493     % 
LB close or above UB, fathomed
2514   254    20         29.5786    32.5214    9.9493     % 
LB close or above UB, fathomed
2515   253    19         29.5786    32.5214    9.9493     % 
LB close or above UB, fathomed
2516   252    17         29.5786    32.5214    9.9493     % 
LB close or above UB, fathomed
2517   251    16         29.5786    32.5214    9.9493     % 
LB close or above UB, fathomed
2518   250    15         29.5786    32.5214    9.9493     % 
LB close or above UB, fathomed
2519   249    20         29.5786    32.5214    9.9493     % 
LB close or above UB, fathomed
2520   248    20         29.5786    32.5214    9.9493     % 
LB close or above UB, fathomed
2521   247    16         29.5786    32.5214    9.9493     % 
LB close or above UB, fathomed
2522   246    16         29.5786    32.5214    9.9493     % 
LB close or above UB, fathomed
2523   245    36         29.5786    32.5214    9.9493     % 
UB: 32.521428571428565
branching on 3 with b.
2524   246    37         29.5786    32.5214    9.9493     % 
LB close or above UB, fathomed
2525   245    37         29.5786    32.5214    9.9493     % 
LB close or above UB, fathomed
2526   244    36         29.5786    32.5214    9.9493     % 
LB close or above UB, fathomed
2527   243    16         29.5786    32.5214    9.9493     % 
UB: 32.521428571428565
branching on 2 with b.
2528   244    17         29.5786    32.5214    9.9493     % 
UB: 32.521428571428565
branching on 3 with b.
2529   245    18         29.5786    32.5214    9.9493     % 
LB close or above UB, fathomed
2530   244    18         29.5786    32.5214    9.9493     % 
UB: 32.521428571428565
branching on CartesianIndex(2, 3) with a.
2531   245    19         29.5786    32.5214    9.9493     % 
UB: 32.521428571428565
branching on CartesianIndex(3, 3) with a.
2532   246    20         29.5786    32.5214    9.9493     % 
UB: 32.521428571428565
branching on 1 with b.
2533   247    21         29.5786    32.5214    9.9493     % 
LB close or above UB, fathomed
2534   246    21         29.5786    32.5214    9.9493     % 
LB close or above UB, fathomed
2535   245    20         29.5786    32.5214    9.9493     % 
LB close or above UB, fathomed
2536   244    19         29.5786    32.5214    9.9493     % 
LB close or above UB, fathomed
2537   243    17         29.5786    32.5214    9.9493     % 
UB: 32.521428571428565
branching on CartesianIndex(2, 3) with a.
2538   244    16         29.5786    32.5214    9.9493     % 
LB close or above UB, fathomed
2539   243    14         29.5786    32.5214    9.9493     % 
LB close or above UB, fathomed
2540   242    14         29.5786    32.5214    9.9493     % 
LB close or above UB, fathomed
2541   241    15         29.5786    32.5214    9.9493     % 
LB close or above UB, fathomed
2542   240    15         29.5786    32.5214    9.9493     % 
UB: 32.521428571428565
branching on CartesianIndex(1, 3) with a.
2543   241    16         29.5786    32.5214    9.9493     % 
UB: 32.521428571428565
branching on CartesianIndex(2, 3) with a.
2544   242    17         29.5786    32.5214    9.9493     % 
LB close or above UB, fathomed
2545   241    17         29.5786    32.5214    9.9493     % 
LB close or above UB, fathomed
2546   240    16         29.5786    32.5214    9.9493     % 
LB close or above UB, fathomed
2547   239    16         29.5786    32.5214    9.9493     % 
UB: 32.521428571428565
branching on CartesianIndex(3, 2) with a.
2548   240    16         29.5786    32.5214    9.9493     % 
LB close or above UB, fathomed
2549   239    22         29.5786    32.5214    9.9493     % 
UB: 32.521428571428565
branching on CartesianIndex(2, 4) with c.
2550   240    23         29.5786    32.5214    9.9493     % 
UB: 32.521428571428565
branching on CartesianIndex(1, 5) with c.
2551   241    24         29.5786    32.5214    9.9493     % 
LB close or above UB, fathomed
2552   240    24         29.5786    32.5214    9.9493     % 
UB: 32.521428571428565
branching on CartesianIndex(1, 6) with c.
2553   241    23         29.5786    32.5214    9.9493     % 
LB close or above UB, fathomed
2554   240    22         29.5786    32.5214    9.9493     % 
LB close or above UB, fathomed
2555   239    18         29.5786    32.5214    9.9493     % 
UB: 32.521428571428565
branching on CartesianIndex(2, 3) with a.
2556   240    19         29.5786    32.5214    9.9493     % 
UB: 32.521428571428565
branching on 2 with b.
2557   241    19         29.5786    32.5214    9.9493     % 
LB close or above UB, fathomed
2558   240    18         29.5786    32.5214    9.9493     % 
LB close or above UB, fathomed
2559   239    17         29.5786    32.5214    9.9493     % 
LB close or above UB, fathomed
2560   238    17         29.5786    32.5214    9.9493     % 
LB close or above UB, fathomed
2561   237    17         29.5786    32.5214    9.9493     % 
UB: 32.521428571428565
branching on CartesianIndex(6, 1) with a.
2562   238    18         29.5786    32.5214    9.9493     % 
UB: 32.521428571428565
branching on CartesianIndex(1, 2) with a.
2563   239    19         29.5786    32.5214    9.9493     % 
LB close or above UB, fathomed
2564   238    19         29.5786    32.5214    9.9493     % 
UB: 32.521428571428565
branching on CartesianIndex(1, 3) with a.
2565   239    18         29.5786    32.5214    9.9493     % 
LB close or above UB, fathomed
2566   238    17         29.5786    32.5214    9.9493     % 
LB close or above UB, fathomed
2567   237    23         29.5786    32.5214    9.9493     % 
LB close or above UB, fathomed
2568   236    23         29.5786    32.5214    9.9493     % 
UB: 32.521428571428565
branching on 2 with b.
2569   237    21         29.5786    32.5214    9.9493     % 
UB: 32.521428571428565
branching on CartesianIndex(5, 3) with a.
2570   238    22         29.5786    32.5214    9.9493     % 
UB: 32.521428571428565
branching on CartesianIndex(6, 3) with a.
2571   239    23         29.5786    32.5214    9.9493     % 
LB close or above UB, fathomed
2572   238    23         29.5786    32.5214    9.9493     % 
LB close or above UB, fathomed
2573   237    22         29.5786    32.5214    9.9493     % 
LB close or above UB, fathomed
2574   236    21         29.5786    32.5214    9.9493     % 
LB close or above UB, fathomed
2575   235    25         29.5786    32.5214    9.9493     % 
LB close or above UB, fathomed
2576   234    25         29.5786    32.5214    9.9493     % 
LB close or above UB, fathomed
2577   233    22         29.5786    32.5214    9.9493     % 
UB: 32.521428571428565
branching on CartesianIndex(5, 3) with a.
2578   234    23         29.5786    32.5214    9.9493     % 
UB: 32.521428571428565
branching on CartesianIndex(6, 3) with a.
2579   235    24         29.5786    32.5214    9.9493     % 
UB: 32.521428571428565
branching on CartesianIndex(1, 4) with c.
2580   236    25         29.5786    32.5214    9.9493     % 
LB close or above UB, fathomed
2581   235    25         29.5786    32.5214    9.9493     % 
UB: 32.521428571428565
branching on CartesianIndex(1, 5) with c.
2582   236    26         29.5786    32.5214    9.9493     % 
UB: 32.521428571428565
branching on CartesianIndex(2, 5) with c.
2583   237    27         29.5786    32.5214    9.9493     % 
UB: 32.521428571428565
branching on 2 with b.
2584   238    28         29.5786    32.5214    9.9493     % 
UB: 32.521428571428565
branching on CartesianIndex(1, 6) with c.
2585   239    29         29.5786    32.5214    9.9493     % 
LB close or above UB, fathomed
2586   238    29         29.5786    32.5214    9.9493     % 
UB: 32.521428571428565
branching on CartesianIndex(1, 7) with c.
2587   239    30         29.5786    32.5214    9.9493     % 
UB: 32.521428571428565
branching on CartesianIndex(2, 7) with c.
2588   240    31         29.5786    32.5214    9.9493     % 
LB close or above UB, fathomed
2589   239    31         29.5786    32.5214    9.9493     % 
UB: 32.521428571428565
branching on 3 with b.
2590   240    32         29.5786    32.5214    9.9493     % 
UB: 32.521428571428565
branching on 1 with b.
2591   241    33         29.5786    32.5214    9.9493     % 
LB close or above UB, fathomed
2592   240    33         29.5786    32.5214    9.9493     % 
LB close or above UB, fathomed
2593   239    32         29.5786    32.5214    9.9493     % 
LB close or above UB, fathomed
2594   238    30         29.5786    32.5214    9.9493     % 
LB close or above UB, fathomed
2595   237    28         29.5786    32.5214    9.9493     % 
LB close or above UB, fathomed
2596   236    27         29.5786    32.5214    9.9493     % 
LB close or above UB, fathomed
2597   235    26         29.5786    32.5214    9.9493     % 
LB close or above UB, fathomed
2598   234    24         29.5786    32.5214    9.9493     % 
LB close or above UB, fathomed
2599   233    23         29.5786    32.5214    9.9493     % 
LB close or above UB, fathomed
2600   232    22         29.5786    32.5214    9.9493     % 
LB close or above UB, fathomed
2601   231    24         29.5786    32.5214    9.9493     % 
UB: 32.521428571428565
branching on CartesianIndex(2, 3) with a.
2602   232    25         29.5786    32.5214    9.9493     % 
LB close or above UB, fathomed
2603   231    25         29.5786    32.5214    9.9493     % 
LB close or above UB, fathomed
2604   230    24         29.5786    32.5214    9.9493     % 
LB close or above UB, fathomed
2605   229    23         29.5786    32.5214    9.9493     % 
LB close or above UB, fathomed
2606   228    23         29.5786    32.5214    9.9493     % 
LB close or above UB, fathomed
2607   227    19         29.5786    32.5214    9.9493     % 
UB: 32.521428571428565
branching on 3 with b.
2608   228    20         29.5786    32.5214    9.9493     % 
UB: 32.521428571428565
branching on CartesianIndex(1, 4) with c.
2609   229    21         29.5786    32.5214    9.9493     % 
UB: 32.521428571428565
branching on 1 with b.
2610   230    22         29.5786    32.5214    9.9493     % 
UB: 32.521428571428565
branching on CartesianIndex(2, 4) with c.
2611   231    23         29.5786    32.5214    9.9493     % 
UB: 32.521428571428565
branching on CartesianIndex(1, 5) with c.
2612   232    24         29.5786    32.5214    9.9493     % 
LB close or above UB, fathomed
2613   231    24         29.5786    32.5214    9.9493     % 
LB close or above UB, fathomed
2614   230    23         29.5786    32.5214    9.9493     % 
LB close or above UB, fathomed
2615   229    22         29.5786    32.5214    9.9493     % 
LB close or above UB, fathomed
2616   228    21         29.5786    32.5214    9.9493     % 
LB close or above UB, fathomed
2617   227    20         29.5786    32.5214    9.9493     % 
LB close or above UB, fathomed
2618   226    19         29.5786    32.5214    9.9493     % 
LB close or above UB, fathomed
2619   225    21         29.5786    32.5214    9.9493     % 
UB: 32.521428571428565
branching on CartesianIndex(1, 4) with c.
2620   226    22         29.5786    32.5214    9.9493     % 
UB: 32.521428571428565
branching on CartesianIndex(2, 4) with c.
2621   227    23         29.5786    32.5214    9.9493     % 
UB: 32.521428571428565
branching on CartesianIndex(1, 5) with c.
2622   228    24         29.5786    32.5214    9.9493     % 
LB close or above UB, fathomed
2623   227    24         29.5786    32.5214    9.9493     % 
UB: 32.521428571428565
branching on CartesianIndex(1, 6) with c.
2624   228    25         29.5786    32.5214    9.9493     % 
LB close or above UB, fathomed
2625   227    25         29.5786    32.5214    9.9493     % 
UB: 32.521428571428565
branching on CartesianIndex(1, 7) with c.
2626   228    26         29.5786    32.5214    9.9493     % 
UB: 32.521428571428565
branching on 2 with b.
2627   229    27         29.5786    32.5214    9.9493     % 
LB close or above UB, fathomed
2628   228    27         29.5786    32.5214    9.9493     % 
LB close or above UB, fathomed
2629   227    26         29.5786    32.5214    9.9493     % 
LB close or above UB, fathomed
2630   226    23         29.5786    32.5214    9.9493     % 
LB close or above UB, fathomed
2631   225    22         29.5786    32.5214    9.9493     % 
LB close or above UB, fathomed
2632   224    21         29.5786    32.5214    9.9493     % 
LB close or above UB, fathomed
2633   223    35         29.5786    32.5214    9.9493     % 
UB: 32.521428571428565
branching on 2 with b.
2634   224    36         29.5786    32.5214    9.9493     % 
UB: 32.521428571428565
branching on 3 with b.
2635   225    37         29.5786    32.5214    9.9493     % 
LB close or above UB, fathomed
2636   224    37         29.5786    32.5214    9.9493     % 
LB close or above UB, fathomed
2637   223    36         29.5786    32.5214    9.9493     % 
LB close or above UB, fathomed
2638   222    35         29.5786    32.5214    9.9493     % 
LB close or above UB, fathomed
2639   221    25         29.5786    32.5214    9.9493     % 
UB: 32.521428571428565
branching on CartesianIndex(2, 7) with c.
2640   222    26         29.5786    32.5214    9.9493     % 
LB close or above UB, fathomed
2641   221    26         29.5786    32.5214    9.9493     % 
UB: 32.521428571428565
branching on 1 with b.
2642   222    27         29.5786    32.5214    9.9493     % 
UB: 32.521428571428565
branching on 2 with b.
2643   223    28         29.5786    32.5214    9.9493     % 
LB close or above UB, fathomed
2644   222    28         29.5786    32.5214    9.9493     % 
LB close or above UB, fathomed
2645   221    27         29.5786    32.5214    9.9493     % 
LB close or above UB, fathomed
2646   220    25         29.5786    32.5214    9.9493     % 
LB close or above UB, fathomed
2647   219    21         29.5786    32.5214    9.9493     % 
LB close or above UB, fathomed
2648   218    21         29.5786    32.5214    9.9493     % 
UB: 32.521428571428565
branching on CartesianIndex(1, 7) with c.
2649   219    22         29.5786    32.5214    9.9493     % 
UB: 32.521428571428565
branching on CartesianIndex(2, 7) with c.
2650   220    23         29.5786    32.5214    9.9493     % 
LB close or above UB, fathomed
2651   219    23         29.5786    32.5214    9.9493     % 
UB: 32.521428571428565
branching on 1 with b.
2652   220    24         29.5786    32.5214    9.9493     % 
LB close or above UB, fathomed
2653   219    24         29.5786    32.5214    9.9493     % 
LB close or above UB, fathomed
2654   218    22         29.5786    32.5214    9.9493     % 
LB close or above UB, fathomed
2655   217    18         29.5786    32.5214    9.9493     % 
LB close or above UB, fathomed
2656   216    18         29.5786    32.5214    9.9493     % 
UB: 32.521428571428565
branching on CartesianIndex(1, 5) with c.
2657   217    35         29.5786    32.5214    9.9493     % 
LB close or above UB, fathomed
2658   216    35         29.5786    32.5214    9.9493     % 
LB close or above UB, fathomed
2659   215    36         29.5786    32.5214    9.9493     % 
LB close or above UB, fathomed
2660   214    36         29.5786    32.5214    9.9493     % 
LB close or above UB, fathomed
2661   213    39         29.5786    32.5214    9.9493     % 
LB close or above UB, fathomed
2662   212    39         29.5786    32.5214    9.9493     % 
LB close or above UB, fathomed
2663   211    35         29.5786    32.5214    9.9493     % 
UB: 32.521428571428565
branching on 3 with b.
2664   212    36         29.5786    32.5214    9.9493     % 
LB close or above UB, fathomed
2665   211    36         29.5786    32.5214    9.9493     % 
LB close or above UB, fathomed
2666   210    35         29.5786    32.5214    9.9493     % 
LB close or above UB, fathomed
2667   209    35         29.5786    32.5214    9.9493     % 
UB: 32.521428571428565
branching on 3 with b.
2668   210    36         29.5786    32.5214    9.9493     % 
LB close or above UB, fathomed
2669   209    36         29.5786    32.5214    9.9493     % 
LB close or above UB, fathomed
2670   208    35         29.5786    32.5214    9.9493     % 
LB close or above UB, fathomed
2671   207    24         29.5786    32.5214    9.9493     % 
LB close or above UB, fathomed
2672   206    24         29.5786    32.5214    9.9493     % 
LB close or above UB, fathomed
2673   205    24         29.5786    32.5214    9.9493     % 
UB: 32.521428571428565
branching on 2 with b.
2674   206    25         29.5786    32.5214    9.9493     % 
LB close or above UB, fathomed
2675   205    25         29.5786    32.5214    9.9493     % 
LB close or above UB, fathomed
2676   204    24         29.5786    32.5214    9.9493     % 
LB close or above UB, fathomed
2677   203    21         29.5786    32.5214    9.9493     % 
UB: 32.521428571428565
branching on CartesianIndex(4, 3) with a.
2678   204    22         29.5786    32.5214    9.9493     % 
UB: 32.521428571428565
branching on CartesianIndex(5, 3) with a.
2679   205    23         29.5786    32.5214    9.9493     % 
UB: 32.521428571428565
branching on CartesianIndex(6, 3) with a.
2680   206    24         29.5786    32.5214    9.9493     % 
UB: 32.521428571428565
branching on CartesianIndex(1, 4) with c.
2681   207    25         29.5786    32.5214    9.9493     % 
UB: 32.521428571428565
branching on CartesianIndex(2, 4) with c.
2682   208    26         29.5786    32.5214    9.9493     % 
UB: 32.521428571428565
branching on CartesianIndex(1, 5) with c.
2683   209    27         29.5786    32.5214    9.9493     % 
LB close or above UB, fathomed
2684   208    27         29.5786    32.5214    9.9493     % 
LB close or above UB, fathomed
2685   207    26         29.5786    32.5214    9.9493     % 
LB close or above UB, fathomed
2686   206    25         29.5786    32.5214    9.9493     % 
LB close or above UB, fathomed
2687   205    24         29.5786    32.5214    9.9493     % 
LB close or above UB, fathomed
2688   204    23         29.5786    32.5214    9.9493     % 
LB close or above UB, fathomed
2689   203    22         29.5786    32.5214    9.9493     % 
LB close or above UB, fathomed
2690   202    21         29.5786    32.5214    9.9493     % 
LB close or above UB, fathomed
2691   201    22         29.5786    32.5214    9.9493     % 
UB: 32.521428571428565
branching on 1 with b.
2692   202    23         29.5786    32.5214    9.9493     % 
UB: 32.521428571428565
branching on 2 with b.
2693   203    23         29.5786    32.5214    9.9493     % 
LB close or above UB, fathomed
2694   202    22         29.5786    32.5214    9.9493     % 
LB close or above UB, fathomed
2695   201    26         29.5786    32.5214    9.9493     % 
UB: 32.521428571428565
branching on 3 with b.
2696   202    27         29.5786    32.5214    9.9493     % 
UB: 32.521428571428565
branching on 1 with b.
2697   203    28         29.5786    32.5214    9.9493     % 
LB close or above UB, fathomed
2698   202    28         29.5786    32.5214    9.9493     % 
LB close or above UB, fathomed
2699   201    27         29.5786    32.5214    9.9493     % 
LB close or above UB, fathomed
2700   200    26         29.5786    32.5214    9.9493     % 
LB close or above UB, fathomed
2701   199    24         29.5786    32.5214    9.9493     % 
LB close or above UB, fathomed
2702   198    24         29.5786    32.5214    9.9493     % 
LB close or above UB, fathomed
2703   197    21         29.5786    32.5214    9.9493     % 
UB: 32.521428571428565
branching on CartesianIndex(6, 3) with a.
2704   198    22         29.5786    32.5214    9.9493     % 
UB: 32.521428571428565
branching on 3 with b.
2705   199    22         29.5786    32.5214    9.9493     % 
LB close or above UB, fathomed
2706   198    21         29.5786    32.5214    9.9493     % 
LB close or above UB, fathomed
2707   197    16         29.5786    32.5214    9.9493     % 
UB: 32.521428571428565
branching on CartesianIndex(2, 2) with a.
2708   198    17         29.5786    32.5214    9.9493     % 
UB: 32.521428571428565
branching on CartesianIndex(3, 2) with a.
2709   199    18         29.5786    32.5214    9.9493     % 
LB close or above UB, fathomed
2710   198    18         29.5786    32.5214    9.9493     % 
UB: 32.521428571428565
branching on CartesianIndex(1, 3) with a.
2711   199    19         29.5786    32.5214    9.9493     % 
UB: 32.521428571428565
branching on CartesianIndex(2, 3) with a.
2712   200    20         29.5786    32.5214    9.9493     % 
LB close or above UB, fathomed
2713   199    20         29.5786    32.5214    9.9493     % 
LB close or above UB, fathomed
2714   198    19         29.5786    32.5214    9.9493     % 
LB close or above UB, fathomed
2715   197    17         29.5786    32.5214    9.9493     % 
LB close or above UB, fathomed
2716   196    16         29.5786    32.5214    9.9493     % 
LB close or above UB, fathomed
2717   195    21         29.5786    32.5214    9.9493     % 
UB: 32.521428571428565
branching on CartesianIndex(2, 3) with a.
2718   196    22         29.5786    32.5214    9.9493     % 
UB: 32.521428571428565
branching on CartesianIndex(3, 3) with a.
2719   197    23         29.5786    32.5214    9.9493     % 
UB: 32.521428571428565
branching on CartesianIndex(4, 3) with a.
2720   198    24         29.5786    32.5214    9.9493     % 
UB: 32.521428571428565
branching on CartesianIndex(5, 3) with a.
2721   199    25         29.5786    32.5214    9.9493     % 
UB: 32.521428571428565
branching on CartesianIndex(6, 3) with a.
2722   200    26         29.5786    32.5214    9.9493     % 
UB: 32.521428571428565
branching on CartesianIndex(1, 4) with c.
2723   201    27         29.5786    32.5214    9.9493     % 
UB: 32.521428571428565
branching on 2 with b.
2724   202    28         29.5786    32.5214    9.9493     % 
LB close or above UB, fathomed
2725   201    28         29.5786    32.5214    9.9493     % 
LB close or above UB, fathomed
2726   200    27         29.5786    32.5214    9.9493     % 
LB close or above UB, fathomed
2727   199    26         29.5786    32.5214    9.9493     % 
LB close or above UB, fathomed
2728   198    25         29.5786    32.5214    9.9493     % 
UB: 32.521428571428565
branching on 2 with b.
2729   199    26         29.5786    32.5214    9.9493     % 
LB close or above UB, fathomed
2730   198    26         29.5786    32.5214    9.9493     % 
LB close or above UB, fathomed
2731   197    24         29.5786    32.5214    9.9493     % 
LB close or above UB, fathomed
2732   196    23         29.5786    32.5214    9.9493     % 
LB close or above UB, fathomed
2733   195    22         29.5786    32.5214    9.9493     % 
UB: 32.521428571428565
branching on 2 with b.
2734   196    23         29.5786    32.5214    9.9493     % 
LB close or above UB, fathomed
2735   195    23         29.5786    32.5214    9.9493     % 
LB close or above UB, fathomed
2736   194    21         29.5786    32.5214    9.9493     % 
LB close or above UB, fathomed
2737   193    17         29.5786    32.5214    9.9493     % 
LB close or above UB, fathomed
2738   192    17         29.5786    32.5214    9.9493     % 
LB close or above UB, fathomed
2739   191    19         29.5786    32.5214    9.9493     % 
LB close or above UB, fathomed
2740   190    19         29.5786    32.5214    9.9493     % 
UB: 32.521428571428565
branching on CartesianIndex(1, 6) with c.
2741   191    20         29.5786    32.5214    9.9493     % 
LB close or above UB, fathomed
2742   190    20         29.5786    32.5214    9.9493     % 
UB: 32.521428571428565
branching on CartesianIndex(1, 7) with c.
2743   191    21         29.5786    32.5214    9.9493     % 
UB: 32.521428571428565
branching on CartesianIndex(2, 7) with c.
2744   192    22         29.5786    32.5214    9.9493     % 
LB close or above UB, fathomed
2745   191    22         29.5786    32.5214    9.9493     % 
UB: 32.521428571428565
branching on 2 with b.
2746   192    23         29.5786    32.5214    9.9493     % 
LB close or above UB, fathomed
2747   191    23         29.5786    32.5214    9.9493     % 
LB close or above UB, fathomed
2748   190    21         29.5786    32.5214    9.9493     % 
LB close or above UB, fathomed
2749   189    21         29.5786    32.5214    9.9493     % 
UB: 32.521428571428565
branching on CartesianIndex(2, 4) with c.
2750   190    22         29.5786    32.5214    9.9493     % 
UB: 32.521428571428565
branching on 3 with b.
2751   191    23         29.5786    32.5214    9.9493     % 
UB: 32.521428571428565
branching on CartesianIndex(1, 5) with c.
2752   192    24         29.5786    32.5214    9.9493     % 
LB close or above UB, fathomed
2753   191    24         29.5786    32.5214    9.9493     % 
LB close or above UB, fathomed
2754   190    23         29.5786    32.5214    9.9493     % 
LB close or above UB, fathomed
2755   189    22         29.5786    32.5214    9.9493     % 
LB close or above UB, fathomed
2756   188    21         29.5786    32.5214    9.9493     % 
LB close or above UB, fathomed
2757   187    37         29.5786    32.5214    9.9493     % 
UB: 32.521428571428565
branching on 1 with b.
2758   188    38         29.5786    32.5214    9.9493     % 
LB close or above UB, fathomed
2759   187    38         29.5786    32.5214    9.9493     % 
LB close or above UB, fathomed
2760   186    37         29.5786    32.5214    9.9493     % 
LB close or above UB, fathomed
2761   185    18         29.5786    32.5214    9.9493     % 
LB close or above UB, fathomed
2762   184    18         29.5786    32.5214    9.9493     % 
UB: 32.521428571428565
branching on CartesianIndex(1, 5) with c.
2763   185    19         29.5786    32.5214    9.9493     % 
UB: 32.521428571428565
branching on 1 with b.
2764   186    20         29.5786    32.5214    9.9493     % 
LB close or above UB, fathomed
2765   185    20         29.5786    32.5214    9.9493     % 
UB: 32.521428571428565
branching on CartesianIndex(2, 5) with c.
2766   186    19         29.5786    32.5214    9.9493     % 
LB close or above UB, fathomed
2767   185    37         29.5786    32.5214    9.9493     % 
LB close or above UB, fathomed
2768   184    37         29.5786    32.5214    9.9493     % 
LB close or above UB, fathomed
2769   183    35         29.5786    32.5214    9.9493     % 
LB close or above UB, fathomed
2770   182    35         29.5786    32.5214    9.9493     % 
UB: 32.521428571428565
branching on 3 with b.
2771   183    36         29.5786    32.5214    9.9493     % 
LB close or above UB, fathomed
2772   182    36         29.5786    32.5214    9.9493     % 
LB close or above UB, fathomed
2773   181    36         29.5786    32.5214    9.9493     % 
UB: 32.521428571428565
branching on 3 with b.
2774   182    37         29.5786    32.5214    9.9493     % 
UB: 32.521428571428565
branching on 1 with b.
2775   183    38         29.5786    32.5214    9.9493     % 
LB close or above UB, fathomed
2776   182    38         29.5786    32.5214    9.9493     % 
LB close or above UB, fathomed
2777   181    37         29.5786    32.5214    9.9493     % 
LB close or above UB, fathomed
2778   180    36         29.5786    32.5214    9.9493     % 
LB close or above UB, fathomed
2779   179    15         29.5786    32.5214    9.9493     % 
LB close or above UB, fathomed
2780   178    15         29.5786    32.5214    9.9493     % 
LB close or above UB, fathomed
2781   177    34         29.5786    32.5214    9.9493     % 
UB: 32.521428571428565
branching on 2 with b.
2782   178    35         29.5786    32.5214    9.9493     % 
LB close or above UB, fathomed
2783   177    35         29.5786    32.5214    9.9493     % 
LB close or above UB, fathomed
2784   176    34         29.5786    32.5214    9.9493     % 
LB close or above UB, fathomed
2785   175    30         29.5786    32.5214    9.9493     % 
UB: 32.521428571428565
branching on 1 with b.
2786   176    31         29.5786    32.5214    9.9493     % 
LB close or above UB, fathomed
2787   175    31         29.5786    32.5214    9.9493     % 
LB close or above UB, fathomed
2788   174    30         29.5786    32.5214    9.9493     % 
LB close or above UB, fathomed
2789   173    16         29.5786    32.5214    9.9493     % 
UB: 32.521428571428565
branching on CartesianIndex(1, 4) with c.
2790   174    17         29.5786    32.5214    9.9493     % 
LB close or above UB, fathomed
2791   173    17         29.5786    32.5214    9.9493     % 
LB close or above UB, fathomed
2792   172    16         29.5786    32.5214    9.9493     % 
LB close or above UB, fathomed
2793   171    18         29.5786    32.5214    9.9493     % 
LB close or above UB, fathomed
2794   170    18         29.5786    32.5214    9.9493     % 
LB close or above UB, fathomed
2795   169    21         29.5786    32.5214    9.9493     % 
LB close or above UB, fathomed
2796   168    21         29.5786    32.5214    9.9493     % 
UB: 32.521428571428565
branching on CartesianIndex(4, 3) with a.
2797   169    22         29.5786    32.5214    9.9493     % 
UB: 32.521428571428565
branching on CartesianIndex(5, 3) with a.
2798   170    23         29.5786    32.5214    9.9493     % 
UB: 32.521428571428565
branching on CartesianIndex(6, 3) with a.
2799   171    24         29.5786    32.5214    9.9493     % 
UB: 32.521428571428565
branching on CartesianIndex(1, 4) with c.
2800   172    24         29.5786    32.5214    9.9493     % 
LB close or above UB, fathomed
2801   171    23         29.5786    32.5214    9.9493     % 
LB close or above UB, fathomed
2802   170    22         29.5786    32.5214    9.9493     % 
LB close or above UB, fathomed
2803   169    34         29.5786    32.5214    9.9493     % 
LB close or above UB, fathomed
2804   168    34         29.5786    32.5214    9.9493     % 
LB close or above UB, fathomed
2805   167    34         29.5786    32.5214    9.9493     % 
LB close or above UB, fathomed
2806   166    34         29.5786    32.5214    9.9493     % 
LB close or above UB, fathomed
2807   165    15         29.5786    32.5214    9.9493     % 
UB: 32.521428571428565
branching on CartesianIndex(2, 3) with a.
2808   166    16         29.5786    32.5214    9.9493     % 
UB: 32.521428571428565
branching on CartesianIndex(3, 3) with a.
2809   167    17         29.5786    32.5214    9.9493     % 
UB: 32.521428571428565
branching on 1 with b.
2810   168    18         29.5786    32.5214    9.9493     % 
LB close or above UB, fathomed
2811   167    18         29.5786    32.5214    9.9493     % 
UB: 32.521428571428565
branching on CartesianIndex(4, 3) with a.
2812   168    19         29.5786    32.5214    9.9493     % 
UB: 32.521428571428565
branching on CartesianIndex(5, 3) with a.
2813   169    20         29.5786    32.5214    9.9493     % 
UB: 32.521428571428565
branching on CartesianIndex(6, 3) with a.
2814   170    21         29.5786    32.5214    9.9493     % 
LB close or above UB, fathomed
2815   169    21         29.5786    32.5214    9.9493     % 
LB close or above UB, fathomed
2816   168    20         29.5786    32.5214    9.9493     % 
LB close or above UB, fathomed
2817   167    19         29.5786    32.5214    9.9493     % 
LB close or above UB, fathomed
2818   166    17         29.5786    32.5214    9.9493     % 
LB close or above UB, fathomed
2819   165    16         29.5786    32.5214    9.9493     % 
LB close or above UB, fathomed
2820   164    15         29.5786    32.5214    9.9493     % 
LB close or above UB, fathomed
2821   163    24         29.5786    32.5214    9.9493     % 
LB close or above UB, fathomed
2822   162    24         29.5786    32.5214    9.9493     % 
LB close or above UB, fathomed
2823   161    24         29.5786    32.5214    9.9493     % 
UB: 32.521428571428565
branching on CartesianIndex(1, 3) with a.
2824   162    24         29.5786    32.5214    9.9493     % 
LB close or above UB, fathomed
2825   161    20         29.5786    32.5214    9.9493     % 
UB: 32.521428571428565
branching on CartesianIndex(2, 3) with a.
2826   162    20         29.5786    32.5214    9.9493     % 
LB close or above UB, fathomed
2827   161    20         29.5786    32.5214    9.9493     % 
UB: 32.521428571428565
branching on CartesianIndex(3, 3) with a.
2828   162    20         29.5786    32.5214    9.9493     % 
LB close or above UB, fathomed
2829   161    26         29.5786    32.5214    9.9493     % 
LB close or above UB, fathomed
2830   160    26         29.5786    32.5214    9.9493     % 
LB close or above UB, fathomed
2831   159    24         29.5786    32.5214    9.9493     % 
LB close or above UB, fathomed
2832   158    24         29.5786    32.5214    9.9493     % 
LB close or above UB, fathomed
2833   157    28         29.5786    32.5214    9.9493     % 
LB close or above UB, fathomed
2834   156    28         29.5786    32.5214    9.9493     % 
UB: 32.521428571428565
branching on CartesianIndex(1, 4) with c.
2835   157    21         29.5786    32.5214    9.9493     % 
UB: 32.521428571428565
branching on CartesianIndex(1, 4) with c.
2836   158    21         29.5786    32.5214    9.9493     % 
LB close or above UB, fathomed
2837   157    32         29.5786    32.5214    9.9493     % 
LB close or above UB, fathomed
2838   156    32         29.5786    32.5214    9.9493     % 
LB close or above UB, fathomed
2839   155    22         29.5786    32.5214    9.9493     % 
UB: 32.521428571428565
branching on CartesianIndex(1, 3) with a.
2840   156    23         29.5786    32.5214    9.9493     % 
UB: 32.521428571428565
branching on CartesianIndex(2, 3) with a.
2841   157    24         29.5786    32.5214    9.9493     % 
LB close or above UB, fathomed
2842   156    24         29.5786    32.5214    9.9493     % 
LB close or above UB, fathomed
2843   155    23         29.5786    32.5214    9.9493     % 
LB close or above UB, fathomed
2844   154    22         29.5786    32.5214    9.9493     % 
LB close or above UB, fathomed
2845   153    22         29.5786    32.5214    9.9493     % 
UB: 32.521428571428565
branching on 3 with b.
2846   154    23         29.5786    32.5214    9.9493     % 
UB: 32.521428571428565
branching on CartesianIndex(2, 3) with a.
2847   155    24         29.5786    32.5214    9.9493     % 
LB close or above UB, fathomed
2848   154    24         29.5786    32.5214    9.9493     % 
LB close or above UB, fathomed
2849   153    23         29.5786    32.5214    9.9493     % 
LB close or above UB, fathomed
2850   152    22         29.5786    32.5214    9.9493     % 
LB close or above UB, fathomed
2851   151    14         29.5786    32.5214    9.9493     % 
LB close or above UB, fathomed
2852   150    14         29.5786    32.5214    9.9493     % 
LB close or above UB, fathomed
2853   149    18         29.5786    32.5214    9.9493     % 
UB: 32.521428571428565
branching on 1 with b.
2854   150    19         29.5786    32.5214    9.9493     % 
LB close or above UB, fathomed
2855   149    19         29.5786    32.5214    9.9493     % 
LB close or above UB, fathomed
2856   148    18         29.5786    32.5214    9.9493     % 
LB close or above UB, fathomed
2857   147    20         29.5786    32.5214    9.9493     % 
LB close or above UB, fathomed
2858   146    20         29.5786    32.5214    9.9493     % 
LB close or above UB, fathomed
2859   145    20         29.5786    32.5214    9.9493     % 
UB: 32.521428571428565
branching on CartesianIndex(4, 3) with a.
2860   146    21         29.5786    32.5214    9.9493     % 
UB: 32.521428571428565
branching on CartesianIndex(5, 3) with a.
2861   147    22         29.5786    32.5214    9.9493     % 
UB: 32.521428571428565
branching on CartesianIndex(6, 3) with a.
2862   148    23         29.5786    32.5214    9.9493     % 
UB: 32.521428571428565
branching on CartesianIndex(1, 4) with c.
2863   149    24         29.5786    32.5214    9.9493     % 
LB close or above UB, fathomed
2864   148    24         29.5786    32.5214    9.9493     % 
UB: 32.521428571428565
branching on 3 with b.
2865   149    25         29.5786    32.5214    9.9493     % 
UB: 32.521428571428565
branching on CartesianIndex(1, 5) with c.
2866   150    26         29.5786    32.5214    9.9493     % 
UB: 32.521428571428565
branching on CartesianIndex(2, 5) with c.
2867   151    27         29.5786    32.5214    9.9493     % 
UB: 32.521428571428565
branching on CartesianIndex(1, 6) with c.
2868   152    28         29.5786    32.5214    9.9493     % 
LB close or above UB, fathomed
2869   151    28         29.5786    32.5214    9.9493     % 
UB: 32.521428571428565
branching on CartesianIndex(1, 7) with c.
2870   152    29         29.5786    32.5214    9.9493     % 
UB: 32.521428571428565
branching on CartesianIndex(2, 7) with c.
2871   153    30         29.5786    32.5214    9.9493     % 
LB close or above UB, fathomed
2872   152    30         29.5786    32.5214    9.9493     % 
UB: 32.521428571428565
branching on 1 with b.
2873   153    31         29.5786    32.5214    9.9493     % 
UB: 32.521428571428565
branching on 2 with b.
2874   154    32         29.5786    32.5214    9.9493     % 
UB: 32.521428571428565
branching on 3 with b.
2875   155    33         29.5786    32.5214    9.9493     % 
UB: 32.521428571428565
branching on 1 with b.
2876   156    34         29.5786    32.5214    9.9493     % 
UB: 32.521428571428565
branching on 2 with b.
2877   157    35         29.5786    32.5214    9.9493     % 
LB close or above UB, fathomed
2878   156    35         29.5786    32.5214    9.9493     % 
LB close or above UB, fathomed
2879   155    34         29.5786    32.5214    9.9493     % 
LB close or above UB, fathomed
2880   154    33         29.5786    32.5214    9.9493     % 
LB close or above UB, fathomed
2881   153    32         29.5786    32.5214    9.9493     % 
LB close or above UB, fathomed
2882   152    31         29.5786    32.5214    9.9493     % 
LB close or above UB, fathomed
2883   151    29         29.5786    32.5214    9.9493     % 
LB close or above UB, fathomed
2884   150    27         29.5786    32.5214    9.9493     % 
LB close or above UB, fathomed
2885   149    26         29.5786    32.5214    9.9493     % 
LB close or above UB, fathomed
2886   148    25         29.5786    32.5214    9.9493     % 
LB close or above UB, fathomed
2887   147    23         29.5786    32.5214    9.9493     % 
LB close or above UB, fathomed
2888   146    22         29.5786    32.5214    9.9493     % 
LB close or above UB, fathomed
2889   145    21         29.5786    32.5214    9.9493     % 
LB close or above UB, fathomed
2890   144    20         29.5786    32.5214    9.9493     % 
LB close or above UB, fathomed
2891   143    23         29.5786    32.5214    9.9493     % 
UB: 32.521428571428565
branching on CartesianIndex(4, 3) with a.
2892   144    24         29.5786    32.5214    9.9493     % 
UB: 32.521428571428565
branching on CartesianIndex(5, 3) with a.
2893   145    25         29.5786    32.5214    9.9493     % 
UB: 32.521428571428565
branching on CartesianIndex(6, 3) with a.
2894   146    26         29.5786    32.5214    9.9493     % 
UB: 32.521428571428565
branching on CartesianIndex(1, 4) with c.
2895   147    27         29.5786    32.5214    9.9493     % 
LB close or above UB, fathomed
2896   146    27         29.5786    32.5214    9.9493     % 
LB close or above UB, fathomed
2897   145    26         29.5786    32.5214    9.9493     % 
LB close or above UB, fathomed
2898   144    25         29.5786    32.5214    9.9493     % 
LB close or above UB, fathomed
2899   143    24         29.5786    32.5214    9.9493     % 
LB close or above UB, fathomed
2900   142    23         29.5786    32.5214    9.9493     % 
LB close or above UB, fathomed
2901   141    25         29.5786    32.5214    9.9493     % 
UB: 32.521428571428565
branching on 1 with b.
2902   142    26         29.5786    32.5214    9.9493     % 
UB: 32.521428571428565
branching on CartesianIndex(4, 3) with a.
2903   143    26         29.5786    32.5214    9.9493     % 
LB close or above UB, fathomed
2904   142    25         29.5786    32.5214    9.9493     % 
LB close or above UB, fathomed
2905   141    25         29.5786    32.5214    9.9493     % 
UB: 32.521428571428565
branching on CartesianIndex(2, 5) with c.
2906   142    26         29.5786    32.5214    9.9493     % 
UB: 32.521428571428565
branching on CartesianIndex(1, 6) with c.
2907   143    27         29.5786    32.5214    9.9493     % 
LB close or above UB, fathomed
2908   142    27         29.5786    32.5214    9.9493     % 
UB: 32.521428571428565
branching on CartesianIndex(1, 7) with c.
2909   143    28         29.5786    32.5214    9.9493     % 
UB: 32.521428571428565
branching on CartesianIndex(2, 7) with c.
2910   144    29         29.5786    32.5214    9.9493     % 
LB close or above UB, fathomed
2911   143    29         29.5786    32.5214    9.9493     % 
UB: 32.521428571428565
branching on 3 with b.
2912   144    30         29.5786    32.5214    9.9493     % 
UB: 32.521428571428565
branching on 1 with b.
2913   145    31         29.5786    32.5214    9.9493     % 
LB close or above UB, fathomed
2914   144    31         29.5786    32.5214    9.9493     % 
UB: 32.521428571428565
branching on 2 with b.
2915   145    32         29.5786    32.5214    9.9493     % 
UB: 32.521428571428565
branching on 3 with b.
2916   146    33         29.5786    32.5214    9.9493     % 
UB: 32.521428571428565
branching on 1 with b.
2917   147    34         29.5786    32.5214    9.9493     % 
LB close or above UB, fathomed
2918   146    34         29.5786    32.5214    9.9493     % 
LB close or above UB, fathomed
2919   145    33         29.5786    32.5214    9.9493     % 
LB close or above UB, fathomed
2920   144    32         29.5786    32.5214    9.9493     % 
LB close or above UB, fathomed
2921   143    30         29.5786    32.5214    9.9493     % 
LB close or above UB, fathomed
2922   142    28         29.5786    32.5214    9.9493     % 
LB close or above UB, fathomed
2923   141    26         29.5786    32.5214    9.9493     % 
LB close or above UB, fathomed
2924   140    25         29.5786    32.5214    9.9493     % 
LB close or above UB, fathomed
2925   139    22         29.5786    32.5214    9.9493     % 
UB: 32.521428571428565
branching on 3 with b.
2926   140    23         29.5786    32.5214    9.9493     % 
UB: 32.521428571428565
branching on CartesianIndex(6, 3) with a.
2927   141    24         29.5786    32.5214    9.9493     % 
UB: 32.521428571428565
branching on CartesianIndex(1, 4) with c.
2928   142    25         29.5786    32.5214    9.9493     % 
LB close or above UB, fathomed
2929   141    25         29.5786    32.5214    9.9493     % 
UB: 32.521428571428565
branching on CartesianIndex(1, 5) with c.
2930   142    26         29.5786    32.5214    9.9493     % 
UB: 32.521428571428565
branching on CartesianIndex(2, 5) with c.
2931   143    26         29.5786    32.5214    9.9493     % 
LB close or above UB, fathomed
2932   142    24         29.5786    32.5214    9.9493     % 
LB close or above UB, fathomed
2933   141    23         29.5786    32.5214    9.9493     % 
LB close or above UB, fathomed
2934   140    22         29.5786    32.5214    9.9493     % 
LB close or above UB, fathomed
2935   139    16         29.5786    32.5214    9.9493     % 
UB: 32.521428571428565
branching on 2 with b.
2936   140    16         29.5786    32.5214    9.9493     % 
LB close or above UB, fathomed
2937   139    17         29.5786    32.5214    9.9493     % 
LB close or above UB, fathomed
2938   138    17         29.5786    32.5214    9.9493     % 
LB close or above UB, fathomed
2939   137    26         29.5786    32.5214    9.9493     % 
UB: 32.521428571428565
branching on 2 with b.
2940   138    27         29.5786    32.5214    9.9493     % 
UB: 32.521428571428565
branching on CartesianIndex(4, 3) with a.
2941   139    28         29.5786    32.5214    9.9493     % 
UB: 32.521428571428565
branching on CartesianIndex(5, 3) with a.
2942   140    29         29.5786    32.5214    9.9493     % 
UB: 32.521428571428565
branching on CartesianIndex(6, 3) with a.
2943   141    29         29.5786    32.5214    9.9493     % 
LB close or above UB, fathomed
2944   140    28         29.5786    32.5214    9.9493     % 
LB close or above UB, fathomed
2945   139    27         29.5786    32.5214    9.9493     % 
LB close or above UB, fathomed
2946   138    26         29.5786    32.5214    9.9493     % 
LB close or above UB, fathomed
2947   137    13         29.5786    32.5214    9.9493     % 
LB close or above UB, fathomed
2948   136    13         29.5786    32.5214    9.9493     % 
LB close or above UB, fathomed
2949   135    19         29.5786    32.5214    9.9493     % 
UB: 32.521428571428565
branching on CartesianIndex(2, 3) with a.
2950   136    20         29.5786    32.5214    9.9493     % 
UB: 32.521428571428565
branching on CartesianIndex(3, 3) with a.
2951   137    21         29.5786    32.5214    9.9493     % 
UB: 32.521428571428565
branching on CartesianIndex(4, 3) with a.
2952   138    22         29.5786    32.5214    9.9493     % 
UB: 32.521428571428565
branching on CartesianIndex(5, 3) with a.
2953   139    23         29.5786    32.5214    9.9493     % 
UB: 32.521428571428565
branching on 3 with b.
2954   140    24         29.5786    32.5214    9.9493     % 
UB: 32.521428571428565
branching on CartesianIndex(6, 3) with a.
2955   141    25         29.5786    32.5214    9.9493     % 
LB close or above UB, fathomed
2956   140    25         29.5786    32.5214    9.9493     % 
UB: 32.521428571428565
branching on 1 with b.
2957   141    24         29.5786    32.5214    9.9493     % 
LB close or above UB, fathomed
2958   140    23         29.5786    32.5214    9.9493     % 
LB close or above UB, fathomed
2959   139    22         29.5786    32.5214    9.9493     % 
LB close or above UB, fathomed
2960   138    21         29.5786    32.5214    9.9493     % 
LB close or above UB, fathomed
2961   137    20         29.5786    32.5214    9.9493     % 
LB close or above UB, fathomed
2962   136    19         29.5786    32.5214    9.9493     % 
LB close or above UB, fathomed
2963   135    18         29.5786    32.5214    9.9493     % 
UB: 32.521428571428565
branching on CartesianIndex(2, 3) with a.
2964   136    19         29.5786    32.5214    9.9493     % 
UB: 32.521428571428565
branching on CartesianIndex(3, 3) with a.
2965   137    20         29.5786    32.5214    9.9493     % 
UB: 32.521428571428565
branching on CartesianIndex(4, 3) with a.
2966   138    20         29.5786    32.5214    9.9493     % 
LB close or above UB, fathomed
2967   137    19         29.5786    32.5214    9.9493     % 
LB close or above UB, fathomed
2968   136    18         29.5786    32.5214    9.9493     % 
LB close or above UB, fathomed
2969   135    21         29.5786    32.5214    9.9493     % 
UB: 32.521428571428565
branching on CartesianIndex(2, 4) with c.
2970   136    22         29.5786    32.5214    9.9493     % 
UB: 32.521428571428565
branching on CartesianIndex(1, 5) with c.
2971   137    23         29.5786    32.5214    9.9493     % 
LB close or above UB, fathomed
2972   136    23         29.5786    32.5214    9.9493     % 
UB: 32.521428571428565
branching on 2 with b.
2973   137    24         29.5786    32.5214    9.9493     % 
LB close or above UB, fathomed
2974   136    24         29.5786    32.5214    9.9493     % 
LB close or above UB, fathomed
2975   135    22         29.5786    32.5214    9.9493     % 
LB close or above UB, fathomed
2976   134    21         29.5786    32.5214    9.9493     % 
LB close or above UB, fathomed
2977   133    33         29.5786    32.5214    9.9493     % 
LB close or above UB, fathomed
2978   132    33         29.5786    32.5214    9.9493     % 
LB close or above UB, fathomed
2979   131    26         29.5786    32.5214    9.9493     % 
UB: 32.521428571428565
branching on CartesianIndex(2, 7) with c.
2980   132    27         29.5786    32.5214    9.9493     % 
LB close or above UB, fathomed
2981   131    27         29.5786    32.5214    9.9493     % 
UB: 32.521428571428565
branching on 2 with b.
2982   132    28         29.5786    32.5214    9.9493     % 
LB close or above UB, fathomed
2983   131    28         29.5786    32.5214    9.9493     % 
LB close or above UB, fathomed
2984   130    26         29.5786    32.5214    9.9493     % 
LB close or above UB, fathomed
2985   129    27         29.5786    32.5214    9.9493     % 
UB: 32.521428571428565
branching on CartesianIndex(2, 7) with c.
2986   130    28         29.5786    32.5214    9.9493     % 
LB close or above UB, fathomed
2987   129    28         29.5786    32.5214    9.9493     % 
UB: 32.521428571428565
branching on 2 with b.
2988   130    27         29.5786    32.5214    9.9493     % 
LB close or above UB, fathomed
2989   129    16         29.5786    32.5214    9.9493     % 
LB close or above UB, fathomed
2990   128    16         29.5786    32.5214    9.9493     % 
LB close or above UB, fathomed
2991   127    20         29.5786    32.5214    9.9493     % 
LB close or above UB, fathomed
2992   126    20         29.5786    32.5214    9.9493     % 
LB close or above UB, fathomed
2993   125    26         29.5786    32.5214    9.9493     % 
UB: 32.521428571428565
branching on CartesianIndex(1, 4) with c.
2994   126    26         29.5786    32.5214    9.9493     % 
LB close or above UB, fathomed
2995   125    29         29.5786    32.5214    9.9493     % 
LB close or above UB, fathomed
2996   124    29         29.5786    32.5214    9.9493     % 
LB close or above UB, fathomed
2997   123    21         29.5786    32.5214    9.9493     % 
UB: 32.521428571428565
branching on CartesianIndex(5, 3) with a.
2998   124    22         29.5786    32.5214    9.9493     % 
UB: 32.521428571428565
branching on CartesianIndex(6, 3) with a.
2999   125    23         29.5786    32.5214    9.9493     % 
LB close or above UB, fathomed
3000   124    23         29.5786    32.5214    9.9493     % 
LB close or above UB, fathomed
3001   123    22         29.5786    32.5214    9.9493     % 
LB close or above UB, fathomed
3002   122    21         29.5786    32.5214    9.9493     % 
LB close or above UB, fathomed
3003   121    26         29.5786    32.5214    9.9493     % 
UB: 32.521428571428565
branching on CartesianIndex(1, 4) with c.
3004   122    27         29.5786    32.5214    9.9493     % 
UB: 32.521428571428565
branching on CartesianIndex(2, 4) with c.
3005   123    28         29.5786    32.5214    9.9493     % 
UB: 32.521428571428565
branching on 2 with b.
3006   124    29         29.5786    32.5214    9.9493     % 
UB: 32.521428571428565
branching on CartesianIndex(1, 5) with c.
3007   125    30         29.5786    32.5214    9.9493     % 
LB close or above UB, fathomed
3008   124    30         29.5786    32.5214    9.9493     % 
UB: 32.521428571428565
branching on CartesianIndex(1, 6) with c.
3009   125    31         29.5786    32.5214    9.9493     % 
LB close or above UB, fathomed
3010   124    31         29.5786    32.5214    9.9493     % 
UB: 32.521428571428565
branching on CartesianIndex(1, 7) with c.
3011   125    32         29.5786    32.5214    9.9493     % 
UB: 32.521428571428565
branching on 3 with b.
3012   126    33         29.5786    32.5214    9.9493     % 
LB close or above UB, fathomed
3013   125    33         29.5786    32.5214    9.9493     % 
LB close or above UB, fathomed
3014   124    32         29.5786    32.5214    9.9493     % 
LB close or above UB, fathomed
3015   123    29         29.5786    32.5214    9.9493     % 
LB close or above UB, fathomed
3016   122    28         29.5786    32.5214    9.9493     % 
LB close or above UB, fathomed
3017   121    27         29.5786    32.5214    9.9493     % 
LB close or above UB, fathomed
3018   120    26         29.5786    32.5214    9.9493     % 
LB close or above UB, fathomed
3019   119    17         29.5786    32.5214    9.9493     % 
UB: 32.521428571428565
branching on CartesianIndex(4, 3) with a.
3020   120    18         29.5786    32.5214    9.9493     % 
UB: 32.521428571428565
branching on CartesianIndex(5, 3) with a.
3021   121    19         29.5786    32.5214    9.9493     % 
UB: 32.521428571428565
branching on CartesianIndex(6, 3) with a.
3022   122    20         29.5786    32.5214    9.9493     % 
UB: 32.521428571428565
branching on CartesianIndex(1, 4) with c.
3023   123    21         29.5786    32.5214    9.9493     % 
UB: 32.521428571428565
branching on CartesianIndex(2, 4) with c.
3024   124    22         29.5786    32.5214    9.9493     % 
UB: 32.521428571428565
branching on CartesianIndex(1, 5) with c.
3025   125    23         29.5786    32.5214    9.9493     % 
LB close or above UB, fathomed
3026   124    23         29.5786    32.5214    9.9493     % 
LB close or above UB, fathomed
3027   123    22         29.5786    32.5214    9.9493     % 
LB close or above UB, fathomed
3028   122    21         29.5786    32.5214    9.9493     % 
LB close or above UB, fathomed
3029   121    20         29.5786    32.5214    9.9493     % 
LB close or above UB, fathomed
3030   120    19         29.5786    32.5214    9.9493     % 
LB close or above UB, fathomed
3031   119    18         29.5786    32.5214    9.9493     % 
LB close or above UB, fathomed
3032   118    17         29.5786    32.5214    9.9493     % 
LB close or above UB, fathomed
3033   117    27         29.5786    32.5214    9.9493     % 
UB: 32.521428571428565
branching on CartesianIndex(1, 6) with c.
3034   118    28         29.5786    32.5214    9.9493     % 
LB close or above UB, fathomed
3035   117    28         29.5786    32.5214    9.9493     % 
UB: 32.521428571428565
branching on CartesianIndex(1, 7) with c.
3036   118    29         29.5786    32.5214    9.9493     % 
UB: 32.521428571428565
branching on CartesianIndex(2, 7) with c.
3037   119    30         29.5786    32.5214    9.9493     % 
LB close or above UB, fathomed
3038   118    30         29.5786    32.5214    9.9493     % 
UB: 32.521428571428565
branching on 1 with b.
3039   119    31         29.5786    32.5214    9.9493     % 
LB close or above UB, fathomed
3040   118    31         29.5786    32.5214    9.9493     % 
UB: 32.521428571428565
branching on 2 with b.
3041   119    32         29.5786    32.5214    9.9493     % 
LB close or above UB, fathomed
3042   118    32         29.5786    32.5214    9.9493     % 
LB close or above UB, fathomed
3043   117    29         29.5786    32.5214    9.9493     % 
LB close or above UB, fathomed
3044   116    27         29.5786    32.5214    9.9493     % 
LB close or above UB, fathomed
3045   115    27         29.5786    32.5214    9.9493     % 
UB: 32.521428571428565
branching on 2 with b.
3046   116    28         29.5786    32.5214    9.9493     % 
LB close or above UB, fathomed
3047   115    28         29.5786    32.5214    9.9493     % 
UB: 32.521428571428565
branching on CartesianIndex(5, 3) with a.
3048   116    29         29.5786    32.5214    9.9493     % 
UB: 32.521428571428565
branching on CartesianIndex(6, 3) with a.
3049   117    29         29.5786    32.5214    9.9493     % 
LB close or above UB, fathomed
3050   116    27         29.5786    32.5214    9.9493     % 
LB close or above UB, fathomed
3051   115    22         29.5786    32.5214    9.9493     % 
LB close or above UB, fathomed
3052   114    22         29.5786    32.5214    9.9493     % 
UB: 32.521428571428565
branching on CartesianIndex(1, 5) with c.
3053   115    23         29.5786    32.5214    9.9493     % 
UB: 32.521428571428565
branching on CartesianIndex(2, 5) with c.
3054   116    24         29.5786    32.5214    9.9493     % 
UB: 32.521428571428565
branching on CartesianIndex(1, 6) with c.
3055   117    25         29.5786    32.5214    9.9493     % 
LB close or above UB, fathomed
3056   116    25         29.5786    32.5214    9.9493     % 
UB: 32.521428571428565
branching on 3 with b.
3057   117    26         29.5786    32.5214    9.9493     % 
LB close or above UB, fathomed
3058   116    26         29.5786    32.5214    9.9493     % 
UB: 32.521428571428565
branching on CartesianIndex(1, 7) with c.
3059   117    27         29.5786    32.5214    9.9493     % 
UB: 32.521428571428565
branching on CartesianIndex(2, 7) with c.
3060   118    28         29.5786    32.5214    9.9493     % 
LB close or above UB, fathomed
3061   117    28         29.5786    32.5214    9.9493     % 
UB: 32.521428571428565
branching on 1 with b.
3062   118    29         29.5786    32.5214    9.9493     % 
UB: 32.521428571428565
branching on 2 with b.
3063   119    30         29.5786    32.5214    9.9493     % 
UB: 32.521428571428565
branching on 3 with b.
3064   120    31         29.5786    32.5214    9.9493     % 
LB close or above UB, fathomed
3065   119    31         29.5786    32.5214    9.9493     % 
UB: 32.521428571428565
branching on 1 with b.
3066   120    32         29.5786    32.5214    9.9493     % 
UB: 32.521428571428565
branching on 2 with b.
3067   121    33         29.5786    32.5214    9.9493     % 
LB close or above UB, fathomed
3068   120    33         29.5786    32.5214    9.9493     % 
LB close or above UB, fathomed
3069   119    32         29.5786    32.5214    9.9493     % 
LB close or above UB, fathomed
3070   118    30         29.5786    32.5214    9.9493     % 
LB close or above UB, fathomed
3071   117    29         29.5786    32.5214    9.9493     % 
LB close or above UB, fathomed
3072   116    27         29.5786    32.5214    9.9493     % 
LB close or above UB, fathomed
3073   115    24         29.5786    32.5214    9.9493     % 
LB close or above UB, fathomed
3074   114    23         29.5786    32.5214    9.9493     % 
LB close or above UB, fathomed
3075   113    21         29.5786    32.5214    9.9493     % 
UB: 32.521428571428565
branching on 3 with b.
3076   114    22         29.5786    32.5214    9.9493     % 
LB close or above UB, fathomed
3077   113    22         29.5786    32.5214    9.9493     % 
UB: 32.521428571428565
branching on CartesianIndex(4, 3) with a.
3078   114    23         29.5786    32.5214    9.9493     % 
UB: 32.521428571428565
branching on CartesianIndex(5, 3) with a.
3079   115    24         29.5786    32.5214    9.9493     % 
UB: 32.521428571428565
branching on CartesianIndex(6, 3) with a.
3080   116    25         29.5786    32.5214    9.9493     % 
UB: 32.521428571428565
branching on CartesianIndex(1, 4) with c.
3081   117    25         29.5786    32.5214    9.9493     % 
LB close or above UB, fathomed
3082   116    24         29.5786    32.5214    9.9493     % 
LB close or above UB, fathomed
3083   115    23         29.5786    32.5214    9.9493     % 
LB close or above UB, fathomed
3084   114    21         29.5786    32.5214    9.9493     % 
LB close or above UB, fathomed
3085   113    25         29.5786    32.5214    9.9493     % 
UB: 32.521428571428565
branching on CartesianIndex(2, 3) with a.
3086   114    26         29.5786    32.5214    9.9493     % 
UB: 32.521428571428565
branching on CartesianIndex(3, 3) with a.
3087   115    27         29.5786    32.5214    9.9493     % 
UB: 32.521428571428565
branching on CartesianIndex(4, 3) with a.
3088   116    28         29.5786    32.5214    9.9493     % 
UB: 32.521428571428565
branching on CartesianIndex(5, 3) with a.
3089   117    29         29.5786    32.5214    9.9493     % 
UB: 32.521428571428565
branching on CartesianIndex(6, 3) with a.
3090   118    30         29.5786    32.5214    9.9493     % 
UB: 32.521428571428565
branching on CartesianIndex(1, 4) with c.
3091   119    30         29.5786    32.5214    9.9493     % 
LB close or above UB, fathomed
3092   118    29         29.5786    32.5214    9.9493     % 
LB close or above UB, fathomed
3093   117    28         29.5786    32.5214    9.9493     % 
LB close or above UB, fathomed
3094   116    27         29.5786    32.5214    9.9493     % 
LB close or above UB, fathomed
3095   115    26         29.5786    32.5214    9.9493     % 
LB close or above UB, fathomed
3096   114    25         29.5786    32.5214    9.9493     % 
LB close or above UB, fathomed
3097   113    25         29.5786    32.5214    9.9493     % 
LB close or above UB, fathomed
3098   112    25         29.5786    32.5214    9.9493     % 
LB close or above UB, fathomed
3099   111    21         29.5786    32.5214    9.9493     % 
UB: 32.521428571428565
branching on CartesianIndex(1, 6) with c.
3100   112    22         29.5786    32.5214    9.9493     % 
LB close or above UB, fathomed
3101   111    22         29.5786    32.5214    9.9493     % 
UB: 32.521428571428565
branching on 2 with b.
3102   112    23         29.5786    32.5214    9.9493     % 
UB: 32.521428571428565
branching on CartesianIndex(1, 7) with c.
3103   113    24         29.5786    32.5214    9.9493     % 
UB: 32.521428571428565
branching on 3 with b.
3104   114    25         29.5786    32.5214    9.9493     % 
UB: 32.521428571428565
branching on CartesianIndex(2, 7) with c.
3105   115    26         29.5786    32.5214    9.9493     % 
LB close or above UB, fathomed
3106   114    26         29.5786    32.5214    9.9493     % 
UB: 32.521428571428565
branching on 1 with b.
3107   115    27         29.5786    32.5214    9.9493     % 
LB close or above UB, fathomed
3108   114    27         29.5786    32.5214    9.9493     % 
LB close or above UB, fathomed
3109   113    25         29.5786    32.5214    9.9493     % 
LB close or above UB, fathomed
3110   112    24         29.5786    32.5214    9.9493     % 
LB close or above UB, fathomed
3111   111    23         29.5786    32.5214    9.9493     % 
LB close or above UB, fathomed
3112   110    21         29.5786    32.5214    9.9493     % 
LB close or above UB, fathomed
3113   109    23         29.5786    32.5214    9.9493     % 
LB close or above UB, fathomed
3114   108    23         29.5786    32.5214    9.9493     % 
UB: 32.521428571428565
branching on CartesianIndex(1, 4) with c.
3115   109    24         29.5786    32.5214    9.9493     % 
UB: 32.521428571428565
branching on CartesianIndex(2, 4) with c.
3116   110    25         29.5786    32.5214    9.9493     % 
UB: 32.521428571428565
branching on CartesianIndex(1, 5) with c.
3117   111    26         29.5786    32.5214    9.9493     % 
LB close or above UB, fathomed
3118   110    26         29.5786    32.5214    9.9493     % 
LB close or above UB, fathomed
3119   109    25         29.5786    32.5214    9.9493     % 
LB close or above UB, fathomed
3120   108    24         29.5786    32.5214    9.9493     % 
LB close or above UB, fathomed
3121   107    18         29.5786    32.5214    9.9493     % 
UB: 32.521428571428565
branching on CartesianIndex(3, 3) with a.
3122   108    19         29.5786    32.5214    9.9493     % 
LB close or above UB, fathomed
3123   107    19         29.5786    32.5214    9.9493     % 
LB close or above UB, fathomed
3124   106    18         29.5786    32.5214    9.9493     % 
LB close or above UB, fathomed
3125   105    15         29.5786    32.5214    9.9493     % 
LB close or above UB, fathomed
3126   104    15         29.5786    32.5214    9.9493     % 
LB close or above UB, fathomed
3127   103    30         29.5786    32.5214    9.9493     % 
UB: 32.521428571428565
branching on CartesianIndex(2, 5) with c.
3128   104    31         29.5786    32.5214    9.9493     % 
UB: 32.521428571428565
branching on CartesianIndex(1, 6) with c.
3129   105    31         29.5786    32.5214    9.9493     % 
LB close or above UB, fathomed
3130   104    30         29.5786    32.5214    9.9493     % 
LB close or above UB, fathomed
3131   103    32         29.5786    32.5214    9.9493     % 
UB: 32.521428571428565
branching on 1 with b.
3132   104    33         29.5786    32.5214    9.9493     % 
LB close or above UB, fathomed
3133   103    33         29.5786    32.5214    9.9493     % 
LB close or above UB, fathomed
3134   102    32         29.5786    32.5214    9.9493     % 
LB close or above UB, fathomed
3135   101    32         29.5786    32.5214    9.9493     % 
UB: 32.521428571428565
branching on 1 with b.
3136   102    33         29.5786    32.5214    9.9493     % 
LB close or above UB, fathomed
3137   101    33         29.5786    32.5214    9.9493     % 
LB close or above UB, fathomed
3138   100    32         29.5786    32.5214    9.9493     % 
LB close or above UB, fathomed
3139   99     33         29.5786    32.5214    9.9493     % 
LB close or above UB, fathomed
3140   98     33         29.5786    32.5214    9.9493     % 
UB: 32.521428571428565
branching on 1 with b.
3141   99     34         29.5786    32.5214    9.9493     % 
LB close or above UB, fathomed
3142   98     34         29.5786    32.5214    9.9493     % 
LB close or above UB, fathomed
3143   97     37         29.5786    32.5214    9.9493     % 
LB close or above UB, fathomed
3144   96     37         29.5786    32.5214    9.9493     % 
UB: 32.521428571428565
branching on 1 with b.
3145   97     38         29.5786    32.5214    9.9493     % 
LB close or above UB, fathomed
3146   96     38         29.5786    32.5214    9.9493     % 
LB close or above UB, fathomed
3147   95     25         29.5786    32.5214    9.9493     % 
UB: 32.521428571428565
branching on CartesianIndex(1, 5) with c.
3148   96     26         29.5786    32.5214    9.9493     % 
LB close or above UB, fathomed
3149   95     26         29.5786    32.5214    9.9493     % 
LB close or above UB, fathomed
3150   94     25         29.5786    32.5214    9.9493     % 
LB close or above UB, fathomed
3151   93     31         29.5786    32.5214    9.9493     % 
LB close or above UB, fathomed
3152   92     31         29.5786    32.5214    9.9493     % 
UB: 32.521428571428565
branching on CartesianIndex(1, 7) with c.
3153   93     32         29.5786    32.5214    9.9493     % 
UB: 32.521428571428565
branching on CartesianIndex(2, 7) with c.
3154   94     33         29.5786    32.5214    9.9493     % 
LB close or above UB, fathomed
3155   93     33         29.5786    32.5214    9.9493     % 
UB: 32.521428571428565
branching on 2 with b.
3156   94     34         29.5786    32.5214    9.9493     % 
UB: 32.521428571428565
branching on 3 with b.
3157   95     35         29.5786    32.5214    9.9493     % 
LB close or above UB, fathomed
3158   94     35         29.5786    32.5214    9.9493     % 
UB: 32.521428571428565
branching on 1 with b.
3159   95     36         29.5786    32.5214    9.9493     % 
LB close or above UB, fathomed
3160   94     36         29.5786    32.5214    9.9493     % 
UB: 32.521428571428565
branching on 2 with b.
3161   95     37         29.5786    32.5214    9.9493     % 
LB close or above UB, fathomed
3162   94     37         29.5786    32.5214    9.9493     % 
LB close or above UB, fathomed
3163   93     34         29.5786    32.5214    9.9493     % 
LB close or above UB, fathomed
3164   92     32         29.5786    32.5214    9.9493     % 
LB close or above UB, fathomed
3165   91     24         29.5786    32.5214    9.9493     % 
UB: 32.521428571428565
branching on 3 with b.
3166   92     25         29.5786    32.5214    9.9493     % 
LB close or above UB, fathomed
3167   91     25         29.5786    32.5214    9.9493     % 
UB: 32.521428571428565
branching on CartesianIndex(5, 3) with a.
3168   92     26         29.5786    32.5214    9.9493     % 
UB: 32.521428571428565
branching on CartesianIndex(6, 3) with a.
3169   93     26         29.5786    32.5214    9.9493     % 
LB close or above UB, fathomed
3170   92     24         29.5786    32.5214    9.9493     % 
LB close or above UB, fathomed
3171   91     16         29.5786    32.5214    9.9493     % 
UB: 32.521428571428565
branching on CartesianIndex(4, 3) with a.
3172   92     17         29.5786    32.5214    9.9493     % 
UB: 32.521428571428565
branching on 1 with b.
3173   93     18         29.5786    32.5214    9.9493     % 
UB: 32.521428571428565
branching on CartesianIndex(5, 3) with a.
3174   94     19         29.5786    32.5214    9.9493     % 
UB: 32.521428571428565
branching on CartesianIndex(6, 3) with a.
3175   95     20         29.5786    32.5214    9.9493     % 
UB: 32.521428571428565
branching on 2 with b.
3176   96     21         29.5786    32.5214    9.9493     % 
UB: 32.521428571428565
branching on CartesianIndex(1, 4) with c.
3177   97     21         29.5786    32.5214    9.9493     % 
LB close or above UB, fathomed
3178   96     20         29.5786    32.5214    9.9493     % 
LB close or above UB, fathomed
3179   95     19         29.5786    32.5214    9.9493     % 
LB close or above UB, fathomed
3180   94     18         29.5786    32.5214    9.9493     % 
LB close or above UB, fathomed
3181   93     17         29.5786    32.5214    9.9493     % 
LB close or above UB, fathomed
3182   92     16         29.5786    32.5214    9.9493     % 
LB close or above UB, fathomed
3183   91     12         29.5786    32.5214    9.9493     % 
LB close or above UB, fathomed
3184   90     12         29.5786    32.5214    9.9493     % 
LB close or above UB, fathomed
3185   89     13         29.5786    32.5214    9.9493     % 
LB close or above UB, fathomed
3186   88     13         29.5786    32.5214    9.9493     % 
LB close or above UB, fathomed
3187   87     20         29.5786    32.5214    9.9493     % 
LB close or above UB, fathomed
3188   86     20         29.5786    32.5214    9.9493     % 
LB close or above UB, fathomed
3189   85     23         29.5786    32.5214    9.9493     % 
LB close or above UB, fathomed
3190   84     23         29.5786    32.5214    9.9493     % 
UB: 32.521428571428565
branching on CartesianIndex(6, 3) with a.
3191   85     24         29.5786    32.5214    9.9493     % 
UB: 32.521428571428565
branching on CartesianIndex(1, 4) with c.
3192   86     25         29.5786    32.5214    9.9493     % 
LB close or above UB, fathomed
3193   85     25         29.5786    32.5214    9.9493     % 
UB: 32.521428571428565
branching on CartesianIndex(1, 5) with c.
3194   86     26         29.5786    32.5214    9.9493     % 
UB: 32.521428571428565
branching on CartesianIndex(2, 5) with c.
3195   87     27         29.5786    32.5214    9.9493     % 
UB: 32.521428571428565
branching on CartesianIndex(1, 6) with c.
3196   88     28         29.5786    32.5214    9.9493     % 
LB close or above UB, fathomed
3197   87     28         29.5786    32.5214    9.9493     % 
UB: 32.521428571428565
branching on 1 with b.
3198   88     29         29.5786    32.5214    9.9493     % 
UB: 32.521428571428565
branching on CartesianIndex(1, 7) with c.
3199   89     30         29.5786    32.5214    9.9493     % 
UB: 32.521428571428565
branching on CartesianIndex(2, 7) with c.
3200   90     31         29.5786    32.5214    9.9493     % 
LB close or above UB, fathomed
3201   89     31         29.5786    32.5214    9.9493     % 
UB: 32.521428571428565
branching on 2 with b.
3202   90     32         29.5786    32.5214    9.9493     % 
LB close or above UB, fathomed
3203   89     32         29.5786    32.5214    9.9493     % 
LB close or above UB, fathomed
3204   88     30         29.5786    32.5214    9.9493     % 
LB close or above UB, fathomed
3205   87     29         29.5786    32.5214    9.9493     % 
LB close or above UB, fathomed
3206   86     27         29.5786    32.5214    9.9493     % 
LB close or above UB, fathomed
3207   85     26         29.5786    32.5214    9.9493     % 
LB close or above UB, fathomed
3208   84     24         29.5786    32.5214    9.9493     % 
LB close or above UB, fathomed
3209   83     17         29.5786    32.5214    9.9493     % 
LB close or above UB, fathomed
3210   82     17         29.5786    32.5214    9.9493     % 
LB close or above UB, fathomed
3211   81     18         29.5786    32.5214    9.9493     % 
UB: 32.521428571428565
branching on CartesianIndex(3, 3) with a.
3212   82     19         29.5786    32.5214    9.9493     % 
UB: 32.521428571428565
branching on CartesianIndex(4, 3) with a.
3213   83     20         29.5786    32.5214    9.9493     % 
UB: 32.521428571428565
branching on 3 with b.
3214   84     21         29.5786    32.5214    9.9493     % 
LB close or above UB, fathomed
3215   83     21         29.5786    32.5214    9.9493     % 
UB: 32.521428571428565
branching on CartesianIndex(5, 3) with a.
3216   84     22         29.5786    32.5214    9.9493     % 
UB: 32.521428571428565
branching on CartesianIndex(6, 3) with a.
3217   85     23         29.5786    32.5214    9.9493     % 
UB: 32.521428571428565
branching on CartesianIndex(1, 4) with c.
3218   86     23         29.5786    32.5214    9.9493     % 
LB close or above UB, fathomed
3219   85     22         29.5786    32.5214    9.9493     % 
LB close or above UB, fathomed
3220   84     20         29.5786    32.5214    9.9493     % 
LB close or above UB, fathomed
3221   83     19         29.5786    32.5214    9.9493     % 
LB close or above UB, fathomed
3222   82     18         29.5786    32.5214    9.9493     % 
LB close or above UB, fathomed
3223   81     21         29.5786    32.5214    9.9493     % 
UB: 32.521428571428565
branching on CartesianIndex(2, 4) with c.
3224   82     22         29.5786    32.5214    9.9493     % 
UB: 32.521428571428565
branching on CartesianIndex(1, 5) with c.
3225   83     23         29.5786    32.5214    9.9493     % 
LB close or above UB, fathomed
3226   82     23         29.5786    32.5214    9.9493     % 
UB: 32.521428571428565
branching on CartesianIndex(1, 6) with c.
3227   83     22         29.5786    32.5214    9.9493     % 
LB close or above UB, fathomed
3228   82     21         29.5786    32.5214    9.9493     % 
LB close or above UB, fathomed
3229   81     19         29.5786    32.5214    9.9493     % 
UB: 32.521428571428565
branching on CartesianIndex(1, 4) with c.
3230   82     20         29.5786    32.5214    9.9493     % 
LB close or above UB, fathomed
3231   81     20         29.5786    32.5214    9.9493     % 
UB: 32.521428571428565
branching on CartesianIndex(1, 5) with c.
3232   82     21         29.5786    32.5214    9.9493     % 
UB: 32.521428571428565
branching on CartesianIndex(2, 5) with c.
3233   83     22         29.5786    32.5214    9.9493     % 
UB: 32.521428571428565
branching on CartesianIndex(1, 6) with c.
3234   84     23         29.5786    32.5214    9.9493     % 
LB close or above UB, fathomed
3235   83     23         29.5786    32.5214    9.9493     % 
UB: 32.521428571428565
branching on CartesianIndex(1, 7) with c.
3236   84     24         29.5786    32.5214    9.9493     % 
UB: 32.521428571428565
branching on CartesianIndex(2, 7) with c.
3237   85     25         29.5786    32.5214    9.9493     % 
LB close or above UB, fathomed
3238   84     25         29.5786    32.5214    9.9493     % 
UB: 32.521428571428565
branching on 3 with b.
3239   85     26         29.5786    32.5214    9.9493     % 
UB: 32.521428571428565
branching on 1 with b.
3240   86     27         29.5786    32.5214    9.9493     % 
LB close or above UB, fathomed
3241   85     27         29.5786    32.5214    9.9493     % 
UB: 32.521428571428565
branching on 2 with b.
3242   86     28         29.5786    32.5214    9.9493     % 
UB: 32.521428571428565
branching on 3 with b.
3243   87     29         29.5786    32.5214    9.9493     % 
UB: 32.521428571428565
branching on 1 with b.
3244   88     30         29.5786    32.5214    9.9493     % 
LB close or above UB, fathomed
3245   87     30         29.5786    32.5214    9.9493     % 
LB close or above UB, fathomed
3246   86     29         29.5786    32.5214    9.9493     % 
LB close or above UB, fathomed
3247   85     28         29.5786    32.5214    9.9493     % 
LB close or above UB, fathomed
3248   84     26         29.5786    32.5214    9.9493     % 
LB close or above UB, fathomed
3249   83     24         29.5786    32.5214    9.9493     % 
LB close or above UB, fathomed
3250   82     22         29.5786    32.5214    9.9493     % 
LB close or above UB, fathomed
3251   81     21         29.5786    32.5214    9.9493     % 
LB close or above UB, fathomed
3252   80     19         29.5786    32.5214    9.9493     % 
LB close or above UB, fathomed
3253   79     18         29.5786    32.5214    9.9493     % 
LB close or above UB, fathomed
3254   78     18         29.5786    32.5214    9.9493     % 
UB: 32.521428571428565
branching on CartesianIndex(1, 5) with c.
3255   79     19         29.5786    32.5214    9.9493     % 
UB: 32.521428571428565
branching on CartesianIndex(2, 5) with c.
3256   80     20         29.5786    32.5214    9.9493     % 
UB: 32.521428571428565
branching on 1 with b.
3257   81     21         29.5786    32.5214    9.9493     % 
LB close or above UB, fathomed
3258   80     21         29.5786    32.5214    9.9493     % 
UB: 32.521428571428565
branching on 2 with b.
3259   81     20         29.5786    32.5214    9.9493     % 
LB close or above UB, fathomed
3260   80     19         29.5786    32.5214    9.9493     % 
LB close or above UB, fathomed
3261   79     22         29.5786    32.5214    9.9493     % 
UB: 32.521428571428565
branching on CartesianIndex(6, 3) with a.
3262   80     23         29.5786    32.5214    9.9493     % 
UB: 32.521428571428565
branching on CartesianIndex(1, 4) with c.
3263   81     23         29.5786    32.5214    9.9493     % 
LB close or above UB, fathomed
3264   80     22         29.5786    32.5214    9.9493     % 
LB close or above UB, fathomed
3265   79     20         29.5786    32.5214    9.9493     % 
UB: 32.521428571428565
branching on 2 with b.
3266   80     21         29.5786    32.5214    9.9493     % 
LB close or above UB, fathomed
3267   79     21         29.5786    32.5214    9.9493     % 
LB close or above UB, fathomed
3268   78     20         29.5786    32.5214    9.9493     % 
LB close or above UB, fathomed
3269   77     23         29.5786    32.5214    9.9493     % 
LB close or above UB, fathomed
3270   76     23         29.5786    32.5214    9.9493     % 
LB close or above UB, fathomed
3271   75     22         29.5786    32.5214    9.9493     % 
UB: 32.521428571428565
branching on CartesianIndex(2, 4) with c.
3272   76     23         29.5786    32.5214    9.9493     % 
UB: 32.521428571428565
branching on CartesianIndex(1, 5) with c.
3273   77     24         29.5786    32.5214    9.9493     % 
LB close or above UB, fathomed
3274   76     24         29.5786    32.5214    9.9493     % 
LB close or above UB, fathomed
3275   75     23         29.5786    32.5214    9.9493     % 
LB close or above UB, fathomed
3276   74     22         29.5786    32.5214    9.9493     % 
LB close or above UB, fathomed
3277   73     30         29.5786    32.5214    9.9493     % 
UB: 32.521428571428565
branching on CartesianIndex(1, 4) with c.
3278   74     31         29.5786    32.5214    9.9493     % 
LB close or above UB, fathomed
3279   73     31         29.5786    32.5214    9.9493     % 
LB close or above UB, fathomed
3280   72     30         29.5786    32.5214    9.9493     % 
LB close or above UB, fathomed
3281   71     27         29.5786    32.5214    9.9493     % 
LB close or above UB, fathomed
3282   70     27         29.5786    32.5214    9.9493     % 
UB: 32.521428571428565
branching on CartesianIndex(1, 5) with c.
3283   71     28         29.5786    32.5214    9.9493     % 
UB: 32.521428571428565
branching on CartesianIndex(2, 5) with c.
3284   72     29         29.5786    32.5214    9.9493     % 
UB: 32.521428571428565
branching on CartesianIndex(1, 6) with c.
3285   73     30         29.5786    32.5214    9.9493     % 
LB close or above UB, fathomed
3286   72     30         29.5786    32.5214    9.9493     % 
UB: 32.521428571428565
branching on CartesianIndex(1, 7) with c.
3287   73     31         29.5786    32.5214    9.9493     % 
UB: 32.521428571428565
branching on CartesianIndex(2, 7) with c.
3288   74     32         29.5786    32.5214    9.9493     % 
LB close or above UB, fathomed
3289   73     32         29.5786    32.5214    9.9493     % 
UB: 32.521428571428565
branching on 2 with b.
3290   74     33         29.5786    32.5214    9.9493     % 
UB: 32.521428571428565
branching on 3 with b.
3291   75     34         29.5786    32.5214    9.9493     % 
LB close or above UB, fathomed
3292   74     34         29.5786    32.5214    9.9493     % 
UB: 32.521428571428565
branching on 1 with b.
3293   75     35         29.5786    32.5214    9.9493     % 
UB: 32.521428571428565
branching on 2 with b.
3294   76     36         29.5786    32.5214    9.9493     % 
LB close or above UB, fathomed
3295   75     36         29.5786    32.5214    9.9493     % 
LB close or above UB, fathomed
3296   74     35         29.5786    32.5214    9.9493     % 
LB close or above UB, fathomed
3297   73     33         29.5786    32.5214    9.9493     % 
LB close or above UB, fathomed
3298   72     31         29.5786    32.5214    9.9493     % 
LB close or above UB, fathomed
3299   71     29         29.5786    32.5214    9.9493     % 
LB close or above UB, fathomed
3300   70     28         29.5786    32.5214    9.9493     % 
LB close or above UB, fathomed
3301   69     30         29.5786    32.5214    9.9493     % 
UB: 32.521428571428565
branching on CartesianIndex(1, 4) with c.
3302   70     31         29.5786    32.5214    9.9493     % 
LB close or above UB, fathomed
3303   69     31         29.5786    32.5214    9.9493     % 
UB: 32.521428571428565
branching on CartesianIndex(1, 5) with c.
3304   70     32         29.5786    32.5214    9.9493     % 
UB: 32.521428571428565
branching on CartesianIndex(2, 5) with c.
3305   71     33         29.5786    32.5214    9.9493     % 
UB: 32.521428571428565
branching on CartesianIndex(1, 6) with c.
3306   72     34         29.5786    32.5214    9.9493     % 
LB close or above UB, fathomed
3307   71     34         29.5786    32.5214    9.9493     % 
UB: 32.521428571428565
branching on CartesianIndex(1, 7) with c.
3308   72     35         29.5786    32.5214    9.9493     % 
UB: 32.521428571428565
branching on CartesianIndex(2, 7) with c.
3309   73     36         29.5786    32.5214    9.9493     % 
LB close or above UB, fathomed
3310   72     36         29.5786    32.5214    9.9493     % 
UB: 32.521428571428565
branching on 3 with b.
3311   73     37         29.5786    32.5214    9.9493     % 
UB: 32.521428571428565
branching on 1 with b.
3312   74     38         29.5786    32.5214    9.9493     % 
LB close or above UB, fathomed
3313   73     38         29.5786    32.5214    9.9493     % 
LB close or above UB, fathomed
3314   72     37         29.5786    32.5214    9.9493     % 
LB close or above UB, fathomed
3315   71     35         29.5786    32.5214    9.9493     % 
LB close or above UB, fathomed
3316   70     33         29.5786    32.5214    9.9493     % 
LB close or above UB, fathomed
3317   69     32         29.5786    32.5214    9.9493     % 
LB close or above UB, fathomed
3318   68     30         29.5786    32.5214    9.9493     % 
LB close or above UB, fathomed
3319   67     29         29.5786    32.5214    9.9493     % 
UB: 32.521428571428565
branching on CartesianIndex(2, 4) with c.
3320   68     30         29.5786    32.5214    9.9493     % 
UB: 32.521428571428565
branching on CartesianIndex(1, 5) with c.
3321   69     31         29.5786    32.5214    9.9493     % 
LB close or above UB, fathomed
3322   68     31         29.5786    32.5214    9.9493     % 
UB: 32.521428571428565
branching on CartesianIndex(1, 6) with c.
3323   69     32         29.5786    32.5214    9.9493     % 
LB close or above UB, fathomed
3324   68     32         29.5786    32.5214    9.9493     % 
UB: 32.521428571428565
branching on CartesianIndex(1, 7) with c.
3325   69     33         29.5786    32.5214    9.9493     % 
UB: 32.521428571428565
branching on CartesianIndex(2, 7) with c.
3326   70     34         29.5786    32.5214    9.9493     % 
LB close or above UB, fathomed
3327   69     34         29.5786    32.5214    9.9493     % 
UB: 32.521428571428565
branching on 1 with b.
3328   70     35         29.5786    32.5214    9.9493     % 
UB: 32.521428571428565
branching on 2 with b.
3329   71     36         29.5786    32.5214    9.9493     % 
UB: 32.521428571428565
branching on 3 with b.
3330   72     37         29.5786    32.5214    9.9493     % 
LB close or above UB, fathomed
3331   71     37         29.5786    32.5214    9.9493     % 
LB close or above UB, fathomed
3332   70     36         29.5786    32.5214    9.9493     % 
LB close or above UB, fathomed
3333   69     35         29.5786    32.5214    9.9493     % 
LB close or above UB, fathomed
3334   68     33         29.5786    32.5214    9.9493     % 
LB close or above UB, fathomed
3335   67     30         29.5786    32.5214    9.9493     % 
LB close or above UB, fathomed
3336   66     29         29.5786    32.5214    9.9493     % 
LB close or above UB, fathomed
3337   65     21         29.5786    32.5214    9.9493     % 
UB: 32.521428571428565
branching on CartesianIndex(3, 3) with a.
3338   66     22         29.5786    32.5214    9.9493     % 
UB: 32.521428571428565
branching on CartesianIndex(4, 3) with a.
3339   67     22         29.5786    32.5214    9.9493     % 
LB close or above UB, fathomed
3340   66     21         29.5786    32.5214    9.9493     % 
LB close or above UB, fathomed
3341   65     19         29.5786    32.5214    9.9493     % 
UB: 32.521428571428565
branching on CartesianIndex(2, 5) with c.
3342   66     20         29.5786    32.5214    9.9493     % 
UB: 32.521428571428565
branching on 1 with b.
3343   67     21         29.5786    32.5214    9.9493     % 
LB close or above UB, fathomed
3344   66     21         29.5786    32.5214    9.9493     % 
UB: 32.521428571428565
branching on CartesianIndex(1, 6) with c.
3345   67     22         29.5786    32.5214    9.9493     % 
LB close or above UB, fathomed
3346   66     22         29.5786    32.5214    9.9493     % 
UB: 32.521428571428565
branching on 2 with b.
3347   67     23         29.5786    32.5214    9.9493     % 
UB: 32.521428571428565
branching on 3 with b.
3348   68     24         29.5786    32.5214    9.9493     % 
LB close or above UB, fathomed
3349   67     24         29.5786    32.5214    9.9493     % 
UB: 32.521428571428565
branching on CartesianIndex(1, 7) with c.
3350   68     25         29.5786    32.5214    9.9493     % 
UB: 32.521428571428565
branching on CartesianIndex(2, 7) with c.
3351   69     26         29.5786    32.5214    9.9493     % 
LB close or above UB, fathomed
3352   68     26         29.5786    32.5214    9.9493     % 
UB: 32.521428571428565
branching on 1 with b.
3353   69     27         29.5786    32.5214    9.9493     % 
LB close or above UB, fathomed
3354   68     27         29.5786    32.5214    9.9493     % 
LB close or above UB, fathomed
3355   67     25         29.5786    32.5214    9.9493     % 
LB close or above UB, fathomed
3356   66     23         29.5786    32.5214    9.9493     % 
LB close or above UB, fathomed
3357   65     20         29.5786    32.5214    9.9493     % 
LB close or above UB, fathomed
3358   64     19         29.5786    32.5214    9.9493     % 
LB close or above UB, fathomed
3359   63     31         29.5786    32.5214    9.9493     % 
LB close or above UB, fathomed
3360   62     31         29.5786    32.5214    9.9493     % 
UB: 32.521428571428565
branching on CartesianIndex(1, 7) with c.
3361   63     32         29.5786    32.5214    9.9493     % 
UB: 32.521428571428565
branching on CartesianIndex(2, 7) with c.
3362   64     33         29.5786    32.5214    9.9493     % 
LB close or above UB, fathomed
3363   63     33         29.5786    32.5214    9.9493     % 
UB: 32.521428571428565
branching on 1 with b.
3364   64     34         29.5786    32.5214    9.9493     % 
LB close or above UB, fathomed
3365   63     34         29.5786    32.5214    9.9493     % 
LB close or above UB, fathomed
3366   62     32         29.5786    32.5214    9.9493     % 
LB close or above UB, fathomed
3367   61     30         29.5786    32.5214    9.9493     % 
UB: 32.521428571428565
branching on CartesianIndex(2, 7) with c.
3368   62     31         29.5786    32.5214    9.9493     % 
LB close or above UB, fathomed
3369   61     31         29.5786    32.5214    9.9493     % 
UB: 32.521428571428565
branching on 2 with b.
3370   62     32         29.5786    32.5214    9.9493     % 
LB close or above UB, fathomed
3371   61     32         29.5786    32.5214    9.9493     % 
LB close or above UB, fathomed
3372   60     30         29.5786    32.5214    9.9493     % 
LB close or above UB, fathomed
3373   59     22         29.5786    32.5214    9.9493     % 
LB close or above UB, fathomed
3374   58     22         29.5786    32.5214    9.9493     % 
UB: 32.521428571428565
branching on CartesianIndex(1, 4) with c.
3375   59     23         29.5786    32.5214    9.9493     % 
UB: 32.521428571428565
branching on CartesianIndex(2, 4) with c.
3376   60     24         29.5786    32.5214    9.9493     % 
UB: 32.521428571428565
branching on CartesianIndex(1, 5) with c.
3377   61     25         29.5786    32.5214    9.9493     % 
LB close or above UB, fathomed
3378   60     25         29.5786    32.5214    9.9493     % 
UB: 32.521428571428565
branching on CartesianIndex(1, 6) with c.
3379   61     26         29.5786    32.5214    9.9493     % 
UB: 32.521428571428565
branching on CartesianIndex(2, 6) with c.
3380   62     27         29.5786    32.5214    9.9493     % 
UB: 32.521428571428565
branching on 1 with b.
3381   63     28         29.5786    32.5214    9.9493     % 
LB close or above UB, fathomed
3382   62     28         29.5786    32.5214    9.9493     % 
LB close or above UB, fathomed
3383   61     27         29.5786    32.5214    9.9493     % 
LB close or above UB, fathomed
3384   60     26         29.5786    32.5214    9.9493     % 
LB close or above UB, fathomed
3385   59     24         29.5786    32.5214    9.9493     % 
LB close or above UB, fathomed
3386   58     23         29.5786    32.5214    9.9493     % 
LB close or above UB, fathomed
3387   57     22         29.5786    32.5214    9.9493     % 
UB: 32.521428571428565
branching on CartesianIndex(6, 3) with a.
3388   58     23         29.5786    32.5214    9.9493     % 
UB: 32.521428571428565
branching on CartesianIndex(1, 4) with c.
3389   59     23         29.5786    32.5214    9.9493     % 
LB close or above UB, fathomed
3390   58     22         29.5786    32.5214    9.9493     % 
LB close or above UB, fathomed
3391   57     17         29.5786    32.5214    9.9493     % 
LB close or above UB, fathomed
3392   56     17         29.5786    32.5214    9.9493     % 
LB close or above UB, fathomed
3393   55     22         29.5786    32.5214    9.9493     % 
UB: 32.521428571428565
branching on CartesianIndex(1, 5) with c.
3394   56     23         29.5786    32.5214    9.9493     % 
LB close or above UB, fathomed
3395   55     23         29.5786    32.5214    9.9493     % 
UB: 32.521428571428565
branching on CartesianIndex(1, 6) with c.
3396   56     22         29.5786    32.5214    9.9493     % 
LB close or above UB, fathomed
3397   55     17         29.5786    32.5214    9.9493     % 
UB: 32.521428571428565
branching on CartesianIndex(1, 3) with a.
3398   56     18         29.5786    32.5214    9.9493     % 
UB: 32.521428571428565
branching on CartesianIndex(2, 3) with a.
3399   57     19         29.5786    32.5214    9.9493     % 
LB close or above UB, fathomed
3400   56     19         29.5786    32.5214    9.9493     % 
LB close or above UB, fathomed
3401   55     18         29.5786    32.5214    9.9493     % 
LB close or above UB, fathomed
3402   54     17         29.5786    32.5214    9.9493     % 
LB close or above UB, fathomed
3403   53     24         29.5786    32.5214    9.9493     % 
LB close or above UB, fathomed
3404   52     24         29.5786    32.5214    9.9493     % 
UB: 32.521428571428565
branching on CartesianIndex(1, 7) with c.
3405   53     25         29.5786    32.5214    9.9493     % 
UB: 32.521428571428565
branching on CartesianIndex(2, 7) with c.
3406   54     26         29.5786    32.5214    9.9493     % 
LB close or above UB, fathomed
3407   53     26         29.5786    32.5214    9.9493     % 
UB: 32.521428571428565
branching on 2 with b.
3408   54     27         29.5786    32.5214    9.9493     % 
LB close or above UB, fathomed
3409   53     27         29.5786    32.5214    9.9493     % 
UB: 32.521428571428565
branching on 3 with b.
3410   54     28         29.5786    32.5214    9.9493     % 
LB close or above UB, fathomed
3411   53     28         29.5786    32.5214    9.9493     % 
UB: 32.521428571428565
branching on 1 with b.
3412   54     29         29.5786    32.5214    9.9493     % 
LB close or above UB, fathomed
3413   53     29         29.5786    32.5214    9.9493     % 
LB close or above UB, fathomed
3414   52     25         29.5786    32.5214    9.9493     % 
LB close or above UB, fathomed
3415   51     23         29.5786    32.5214    9.9493     % 
UB: 32.521428571428565
branching on CartesianIndex(5, 3) with a.
3416   52     24         29.5786    32.5214    9.9493     % 
UB: 32.521428571428565
branching on CartesianIndex(6, 3) with a.
3417   53     25         29.5786    32.5214    9.9493     % 
LB close or above UB, fathomed
3418   52     25         29.5786    32.5214    9.9493     % 
UB: 32.521428571428565
branching on CartesianIndex(1, 4) with c.
3419   53     24         29.5786    32.5214    9.9493     % 
LB close or above UB, fathomed
3420   52     23         29.5786    32.5214    9.9493     % 
LB close or above UB, fathomed
3421   51     24         29.5786    32.5214    9.9493     % 
LB close or above UB, fathomed
3422   50     24         29.5786    32.5214    9.9493     % 
UB: 32.521428571428565
branching on CartesianIndex(1, 5) with c.
3423   51     22         29.5786    32.5214    9.9493     % 
LB close or above UB, fathomed
3424   50     22         29.5786    32.5214    9.9493     % 
LB close or above UB, fathomed
3425   49     24         29.5786    32.5214    9.9493     % 
LB close or above UB, fathomed
3426   48     24         29.5786    32.5214    9.9493     % 
UB: 32.521428571428565
branching on CartesianIndex(1, 7) with c.
3427   49     25         29.5786    32.5214    9.9493     % 
UB: 32.521428571428565
branching on CartesianIndex(2, 7) with c.
3428   50     26         29.5786    32.5214    9.9493     % 
LB close or above UB, fathomed
3429   49     26         29.5786    32.5214    9.9493     % 
UB: 32.521428571428565
branching on 1 with b.
3430   50     27         29.5786    32.5214    9.9493     % 
UB: 32.521428571428565
branching on 2 with b.
3431   51     28         29.5786    32.5214    9.9493     % 
LB close or above UB, fathomed
3432   50     28         29.5786    32.5214    9.9493     % 
LB close or above UB, fathomed
3433   49     27         29.5786    32.5214    9.9493     % 
LB close or above UB, fathomed
3434   48     25         29.5786    32.5214    9.9493     % 
LB close or above UB, fathomed
3435   47     27         29.5786    32.5214    9.9493     % 
UB: 32.521428571428565
branching on CartesianIndex(1, 4) with c.
3436   48     28         29.5786    32.5214    9.9493     % 
UB: 32.521428571428565
branching on CartesianIndex(2, 4) with c.
3437   49     29         29.5786    32.5214    9.9493     % 
UB: 32.521428571428565
branching on CartesianIndex(1, 5) with c.
3438   50     29         29.5786    32.5214    9.9493     % 
LB close or above UB, fathomed
3439   49     28         29.5786    32.5214    9.9493     % 
LB close or above UB, fathomed
3440   48     27         29.5786    32.5214    9.9493     % 
LB close or above UB, fathomed
3441   47     31         29.5786    32.5214    9.9493     % 
LB close or above UB, fathomed
3442   46     31         29.5786    32.5214    9.9493     % 
UB: 32.521428571428565
branching on 3 with b.
3443   47     25         29.5786    32.5214    9.9493     % 
LB close or above UB, fathomed
3444   46     25         29.5786    32.5214    9.9493     % 
UB: 32.521428571428565
branching on CartesianIndex(1, 7) with c.
3445   47     26         29.5786    32.5214    9.9493     % 
UB: 32.521428571428565
branching on CartesianIndex(2, 7) with c.
3446   48     27         29.5786    32.5214    9.9493     % 
LB close or above UB, fathomed
3447   47     27         29.5786    32.5214    9.9493     % 
UB: 32.521428571428565
branching on 2 with b.
3448   48     28         29.5786    32.5214    9.9493     % 
LB close or above UB, fathomed
3449   47     28         29.5786    32.5214    9.9493     % 
UB: 32.521428571428565
branching on 3 with b.
3450   48     29         29.5786    32.5214    9.9493     % 
LB close or above UB, fathomed
3451   47     29         29.5786    32.5214    9.9493     % 
UB: 32.521428571428565
branching on 1 with b.
3452   48     30         29.5786    32.5214    9.9493     % 
LB close or above UB, fathomed
3453   47     30         29.5786    32.5214    9.9493     % 
UB: 32.521428571428565
branching on 2 with b.
3454   48     31         29.5786    32.5214    9.9493     % 
LB close or above UB, fathomed
3455   47     31         29.5786    32.5214    9.9493     % 
LB close or above UB, fathomed
3456   46     26         29.5786    32.5214    9.9493     % 
LB close or above UB, fathomed
3457   45     25         29.5786    32.5214    9.9493     % 
UB: 32.521428571428565
branching on CartesianIndex(5, 3) with a.
3458   46     26         29.5786    32.5214    9.9493     % 
UB: 32.521428571428565
branching on CartesianIndex(6, 3) with a.
3459   47     26         29.5786    32.5214    9.9493     % 
LB close or above UB, fathomed
3460   46     25         29.5786    32.5214    9.9493     % 
LB close or above UB, fathomed
3461   45     24         29.5786    32.5214    9.9493     % 
UB: 32.521428571428565
branching on 3 with b.
3462   46     25         29.5786    32.5214    9.9493     % 
UB: 32.521428571428565
branching on CartesianIndex(2, 4) with c.
3463   47     26         29.5786    32.5214    9.9493     % 
UB: 32.521428571428565
branching on CartesianIndex(1, 5) with c.
3464   48     27         29.5786    32.5214    9.9493     % 
LB close or above UB, fathomed
3465   47     27         29.5786    32.5214    9.9493     % 
UB: 32.521428571428565
branching on CartesianIndex(1, 6) with c.
3466   48     28         29.5786    32.5214    9.9493     % 
LB close or above UB, fathomed
3467   47     28         29.5786    32.5214    9.9493     % 
UB: 32.521428571428565
branching on CartesianIndex(1, 7) with c.
3468   48     29         29.5786    32.5214    9.9493     % 
UB: 32.521428571428565
branching on CartesianIndex(2, 7) with c.
3469   49     30         29.5786    32.5214    9.9493     % 
LB close or above UB, fathomed
3470   48     30         29.5786    32.5214    9.9493     % 
UB: 32.521428571428565
branching on 1 with b.
3471   49     31         29.5786    32.5214    9.9493     % 
LB close or above UB, fathomed
3472   48     31         29.5786    32.5214    9.9493     % 
LB close or above UB, fathomed
3473   47     29         29.5786    32.5214    9.9493     % 
LB close or above UB, fathomed
3474   46     26         29.5786    32.5214    9.9493     % 
LB close or above UB, fathomed
3475   45     25         29.5786    32.5214    9.9493     % 
LB close or above UB, fathomed
3476   44     24         29.5786    32.5214    9.9493     % 
LB close or above UB, fathomed
3477   43     31         29.5786    32.5214    9.9493     % 
LB close or above UB, fathomed
3478   42     31         29.5786    32.5214    9.9493     % 
UB: 32.521428571428565
branching on CartesianIndex(1, 7) with c.
3479   43     25         29.5786    32.5214    9.9493     % 
LB close or above UB, fathomed
3480   42     25         29.5786    32.5214    9.9493     % 
UB: 32.521428571428565
branching on 2 with b.
3481   43     26         29.5786    32.5214    9.9493     % 
UB: 32.521428571428565
branching on CartesianIndex(1, 5) with c.
3482   44     26         29.5786    32.5214    9.9493     % 
LB close or above UB, fathomed
3483   43     22         29.5786    32.5214    9.9493     % 
LB close or above UB, fathomed
3484   42     22         29.5786    32.5214    9.9493     % 
UB: 32.521428571428565
branching on CartesianIndex(1, 5) with c.
3485   43     23         29.5786    32.5214    9.9493     % 
UB: 32.521428571428565
branching on CartesianIndex(2, 5) with c.
3486   44     24         29.5786    32.5214    9.9493     % 
UB: 32.521428571428565
branching on CartesianIndex(1, 6) with c.
3487   45     25         29.5786    32.5214    9.9493     % 
LB close or above UB, fathomed
3488   44     25         29.5786    32.5214    9.9493     % 
UB: 32.521428571428565
branching on CartesianIndex(1, 7) with c.
3489   45     26         29.5786    32.5214    9.9493     % 
UB: 32.521428571428565
branching on 1 with b.
3490   46     27         29.5786    32.5214    9.9493     % 
UB: 32.521428571428565
branching on 2 with b.
3491   47     28         29.5786    32.5214    9.9493     % 
UB: 32.521428571428565
branching on CartesianIndex(2, 7) with c.
3492   48     29         29.5786    32.5214    9.9493     % 
LB close or above UB, fathomed
3493   47     29         29.5786    32.5214    9.9493     % 
UB: 32.521428571428565
branching on 3 with b.
3494   48     30         29.5786    32.5214    9.9493     % 
UB: 32.521428571428565
branching on 1 with b.
3495   49     31         29.5786    32.5214    9.9493     % 
LB close or above UB, fathomed
3496   48     31         29.5786    32.5214    9.9493     % 
LB close or above UB, fathomed
3497   47     30         29.5786    32.5214    9.9493     % 
LB close or above UB, fathomed
3498   46     28         29.5786    32.5214    9.9493     % 
LB close or above UB, fathomed
3499   45     27         29.5786    32.5214    9.9493     % 
LB close or above UB, fathomed
3500   44     26         29.5786    32.5214    9.9493     % 
LB close or above UB, fathomed
3501   43     24         29.5786    32.5214    9.9493     % 
LB close or above UB, fathomed
3502   42     23         29.5786    32.5214    9.9493     % 
LB close or above UB, fathomed
3503   41     32         29.5786    32.5214    9.9493     % 
UB: 32.521428571428565
branching on CartesianIndex(2, 7) with c.
3504   42     33         29.5786    32.5214    9.9493     % 
LB close or above UB, fathomed
3505   41     33         29.5786    32.5214    9.9493     % 
UB: 32.521428571428565
branching on 2 with b.
3506   42     34         29.5786    32.5214    9.9493     % 
UB: 32.521428571428565
branching on 3 with b.
3507   43     35         29.5786    32.5214    9.9493     % 
LB close or above UB, fathomed
3508   42     35         29.5786    32.5214    9.9493     % 
UB: 32.521428571428565
branching on 1 with b.
3509   43     36         29.5786    32.5214    9.9493     % 
LB close or above UB, fathomed
3510   42     36         29.5786    32.5214    9.9493     % 
LB close or above UB, fathomed
3511   41     34         29.5786    32.5214    9.9493     % 
LB close or above UB, fathomed
3512   40     32         29.5786    32.5214    9.9493     % 
LB close or above UB, fathomed
3513   39     24         29.5786    32.5214    9.9493     % 
UB: 32.521428571428565
branching on CartesianIndex(2, 4) with c.
3514   40     25         29.5786    32.5214    9.9493     % 
UB: 32.521428571428565
branching on CartesianIndex(1, 5) with c.
3515   41     26         29.5786    32.5214    9.9493     % 
LB close or above UB, fathomed
3516   40     26         29.5786    32.5214    9.9493     % 
UB: 32.521428571428565
branching on CartesianIndex(1, 6) with c.
3517   41     27         29.5786    32.5214    9.9493     % 
LB close or above UB, fathomed
3518   40     27         29.5786    32.5214    9.9493     % 
UB: 32.521428571428565
branching on CartesianIndex(1, 7) with c.
3519   41     28         29.5786    32.5214    9.9493     % 
UB: 32.521428571428565
branching on CartesianIndex(2, 7) with c.
3520   42     29         29.5786    32.5214    9.9493     % 
LB close or above UB, fathomed
3521   41     29         29.5786    32.5214    9.9493     % 
UB: 32.521428571428565
branching on 3 with b.
3522   42     30         29.5786    32.5214    9.9493     % 
LB close or above UB, fathomed
3523   41     30         29.5786    32.5214    9.9493     % 
UB: 32.521428571428565
branching on 1 with b.
3524   42     31         29.5786    32.5214    9.9493     % 
UB: 32.521428571428565
branching on 2 with b.
3525   43     32         29.5786    32.5214    9.9493     % 
UB: 32.521428571428565
branching on 3 with b.
3526   44     33         29.5786    32.5214    9.9493     % 
LB close or above UB, fathomed
3527   43     33         29.5786    32.5214    9.9493     % 
UB: 32.521428571428565
branching on 1 with b.
3528   44     34         29.5786    32.5214    9.9493     % 
LB close or above UB, fathomed
3529   43     34         29.5786    32.5214    9.9493     % 
LB close or above UB, fathomed
3530   42     32         29.5786    32.5214    9.9493     % 
LB close or above UB, fathomed
3531   41     31         29.5786    32.5214    9.9493     % 
LB close or above UB, fathomed
3532   40     28         29.5786    32.5214    9.9493     % 
LB close or above UB, fathomed
3533   39     25         29.5786    32.5214    9.9493     % 
LB close or above UB, fathomed
3534   38     24         29.5786    32.5214    9.9493     % 
LB close or above UB, fathomed
3535   37     26         29.5786    32.5214    9.9493     % 
UB: 32.521428571428565
branching on CartesianIndex(2, 4) with c.
3536   38     27         29.5786    32.5214    9.9493     % 
UB: 32.521428571428565
branching on CartesianIndex(1, 5) with c.
3537   39     28         29.5786    32.5214    9.9493     % 
LB close or above UB, fathomed
3538   38     28         29.5786    32.5214    9.9493     % 
LB close or above UB, fathomed
3539   37     27         29.5786    32.5214    9.9493     % 
LB close or above UB, fathomed
3540   36     26         29.5786    32.5214    9.9493     % 
LB close or above UB, fathomed
3541   35     19         29.5786    32.5214    9.9493     % 
UB: 32.521428571428565
branching on CartesianIndex(2, 4) with c.
3542   36     20         29.5786    32.5214    9.9493     % 
UB: 32.521428571428565
branching on 3 with b.
3543   37     21         29.5786    32.5214    9.9493     % 
UB: 32.521428571428565
branching on CartesianIndex(1, 5) with c.
3544   38     21         29.5786    32.5214    9.9493     % 
UB: 32.521428571428565
branching on 1 with b.
3545   39     20         29.5786    32.5214    9.9493     % 
LB close or above UB, fathomed
3546   38     19         29.5786    32.5214    9.9493     % 
LB close or above UB, fathomed
3547   37     23         29.5786    32.5214    9.9493     % 
LB close or above UB, fathomed
3548   36     23         29.5786    32.5214    9.9493     % 
UB: 32.521428571428565
branching on 2 with b.
3549   37     24         29.5786    32.5214    9.9493     % 
LB close or above UB, fathomed
3550   36     24         29.5786    32.5214    9.9493     % 
LB close or above UB, fathomed
3551   35     22         29.5786    32.5214    9.9493     % 
LB close or above UB, fathomed
3552   34     22         29.5786    32.5214    9.9493     % 
LB close or above UB, fathomed
3553   33     27         29.5786    32.5214    9.9493     % 
UB: 32.521428571428565
branching on CartesianIndex(2, 5) with c.
3554   34     28         29.5786    32.5214    9.9493     % 
UB: 32.521428571428565
branching on 3 with b.
3555   35     29         29.5786    32.5214    9.9493     % 
UB: 32.521428571428565
branching on CartesianIndex(1, 6) with c.
3556   36     30         29.5786    32.5214    9.9493     % 
LB close or above UB, fathomed
3557   35     30         29.5786    32.5214    9.9493     % 
UB: 32.521428571428565
branching on 1 with b.
3558   36     31         29.5786    32.5214    9.9493     % 
LB close or above UB, fathomed
3559   35     31         29.5786    32.5214    9.9493     % 
LB close or above UB, fathomed
3560   34     29         29.5786    32.5214    9.9493     % 
LB close or above UB, fathomed
3561   33     28         29.5786    32.5214    9.9493     % 
LB close or above UB, fathomed
3562   32     27         29.5786    32.5214    9.9493     % 
LB close or above UB, fathomed
3563   31     27         29.5786    32.5214    9.9493     % 
UB: 32.521428571428565
branching on CartesianIndex(1, 4) with c.
3564   32     28         29.5786    32.5214    9.9493     % 
LB close or above UB, fathomed
3565   31     28         29.5786    32.5214    9.9493     % 
UB: 32.521428571428565
branching on CartesianIndex(1, 5) with c.
3566   32     29         29.5786    32.5214    9.9493     % 
UB: 32.521428571428565
branching on CartesianIndex(2, 5) with c.
3567   33     30         29.5786    32.5214    9.9493     % 
UB: 32.521428571428565
branching on CartesianIndex(1, 6) with c.
3568   34     31         29.5786    32.5214    9.9493     % 
LB close or above UB, fathomed
3569   33     31         29.5786    32.5214    9.9493     % 
UB: 32.521428571428565
branching on CartesianIndex(1, 7) with c.
3570   34     32         29.5786    32.5214    9.9493     % 
UB: 32.521428571428565
branching on CartesianIndex(2, 7) with c.
3571   35     33         29.5786    32.5214    9.9493     % 
LB close or above UB, fathomed
3572   34     33         29.5786    32.5214    9.9493     % 
UB: 32.521428571428565
branching on 3 with b.
3573   35     34         29.5786    32.5214    9.9493     % 
UB: 32.521428571428565
branching on 1 with b.
3574   36     35         29.5786    32.5214    9.9493     % 
LB close or above UB, fathomed
3575   35     35         29.5786    32.5214    9.9493     % 
LB close or above UB, fathomed
3576   34     34         29.5786    32.5214    9.9493     % 
LB close or above UB, fathomed
3577   33     32         29.5786    32.5214    9.9493     % 
LB close or above UB, fathomed
3578   32     30         29.5786    32.5214    9.9493     % 
LB close or above UB, fathomed
3579   31     29         29.5786    32.5214    9.9493     % 
LB close or above UB, fathomed
3580   30     27         29.5786    32.5214    9.9493     % 
LB close or above UB, fathomed
3581   29     32         29.5786    32.5214    9.9493     % 
LB close or above UB, fathomed
3582   28     32         29.5786    32.5214    9.9493     % 
UB: 32.521428571428565
branching on CartesianIndex(1, 5) with c.
3583   29     33         29.5786    32.5214    9.9493     % 
UB: 32.521428571428565
branching on CartesianIndex(2, 5) with c.
3584   30     34         29.5786    32.5214    9.9493     % 
UB: 32.521428571428565
branching on 1 with b.
3585   31     35         29.5786    32.5214    9.9493     % 
LB close or above UB, fathomed
3586   30     35         29.5786    32.5214    9.9493     % 
LB close or above UB, fathomed
3587   29     34         29.5786    32.5214    9.9493     % 
LB close or above UB, fathomed
3588   28     33         29.5786    32.5214    9.9493     % 
LB close or above UB, fathomed
3589   27     30         29.5786    32.5214    9.9493     % 
LB close or above UB, fathomed
3590   26     30         29.5786    32.5214    9.9493     % 
UB: 32.521428571428565
branching on CartesianIndex(1, 6) with c.
3591   27     25         29.5786    32.5214    9.9493     % 
UB: 32.521428571428565
branching on CartesianIndex(2, 5) with c.
3592   28     26         29.5786    32.5214    9.9493     % 
UB: 32.521428571428565
branching on CartesianIndex(1, 6) with c.
3593   29     27         29.5786    32.5214    9.9493     % 
LB close or above UB, fathomed
3594   28     27         29.5786    32.5214    9.9493     % 
UB: 32.521428571428565
branching on CartesianIndex(1, 7) with c.
3595   29     28         29.5786    32.5214    9.9493     % 
UB: 32.521428571428565
branching on CartesianIndex(2, 7) with c.
3596   30     29         29.5786    32.5214    9.9493     % 
LB close or above UB, fathomed
3597   29     29         29.5786    32.5214    9.9493     % 
UB: 32.521428571428565
branching on 3 with b.
3598   30     30         29.5786    32.5214    9.9493     % 
LB close or above UB, fathomed
3599   29     30         29.5786    32.5214    9.9493     % 
UB: 32.521428571428565
branching on 1 with b.
3600   30     31         29.5786    32.5214    9.9493     % 
LB close or above UB, fathomed
3601   29     31         29.5786    32.5214    9.9493     % 
LB close or above UB, fathomed
3602   28     28         29.5786    32.5214    9.9493     % 
LB close or above UB, fathomed
3603   27     26         29.5786    32.5214    9.9493     % 
LB close or above UB, fathomed
3604   26     25         29.5786    32.5214    9.9493     % 
LB close or above UB, fathomed
3605   25     26         29.5786    32.5214    9.9493     % 
UB: 32.521428571428565
branching on 2 with b.
3606   26     27         29.5786    32.5214    9.9493     % 
LB close or above UB, fathomed
3607   25     27         29.5786    32.5214    9.9493     % 
UB: 32.521428571428565
branching on CartesianIndex(2, 4) with c.
3608   26     28         29.5786    32.5214    9.9493     % 
UB: 32.521428571428565
branching on CartesianIndex(1, 5) with c.
3609   27     29         29.5786    32.5214    9.9493     % 
LB close or above UB, fathomed
3610   26     29         29.5786    32.5214    9.9493     % 
UB: 32.521428571428565
branching on CartesianIndex(1, 6) with c.
3611   27     30         29.5786    32.5214    9.9493     % 
LB close or above UB, fathomed
3612   26     30         29.5786    32.5214    9.9493     % 
UB: 32.521428571428565
branching on CartesianIndex(1, 7) with c.
3613   27     31         29.5786    32.5214    9.9493     % 
UB: 32.521428571428565
branching on CartesianIndex(2, 7) with c.
3614   28     32         29.5786    32.5214    9.9493     % 
LB close or above UB, fathomed
3615   27     32         29.5786    32.5214    9.9493     % 
UB: 32.521428571428565
branching on 3 with b.
3616   28     33         29.5786    32.5214    9.9493     % 
LB close or above UB, fathomed
3617   27     33         29.5786    32.5214    9.9493     % 
LB close or above UB, fathomed
3618   26     31         29.5786    32.5214    9.9493     % 
LB close or above UB, fathomed
3619   25     28         29.5786    32.5214    9.9493     % 
LB close or above UB, fathomed
3620   24     26         29.5786    32.5214    9.9493     % 
LB close or above UB, fathomed
3621   23     24         29.5786    32.5214    9.9493     % 
UB: 32.521428571428565
branching on CartesianIndex(2, 4) with c.
3622   24     25         29.5786    32.5214    9.9493     % 
UB: 32.521428571428565
branching on CartesianIndex(1, 5) with c.
3623   25     26         29.5786    32.5214    9.9493     % 
LB close or above UB, fathomed
3624   24     26         29.5786    32.5214    9.9493     % 
UB: 32.521428571428565
branching on CartesianIndex(1, 6) with c.
3625   25     27         29.5786    32.5214    9.9493     % 
LB close or above UB, fathomed
3626   24     27         29.5786    32.5214    9.9493     % 
UB: 32.521428571428565
branching on CartesianIndex(1, 7) with c.
3627   25     28         29.5786    32.5214    9.9493     % 
UB: 32.521428571428565
branching on CartesianIndex(2, 7) with c.
3628   26     29         29.5786    32.5214    9.9493     % 
LB close or above UB, fathomed
3629   25     29         29.5786    32.5214    9.9493     % 
UB: 32.521428571428565
branching on 1 with b.
3630   26     30         29.5786    32.5214    9.9493     % 
UB: 32.521428571428565
branching on 2 with b.
3631   27     31         29.5786    32.5214    9.9493     % 
UB: 32.521428571428565
branching on 3 with b.
3632   28     32         29.5786    32.5214    9.9493     % 
LB close or above UB, fathomed
3633   27     32         29.5786    32.5214    9.9493     % 
UB: 32.521428571428565
branching on 1 with b.
3634   28     33         29.5786    32.5214    9.9493     % 
LB close or above UB, fathomed
3635   27     33         29.5786    32.5214    9.9493     % 
LB close or above UB, fathomed
3636   26     31         29.5786    32.5214    9.9493     % 
LB close or above UB, fathomed
3637   25     30         29.5786    32.5214    9.9493     % 
LB close or above UB, fathomed
3638   24     28         29.5786    32.5214    9.9493     % 
LB close or above UB, fathomed
3639   23     25         29.5786    32.5214    9.9493     % 
LB close or above UB, fathomed
3640   22     24         29.5786    32.5214    9.9493     % 
LB close or above UB, fathomed
3641   21     32         29.5786    32.5214    9.9493     % 
LB close or above UB, fathomed
3642   20     32         29.5786    32.5214    9.9493     % 
UB: 32.521428571428565
branching on CartesianIndex(1, 7) with c.
3643   21     33         29.5786    32.5214    9.9493     % 
UB: 32.521428571428565
branching on CartesianIndex(2, 7) with c.
3644   22     34         29.5786    32.5214    9.9493     % 
LB close or above UB, fathomed
3645   21     34         29.5786    32.5214    9.9493     % 
UB: 32.521428571428565
branching on 1 with b.
3646   22     35         29.5786    32.5214    9.9493     % 
LB close or above UB, fathomed
3647   21     35         29.5786    32.5214    9.9493     % 
LB close or above UB, fathomed
3648   20     33         29.5786    32.5214    9.9493     % 
LB close or above UB, fathomed
3649   19     20         29.5786    32.5214    9.9493     % 
UB: 32.521428571428565
branching on CartesianIndex(2, 4) with c.
3650   20     20         29.5786    32.5214    9.9493     % 
LB close or above UB, fathomed
3651   19     23         29.5786    32.5214    9.9493     % 
LB close or above UB, fathomed
3652   18     23         29.5786    32.5214    9.9493     % 
UB: 32.521428571428565
branching on CartesianIndex(1, 5) with c.
3653   19     24         29.5786    32.5214    9.9493     % 
UB: 32.521428571428565
branching on CartesianIndex(2, 5) with c.
3654   20     25         29.5786    32.5214    9.9493     % 
UB: 32.521428571428565
branching on CartesianIndex(1, 6) with c.
3655   21     26         29.5786    32.5214    9.9493     % 
LB close or above UB, fathomed
3656   20     26         29.5786    32.5214    9.9493     % 
UB: 32.521428571428565
branching on CartesianIndex(1, 7) with c.
3657   21     25         29.5786    32.5214    9.9493     % 
LB close or above UB, fathomed
3658   20     24         29.5786    32.5214    9.9493     % 
LB close or above UB, fathomed
3659   19     26         29.5786    32.5214    9.9493     % 
UB: 32.521428571428565
branching on CartesianIndex(1, 4) with c.
3660   20     27         29.5786    32.5214    9.9493     % 
LB close or above UB, fathomed
3661   19     27         29.5786    32.5214    9.9493     % 
UB: 32.521428571428565
branching on 1 with b.
3662   20     28         29.5786    32.5214    9.9493     % 
LB close or above UB, fathomed
3663   19     28         29.5786    32.5214    9.9493     % 
LB close or above UB, fathomed
3664   18     26         29.5786    32.5214    9.9493     % 
LB close or above UB, fathomed
3665   17     31         29.5786    32.5214    9.9493     % 
LB close or above UB, fathomed
3666   16     31         29.5786    32.5214    9.9493     % 
UB: 32.521428571428565
branching on CartesianIndex(1, 7) with c.
3667   17     32         29.5786    32.5214    9.9493     % 
UB: 32.521428571428565
branching on CartesianIndex(2, 7) with c.
3668   18     33         29.5786    32.5214    9.9493     % 
LB close or above UB, fathomed
3669   17     33         29.5786    32.5214    9.9493     % 
UB: 32.521428571428565
branching on 1 with b.
3670   18     34         29.5786    32.5214    9.9493     % 
LB close or above UB, fathomed
3671   17     34         29.5786    32.5214    9.9493     % 
LB close or above UB, fathomed
3672   16     32         29.5786    32.5214    9.9493     % 
LB close or above UB, fathomed
3673   15     22         29.5786    32.5214    9.9493     % 
LB close or above UB, fathomed
3674   14     22         29.5786    32.5214    9.9493     % 
UB: 32.521428571428565
branching on CartesianIndex(1, 6) with c.
3675   15     23         29.5786    32.5214    9.9493     % 
UB: 32.521428571428565
branching on CartesianIndex(2, 6) with c.
3676   16     24         29.5786    32.5214    9.9493     % 
UB: 32.521428571428565
branching on CartesianIndex(1, 7) with c.
3677   17     25         29.5786    32.5214    9.9493     % 
UB: 32.521428571428565
branching on CartesianIndex(2, 7) with c.
3678   18     26         29.5786    32.5214    9.9493     % 
LB close or above UB, fathomed
3679   17     26         29.5786    32.5214    9.9493     % 
UB: 32.521428571428565
branching on 1 with b.
3680   18     27         29.5786    32.5214    9.9493     % 
LB close or above UB, fathomed
3681   17     27         29.5786    32.5214    9.9493     % 
LB close or above UB, fathomed
3682   16     25         29.5786    32.5214    9.9493     % 
LB close or above UB, fathomed
3683   15     24         29.5786    32.5214    9.9493     % 
LB close or above UB, fathomed
3684   14     23         29.5786    32.5214    9.9493     % 
LB close or above UB, fathomed
3685   13     23         29.5786    32.5214    9.9493     % 
UB: 32.521428571428565
branching on CartesianIndex(2, 4) with c.
3686   14     23         29.5786    32.5214    9.9493     % 
LB close or above UB, fathomed
3687   13     24         29.5786    32.5214    9.9493     % 
UB: 32.521428571428565
branching on CartesianIndex(1, 5) with c.
3688   14     25         29.5786    32.5214    9.9493     % 
LB close or above UB, fathomed
3689   13     25         29.5786    32.5214    9.9493     % 
UB: 32.521428571428565
branching on CartesianIndex(1, 6) with c.
3690   14     26         29.5786    32.5214    9.9493     % 
UB: 32.521428571428565
branching on CartesianIndex(2, 6) with c.
3691   15     27         29.5786    32.5214    9.9493     % 
UB: 32.521428571428565
branching on CartesianIndex(1, 7) with c.
3692   16     28         29.5786    32.5214    9.9493     % 
UB: 32.521428571428565
branching on CartesianIndex(2, 7) with c.
3693   17     29         29.5786    32.5214    9.9493     % 
LB close or above UB, fathomed
3694   16     29         29.5786    32.5214    9.9493     % 
UB: 32.521428571428565
branching on 3 with b.
3695   17     30         29.5786    32.5214    9.9493     % 
LB close or above UB, fathomed
3696   16     30         29.5786    32.5214    9.9493     % 
UB: 32.521428571428565
branching on 1 with b.
3697   17     31         29.5786    32.5214    9.9493     % 
LB close or above UB, fathomed
3698   16     31         29.5786    32.5214    9.9493     % 
LB close or above UB, fathomed
3699   15     28         29.5786    32.5214    9.9493     % 
LB close or above UB, fathomed
3700   14     27         29.5786    32.5214    9.9493     % 
LB close or above UB, fathomed
3701   13     26         29.5786    32.5214    9.9493     % 
LB close or above UB, fathomed
3702   12     24         29.5786    32.5214    9.9493     % 
LB close or above UB, fathomed
3703   11     27         29.5786    32.5214    9.9493     % 
UB: 32.521428571428565
branching on CartesianIndex(2, 7) with c.
3704   12     28         29.5786    32.5214    9.9493     % 
LB close or above UB, fathomed
3705   11     28         29.5786    32.5214    9.9493     % 
UB: 32.521428571428565
branching on 2 with b.
3706   12     29         29.5786    32.5214    9.9493     % 
LB close or above UB, fathomed
3707   11     29         29.5786    32.5214    9.9493     % 
LB close or above UB, fathomed
3708   10     27         29.5786    32.5214    9.9493     % 
LB close or above UB, fathomed
3709   9      21         29.5786    32.5214    9.9493     % 
UB: 32.521428571428565
branching on CartesianIndex(1, 5) with c.
3710   10     22         29.5786    32.5214    9.9493     % 
LB close or above UB, fathomed
3711   9      22         29.5786    32.5214    9.9493     % 
UB: 32.521428571428565
branching on CartesianIndex(1, 6) with c.
3712   10     23         29.5786    32.5214    9.9493     % 
UB: 32.521428571428565
branching on CartesianIndex(2, 6) with c.
3713   11     24         29.5786    32.5214    9.9493     % 
UB: 32.521428571428565
branching on CartesianIndex(1, 7) with c.
3714   12     25         29.5786    32.5214    9.9493     % 
UB: 32.521428571428565
branching on CartesianIndex(2, 7) with c.
3715   13     26         29.5786    32.5214    9.9493     % 
LB close or above UB, fathomed
3716   12     26         29.5786    32.5214    9.9493     % 
UB: 32.521428571428565
branching on 3 with b.
3717   13     27         29.5786    32.5214    9.9493     % 
LB close or above UB, fathomed
3718   12     27         29.5786    32.5214    9.9493     % 
UB: 32.521428571428565
branching on 1 with b.
3719   13     28         29.5786    32.5214    9.9493     % 
LB close or above UB, fathomed
3720   12     28         29.5786    32.5214    9.9493     % 
LB close or above UB, fathomed
3721   11     25         29.5786    32.5214    9.9493     % 
LB close or above UB, fathomed
3722   10     24         29.5786    32.5214    9.9493     % 
LB close or above UB, fathomed
3723   9      23         29.5786    32.5214    9.9493     % 
LB close or above UB, fathomed
3724   8      21         29.5786    32.5214    9.9493     % 
LB close or above UB, fathomed
3725   7      33         29.5786    32.5214    9.9493     % 
LB close or above UB, fathomed
3726   6      33         29.5786    32.5214    9.9493     % 
UB: 32.521428571428565
branching on CartesianIndex(1, 7) with c.
3727   7      34         29.5786    32.5214    9.9493     % 
UB: 32.521428571428565
branching on CartesianIndex(2, 7) with c.
3728   8      35         29.5786    32.5214    9.9493     % 
LB close or above UB, fathomed
3729   7      35         29.5786    32.5214    9.9493     % 
UB: 32.521428571428565
branching on 2 with b.
3730   8      36         29.5786    32.5214    9.9493     % 
LB close or above UB, fathomed
3731   7      36         29.5786    32.5214    9.9493     % 
LB close or above UB, fathomed
3732   6      34         29.5786    32.5214    9.9493     % 
LB close or above UB, fathomed
3733   5      17         30.1310    32.5214    7.9334     % 
UB: 32.521428571428565
branching on 3 with b.
3734   6      17         30.1310    32.5214    7.9334     % 
LB close or above UB, fathomed
3735   5      17         31.5405    32.5214    3.1101     % 
LB close or above UB, fathomed
3736   4      17         31.5405    32.5214    3.1101     % 
LB close or above UB, fathomed
3737   3      17         31.6192    32.5214    2.8534     % 
LB close or above UB, fathomed
3738   2      17         31.6192    32.5214    2.8534     % 
LB close or above UB, fathomed
3739   1      18         31.8915    32.5214    1.9754     % 
LB close or above UB, fathomed
3740   0      18         31.8915    32.5214    1.9754     % 
LB close or above UB, fathomed
all node solved
solved nodes:  3741
3741                                                  3.2463e+01     3.2521e+01     0.1789  % 
7×3 Matrix{Float64}:
 0.0  1.0  0.0
 0.0  0.0  0.0
 0.0  0.0  0.0
 0.0  0.0  0.0
 0.0  0.0  0.0
 0.0  0.0  1.0
 1.0  0.0  0.0
3-element Vector{Float64}:
 0.5121568534211831
 0.26288909017668405
 0.17374165479331777
3×7 Matrix{Float64}:
 0.0  0.0  0.0  0.0  1.0  0.0  0.0
 0.0  0.0  0.0  0.0  0.0  1.0  1.0
 0.0  0.0  0.0  1.0  0.0  0.0  0.0
3-element Vector{Float64}:
 1.0
 1.0
 1.0
7×3 Matrix{Float64}:
 1.0  0.0  0.0
 0.0  0.0  0.0
 0.0  0.0  0.0
 0.0  0.0  0.0
 0.0  0.0  0.0
 0.0  0.0  0.0
 0.0  1.0  1.0
3-element Vector{Float64}:
 0.265625
 0.14293133173115624
 0.5
3×7 Matrix{Float64}:
 0.0  0.0  0.0  1.0  0.0  1.0  0.0
 0.0  0.0  0.0  0.0  0.0  0.0  1.0
 0.0  0.0  0.0  0.0  1.0  0.0  0.0
3-element Vector{Float64}:
 1.0
 1.0
 1.0
comparison (CRT and Glb)on prediction: Dict{Bool, Int64}(0 => 2, 1 => 49)
Dataname	 time	 objv	 lb	 gap	 train_w	 train_g	 test_w	 test_g
seeds_784.seeds	 130.57	 32.521428571428565	 32.463	 0.0018	 89.677	 92.903	 94.118	 94.118
