Running 6 processes.
Start training glass_859.glass with seed 1.
Any[]
(9, 210)
(9, 104)
(9, 52)
(9, 54)
dimension: 9, class: 6
cart cost: 145.75
size of X: (9, 156)
ngroups: 7
UB: 134.54999999999998
Iter	left	lev	LB	UB	gap	
0      0      1          89.4713    134.5500   50.3834    % 
UB: 134.54999999999998
branching on 1 with d.
1      1      2          89.4713    134.5500   50.3834    % 
LB close or above UB, fathomed
2      0      2          89.4713    134.5500   50.3834    % 
UB: 134.54999999999998
branching on 2 with d.
3      1      3          89.4713    134.5500   50.3834    % 
UB: 134.54999999999998
branching on 3 with d.
4      2      3          89.4713    134.5500   50.3834    % 
UB: 134.54999999999998
branching on 3 with d.
5      3      4          89.4713    134.5500   50.3834    % 
UB: 134.54999999999998
branching on CartesianIndex(1, 1) with a.
6      4      4          89.4713    134.5500   50.3834    % 
UB: 134.54999999999998
branching on CartesianIndex(1, 1) with a.
7      5      5          89.4713    134.5500   50.3834    % 
UB: 134.54999999999998
branching on CartesianIndex(2, 1) with a.
8      6      6          89.4713    134.5500   50.3834    % 
UB: 134.54999999999998
branching on CartesianIndex(3, 1) with a.
9      7      6          89.4713    134.5500   50.3834    % 
UB: 134.54999999999998
branching on 1 with b.
10     8      5          89.4713    134.5500   50.3834    % 
LB close or above UB, fathomed
11     7      7          92.3393    134.5500   45.7126    % 
UB: 134.54999999999998
branching on 1 with b.
12     8      7          92.3393    134.5500   45.7126    % 
UB: 134.54999999999998
branching on CartesianIndex(1, 2) with a.
13     9      8          92.4941    134.5500   45.4688    % 
UB: 134.54999999999998
branching on CartesianIndex(4, 1) with a.
14     10     8          92.4941    134.5500   45.4688    % 
UB: 134.54999999999998
branching on CartesianIndex(4, 1) with a.
15     11     8          95.1953    134.5500   41.3411    % 
UB: 134.54999999999998
branching on CartesianIndex(2, 2) with a.
16     12     8          95.1953    134.5500   41.3411    % 
UB: 134.54999999999998
branching on CartesianIndex(1, 3) with a.
17     13     9          95.2167    134.5500   41.3092    % 
UB: 134.54999999999998
branching on 1 with b.
18     14     10         95.2167    134.5500   41.3092    % 
UB: 134.54999999999998
branching on 1 with b.
19     15     10         95.2167    134.5500   41.3092    % 
UB: 134.54999999999998
branching on CartesianIndex(3, 2) with a.
20     16     11         95.2167    134.5500   41.3092    % 
UB: 134.54999999999998
branching on 1 with b.
21     17     12         95.2167    134.5500   41.3092    % 
UB: 134.54999999999998
branching on 2 with b.
22     18     12         95.2167    134.5500   41.3092    % 
UB: 134.54999999999998
branching on CartesianIndex(4, 2) with a.
23     19     11         95.2167    134.5500   41.3092    % 
UB: 134.54999999999998
branching on CartesianIndex(1, 3) with a.
24     20     9          95.2167    134.5500   41.3092    % 
UB: 134.54999999999998
branching on CartesianIndex(1, 3) with a.
25     21     13         95.2993    134.5500   41.1867    % 
UB: 134.54999999999998
branching on CartesianIndex(4, 2) with a.
26     22     14         95.2993    134.5500   41.1867    % 
UB: 134.54999999999998
branching on 3 with b.
27     23     15         95.2993    134.5500   41.1867    % 
UB: 134.54999999999998
branching on CartesianIndex(5, 2) with a.
28     24     16         95.2993    134.5500   41.1867    % 
UB: 134.54999999999998
branching on CartesianIndex(6, 2) with a.
29     25     17         95.2993    134.5500   41.1867    % 
UB: 134.54999999999998
branching on 1 with b.
30     26     17         95.2993    134.5500   41.1867    % 
UB: 134.54999999999998
branching on CartesianIndex(1, 3) with a.
31     27     16         95.2993    134.5500   41.1867    % 
UB: 134.54999999999998
branching on CartesianIndex(1, 3) with a.
32     28     15         95.2993    134.5500   41.1867    % 
UB: 134.54999999999998
branching on CartesianIndex(5, 2) with a.
33     29     14         95.2993    134.5500   41.1867    % 
UB: 134.54999999999998
branching on CartesianIndex(1, 3) with a.
34     30     13         95.2993    134.5500   41.1867    % 
UB: 134.54999999999998
branching on CartesianIndex(4, 2) with a.
35     31     9          95.3500    134.5500   41.1117    % 
UB: 134.54999999999998
branching on CartesianIndex(5, 1) with a.
36     32     9          95.3500    134.5500   41.1117    % 
UB: 134.54999999999998
branching on CartesianIndex(1, 2) with a.
37     33     18         98.0993    134.5500   37.1569    % 
UB: 134.54999999999998
branching on CartesianIndex(7, 2) with a.
38     34     18         98.0993    134.5500   37.1569    % 
UB: 134.54999999999998
branching on 2 with b.
39     35     19         98.1500    134.5500   37.0861    % 
UB: 134.54999999999998
branching on CartesianIndex(7, 2) with a.
40     36     20         98.1500    134.5500   37.0861    % 
UB: 134.54999999999998
branching on CartesianIndex(8, 2) with a.
41     37     21         98.1500    134.5500   37.0861    % 
UB: 134.54999999999998
branching on CartesianIndex(1, 3) with a.
42     38     21         98.1500    134.5500   37.0861    % 
UB: 134.54999999999998
branching on CartesianIndex(1, 3) with a.
43     39     22         98.1500    134.5500   37.0861    % 
UB: 134.54999999999998
branching on 3 with b.
44     40     23         98.1500    134.5500   37.0861    % 
UB: 134.54999999999998
branching on CartesianIndex(2, 3) with a.
45     41     23         98.1500    134.5500   37.0861    % 
UB: 134.54999999999998
branching on CartesianIndex(2, 3) with a.
46     42     22         98.1500    134.5500   37.0861    % 
LB close or above UB, fathomed
47     41     20         98.1500    134.5500   37.0861    % 
UB: 134.54999999999998
branching on 3 with b.
48     42     19         98.1500    134.5500   37.0861    % 
UB: 134.54999999999998
branching on CartesianIndex(7, 2) with a.
49     43     10         98.1500    134.5500   37.0861    % 
UB: 134.54999999999998
branching on CartesianIndex(2, 2) with a.
50     44     11         98.1500    134.5500   37.0861    % 
UB: 134.54999999999998
branching on 1 with b.
51     45     12         98.1500    134.5500   37.0861    % 
LB close or above UB, fathomed
52     44     12         98.1500    134.5500   37.0861    % 
UB: 134.54999999999998
branching on 2 with b.
53     45     13         98.1500    134.5500   37.0861    % 
UB: 134.54999999999998
branching on 3 with b.
54     46     14         98.1500    134.5500   37.0861    % 
UB: 134.54999999999998
branching on CartesianIndex(3, 2) with a.
55     47     14         98.1500    134.5500   37.0861    % 
UB: 134.54999999999998
branching on 1 with b.
56     48     13         98.1500    134.5500   37.0861    % 
UB: 134.54999999999998
branching on 3 with b.
57     49     11         98.1500    134.5500   37.0861    % 
UB: 134.54999999999998
branching on 1 with b.
58     50     10         98.1500    134.5500   37.0861    % 
UB: 134.54999999999998
branching on 1 with b.
59     51     13         100.8674   134.5500   33.3930    % 
UB: 134.54999999999998
branching on 2 with b.
60     52     14         100.8674   134.5500   33.3930    % 
UB: 134.54999999999998
branching on 3 with b.
61     53     15         100.8674   134.5500   33.3930    % 
UB: 134.54999999999998
branching on 1 with b.
62     54     16         100.8674   134.5500   33.3930    % 
UB: 134.54999999999998
branching on CartesianIndex(5, 2) with a.
63     55     17         100.8674   134.5500   33.3930    % 
UB: 134.54999999999998
branching on CartesianIndex(6, 2) with a.
64     56     18         100.8674   134.5500   33.3930    % 
UB: 134.54999999999998
branching on 2 with b.
65     57     19         100.8674   134.5500   33.3930    % 
UB: 134.54999999999998
branching on 3 with b.
66     58     19         100.8674   134.5500   33.3930    % 
UB: 134.54999999999998
branching on CartesianIndex(7, 2) with a.
67     59     18         100.8674   134.5500   33.3930    % 
UB: 134.54999999999998
branching on CartesianIndex(1, 3) with a.
68     60     17         100.8674   134.5500   33.3930    % 
UB: 134.54999999999998
branching on CartesianIndex(1, 3) with a.
69     61     16         100.8674   134.5500   33.3930    % 
LB close or above UB, fathomed
70     60     15         100.8674   134.5500   33.3930    % 
UB: 134.54999999999998
branching on CartesianIndex(5, 2) with a.
71     61     14         100.8674   134.5500   33.3930    % 
UB: 134.54999999999998
branching on CartesianIndex(5, 2) with a.
72     62     13         100.8674   134.5500   33.3930    % 
UB: 134.54999999999998
branching on CartesianIndex(1, 3) with a.
73     63     15         100.9500   134.5500   33.2838    % 
UB: 134.54999999999998
branching on CartesianIndex(4, 2) with a.
74     64     16         100.9500   134.5500   33.2838    % 
UB: 134.54999999999998
branching on CartesianIndex(5, 2) with a.
75     65     17         100.9500   134.5500   33.2838    % 
UB: 134.54999999999998
branching on CartesianIndex(6, 2) with a.
76     66     18         100.9500   134.5500   33.2838    % 
UB: 134.54999999999998
branching on CartesianIndex(7, 2) with a.
77     67     18         100.9500   134.5500   33.2838    % 
UB: 134.54999999999998
branching on CartesianIndex(1, 3) with a.
78     68     17         100.9500   134.5500   33.2838    % 
UB: 134.54999999999998
branching on CartesianIndex(1, 3) with a.
79     69     16         100.9500   134.5500   33.2838    % 
UB: 134.54999999999998
branching on 1 with b.
80     70     15         100.9500   134.5500   33.2838    % 
UB: 134.54999999999998
branching on 1 with b.
81     71     15         100.9500   134.5500   33.2838    % 
UB: 134.54999999999998
branching on 3 with b.
82     72     16         100.9500   134.5500   33.2838    % 
UB: 134.54999999999998
branching on CartesianIndex(2, 3) with a.
83     73     17         100.9500   134.5500   33.2838    % 
UB: 134.54999999999998
branching on 1 with b.
84     74     18         100.9500   134.5500   33.2838    % 
UB: 134.54999999999998
branching on CartesianIndex(3, 3) with a.
85     75     18         100.9500   134.5500   33.2838    % 
UB: 134.54999999999998
branching on CartesianIndex(3, 3) with a.
86     76     19         100.9500   134.5500   33.2838    % 
UB: 134.54999999999998
branching on CartesianIndex(4, 3) with a.
87     77     20         100.9500   134.5500   33.2838    % 
UB: 134.54999999999998
branching on CartesianIndex(5, 3) with a.
88     78     20         100.9500   134.5500   33.2838    % 
UB: 134.54999999999998
branching on 2 with b.
89     79     19         100.9500   134.5500   33.2838    % 
LB close or above UB, fathomed
90     78     17         100.9500   134.5500   33.2838    % 
LB close or above UB, fathomed
91     77     16         100.9500   134.5500   33.2838    % 
UB: 134.54999999999998
branching on 1 with b.
92     78     15         100.9500   134.5500   33.2838    % 
UB: 134.54999999999998
branching on 3 with b.
93     79     10         100.9500   134.5500   33.2838    % 
UB: 134.54999999999998
branching on CartesianIndex(2, 3) with a.
94     80     11         100.9500   134.5500   33.2838    % 
UB: 134.54999999999998
branching on CartesianIndex(3, 3) with a.
95     81     12         100.9500   134.5500   33.2838    % 
UB: 134.54999999999998
branching on 1 with b.
96     82     13         100.9500   134.5500   33.2838    % 
UB: 134.54999999999998
branching on CartesianIndex(4, 3) with a.
97     83     13         100.9500   134.5500   33.2838    % 
UB: 134.54999999999998
branching on 1 with b.
98     84     14         100.9500   134.5500   33.2838    % 
UB: 134.54999999999998
branching on 2 with b.
99     85     15         100.9500   134.5500   33.2838    % 
UB: 134.54999999999998
branching on CartesianIndex(4, 3) with a.
100    86     15         100.9500   134.5500   33.2838    % 
UB: 134.54999999999998
branching on CartesianIndex(4, 3) with a.
101    87     16         100.9500   134.5500   33.2838    % 
UB: 134.54999999999998
branching on CartesianIndex(5, 3) with a.
102    88     16         100.9500   134.5500   33.2838    % 
UB: 134.54999999999998
branching on CartesianIndex(1, 4) with c.
103    89     14         100.9500   134.5500   33.2838    % 
UB: 134.54999999999998
branching on CartesianIndex(4, 3) with a.
104    90     12         100.9500   134.5500   33.2838    % 
UB: 134.54999999999998
branching on CartesianIndex(1, 4) with c.
105    91     11         100.9500   134.5500   33.2838    % 
LB close or above UB, fathomed
106    90     10         100.9500   134.5500   33.2838    % 
UB: 134.54999999999998
branching on CartesianIndex(1, 4) with c.
107    91     15         100.9500   134.5500   33.2838    % 
UB: 134.54999999999998
branching on CartesianIndex(3, 2) with a.
108    92     16         100.9500   134.5500   33.2838    % 
UB: 134.54999999999998
branching on CartesianIndex(4, 2) with a.
109    93     17         100.9500   134.5500   33.2838    % 
UB: 134.54999999999998
branching on CartesianIndex(5, 2) with a.
110    94     18         100.9500   134.5500   33.2838    % 
UB: 134.54999999999998
branching on 2 with b.
111    95     19         100.9500   134.5500   33.2838    % 
UB: 134.54999999999998
branching on CartesianIndex(6, 2) with a.
112    96     19         100.9500   134.5500   33.2838    % 
UB: 134.54999999999998
branching on 3 with b.
113    97     18         100.9500   134.5500   33.2838    % 
UB: 134.54999999999998
branching on CartesianIndex(1, 3) with a.
114    98     17         100.9500   134.5500   33.2838    % 
UB: 134.54999999999998
branching on CartesianIndex(1, 3) with a.
115    99     16         100.9500   134.5500   33.2838    % 
UB: 134.54999999999998
branching on 2 with b.
116    100    15         100.9500   134.5500   33.2838    % 
UB: 134.54999999999998
branching on CartesianIndex(3, 2) with a.
117    101    24         100.9500   134.5500   33.2838    % 
UB: 134.54999999999998
branching on CartesianIndex(3, 3) with a.
118    102    25         100.9500   134.5500   33.2838    % 
UB: 134.54999999999998
branching on CartesianIndex(4, 3) with a.
119    103    26         100.9500   134.5500   33.2838    % 
UB: 134.54999999999998
branching on CartesianIndex(5, 3) with a.
120    104    26         100.9500   134.5500   33.2838    % 
UB: 134.54999999999998
branching on CartesianIndex(1, 4) with c.
121    105    25         100.9500   134.5500   33.2838    % 
LB close or above UB, fathomed
122    104    24         100.9500   134.5500   33.2838    % 
LB close or above UB, fathomed
123    103    20         103.6674   134.5500   29.7901    % 
UB: 134.54999999999998
branching on CartesianIndex(7, 2) with a.
124    104    20         103.6674   134.5500   29.7901    % 
UB: 134.54999999999998
branching on CartesianIndex(7, 2) with a.
125    105    19         103.6993   134.5500   29.7501    % 
UB: 134.54999999999998
branching on 2 with b.
126    106    20         103.6993   134.5500   29.7501    % 
UB: 134.54999999999998
branching on CartesianIndex(8, 2) with a.
127    107    21         103.6993   134.5500   29.7501    % 
UB: 134.54999999999998
branching on CartesianIndex(1, 3) with a.
128    108    21         103.6993   134.5500   29.7501    % 
UB: 134.54999999999998
branching on CartesianIndex(1, 3) with a.
129    109    22         103.6993   134.5500   29.7501    % 
UB: 134.54999999999998
branching on 3 with b.
130    110    23         103.6993   134.5500   29.7501    % 
UB: 134.54999999999998
branching on CartesianIndex(2, 3) with a.
131    111    23         103.6993   134.5500   29.7501    % 
UB: 134.54999999999998
branching on 1 with b.
132    112    22         103.6993   134.5500   29.7501    % 
LB close or above UB, fathomed
133    111    20         103.6993   134.5500   29.7501    % 
UB: 134.54999999999998
branching on CartesianIndex(8, 2) with a.
134    112    19         103.6993   134.5500   29.7501    % 
UB: 134.54999999999998
branching on CartesianIndex(1, 3) with a.
135    113    19         103.7500   134.5500   29.6867    % 
UB: 134.54999999999998
branching on CartesianIndex(8, 2) with a.
136    114    19         103.7500   134.5500   29.6867    % 
UB: 134.54999999999998
branching on 1 with b.
137    115    20         103.7500   134.5500   29.6867    % 
UB: 134.54999999999998
branching on CartesianIndex(8, 2) with a.
138    116    20         103.7500   134.5500   29.6867    % 
UB: 134.54999999999998
branching on 3 with b.
139    117    21         103.7500   134.5500   29.6867    % 
UB: 134.54999999999998
branching on CartesianIndex(1, 3) with a.
140    118    21         103.7500   134.5500   29.6867    % 
UB: 134.54999999999998
branching on CartesianIndex(1, 3) with a.
141    119    10         103.7500   134.5500   29.6867    % 
UB: 134.54999999999998
branching on CartesianIndex(6, 1) with a.
142    120    11         103.7500   134.5500   29.6867    % 
UB: 134.54999999999998
branching on CartesianIndex(7, 1) with a.
143    121    11         103.7500   134.5500   29.6867    % 
UB: 134.54999999999998
branching on 1 with b.
144    122    10         103.7500   134.5500   29.6867    % 
LB close or above UB, fathomed
145    121    14         103.7500   134.5500   29.6867    % 
UB: 134.54999999999998
branching on CartesianIndex(5, 2) with a.
146    122    15         103.7500   134.5500   29.6867    % 
UB: 134.54999999999998
branching on 3 with b.
147    123    15         103.7500   134.5500   29.6867    % 
UB: 134.54999999999998
branching on CartesianIndex(1, 3) with a.
148    124    14         103.7500   134.5500   29.6867    % 
UB: 134.54999999999998
branching on CartesianIndex(1, 3) with a.
149    125    15         103.7500   134.5500   29.6867    % 
UB: 134.54999999999998
branching on 3 with b.
150    126    16         103.7500   134.5500   29.6867    % 
UB: 134.54999999999998
branching on CartesianIndex(2, 3) with a.
151    127    17         103.7500   134.5500   29.6867    % 
UB: 134.54999999999998
branching on 1 with b.
152    128    18         103.7500   134.5500   29.6867    % 
UB: 134.54999999999998
branching on CartesianIndex(3, 3) with a.
153    129    18         103.7500   134.5500   29.6867    % 
UB: 134.54999999999998
branching on 2 with b.
154    130    19         103.7500   134.5500   29.6867    % 
UB: 134.54999999999998
branching on CartesianIndex(3, 3) with a.
155    131    20         103.7500   134.5500   29.6867    % 
UB: 134.54999999999998
branching on CartesianIndex(4, 3) with a.
156    132    21         103.7500   134.5500   29.6867    % 
UB: 134.54999999999998
branching on 3 with b.
157    133    21         103.7500   134.5500   29.6867    % 
UB: 134.54999999999998
branching on CartesianIndex(1, 4) with c.
158    134    20         103.7500   134.5500   29.6867    % 
LB close or above UB, fathomed
159    133    19         103.7500   134.5500   29.6867    % 
LB close or above UB, fathomed
160    132    17         103.7500   134.5500   29.6867    % 
LB close or above UB, fathomed
161    131    16         103.7500   134.5500   29.6867    % 
UB: 134.54999999999998
branching on CartesianIndex(2, 3) with a.
162    132    15         103.7500   134.5500   29.6867    % 
UB: 134.54999999999998
branching on CartesianIndex(1, 4) with c.
163    133    11         103.7500   134.5500   29.6867    % 
UB: 134.54999999999998
branching on 2 with b.
164    134    11         103.7500   134.5500   29.6867    % 
UB: 134.54999999999998
branching on 2 with b.
165    135    12         103.7500   134.5500   29.6867    % 
UB: 134.54999999999998
branching on CartesianIndex(3, 2) with a.
166    136    13         103.7500   134.5500   29.6867    % 
UB: 134.54999999999998
branching on 3 with b.
167    137    14         103.7500   134.5500   29.6867    % 
UB: 134.54999999999998
branching on CartesianIndex(4, 2) with a.
168    138    15         103.7500   134.5500   29.6867    % 
UB: 134.54999999999998
branching on 1 with b.
169    139    16         103.7500   134.5500   29.6867    % 
UB: 134.54999999999998
branching on 2 with b.
170    140    16         103.7500   134.5500   29.6867    % 
UB: 134.54999999999998
branching on 2 with b.
171    141    17         103.7500   134.5500   29.6867    % 
UB: 134.54999999999998
branching on CartesianIndex(5, 2) with a.
172    142    18         103.7500   134.5500   29.6867    % 
UB: 134.54999999999998
branching on CartesianIndex(6, 2) with a.
173    143    19         103.7500   134.5500   29.6867    % 
UB: 134.54999999999998
branching on CartesianIndex(7, 2) with a.
174    144    20         103.7500   134.5500   29.6867    % 
UB: 134.54999999999998
branching on CartesianIndex(8, 2) with a.
175    145    21         103.7500   134.5500   29.6867    % 
UB: 134.54999999999998
branching on CartesianIndex(1, 3) with a.
176    146    21         103.7500   134.5500   29.6867    % 
UB: 134.54999999999998
branching on 3 with b.
177    147    22         103.7500   134.5500   29.6867    % 
UB: 134.54999999999998
branching on CartesianIndex(1, 3) with a.
178    148    22         103.7500   134.5500   29.6867    % 
UB: 134.54999999999998
branching on CartesianIndex(1, 3) with a.
179    149    20         103.7500   134.5500   29.6867    % 
LB close or above UB, fathomed
180    148    19         103.7500   134.5500   29.6867    % 
UB: 134.54999999999998
branching on 3 with b.
181    149    18         103.7500   134.5500   29.6867    % 
LB close or above UB, fathomed
182    148    17         103.7500   134.5500   29.6867    % 
UB: 134.54999999999998
branching on 3 with b.
183    149    18         103.7500   134.5500   29.6867    % 
UB: 134.54999999999998
branching on CartesianIndex(5, 2) with a.
184    150    18         103.7500   134.5500   29.6867    % 
UB: 134.54999999999998
branching on CartesianIndex(5, 2) with a.
185    151    15         103.7500   134.5500   29.6867    % 
UB: 134.54999999999998
branching on 1 with b.
186    152    14         103.7500   134.5500   29.6867    % 
UB: 134.54999999999998
branching on CartesianIndex(4, 2) with a.
187    153    13         103.7500   134.5500   29.6867    % 
UB: 134.54999999999998
branching on 3 with b.
188    154    12         103.7500   134.5500   29.6867    % 
UB: 134.54999999999998
branching on CartesianIndex(3, 2) with a.
189    155    13         103.7500   134.5500   29.6867    % 
UB: 134.54999999999998
branching on CartesianIndex(4, 2) with a.
190    156    14         103.7500   134.5500   29.6867    % 
UB: 134.54999999999998
branching on CartesianIndex(5, 2) with a.
191    157    15         103.7500   134.5500   29.6867    % 
UB: 134.54999999999998
branching on CartesianIndex(6, 2) with a.
192    158    15         103.7500   134.5500   29.6867    % 
UB: 134.54999999999998
branching on CartesianIndex(1, 3) with a.
193    159    14         103.7500   134.5500   29.6867    % 
UB: 134.54999999999998
branching on CartesianIndex(1, 3) with a.
194    160    13         103.7500   134.5500   29.6867    % 
LB close or above UB, fathomed
195    159    21         106.4674   134.5500   26.3767    % 
UB: 134.54999999999998
branching on CartesianIndex(8, 2) with a.
196    160    22         106.4674   134.5500   26.3767    % 
UB: 134.54999999999998
branching on CartesianIndex(1, 3) with a.
197    161    22         106.4674   134.5500   26.3767    % 
UB: 134.54999999999998
branching on CartesianIndex(1, 3) with a.
198    162    23         106.4674   134.5500   26.3767    % 
UB: 134.54999999999998
branching on 1 with b.
199    163    24         106.4674   134.5500   26.3767    % 
UB: 134.54999999999998
branching on CartesianIndex(2, 3) with a.
200    164    25         106.4674   134.5500   26.3767    % 
UB: 134.54999999999998
branching on CartesianIndex(3, 3) with a.
201    165    26         106.4674   134.5500   26.3767    % 
UB: 134.54999999999998
branching on CartesianIndex(4, 3) with a.
202    166    27         106.4674   134.5500   26.3767    % 
UB: 131.75
branching on CartesianIndex(5, 3) with a.
203    167    27         106.4674   131.7500   23.7468    % 
UB: 131.75
branching on CartesianIndex(1, 4) with c.
204    166    26         106.4674   131.7500   23.7468    % 
LB close or above UB, fathomed
205    165    25         106.4674   131.7500   23.7468    % 
LB close or above UB, fathomed
206    164    24         106.4674   131.7500   23.7468    % 
LB close or above UB, fathomed
207    163    23         106.4674   131.7500   23.7468    % 
LB close or above UB, fathomed
208    162    21         106.4674   131.7500   23.7468    % 
LB close or above UB, fathomed
209    161    19         106.5500   131.7500   23.6509    % 
UB: 131.75
branching on CartesianIndex(6, 2) with a.
210    162    20         106.5500   131.7500   23.6509    % 
UB: 131.75
branching on CartesianIndex(7, 2) with a.
211    163    21         106.5500   131.7500   23.6509    % 
UB: 131.75
branching on CartesianIndex(8, 2) with a.
212    164    21         106.5500   131.7500   23.6509    % 
UB: 131.75
branching on CartesianIndex(1, 3) with a.
213    165    20         106.5500   131.7500   23.6509    % 
LB close or above UB, fathomed
214    164    19         106.5500   131.7500   23.6509    % 
UB: 131.75
branching on CartesianIndex(1, 3) with a.
215    165    23         106.5500   131.7500   23.6509    % 
UB: 131.75
branching on CartesianIndex(2, 3) with a.
216    166    24         106.5500   131.7500   23.6509    % 
UB: 131.75
branching on CartesianIndex(3, 3) with a.
217    167    25         106.5500   131.7500   23.6509    % 
UB: 131.75
branching on CartesianIndex(4, 3) with a.
218    168    26         106.5500   131.7500   23.6509    % 
UB: 131.75
branching on CartesianIndex(5, 3) with a.
219    169    26         106.5500   131.7500   23.6509    % 
UB: 131.75
branching on CartesianIndex(1, 4) with c.
220    170    25         106.5500   131.7500   23.6509    % 
LB close or above UB, fathomed
221    169    24         106.5500   131.7500   23.6509    % 
LB close or above UB, fathomed
222    168    23         106.5500   131.7500   23.6509    % 
LB close or above UB, fathomed
223    167    16         106.5500   131.7500   23.6509    % 
UB: 131.75
branching on 3 with b.
224    168    17         106.5500   131.7500   23.6509    % 
UB: 131.75
branching on CartesianIndex(2, 3) with a.
225    169    18         106.5500   131.7500   23.6509    % 
UB: 131.75
branching on CartesianIndex(3, 3) with a.
226    170    19         106.5500   131.7500   23.6509    % 
UB: 131.75
branching on CartesianIndex(4, 3) with a.
227    171    20         106.5500   131.7500   23.6509    % 
UB: 131.75
branching on CartesianIndex(5, 3) with a.
228    172    20         106.5500   131.7500   23.6509    % 
UB: 131.75
branching on CartesianIndex(1, 4) with c.
229    173    19         106.5500   131.7500   23.6509    % 
LB close or above UB, fathomed
230    172    18         106.5500   131.7500   23.6509    % 
LB close or above UB, fathomed
231    171    17         106.5500   131.7500   23.6509    % 
LB close or above UB, fathomed
232    170    16         106.5500   131.7500   23.6509    % 
LB close or above UB, fathomed
233    169    22         106.5500   131.7500   23.6509    % 
UB: 131.75
branching on CartesianIndex(2, 3) with a.
234    170    23         106.5500   131.7500   23.6509    % 
UB: 131.75
branching on CartesianIndex(3, 3) with a.
235    171    24         106.5500   131.7500   23.6509    % 
UB: 131.75
branching on CartesianIndex(4, 3) with a.
236    172    25         106.5500   131.7500   23.6509    % 
UB: 131.75
branching on CartesianIndex(5, 3) with a.
237    173    25         106.5500   131.7500   23.6509    % 
UB: 131.75
branching on CartesianIndex(1, 4) with c.
238    174    24         106.5500   131.7500   23.6509    % 
LB close or above UB, fathomed
239    173    23         106.5500   131.7500   23.6509    % 
LB close or above UB, fathomed
240    172    22         106.5500   131.7500   23.6509    % 
LB close or above UB, fathomed
241    171    20         106.5500   131.7500   23.6509    % 
UB: 131.75
branching on 2 with b.
242    172    21         106.5500   131.7500   23.6509    % 
LB close or above UB, fathomed
243    171    21         106.5500   131.7500   23.6509    % 
UB: 131.75
branching on 3 with b.
244    172    22         106.5500   131.7500   23.6509    % 
UB: 131.75
branching on CartesianIndex(2, 3) with a.
245    173    22         106.5500   131.7500   23.6509    % 
UB: 131.75
branching on CartesianIndex(2, 3) with a.
246    174    20         106.5500   131.7500   23.6509    % 
LB close or above UB, fathomed
247    173    24         106.5500   131.7500   23.6509    % 
UB: 131.75
branching on CartesianIndex(2, 3) with a.
248    174    25         106.5500   131.7500   23.6509    % 
UB: 131.75
branching on CartesianIndex(3, 3) with a.
249    175    26         106.5500   131.7500   23.6509    % 
UB: 131.75
branching on CartesianIndex(4, 3) with a.
250    176    27         106.5500   131.7500   23.6509    % 
UB: 131.75
branching on CartesianIndex(5, 3) with a.
251    177    27         106.5500   131.7500   23.6509    % 
UB: 131.75
branching on CartesianIndex(1, 4) with c.
252    178    26         106.5500   131.7500   23.6509    % 
LB close or above UB, fathomed
253    177    25         106.5500   131.7500   23.6509    % 
LB close or above UB, fathomed
254    176    24         106.5500   131.7500   23.6509    % 
UB: 131.75
branching on CartesianIndex(2, 3) with a.
255    177    27         106.5500   131.7500   23.6509    % 
UB: 131.75
branching on CartesianIndex(2, 4) with c.
256    178    28         106.5500   131.7500   23.6509    % 
UB: 131.75
branching on CartesianIndex(3, 4) with c.
257    179    28         106.5500   131.7500   23.6509    % 
UB: 131.75
branching on CartesianIndex(1, 5) with c.
258    180    27         106.5500   131.7500   23.6509    % 
LB close or above UB, fathomed
259    179    20         106.5500   131.7500   23.6509    % 
UB: 131.75
branching on CartesianIndex(6, 2) with a.
260    180    21         106.5500   131.7500   23.6509    % 
UB: 131.75
branching on CartesianIndex(7, 2) with a.
261    181    22         106.5500   131.7500   23.6509    % 
UB: 131.75
branching on CartesianIndex(8, 2) with a.
262    182    22         106.5500   131.7500   23.6509    % 
UB: 131.75
branching on 1 with b.
263    183    21         106.5500   131.7500   23.6509    % 
LB close or above UB, fathomed
264    182    20         106.5500   131.7500   23.6509    % 
UB: 131.75
branching on CartesianIndex(6, 2) with a.
265    183    14         106.5500   131.7500   23.6509    % 
UB: 131.75
branching on 1 with b.
266    184    14         106.5500   131.7500   23.6509    % 
UB: 131.75
branching on 1 with b.
267    185    14         106.5500   131.7500   23.6509    % 
UB: 131.75
branching on CartesianIndex(2, 3) with a.
268    186    15         106.5500   131.7500   23.6509    % 
UB: 131.75
branching on CartesianIndex(3, 3) with a.
269    187    16         106.5500   131.7500   23.6509    % 
UB: 131.75
branching on 2 with b.
270    188    17         106.5500   131.7500   23.6509    % 
UB: 131.75
branching on 3 with b.
271    189    18         106.5500   131.7500   23.6509    % 
UB: 131.75
branching on 1 with b.
272    190    19         106.5500   131.7500   23.6509    % 
UB: 131.75
branching on CartesianIndex(4, 3) with a.
273    191    20         106.5500   131.7500   23.6509    % 
UB: 131.75
branching on 2 with b.
274    192    20         106.5500   131.7500   23.6509    % 
UB: 131.75
branching on CartesianIndex(1, 4) with c.
275    193    19         106.5500   131.7500   23.6509    % 
LB close or above UB, fathomed
276    192    18         106.5500   131.7500   23.6509    % 
LB close or above UB, fathomed
277    191    17         106.5500   131.7500   23.6509    % 
UB: 131.75
branching on CartesianIndex(4, 3) with a.
278    192    16         106.5500   131.7500   23.6509    % 
LB close or above UB, fathomed
279    191    15         106.5500   131.7500   23.6509    % 
LB close or above UB, fathomed
280    190    14         106.5500   131.7500   23.6509    % 
LB close or above UB, fathomed
281    189    12         106.5500   131.7500   23.6509    % 
LB close or above UB, fathomed
282    188    12         106.5500   131.7500   23.6509    % 
UB: 131.75
branching on 2 with b.
283    189    13         106.5500   131.7500   23.6509    % 
UB: 131.75
branching on CartesianIndex(1, 3) with a.
284    190    13         106.5500   131.7500   23.6509    % 
UB: 131.75
branching on 3 with b.
285    191    14         106.5500   131.7500   23.6509    % 
UB: 131.75
branching on CartesianIndex(3, 2) with a.
286    192    14         106.5500   131.7500   23.6509    % 
UB: 131.75
branching on CartesianIndex(3, 2) with a.
287    193    16         106.5500   131.7500   23.6509    % 
UB: 131.75
branching on 2 with b.
288    194    16         106.5500   131.7500   23.6509    % 
UB: 131.75
branching on CartesianIndex(1, 3) with a.
289    195    17         106.5500   131.7500   23.6509    % 
UB: 131.75
branching on CartesianIndex(2, 3) with a.
290    196    18         106.5500   131.7500   23.6509    % 
UB: 131.75
branching on CartesianIndex(3, 3) with a.
291    197    19         106.5500   131.7500   23.6509    % 
UB: 131.75
branching on CartesianIndex(4, 3) with a.
292    198    20         106.5500   131.7500   23.6509    % 
UB: 131.75
branching on CartesianIndex(5, 3) with a.
293    199    20         106.5500   131.7500   23.6509    % 
UB: 131.75
branching on CartesianIndex(1, 4) with c.
294    200    19         106.5500   131.7500   23.6509    % 
LB close or above UB, fathomed
295    199    18         106.5500   131.7500   23.6509    % 
LB close or above UB, fathomed
296    198    17         106.5500   131.7500   23.6509    % 
LB close or above UB, fathomed
297    197    15         106.5500   131.7500   23.6509    % 
UB: 131.75
branching on CartesianIndex(5, 3) with a.
298    198    15         106.5500   131.7500   23.6509    % 
UB: 131.75
branching on 2 with b.
299    199    19         106.5500   131.7500   23.6509    % 
UB: 131.75
branching on CartesianIndex(4, 3) with a.
300    200    20         106.5500   131.7500   23.6509    % 
UB: 131.75
branching on 2 with b.
301    201    20         106.5500   131.7500   23.6509    % 
UB: 131.75
branching on 2 with b.
302    202    19         106.5500   131.7500   23.6509    % 
LB close or above UB, fathomed
303    201    7          109.2820   131.7500   20.5597    % 
LB close or above UB, fathomed
304    200    7          109.2820   131.7500   20.5597    % 
UB: 131.75
branching on 1 with b.
305    201    8          109.2820   131.7500   20.5597    % 
UB: 131.75
branching on CartesianIndex(1, 2) with a.
306    202    9          109.2820   131.7500   20.5597    % 
UB: 131.75
branching on CartesianIndex(2, 2) with a.
307    203    10         109.2820   131.7500   20.5597    % 
UB: 131.75
branching on 2 with b.
308    204    11         109.2820   131.7500   20.5597    % 
UB: 131.75
branching on 3 with b.
309    205    12         109.2820   131.7500   20.5597    % 
UB: 131.75
branching on CartesianIndex(3, 2) with a.
310    206    13         109.2820   131.7500   20.5597    % 
UB: 131.75
branching on CartesianIndex(4, 2) with a.
311    207    14         109.2820   131.7500   20.5597    % 
UB: 131.75
branching on CartesianIndex(5, 2) with a.
312    208    14         109.2820   131.7500   20.5597    % 
UB: 131.75
branching on CartesianIndex(1, 3) with a.
313    209    13         109.2820   131.7500   20.5597    % 
LB close or above UB, fathomed
314    208    12         109.2820   131.7500   20.5597    % 
UB: 131.75
branching on 1 with b.
315    209    11         109.2820   131.7500   20.5597    % 
LB close or above UB, fathomed
316    208    10         109.2820   131.7500   20.5597    % 
LB close or above UB, fathomed
317    207    9          109.2820   131.7500   20.5597    % 
LB close or above UB, fathomed
318    206    8          109.2820   131.7500   20.5597    % 
LB close or above UB, fathomed
319    205    9          109.3286   131.7500   20.5083    % 
UB: 131.75
branching on 1 with b.
320    206    10         109.3286   131.7500   20.5083    % 
UB: 131.75
branching on CartesianIndex(2, 3) with a.
321    207    10         109.3286   131.7500   20.5083    % 
UB: 131.75
branching on 1 with b.
322    208    9          109.3286   131.7500   20.5083    % 
LB close or above UB, fathomed
323    207    15         109.3500   131.7500   20.4847    % 
UB: 131.75
branching on CartesianIndex(4, 2) with a.
324    208    15         109.3500   131.7500   20.4847    % 
UB: 131.75
branching on CartesianIndex(1, 3) with a.
325    209    16         109.3500   131.7500   20.4847    % 
UB: 131.75
branching on CartesianIndex(2, 3) with a.
326    210    17         109.3500   131.7500   20.4847    % 
UB: 131.75
branching on CartesianIndex(3, 3) with a.
327    211    17         109.3500   131.7500   20.4847    % 
UB: 131.75
branching on CartesianIndex(1, 4) with c.
328    212    16         109.3500   131.7500   20.4847    % 
LB close or above UB, fathomed
329    211    15         109.3500   131.7500   20.4847    % 
UB: 131.75
branching on 1 with b.
330    212    15         109.3500   131.7500   20.4847    % 
UB: 131.75
branching on CartesianIndex(1, 3) with a.
331    213    16         109.3500   131.7500   20.4847    % 
UB: 131.75
branching on CartesianIndex(2, 3) with a.
332    214    17         109.3500   131.7500   20.4847    % 
UB: 131.75
branching on CartesianIndex(3, 3) with a.
333    215    18         109.3500   131.7500   20.4847    % 
UB: 131.75
branching on CartesianIndex(4, 3) with a.
334    216    19         109.3500   131.7500   20.4847    % 
UB: 131.75
branching on CartesianIndex(5, 3) with a.
335    217    20         109.3500   131.7500   20.4847    % 
UB: 131.75
branching on CartesianIndex(6, 3) with a.
336    218    21         109.3500   131.7500   20.4847    % 
UB: 131.75
branching on CartesianIndex(7, 3) with a.
337    219    22         109.3500   131.7500   20.4847    % 
UB: 131.75
branching on CartesianIndex(8, 3) with a.
338    220    23         109.3500   131.7500   20.4847    % 
LB close or above UB, fathomed
339    219    23         109.3500   131.7500   20.4847    % 
UB: 131.75
branching on CartesianIndex(1, 4) with c.
340    220    24         109.3500   131.7500   20.4847    % 
UB: 131.75
branching on CartesianIndex(2, 4) with c.
341    221    25         109.3500   131.7500   20.4847    % 
UB: 131.75
branching on CartesianIndex(3, 4) with c.
342    222    25         109.3500   131.7500   20.4847    % 
UB: 131.75
branching on CartesianIndex(1, 5) with c.
343    223    24         109.3500   131.7500   20.4847    % 
UB: 131.75
branching on CartesianIndex(1, 5) with c.
344    224    22         109.3500   131.7500   20.4847    % 
UB: 131.75
branching on CartesianIndex(1, 4) with c.
345    225    21         109.3500   131.7500   20.4847    % 
UB: 131.75
branching on CartesianIndex(1, 4) with c.
346    226    20         109.3500   131.7500   20.4847    % 
LB close or above UB, fathomed
347    225    19         109.3500   131.7500   20.4847    % 
UB: 131.75
branching on CartesianIndex(1, 4) with c.
348    226    18         109.3500   131.7500   20.4847    % 
UB: 131.75
branching on CartesianIndex(1, 4) with c.
349    227    17         109.3500   131.7500   20.4847    % 
LB close or above UB, fathomed
350    226    16         109.3500   131.7500   20.4847    % 
LB close or above UB, fathomed
351    225    29         109.3500   131.7500   20.4847    % 
UB: 131.75
branching on CartesianIndex(2, 5) with c.
352    226    30         109.3500   131.7500   20.4847    % 
UB: 131.75
branching on CartesianIndex(3, 5) with c.
353    227    31         109.3500   131.7500   20.4847    % 
UB: 131.75
branching on CartesianIndex(4, 5) with c.
354    228    32         109.3500   131.7500   20.4847    % 
UB: 131.75
branching on CartesianIndex(5, 5) with c.
355    229    32         109.3500   131.7500   20.4847    % 
LB close or above UB, fathomed
356    228    31         109.3500   131.7500   20.4847    % 
LB close or above UB, fathomed
357    227    30         109.3500   131.7500   20.4847    % 
LB close or above UB, fathomed
358    226    29         109.3500   131.7500   20.4847    % 
LB close or above UB, fathomed
359    225    25         109.3500   131.7500   20.4847    % 
UB: 131.75
branching on CartesianIndex(3, 3) with a.
360    226    26         109.3500   131.7500   20.4847    % 
UB: 131.75
branching on CartesianIndex(4, 3) with a.
361    227    27         109.3500   131.7500   20.4847    % 
UB: 131.75
branching on CartesianIndex(5, 3) with a.
362    228    27         109.3500   131.7500   20.4847    % 
UB: 131.75
branching on CartesianIndex(1, 4) with c.
363    229    26         109.3500   131.7500   20.4847    % 
LB close or above UB, fathomed
364    228    25         109.3500   131.7500   20.4847    % 
LB close or above UB, fathomed
365    227    23         109.3500   131.7500   20.4847    % 
UB: 131.75
branching on CartesianIndex(3, 3) with a.
366    228    24         109.3500   131.7500   20.4847    % 
UB: 131.75
branching on CartesianIndex(4, 3) with a.
367    229    25         109.3500   131.7500   20.4847    % 
UB: 131.75
branching on CartesianIndex(5, 3) with a.
368    230    25         109.3500   131.7500   20.4847    % 
UB: 131.75
branching on 1 with b.
369    231    24         109.3500   131.7500   20.4847    % 
LB close or above UB, fathomed
370    230    23         109.3500   131.7500   20.4847    % 
LB close or above UB, fathomed
371    229    22         109.3500   131.7500   20.4847    % 
UB: 131.75
branching on CartesianIndex(2, 3) with a.
372    230    23         109.3500   131.7500   20.4847    % 
UB: 131.75
branching on CartesianIndex(3, 3) with a.
373    231    24         109.3500   131.7500   20.4847    % 
UB: 131.75
branching on 1 with b.
374    232    25         109.3500   131.7500   20.4847    % 
UB: 131.75
branching on 2 with b.
375    233    26         109.3500   131.7500   20.4847    % 
UB: 131.75
branching on CartesianIndex(4, 3) with a.
376    234    27         109.3500   131.7500   20.4847    % 
UB: 131.75
branching on 3 with b.
377    235    27         109.3500   131.7500   20.4847    % 
UB: 131.75
branching on CartesianIndex(1, 4) with c.
378    236    26         109.3500   131.7500   20.4847    % 
UB: 131.75
branching on CartesianIndex(4, 3) with a.
379    237    27         109.3500   131.7500   20.4847    % 
UB: 131.75
branching on CartesianIndex(5, 3) with a.
380    238    27         109.3500   131.7500   20.4847    % 
UB: 131.75
branching on CartesianIndex(1, 4) with c.
381    239    25         109.3500   131.7500   20.4847    % 
UB: 131.75
branching on CartesianIndex(4, 3) with a.
382    240    26         109.3500   131.7500   20.4847    % 
UB: 131.75
branching on CartesianIndex(5, 3) with a.
383    241    26         109.3500   131.7500   20.4847    % 
UB: 131.75
branching on CartesianIndex(1, 4) with c.
384    242    24         109.3500   131.7500   20.4847    % 
LB close or above UB, fathomed
385    241    23         109.3500   131.7500   20.4847    % 
LB close or above UB, fathomed
386    240    22         109.3500   131.7500   20.4847    % 
LB close or above UB, fathomed
387    239    15         109.3500   131.7500   20.4847    % 
UB: 131.75
branching on CartesianIndex(2, 3) with a.
388    240    16         109.3500   131.7500   20.4847    % 
UB: 131.75
branching on CartesianIndex(3, 3) with a.
389    241    17         109.3500   131.7500   20.4847    % 
UB: 131.75
branching on CartesianIndex(4, 3) with a.
390    242    18         109.3500   131.7500   20.4847    % 
UB: 131.75
branching on CartesianIndex(5, 3) with a.
391    243    18         109.3500   131.7500   20.4847    % 
UB: 131.75
branching on CartesianIndex(1, 4) with c.
392    244    17         109.3500   131.7500   20.4847    % 
LB close or above UB, fathomed
393    243    16         109.3500   131.7500   20.4847    % 
LB close or above UB, fathomed
394    242    15         109.3500   131.7500   20.4847    % 
LB close or above UB, fathomed
395    241    16         109.3500   131.7500   20.4847    % 
UB: 131.75
branching on 3 with b.
396    242    17         109.3500   131.7500   20.4847    % 
UB: 131.75
branching on CartesianIndex(2, 3) with a.
397    243    18         109.3500   131.7500   20.4847    % 
UB: 131.75
branching on CartesianIndex(3, 3) with a.
398    244    19         109.3500   131.7500   20.4847    % 
UB: 131.75
branching on CartesianIndex(4, 3) with a.
399    245    20         109.3500   131.7500   20.4847    % 
UB: 131.75
branching on CartesianIndex(5, 3) with a.
400    246    20         109.3500   131.7500   20.4847    % 
UB: 131.75
branching on CartesianIndex(1, 4) with c.
401    247    19         109.3500   131.7500   20.4847    % 
LB close or above UB, fathomed
402    246    18         109.3500   131.7500   20.4847    % 
LB close or above UB, fathomed
403    245    17         109.3500   131.7500   20.4847    % 
LB close or above UB, fathomed
404    244    16         109.3500   131.7500   20.4847    % 
LB close or above UB, fathomed
405    243    16         109.3500   131.7500   20.4847    % 
UB: 131.75
branching on CartesianIndex(7, 2) with a.
406    244    17         109.3500   131.7500   20.4847    % 
UB: 131.75
branching on 3 with b.
407    245    17         109.3500   131.7500   20.4847    % 
UB: 131.75
branching on 3 with b.
408    246    18         109.3500   131.7500   20.4847    % 
UB: 131.75
branching on CartesianIndex(1, 3) with a.
409    247    19         109.3500   131.7500   20.4847    % 
UB: 131.75
branching on CartesianIndex(2, 3) with a.
410    248    20         109.3500   131.7500   20.4847    % 
UB: 131.75
branching on 1 with b.
411    249    21         109.3500   131.7500   20.4847    % 
UB: 131.75
branching on CartesianIndex(3, 3) with a.
412    250    21         109.3500   131.7500   20.4847    % 
UB: 131.75
branching on CartesianIndex(3, 3) with a.
413    251    20         109.3500   131.7500   20.4847    % 
LB close or above UB, fathomed
414    250    19         109.3500   131.7500   20.4847    % 
LB close or above UB, fathomed
415    249    18         109.3500   131.7500   20.4847    % 
LB close or above UB, fathomed
416    248    16         109.3500   131.7500   20.4847    % 
LB close or above UB, fathomed
417    247    19         109.3500   131.7500   20.4847    % 
UB: 131.75
branching on CartesianIndex(4, 3) with a.
418    248    20         109.3500   131.7500   20.4847    % 
UB: 131.75
branching on CartesianIndex(5, 3) with a.
419    249    20         109.3500   131.7500   20.4847    % 
UB: 131.75
branching on CartesianIndex(1, 4) with c.
420    250    19         109.3500   131.7500   20.4847    % 
LB close or above UB, fathomed
421    249    16         109.3500   131.7500   20.4847    % 
UB: 131.75
branching on 1 with b.
422    250    17         109.3500   131.7500   20.4847    % 
UB: 131.75
branching on 2 with b.
423    251    17         109.3500   131.7500   20.4847    % 
UB: 131.75
branching on CartesianIndex(6, 2) with a.
424    252    18         109.3500   131.7500   20.4847    % 
UB: 131.75
branching on CartesianIndex(7, 2) with a.
425    253    18         109.3500   131.7500   20.4847    % 
LB close or above UB, fathomed
426    252    16         109.3500   131.7500   20.4847    % 
UB: 131.75
branching on CartesianIndex(6, 2) with a.
427    253    12         109.3500   131.7500   20.4847    % 
UB: 131.75
branching on 2 with b.
428    254    13         109.3500   131.7500   20.4847    % 
UB: 131.75
branching on 3 with b.
429    255    14         109.3500   131.7500   20.4847    % 
UB: 131.75
branching on CartesianIndex(1, 2) with a.
430    256    14         109.3500   131.7500   20.4847    % 
UB: 131.75
branching on CartesianIndex(1, 2) with a.
431    257    13         109.3500   131.7500   20.4847    % 
UB: 131.75
branching on CartesianIndex(1, 2) with a.
432    258    14         109.3500   131.7500   20.4847    % 
UB: 131.75
branching on 3 with b.
433    259    15         109.3500   131.7500   20.4847    % 
UB: 131.75
branching on 1 with b.
434    260    15         109.3500   131.7500   20.4847    % 
UB: 131.75
branching on CartesianIndex(2, 2) with a.
435    261    14         109.3500   131.7500   20.4847    % 
UB: 131.75
branching on CartesianIndex(1, 3) with a.
436    262    12         109.3500   131.7500   20.4847    % 
LB close or above UB, fathomed
437    261    12         109.3500   131.7500   20.4847    % 
UB: 131.75
branching on 1 with b.
438    262    12         109.3500   131.7500   20.4847    % 
UB: 131.75
branching on 1 with b.
439    263    20         109.3500   131.7500   20.4847    % 
UB: 131.75
branching on 1 with b.
440    264    20         109.3500   131.7500   20.4847    % 
UB: 131.75
branching on 1 with b.
441    265    17         109.3500   131.7500   20.4847    % 
UB: 131.75
branching on 3 with b.
442    266    18         109.3500   131.7500   20.4847    % 
UB: 131.75
branching on CartesianIndex(2, 4) with c.
443    267    19         109.3500   131.7500   20.4847    % 
UB: 131.75
branching on CartesianIndex(3, 4) with c.
444    268    19         109.3500   131.7500   20.4847    % 
UB: 131.75
branching on CartesianIndex(1, 5) with c.
445    269    18         109.3500   131.7500   20.4847    % 
LB close or above UB, fathomed
446    268    17         109.3500   131.7500   20.4847    % 
LB close or above UB, fathomed
447    267    17         109.3500   131.7500   20.4847    % 
UB: 131.75
branching on 3 with b.
448    268    18         109.3500   131.7500   20.4847    % 
UB: 131.75
branching on CartesianIndex(6, 3) with a.
449    269    19         109.3500   131.7500   20.4847    % 
UB: 131.75
branching on CartesianIndex(7, 3) with a.
450    270    19         109.3500   131.7500   20.4847    % 
UB: 131.75
branching on CartesianIndex(1, 4) with c.
451    271    18         109.3500   131.7500   20.4847    % 
LB close or above UB, fathomed
452    270    17         109.3500   131.7500   20.4847    % 
LB close or above UB, fathomed
453    269    20         109.3500   131.7500   20.4847    % 
UB: 131.75
branching on CartesianIndex(8, 2) with a.
454    270    20         109.3500   131.7500   20.4847    % 
UB: 131.75
branching on CartesianIndex(1, 3) with a.
455    271    18         109.3500   131.7500   20.4847    % 
UB: 131.75
branching on 1 with b.
456    272    19         109.3500   131.7500   20.4847    % 
UB: 131.75
branching on CartesianIndex(2, 3) with a.
457    273    19         109.3500   131.7500   20.4847    % 
UB: 131.75
branching on 2 with b.
458    274    20         109.3500   131.7500   20.4847    % 
UB: 131.75
branching on CartesianIndex(2, 3) with a.
459    275    21         109.3500   131.7500   20.4847    % 
UB: 131.75
branching on CartesianIndex(3, 3) with a.
460    276    22         109.3500   131.7500   20.4847    % 
UB: 131.75
branching on CartesianIndex(4, 3) with a.
461    277    23         109.3500   131.7500   20.4847    % 
UB: 131.75
branching on CartesianIndex(5, 3) with a.
462    278    23         109.3500   131.7500   20.4847    % 
UB: 131.75
branching on CartesianIndex(1, 4) with c.
463    279    22         109.3500   131.7500   20.4847    % 
LB close or above UB, fathomed
464    278    21         109.3500   131.7500   20.4847    % 
LB close or above UB, fathomed
465    277    20         109.3500   131.7500   20.4847    % 
LB close or above UB, fathomed
466    276    18         109.3500   131.7500   20.4847    % 
LB close or above UB, fathomed
467    275    22         109.3500   131.7500   20.4847    % 
UB: 131.75
branching on 2 with b.
468    276    23         109.3500   131.7500   20.4847    % 
UB: 131.75
branching on CartesianIndex(4, 3) with a.
469    277    24         109.3500   131.7500   20.4847    % 
UB: 131.75
branching on CartesianIndex(5, 3) with a.
470    278    24         109.3500   131.7500   20.4847    % 
UB: 131.75
branching on CartesianIndex(1, 4) with c.
471    279    23         109.3500   131.7500   20.4847    % 
UB: 131.75
branching on 3 with b.
472    280    22         109.3500   131.7500   20.4847    % 
LB close or above UB, fathomed
473    279    13         109.3500   131.7500   20.4847    % 
UB: 131.75
branching on CartesianIndex(3, 2) with a.
474    280    13         109.3500   131.7500   20.4847    % 
UB: 131.75
branching on 2 with b.
475    281    14         109.3500   131.7500   20.4847    % 
UB: 131.75
branching on CartesianIndex(2, 3) with a.
476    282    15         109.3500   131.7500   20.4847    % 
UB: 131.75
branching on CartesianIndex(3, 3) with a.
477    283    16         109.3500   131.7500   20.4847    % 
UB: 131.75
branching on CartesianIndex(4, 3) with a.
478    284    16         109.3500   131.7500   20.4847    % 
UB: 131.75
branching on 3 with b.
479    285    15         109.3500   131.7500   20.4847    % 
UB: 131.75
branching on CartesianIndex(1, 4) with c.
480    286    14         109.3500   131.7500   20.4847    % 
LB close or above UB, fathomed
481    285    18         109.3500   131.7500   20.4847    % 
UB: 131.75
branching on 3 with b.
482    286    18         109.3500   131.7500   20.4847    % 
UB: 131.75
branching on CartesianIndex(1, 4) with c.
483    287    20         109.3500   131.7500   20.4847    % 
UB: 131.75
branching on CartesianIndex(7, 2) with a.
484    288    20         109.3500   131.7500   20.4847    % 
UB: 131.75
branching on CartesianIndex(1, 3) with a.
485    289    21         109.3500   131.7500   20.4847    % 
LB close or above UB, fathomed
486    288    21         109.3500   131.7500   20.4847    % 
UB: 131.75
branching on CartesianIndex(1, 4) with c.
487    289    22         109.3500   131.7500   20.4847    % 
UB: 131.75
branching on CartesianIndex(2, 4) with c.
488    290    23         109.3500   131.7500   20.4847    % 
LB close or above UB, fathomed
489    289    23         109.3500   131.7500   20.4847    % 
UB: 131.75
branching on 3 with b.
490    290    22         109.3500   131.7500   20.4847    % 
LB close or above UB, fathomed
491    289    21         109.3500   131.7500   20.4847    % 
UB: 131.75
branching on CartesianIndex(6, 3) with a.
492    290    22         109.3500   131.7500   20.4847    % 
UB: 131.75
branching on CartesianIndex(7, 3) with a.
493    291    22         109.3500   131.7500   20.4847    % 
UB: 131.75
branching on CartesianIndex(1, 4) with c.
494    292    21         109.3500   131.7500   20.4847    % 
LB close or above UB, fathomed
495    291    16         112.1500   131.7500   17.4766    % 
UB: 131.75
branching on CartesianIndex(2, 2) with a.
496    292    17         112.1500   131.7500   17.4766    % 
UB: 131.75
branching on CartesianIndex(3, 2) with a.
497    293    18         112.1500   131.7500   17.4766    % 
UB: 131.75
branching on 2 with b.
498    294    19         112.1500   131.7500   17.4766    % 
UB: 131.75
branching on 3 with b.
499    295    20         112.1500   131.7500   17.4766    % 
LB close or above UB, fathomed
500    294    20         112.1500   131.7500   17.4766    % 
UB: 131.75
branching on CartesianIndex(4, 2) with a.
501    295    19         112.1500   131.7500   17.4766    % 
UB: 131.75
branching on CartesianIndex(4, 2) with a.
502    296    18         112.1500   131.7500   17.4766    % 
UB: 131.75
branching on CartesianIndex(1, 3) with a.
503    297    17         112.1500   131.7500   17.4766    % 
UB: 131.75
branching on CartesianIndex(1, 3) with a.
504    298    16         112.1500   131.7500   17.4766    % 
LB close or above UB, fathomed
505    297    15         112.1500   131.7500   17.4766    % 
UB: 131.75
branching on CartesianIndex(2, 2) with a.
506    298    16         112.1500   131.7500   17.4766    % 
UB: 131.75
branching on CartesianIndex(3, 2) with a.
507    299    17         112.1500   131.7500   17.4766    % 
UB: 131.75
branching on 1 with b.
508    300    18         112.1500   131.7500   17.4766    % 
UB: 131.75
branching on CartesianIndex(4, 2) with a.
509    301    19         112.1500   131.7500   17.4766    % 
UB: 131.75
branching on CartesianIndex(5, 2) with a.
510    302    20         112.1500   131.7500   17.4766    % 
UB: 131.75
branching on CartesianIndex(6, 2) with a.
511    303    21         112.1500   131.7500   17.4766    % 
UB: 131.75
branching on CartesianIndex(7, 2) with a.
512    304    22         112.1500   131.7500   17.4766    % 
UB: 131.75
branching on 2 with b.
513    305    23         112.1500   131.7500   17.4766    % 
UB: 131.75
branching on CartesianIndex(8, 2) with a.
514    306    24         112.1500   131.7500   17.4766    % 
UB: 131.75
branching on CartesianIndex(1, 3) with a.
515    307    24         112.1500   131.7500   17.4766    % 
UB: 131.75
branching on CartesianIndex(1, 3) with a.
516    308    25         112.1500   131.7500   17.4766    % 
UB: 131.75
branching on CartesianIndex(2, 3) with a.
517    309    26         112.1500   131.7500   17.4766    % 
UB: 131.75
branching on CartesianIndex(3, 3) with a.
518    310    27         112.1500   131.7500   17.4766    % 
UB: 131.75
branching on CartesianIndex(4, 3) with a.
519    311    28         112.1500   131.7500   17.4766    % 
UB: 131.75
branching on 3 with b.
520    312    28         112.1500   131.7500   17.4766    % 
UB: 131.75
branching on CartesianIndex(1, 4) with c.
521    313    27         112.1500   131.7500   17.4766    % 
LB close or above UB, fathomed
522    312    26         112.1500   131.7500   17.4766    % 
LB close or above UB, fathomed
523    311    25         112.1500   131.7500   17.4766    % 
LB close or above UB, fathomed
524    310    23         112.1500   131.7500   17.4766    % 
UB: 131.75
branching on CartesianIndex(8, 2) with a.
525    311    22         112.1500   131.7500   17.4766    % 
UB: 131.75
branching on CartesianIndex(1, 3) with a.
526    312    21         112.1500   131.7500   17.4766    % 
UB: 131.75
branching on 2 with b.
527    313    20         112.1500   131.7500   17.4766    % 
UB: 131.75
branching on CartesianIndex(1, 3) with a.
528    314    19         112.1500   131.7500   17.4766    % 
UB: 131.75
branching on CartesianIndex(1, 3) with a.
529    315    20         112.1500   131.7500   17.4766    % 
UB: 131.75
branching on 2 with b.
530    316    21         112.1500   131.7500   17.4766    % 
UB: 131.75
branching on 3 with b.
531    317    21         112.1500   131.7500   17.4766    % 
UB: 131.75
branching on CartesianIndex(2, 3) with a.
532    318    22         112.1500   131.7500   17.4766    % 
UB: 131.75
branching on 3 with b.
533    319    23         112.1500   131.7500   17.4766    % 
UB: 131.75
branching on CartesianIndex(3, 3) with a.
534    320    23         112.1500   131.7500   17.4766    % 
UB: 131.75
branching on CartesianIndex(3, 3) with a.
535    321    22         112.1500   131.7500   17.4766    % 
LB close or above UB, fathomed
536    320    20         112.1500   131.7500   17.4766    % 
LB close or above UB, fathomed
537    319    18         112.1500   131.7500   17.4766    % 
LB close or above UB, fathomed
538    318    17         112.1500   131.7500   17.4766    % 
UB: 131.75
branching on CartesianIndex(1, 3) with a.
539    319    18         112.1500   131.7500   17.4766    % 
UB: 131.75
branching on CartesianIndex(2, 3) with a.
540    320    19         112.1500   131.7500   17.4766    % 
UB: 131.75
branching on CartesianIndex(3, 3) with a.
541    321    20         112.1500   131.7500   17.4766    % 
UB: 131.75
branching on CartesianIndex(4, 3) with a.
542    322    21         112.1500   131.7500   17.4766    % 
UB: 131.75
branching on CartesianIndex(5, 3) with a.
543    323    21         112.1500   131.7500   17.4766    % 
UB: 131.75
branching on CartesianIndex(1, 4) with c.
544    324    20         112.1500   131.7500   17.4766    % 
LB close or above UB, fathomed
545    323    19         112.1500   131.7500   17.4766    % 
LB close or above UB, fathomed
546    322    18         112.1500   131.7500   17.4766    % 
LB close or above UB, fathomed
547    321    16         112.1500   131.7500   17.4766    % 
UB: 131.75
branching on CartesianIndex(1, 3) with a.
548    322    15         112.1500   131.7500   17.4766    % 
UB: 131.75
branching on CartesianIndex(1, 3) with a.
549    323    19         112.1500   131.7500   17.4766    % 
UB: 131.75
branching on CartesianIndex(8, 2) with a.
550    324    19         112.1500   131.7500   17.4766    % 
UB: 131.75
branching on CartesianIndex(1, 3) with a.
551    325    18         112.1500   131.7500   17.4766    % 
UB: 131.75
branching on 3 with b.
552    326    19         112.1500   131.7500   17.4766    % 
UB: 131.75
branching on CartesianIndex(6, 2) with a.
553    326    19         112.1500   131.7500   17.4766    % 
UB: 131.75
branching on CartesianIndex(6, 2) with a.
554    326    18         112.1500   131.7500   17.4766    % 
UB: 131.75
branching on CartesianIndex(6, 2) with a.
555    327    33         112.1500   131.7500   17.4766    % 
UB: 131.75
branching on CartesianIndex(1, 6) with c.
556    328    34         112.1500   131.7500   17.4766    % 
LB close or above UB, fathomed
557    327    34         112.1500   131.7500   17.4766    % 
UB: 131.75
branching on CartesianIndex(1, 7) with c.
558    328    35         112.1500   131.7500   17.4766    % 
UB: 131.75
branching on CartesianIndex(2, 7) with c.
559    329    36         112.1500   131.7500   17.4766    % 
LB close or above UB, fathomed
560    328    36         112.1500   131.7500   17.4766    % 
UB: 131.75
branching on 1 with b.
561    329    37         112.1500   131.7500   17.4766    % 
UB: 131.75
branching on 2 with b.
562    330    37         112.1500   131.7500   17.4766    % 
UB: 131.75
branching on 2 with b.
563    331    35         112.1500   131.7500   17.4766    % 
LB close or above UB, fathomed
564    330    33         112.1500   131.7500   17.4766    % 
LB close or above UB, fathomed
565    329    26         112.1500   131.7500   17.4766    % 
LB close or above UB, fathomed
566    328    26         112.1500   131.7500   17.4766    % 
UB: 131.75
branching on 1 with b.
567    329    27         112.1500   131.7500   17.4766    % 
UB: 131.75
branching on CartesianIndex(1, 6) with c.
568    330    28         112.1500   131.7500   17.4766    % 
UB: 131.75
branching on 2 with b.
569    331    29         112.1500   131.7500   17.4766    % 
UB: 131.75
branching on 3 with b.
570    332    30         112.1500   131.7500   17.4766    % 
UB: 131.75
branching on 1 with b.
571    333    31         112.1500   131.7500   17.4766    % 
LB close or above UB, fathomed
572    332    31         112.1500   131.7500   17.4766    % 
UB: 131.75
branching on CartesianIndex(2, 6) with c.
573    333    30         112.1500   131.7500   17.4766    % 
LB close or above UB, fathomed
574    332    29         112.1500   131.7500   17.4766    % 
UB: 131.75
branching on 3 with b.
575    333    28         112.1500   131.7500   17.4766    % 
LB close or above UB, fathomed
576    332    27         112.1500   131.7500   17.4766    % 
UB: 131.75
branching on 2 with b.
577    333    16         112.1500   131.7500   17.4766    % 
UB: 131.75
branching on CartesianIndex(4, 2) with a.
578    334    17         112.1500   131.7500   17.4766    % 
UB: 131.75
branching on 2 with b.
579    335    18         112.1500   131.7500   17.4766    % 
UB: 131.75
branching on CartesianIndex(5, 2) with a.
580    336    19         112.1500   131.7500   17.4766    % 
UB: 131.75
branching on 3 with b.
581    337    19         112.1500   131.7500   17.4766    % 
UB: 131.75
branching on CartesianIndex(1, 3) with a.
582    338    18         112.1500   131.7500   17.4766    % 
UB: 131.75
branching on CartesianIndex(5, 2) with a.
583    339    17         112.1500   131.7500   17.4766    % 
LB close or above UB, fathomed
584    338    16         112.1500   131.7500   17.4766    % 
UB: 131.75
branching on CartesianIndex(4, 2) with a.
585    339    18         112.1500   131.7500   17.4766    % 
UB: 131.75
branching on CartesianIndex(4, 3) with a.
586    340    18         112.1500   131.7500   17.4766    % 
UB: 131.75
branching on CartesianIndex(1, 4) with c.
587    341    17         112.1500   131.7500   17.4766    % 
UB: 131.75
branching on CartesianIndex(5, 2) with a.
588    342    18         112.1500   131.7500   17.4766    % 
UB: 131.75
branching on CartesianIndex(6, 2) with a.
589    343    19         112.1500   131.7500   17.4766    % 
UB: 131.75
branching on CartesianIndex(7, 2) with a.
590    344    20         112.1500   131.7500   17.4766    % 
UB: 131.75
branching on CartesianIndex(8, 2) with a.
591    345    21         112.1500   131.7500   17.4766    % 
UB: 131.75
branching on 3 with b.
592    346    21         112.1500   131.7500   17.4766    % 
UB: 131.75
branching on 3 with b.
593    347    22         112.1500   131.7500   17.4766    % 
UB: 131.75
branching on CartesianIndex(1, 3) with a.
594    348    22         112.1500   131.7500   17.4766    % 
UB: 131.75
branching on CartesianIndex(1, 3) with a.
595    349    20         112.1500   131.7500   17.4766    % 
LB close or above UB, fathomed
596    348    19         112.1500   131.7500   17.4766    % 
UB: 131.75
branching on CartesianIndex(1, 3) with a.
597    349    18         112.1500   131.7500   17.4766    % 
LB close or above UB, fathomed
598    348    17         112.1500   131.7500   17.4766    % 
UB: 131.75
branching on CartesianIndex(5, 2) with a.
599    349    18         112.1500   131.7500   17.4766    % 
UB: 131.75
branching on CartesianIndex(6, 2) with a.
600    350    19         112.1500   131.7500   17.4766    % 
UB: 131.75
branching on CartesianIndex(7, 2) with a.
601    351    20         112.1500   131.7500   17.4766    % 
UB: 131.75
branching on 3 with b.
602    352    20         112.1500   131.7500   17.4766    % 
UB: 131.75
branching on CartesianIndex(1, 3) with a.
603    353    21         112.1500   131.7500   17.4766    % 
UB: 131.75
branching on 3 with b.
604    354    22         112.1500   131.7500   17.4766    % 
UB: 131.75
branching on CartesianIndex(2, 3) with a.
605    355    22         112.1500   131.7500   17.4766    % 
UB: 131.75
branching on CartesianIndex(2, 3) with a.
606    356    21         112.1500   131.7500   17.4766    % 
LB close or above UB, fathomed
607    355    19         112.1500   131.7500   17.4766    % 
LB close or above UB, fathomed
608    354    18         112.1500   131.7500   17.4766    % 
UB: 131.75
branching on CartesianIndex(1, 3) with a.
609    355    12         112.1500   131.7500   17.4766    % 
UB: 131.75
branching on CartesianIndex(3, 2) with a.
610    356    13         112.1500   131.7500   17.4766    % 
UB: 131.75
branching on 3 with b.
611    357    14         112.1500   131.7500   17.4766    % 
UB: 131.75
branching on CartesianIndex(4, 2) with a.
612    358    14         112.1500   131.7500   17.4766    % 
LB close or above UB, fathomed
613    357    13         112.1500   131.7500   17.4766    % 
UB: 131.75
branching on CartesianIndex(1, 3) with a.
614    358    12         112.1500   131.7500   17.4766    % 
UB: 131.75
branching on CartesianIndex(3, 2) with a.
615    359    13         112.1500   131.7500   17.4766    % 
UB: 131.75
branching on 3 with b.
616    360    14         112.1500   131.7500   17.4766    % 
UB: 131.75
branching on CartesianIndex(4, 2) with a.
617    361    15         112.1500   131.7500   17.4766    % 
UB: 131.75
branching on 1 with b.
618    362    16         112.1500   131.7500   17.4766    % 
UB: 131.75
branching on CartesianIndex(5, 2) with a.
619    363    16         112.1500   131.7500   17.4766    % 
UB: 131.75
branching on 2 with b.
620    364    17         112.1500   131.7500   17.4766    % 
UB: 131.75
branching on CartesianIndex(5, 2) with a.
621    365    18         112.1500   131.7500   17.4766    % 
UB: 131.75
branching on CartesianIndex(6, 2) with a.
622    365    19         112.1500   131.7500   17.4766    % 
UB: 131.75
branching on CartesianIndex(7, 2) with a.
623    366    18         112.1500   131.7500   17.4766    % 
UB: 131.75
branching on CartesianIndex(1, 3) with a.
624    367    17         112.1500   131.7500   17.4766    % 
UB: 131.75
branching on CartesianIndex(5, 2) with a.
625    368    15         112.1500   131.7500   17.4766    % 
UB: 131.75
branching on CartesianIndex(1, 3) with a.
626    369    16         112.1500   131.7500   17.4766    % 
UB: 131.75
branching on 1 with b.
627    370    17         112.1500   131.7500   17.4766    % 
UB: 131.75
branching on CartesianIndex(2, 3) with a.
628    371    18         112.1500   131.7500   17.4766    % 
UB: 131.75
branching on CartesianIndex(3, 3) with a.
629    372    19         112.1500   131.7500   17.4766    % 
UB: 131.75
branching on 2 with b.
630    373    20         112.1500   131.7500   17.4766    % 
UB: 131.75
branching on CartesianIndex(4, 3) with a.
631    374    20         112.1500   131.7500   17.4766    % 
LB close or above UB, fathomed
632    373    19         112.1500   131.7500   17.4766    % 
LB close or above UB, fathomed
633    372    18         112.1500   131.7500   17.4766    % 
LB close or above UB, fathomed
634    371    17         112.1500   131.7500   17.4766    % 
UB: 131.75
branching on 2 with b.
635    372    18         112.1500   131.7500   17.4766    % 
UB: 131.75
branching on CartesianIndex(2, 3) with a.
636    373    18         112.1500   131.7500   17.4766    % 
LB close or above UB, fathomed
637    372    16         112.1500   131.7500   17.4766    % 
LB close or above UB, fathomed
638    371    14         112.1500   131.7500   17.4766    % 
LB close or above UB, fathomed
639    370    13         112.1500   131.7500   17.4766    % 
LB close or above UB, fathomed
640    369    21         112.1500   131.7500   17.4766    % 
UB: 131.75
branching on CartesianIndex(1, 3) with a.
641    370    21         112.1500   131.7500   17.4766    % 
UB: 131.75
branching on CartesianIndex(1, 3) with a.
642    371    15         112.1500   131.7500   17.4766    % 
UB: 131.75
branching on 1 with b.
643    372    16         112.1500   131.7500   17.4766    % 
UB: 131.75
branching on 2 with b.
644    373    17         112.1500   131.7500   17.4766    % 
UB: 131.75
branching on CartesianIndex(5, 2) with a.
645    374    18         112.1500   131.7500   17.4766    % 
UB: 131.75
branching on 3 with b.
646    375    19         112.1500   131.7500   17.4766    % 
LB close or above UB, fathomed
647    374    19         112.1500   131.7500   17.4766    % 
UB: 131.75
branching on CartesianIndex(6, 2) with a.
648    375    18         112.1500   131.7500   17.4766    % 
LB close or above UB, fathomed
649    374    17         112.1500   131.7500   17.4766    % 
UB: 131.75
branching on 3 with b.
650    375    18         112.1500   131.7500   17.4766    % 
LB close or above UB, fathomed
651    374    18         112.1500   131.7500   17.4766    % 
UB: 131.75
branching on CartesianIndex(5, 2) with a.
652    375    16         112.1500   131.7500   17.4766    % 
UB: 131.75
branching on CartesianIndex(5, 2) with a.
653    376    17         112.1500   131.7500   17.4766    % 
UB: 131.75
branching on CartesianIndex(6, 2) with a.
654    377    18         112.1500   131.7500   17.4766    % 
UB: 131.75
branching on CartesianIndex(7, 2) with a.
655    378    19         112.1500   131.7500   17.4766    % 
UB: 131.75
branching on CartesianIndex(8, 2) with a.
656    379    20         112.1500   131.7500   17.4766    % 
UB: 131.75
branching on 2 with b.
657    380    20         112.1500   131.7500   17.4766    % 
UB: 131.75
branching on CartesianIndex(1, 3) with a.
658    381    21         112.1500   131.7500   17.4766    % 
UB: 131.75
branching on 2 with b.
659    382    22         112.1500   131.7500   17.4766    % 
UB: 131.75
branching on 3 with b.
660    383    23         112.1500   131.7500   17.4766    % 
LB close or above UB, fathomed
661    382    23         112.1500   131.7500   17.4766    % 
UB: 131.75
branching on CartesianIndex(2, 3) with a.
662    383    22         112.1500   131.7500   17.4766    % 
LB close or above UB, fathomed
663    382    21         112.1500   131.7500   17.4766    % 
LB close or above UB, fathomed
664    381    19         112.1500   131.7500   17.4766    % 
UB: 131.75
branching on CartesianIndex(1, 3) with a.
665    382    20         112.1500   131.7500   17.4766    % 
UB: 131.75
branching on CartesianIndex(2, 3) with a.
666    383    21         112.1500   131.7500   17.4766    % 
UB: 131.75
branching on CartesianIndex(3, 3) with a.
667    384    22         112.1500   131.7500   17.4766    % 
UB: 131.75
branching on CartesianIndex(4, 3) with a.
668    385    23         112.1500   131.7500   17.4766    % 
UB: 131.75
branching on CartesianIndex(5, 3) with a.
669    386    23         112.1500   131.7500   17.4766    % 
UB: 131.75
branching on 2 with b.
670    387    22         112.1500   131.7500   17.4766    % 
LB close or above UB, fathomed
671    386    21         112.1500   131.7500   17.4766    % 
LB close or above UB, fathomed
672    385    20         112.1500   131.7500   17.4766    % 
LB close or above UB, fathomed
673    384    18         112.1500   131.7500   17.4766    % 
UB: 131.75
branching on 2 with b.
674    385    17         112.1500   131.7500   17.4766    % 
UB: 131.75
branching on CartesianIndex(1, 3) with a.
675    386    15         112.1500   131.7500   17.4766    % 
UB: 131.75
branching on 1 with b.
676    387    24         112.1500   131.7500   17.4766    % 
LB close or above UB, fathomed
677    386    24         112.1500   131.7500   17.4766    % 
UB: 131.75
branching on CartesianIndex(1, 5) with c.
678    387    25         112.1500   131.7500   17.4766    % 
UB: 131.75
branching on 1 with b.
679    388    26         112.1500   131.7500   17.4766    % 
UB: 131.75
branching on CartesianIndex(2, 5) with c.
680    389    26         112.1500   131.7500   17.4766    % 
UB: 131.75
branching on CartesianIndex(2, 5) with c.
681    390    25         112.1500   131.7500   17.4766    % 
LB close or above UB, fathomed
682    389    21         112.1500   131.7500   17.4766    % 
UB: 131.75
branching on CartesianIndex(2, 3) with a.
683    390    22         112.1500   131.7500   17.4766    % 
UB: 131.75
branching on CartesianIndex(3, 3) with a.
684    391    22         112.1500   131.7500   17.4766    % 
UB: 131.75
branching on CartesianIndex(1, 4) with c.
685    392    21         112.1500   131.7500   17.4766    % 
LB close or above UB, fathomed
686    391    17         112.1500   131.7500   17.4766    % 
UB: 131.75
branching on CartesianIndex(5, 3) with a.
687    392    18         112.1500   131.7500   17.4766    % 
UB: 131.75
branching on CartesianIndex(6, 3) with a.
688    393    19         112.1500   131.7500   17.4766    % 
UB: 131.75
branching on 3 with b.
689    394    20         112.1500   131.7500   17.4766    % 
UB: 131.75
branching on CartesianIndex(7, 3) with a.
690    395    21         112.1500   131.7500   17.4766    % 
UB: 131.75
branching on CartesianIndex(8, 3) with a.
691    396    22         112.1500   131.7500   17.4766    % 
LB close or above UB, fathomed
692    395    22         112.1500   131.7500   17.4766    % 
UB: 131.75
branching on 1 with b.
693    396    23         112.1500   131.7500   17.4766    % 
UB: 131.75
branching on 2 with b.
694    397    24         112.1500   131.7500   17.4766    % 
LB close or above UB, fathomed
695    396    24         112.1500   131.7500   17.4766    % 
UB: 131.75
branching on CartesianIndex(1, 4) with c.
696    397    25         112.1500   131.7500   17.4766    % 
UB: 131.75
branching on CartesianIndex(2, 4) with c.
697    398    25         112.1500   131.7500   17.4766    % 
LB close or above UB, fathomed
698    397    23         112.1500   131.7500   17.4766    % 
LB close or above UB, fathomed
699    396    21         112.1500   131.7500   17.4766    % 
LB close or above UB, fathomed
700    395    20         112.1500   131.7500   17.4766    % 
LB close or above UB, fathomed
701    394    19         112.1500   131.7500   17.4766    % 
UB: 131.75
branching on CartesianIndex(1, 4) with c.
702    395    18         112.1500   131.7500   17.4766    % 
LB close or above UB, fathomed
703    394    17         112.1500   131.7500   17.4766    % 
UB: 131.75
branching on 3 with b.
704    395    20         112.1500   131.7500   17.4766    % 
UB: 131.75
branching on CartesianIndex(3, 3) with a.
705    396    21         112.1500   131.7500   17.4766    % 
UB: 131.75
branching on CartesianIndex(4, 3) with a.
706    397    22         112.1500   131.7500   17.4766    % 
UB: 131.75
branching on CartesianIndex(5, 3) with a.
707    398    22         112.1500   131.7500   17.4766    % 
UB: 131.75
branching on CartesianIndex(1, 4) with c.
708    399    21         112.1500   131.7500   17.4766    % 
LB close or above UB, fathomed
709    398    20         112.1500   131.7500   17.4766    % 
LB close or above UB, fathomed
710    397    20         112.1500   131.7500   17.4766    % 
UB: 131.75
branching on CartesianIndex(8, 3) with a.
711    398    20         112.1500   131.7500   17.4766    % 
UB: 131.75
branching on CartesianIndex(1, 4) with c.
712    399    16         112.1500   131.7500   17.4766    % 
UB: 131.75
branching on CartesianIndex(5, 2) with a.
713    400    17         112.1500   131.7500   17.4766    % 
UB: 131.75
branching on CartesianIndex(6, 2) with a.
714    401    17         112.1500   131.7500   17.4766    % 
UB: 131.75
branching on 1 with b.
715    402    16         112.1500   131.7500   17.4766    % 
LB close or above UB, fathomed
716    401    23         112.1500   131.7500   17.4766    % 
LB close or above UB, fathomed
717    400    23         112.1500   131.7500   17.4766    % 
UB: 131.75
branching on 2 with b.
718    401    28         112.1500   131.7500   17.4766    % 
UB: 131.75
branching on CartesianIndex(2, 4) with c.
719    402    29         112.1500   131.7500   17.4766    % 
UB: 131.75
branching on CartesianIndex(3, 4) with c.
720    403    29         112.1500   131.7500   17.4766    % 
UB: 131.75
branching on CartesianIndex(1, 5) with c.
721    404    28         112.1500   131.7500   17.4766    % 
LB close or above UB, fathomed
722    403    26         112.1500   131.7500   17.4766    % 
UB: 131.75
branching on CartesianIndex(2, 4) with c.
723    404    27         112.1500   131.7500   17.4766    % 
UB: 131.75
branching on 1 with b.
724    405    28         112.1500   131.7500   17.4766    % 
UB: 131.75
branching on CartesianIndex(3, 4) with c.
725    406    28         112.1500   131.7500   17.4766    % 
UB: 131.75
branching on 2 with b.
726    407    27         112.1500   131.7500   17.4766    % 
LB close or above UB, fathomed
727    406    26         112.1500   131.7500   17.4766    % 
LB close or above UB, fathomed
728    405    27         112.1500   131.7500   17.4766    % 
UB: 131.75
branching on 1 with b.
729    406    28         112.1500   131.7500   17.4766    % 
UB: 131.75
branching on CartesianIndex(2, 4) with c.
730    407    28         112.1500   131.7500   17.4766    % 
UB: 131.75
branching on CartesianIndex(2, 4) with c.
731    408    29         112.1500   131.7500   17.4766    % 
UB: 131.75
branching on CartesianIndex(3, 4) with c.
732    409    29         112.1500   131.7500   17.4766    % 
UB: 131.75
branching on CartesianIndex(1, 5) with c.
733    410    27         112.1500   131.7500   17.4766    % 
LB close or above UB, fathomed
734    409    22         112.1500   131.7500   17.4766    % 
UB: 131.75
branching on 3 with b.
735    410    23         112.1500   131.7500   17.4766    % 
LB close or above UB, fathomed
736    409    23         112.1500   131.7500   17.4766    % 
UB: 131.75
branching on CartesianIndex(2, 4) with c.
737    410    22         112.1500   131.7500   17.4766    % 
LB close or above UB, fathomed
738    409    22         112.1500   131.7500   17.4766    % 
UB: 131.75
branching on CartesianIndex(5, 3) with a.
739    410    22         112.1500   131.7500   17.4766    % 
UB: 131.75
branching on CartesianIndex(5, 3) with a.
740    411    21         112.1500   131.7500   17.4766    % 
UB: 131.75
branching on CartesianIndex(1, 3) with a.
741    412    21         112.1500   131.7500   17.4766    % 
UB: 131.75
branching on CartesianIndex(1, 3) with a.
742    413    20         112.1500   131.7500   17.4766    % 
UB: 131.75
branching on CartesianIndex(1, 3) with a.
743    414    21         112.1500   131.7500   17.4766    % 
UB: 131.75
branching on CartesianIndex(2, 3) with a.
744    415    22         112.1500   131.7500   17.4766    % 
UB: 131.75
branching on CartesianIndex(3, 3) with a.
745    416    23         112.1500   131.7500   17.4766    % 
UB: 131.75
branching on 2 with b.
746    417    24         112.1500   131.7500   17.4766    % 
LB close or above UB, fathomed
747    416    24         112.1500   131.7500   17.4766    % 
UB: 131.75
branching on CartesianIndex(4, 3) with a.
748    417    25         112.1500   131.7500   17.4766    % 
UB: 131.75
branching on CartesianIndex(5, 3) with a.
749    418    26         112.1500   131.7500   17.4766    % 
UB: 131.75
branching on CartesianIndex(6, 3) with a.
750    419    27         112.1500   131.7500   17.4766    % 
UB: 131.75
branching on CartesianIndex(7, 3) with a.
751    420    28         112.1500   131.7500   17.4766    % 
UB: 131.75
branching on CartesianIndex(8, 3) with a.
752    421    29         112.1500   131.7500   17.4766    % 
LB close or above UB, fathomed
753    420    29         112.1500   131.7500   17.4766    % 
UB: 131.75
branching on CartesianIndex(1, 4) with c.
754    421    30         112.1500   131.7500   17.4766    % 
UB: 131.75
branching on CartesianIndex(2, 4) with c.
755    422    30         112.1500   131.7500   17.4766    % 
UB: 131.75
branching on CartesianIndex(1, 5) with c.
756    423    28         112.1500   131.7500   17.4766    % 
UB: 131.75
branching on CartesianIndex(1, 4) with c.
757    424    27         112.1500   131.7500   17.4766    % 
UB: 131.75
branching on CartesianIndex(1, 4) with c.
758    425    26         112.1500   131.7500   17.4766    % 
LB close or above UB, fathomed
759    424    25         112.1500   131.7500   17.4766    % 
UB: 131.75
branching on 3 with b.
760    425    23         112.1500   131.7500   17.4766    % 
UB: 131.75
branching on CartesianIndex(1, 4) with c.
761    426    22         112.1500   131.7500   17.4766    % 
LB close or above UB, fathomed
762    425    21         112.1500   131.7500   17.4766    % 
LB close or above UB, fathomed
763    424    20         112.1500   131.7500   17.4766    % 
UB: 131.75
branching on 2 with b.
764    425    27         112.1500   131.7500   17.4766    % 
UB: 131.75
branching on CartesianIndex(6, 3) with a.
765    426    28         112.1500   131.7500   17.4766    % 
UB: 131.75
branching on CartesianIndex(7, 3) with a.
766    427    29         112.1500   131.7500   17.4766    % 
LB close or above UB, fathomed
767    426    29         112.1500   131.7500   17.4766    % 
UB: 131.75
branching on CartesianIndex(1, 4) with c.
768    427    30         112.1500   131.7500   17.4766    % 
UB: 131.75
branching on CartesianIndex(2, 4) with c.
769    428    31         112.1500   131.7500   17.4766    % 
LB close or above UB, fathomed
770    427    31         112.1500   131.7500   17.4766    % 
UB: 131.75
branching on CartesianIndex(1, 5) with c.
771    428    30         112.1500   131.7500   17.4766    % 
LB close or above UB, fathomed
772    427    28         112.1500   131.7500   17.4766    % 
LB close or above UB, fathomed
773    426    27         112.1500   131.7500   17.4766    % 
LB close or above UB, fathomed
774    425    16         112.1500   131.7500   17.4766    % 
UB: 131.75
branching on 2 with b.
775    426    17         112.1500   131.7500   17.4766    % 
UB: 131.75
branching on 3 with b.
776    427    17         112.1500   131.7500   17.4766    % 
UB: 131.75
branching on CartesianIndex(4, 2) with a.
777    428    16         112.1500   131.7500   17.4766    % 
LB close or above UB, fathomed
778    427    19         112.1500   131.7500   17.4766    % 
UB: 131.75
branching on CartesianIndex(2, 3) with a.
779    428    20         112.1500   131.7500   17.4766    % 
UB: 131.75
branching on CartesianIndex(3, 3) with a.
780    429    21         112.1500   131.7500   17.4766    % 
UB: 131.75
branching on 1 with b.
781    430    22         112.1500   131.7500   17.4766    % 
UB: 131.75
branching on 2 with b.
782    431    23         112.1500   131.7500   17.4766    % 
UB: 131.75
branching on CartesianIndex(4, 3) with a.
783    432    24         112.1500   131.7500   17.4766    % 
UB: 131.75
branching on CartesianIndex(5, 3) with a.
784    433    25         112.1500   131.7500   17.4766    % 
UB: 131.75
branching on CartesianIndex(6, 3) with a.
785    434    26         112.1500   131.7500   17.4766    % 
UB: 131.75
branching on CartesianIndex(7, 3) with a.
786    435    27         112.1500   131.7500   17.4766    % 
UB: 131.75
branching on CartesianIndex(8, 3) with a.
787    436    28         112.1500   131.7500   17.4766    % 
LB close or above UB, fathomed
788    435    28         112.1500   131.7500   17.4766    % 
UB: 131.75
branching on CartesianIndex(1, 4) with c.
789    436    29         112.1500   131.7500   17.4766    % 
UB: 131.75
branching on CartesianIndex(2, 4) with c.
790    437    29         112.1500   131.7500   17.4766    % 
UB: 131.75
branching on CartesianIndex(1, 5) with c.
791    438    27         112.1500   131.7500   17.4766    % 
UB: 131.75
branching on CartesianIndex(1, 4) with c.
792    439    26         112.1500   131.7500   17.4766    % 
UB: 131.75
branching on CartesianIndex(1, 4) with c.
793    440    25         112.1500   131.7500   17.4766    % 
LB close or above UB, fathomed
794    439    24         112.1500   131.7500   17.4766    % 
UB: 131.75
branching on 3 with b.
795    440    23         112.1500   131.7500   17.4766    % 
LB close or above UB, fathomed
796    439    22         112.1500   131.7500   17.4766    % 
LB close or above UB, fathomed
797    438    21         112.1500   131.7500   17.4766    % 
UB: 131.75
branching on CartesianIndex(1, 4) with c.
798    439    20         112.1500   131.7500   17.4766    % 
LB close or above UB, fathomed
799    438    19         112.1500   131.7500   17.4766    % 
LB close or above UB, fathomed
800    437    15         112.1500   131.7500   17.4766    % 
UB: 131.75
branching on 3 with b.
801    438    15         112.1500   131.7500   17.4766    % 
UB: 131.75
branching on 3 with b.
802    439    19         112.1500   131.7500   17.4766    % 
UB: 131.75
branching on 2 with b.
803    440    20         112.1500   131.7500   17.4766    % 
UB: 131.75
branching on CartesianIndex(2, 3) with a.
804    441    21         112.1500   131.7500   17.4766    % 
UB: 131.75
branching on 3 with b.
805    442    22         112.1500   131.7500   17.4766    % 
UB: 131.75
branching on CartesianIndex(3, 3) with a.
806    443    22         112.1500   131.7500   17.4766    % 
UB: 131.75
branching on CartesianIndex(3, 3) with a.
807    444    21         112.1500   131.7500   17.4766    % 
LB close or above UB, fathomed
808    443    20         112.1500   131.7500   17.4766    % 
LB close or above UB, fathomed
809    442    19         112.1500   131.7500   17.4766    % 
LB close or above UB, fathomed
810    441    11         112.1500   131.7500   17.4766    % 
LB close or above UB, fathomed
811    440    11         112.1500   131.7500   17.4766    % 
UB: 131.75
branching on 2 with b.
812    441    12         112.1500   131.7500   17.4766    % 
UB: 131.75
branching on 3 with b.
813    442    12         112.1500   131.7500   17.4766    % 
UB: 131.75
branching on CartesianIndex(1, 3) with a.
814    443    13         112.1500   131.7500   17.4766    % 
UB: 131.75
branching on 3 with b.
815    444    14         112.1500   131.7500   17.4766    % 
UB: 131.75
branching on CartesianIndex(2, 3) with a.
816    445    14         112.1500   131.7500   17.4766    % 
UB: 131.75
branching on CartesianIndex(2, 3) with a.
817    446    13         112.1500   131.7500   17.4766    % 
LB close or above UB, fathomed
818    445    17         112.1500   131.7500   17.4766    % 
UB: 131.75
branching on 1 with b.
819    446    18         112.1500   131.7500   17.4766    % 
UB: 131.75
branching on CartesianIndex(2, 3) with a.
820    447    18         112.1500   131.7500   17.4766    % 
UB: 131.75
branching on CartesianIndex(2, 3) with a.
821    448    19         112.1500   131.7500   17.4766    % 
UB: 131.75
branching on CartesianIndex(3, 3) with a.
822    449    20         112.1500   131.7500   17.4766    % 
UB: 131.75
branching on CartesianIndex(4, 3) with a.
823    450    21         112.1500   131.7500   17.4766    % 
UB: 131.75
branching on CartesianIndex(5, 3) with a.
824    451    21         112.1500   131.7500   17.4766    % 
UB: 131.75
branching on CartesianIndex(1, 4) with c.
825    452    20         112.1500   131.7500   17.4766    % 
LB close or above UB, fathomed
826    451    19         112.1500   131.7500   17.4766    % 
LB close or above UB, fathomed
827    450    17         112.1500   131.7500   17.4766    % 
LB close or above UB, fathomed
828    449    24         112.1500   131.7500   17.4766    % 
LB close or above UB, fathomed
829    448    24         112.1500   131.7500   17.4766    % 
UB: 131.75
branching on CartesianIndex(1, 5) with c.
830    449    29         112.1500   131.7500   17.4766    % 
UB: 131.75
branching on CartesianIndex(3, 4) with c.
831    450    29         112.1500   131.7500   17.4766    % 
UB: 131.75
branching on CartesianIndex(1, 5) with c.
832    451    17         112.1500   131.7500   17.4766    % 
UB: 131.75
branching on CartesianIndex(6, 2) with a.
833    452    18         112.1500   131.7500   17.4766    % 
UB: 131.75
branching on 2 with b.
834    453    18         112.1500   131.7500   17.4766    % 
LB close or above UB, fathomed
835    452    17         112.1500   131.7500   17.4766    % 
UB: 131.75
branching on CartesianIndex(1, 3) with a.
836    453    28         114.8674   131.7500   14.6975    % 
UB: 131.75
branching on CartesianIndex(6, 3) with a.
837    454    29         114.8674   131.7500   14.6975    % 
UB: 131.75
branching on CartesianIndex(7, 3) with a.
838    455    30         114.8674   131.7500   14.6975    % 
LB close or above UB, fathomed
839    454    30         114.8674   131.7500   14.6975    % 
UB: 131.75
branching on CartesianIndex(1, 4) with c.
840    455    29         114.8674   131.7500   14.6975    % 
LB close or above UB, fathomed
841    454    28         114.8674   131.7500   14.6975    % 
LB close or above UB, fathomed
842    453    9          114.8941   131.7500   14.6709    % 
UB: 131.75
branching on 1 with b.
843    454    9          114.8941   131.7500   14.6709    % 
UB: 131.75
branching on CartesianIndex(1, 2) with a.
844    455    11         114.9286   131.7500   14.6364    % 
UB: 131.75
branching on CartesianIndex(2, 3) with a.
845    456    12         114.9286   131.7500   14.6364    % 
UB: 131.75
branching on CartesianIndex(3, 3) with a.
846    457    13         114.9286   131.7500   14.6364    % 
UB: 131.75
branching on 2 with b.
847    458    14         114.9286   131.7500   14.6364    % 
UB: 131.75
branching on CartesianIndex(4, 3) with a.
848    459    15         114.9286   131.7500   14.6364    % 
UB: 131.75
branching on 3 with b.
849    460    15         114.9286   131.7500   14.6364    % 
UB: 131.75
branching on CartesianIndex(1, 4) with c.
850    461    14         114.9286   131.7500   14.6364    % 
UB: 131.75
branching on CartesianIndex(4, 3) with a.
851    462    13         114.9286   131.7500   14.6364    % 
LB close or above UB, fathomed
852    461    12         114.9286   131.7500   14.6364    % 
LB close or above UB, fathomed
853    460    11         114.9286   131.7500   14.6364    % 
UB: 131.75
branching on 2 with b.
854    461    19         114.9500   131.7500   14.6151    % 
UB: 131.75
branching on CartesianIndex(6, 2) with a.
855    462    20         114.9500   131.7500   14.6151    % 
UB: 131.75
branching on CartesianIndex(7, 2) with a.
856    463    21         114.9500   131.7500   14.6151    % 
UB: 131.75
branching on CartesianIndex(8, 2) with a.
857    464    21         114.9500   131.7500   14.6151    % 
UB: 131.75
branching on CartesianIndex(1, 3) with a.
858    465    22         114.9500   131.7500   14.6151    % 
UB: 131.75
branching on CartesianIndex(2, 3) with a.
859    466    23         114.9500   131.7500   14.6151    % 
UB: 131.75
branching on CartesianIndex(3, 3) with a.
860    467    24         114.9500   131.7500   14.6151    % 
UB: 131.75
branching on CartesianIndex(4, 3) with a.
861    468    25         114.9500   131.7500   14.6151    % 
LB close or above UB, fathomed
862    467    25         114.9500   131.7500   14.6151    % 
UB: 131.75
branching on CartesianIndex(1, 4) with c.
863    468    24         114.9500   131.7500   14.6151    % 
LB close or above UB, fathomed
864    467    23         114.9500   131.7500   14.6151    % 
LB close or above UB, fathomed
865    466    22         114.9500   131.7500   14.6151    % 
LB close or above UB, fathomed
866    465    20         114.9500   131.7500   14.6151    % 
LB close or above UB, fathomed
867    464    19         114.9500   131.7500   14.6151    % 
UB: 131.75
branching on 1 with b.
868    464    15         114.9500   131.7500   14.6151    % 
UB: 131.75
branching on 1 with b.
869    465    16         114.9500   131.7500   14.6151    % 
UB: 131.75
branching on CartesianIndex(3, 3) with a.
870    466    17         114.9500   131.7500   14.6151    % 
UB: 131.75
branching on CartesianIndex(4, 3) with a.
871    467    18         114.9500   131.7500   14.6151    % 
UB: 131.75
branching on CartesianIndex(5, 3) with a.
872    468    18         114.9500   131.7500   14.6151    % 
UB: 131.75
branching on CartesianIndex(1, 4) with c.
873    469    17         114.9500   131.7500   14.6151    % 
UB: 131.75
branching on CartesianIndex(1, 4) with c.
874    470    16         114.9500   131.7500   14.6151    % 
LB close or above UB, fathomed
875    469    15         114.9500   131.7500   14.6151    % 
LB close or above UB, fathomed
876    468    23         114.9500   131.7500   14.6151    % 
UB: 131.75
branching on CartesianIndex(4, 3) with a.
877    469    24         114.9500   131.7500   14.6151    % 
UB: 131.75
branching on CartesianIndex(5, 3) with a.
878    470    24         114.9500   131.7500   14.6151    % 
UB: 131.75
branching on CartesianIndex(1, 4) with c.
879    471    23         114.9500   131.7500   14.6151    % 
LB close or above UB, fathomed
880    470    32         114.9500   131.7500   14.6151    % 
UB: 131.75
branching on CartesianIndex(2, 5) with c.
881    471    33         114.9500   131.7500   14.6151    % 
UB: 131.75
branching on CartesianIndex(3, 5) with c.
882    472    34         114.9500   131.7500   14.6151    % 
UB: 131.75
branching on CartesianIndex(4, 5) with c.
883    473    35         114.9500   131.7500   14.6151    % 
UB: 131.75
branching on CartesianIndex(5, 5) with c.
884    474    36         114.9500   131.7500   14.6151    % 
UB: 131.75
branching on CartesianIndex(1, 6) with c.
885    475    37         114.9500   131.7500   14.6151    % 
UB: 131.75
branching on CartesianIndex(2, 6) with c.
886    476    38         114.9500   131.7500   14.6151    % 
LB close or above UB, fathomed
887    475    38         114.9500   131.7500   14.6151    % 
UB: 131.75
branching on CartesianIndex(1, 7) with c.
888    476    39         114.9500   131.7500   14.6151    % 
LB close or above UB, fathomed
889    475    39         114.9500   131.7500   14.6151    % 
UB: 131.75
branching on 1 with b.
890    476    40         114.9500   131.7500   14.6151    % 
UB: 131.75
branching on 2 with b.
891    477    40         114.9500   131.7500   14.6151    % 
UB: 131.75
branching on 2 with b.
892    478    37         114.9500   131.7500   14.6151    % 
LB close or above UB, fathomed
893    477    36         114.9500   131.7500   14.6151    % 
LB close or above UB, fathomed
894    476    35         114.9500   131.7500   14.6151    % 
LB close or above UB, fathomed
895    475    34         114.9500   131.7500   14.6151    % 
LB close or above UB, fathomed
896    474    33         114.9500   131.7500   14.6151    % 
LB close or above UB, fathomed
897    473    32         114.9500   131.7500   14.6151    % 
LB close or above UB, fathomed
898    472    21         114.9500   131.7500   14.6151    % 
UB: 131.75
branching on CartesianIndex(2, 4) with c.
899    473    22         114.9500   131.7500   14.6151    % 
UB: 131.75
branching on CartesianIndex(3, 4) with c.
900    474    22         114.9500   131.7500   14.6151    % 
UB: 131.75
branching on CartesianIndex(1, 5) with c.
901    475    21         114.9500   131.7500   14.6151    % 
LB close or above UB, fathomed
902    474    16         114.9500   131.7500   14.6151    % 
UB: 131.75
branching on CartesianIndex(1, 3) with a.
903    475    17         114.9500   131.7500   14.6151    % 
UB: 131.75
branching on CartesianIndex(2, 3) with a.
904    476    18         114.9500   131.7500   14.6151    % 
UB: 131.75
branching on 2 with b.
905    477    19         114.9500   131.7500   14.6151    % 
UB: 131.75
branching on 3 with b.
906    478    19         114.9500   131.7500   14.6151    % 
UB: 131.75
branching on CartesianIndex(3, 3) with a.
907    479    20         114.9500   131.7500   14.6151    % 
UB: 131.75
branching on CartesianIndex(4, 3) with a.
908    480    21         114.9500   131.7500   14.6151    % 
UB: 131.75
branching on 3 with b.
909    481    21         114.9500   131.7500   14.6151    % 
UB: 131.75
branching on CartesianIndex(1, 4) with c.
910    482    20         114.9500   131.7500   14.6151    % 
LB close or above UB, fathomed
911    481    18         114.9500   131.7500   14.6151    % 
LB close or above UB, fathomed
912    480    17         114.9500   131.7500   14.6151    % 
LB close or above UB, fathomed
913    479    16         114.9500   131.7500   14.6151    % 
UB: 131.75
branching on CartesianIndex(1, 3) with a.
914    480    17         114.9500   131.7500   14.6151    % 
UB: 131.75
branching on CartesianIndex(2, 3) with a.
915    481    18         114.9500   131.7500   14.6151    % 
UB: 131.75
branching on CartesianIndex(3, 3) with a.
916    482    19         114.9500   131.7500   14.6151    % 
UB: 131.75
branching on CartesianIndex(4, 3) with a.
917    483    20         114.9500   131.7500   14.6151    % 
UB: 131.75
branching on CartesianIndex(5, 3) with a.
918    484    20         114.9500   131.7500   14.6151    % 
UB: 131.75
branching on 2 with b.
919    485    19         114.9500   131.7500   14.6151    % 
LB close or above UB, fathomed
920    484    18         114.9500   131.7500   14.6151    % 
LB close or above UB, fathomed
921    483    17         114.9500   131.7500   14.6151    % 
LB close or above UB, fathomed
922    482    19         114.9500   131.7500   14.6151    % 
UB: 131.75
branching on CartesianIndex(3, 3) with a.
923    483    20         114.9500   131.7500   14.6151    % 
UB: 131.75
branching on CartesianIndex(4, 3) with a.
924    484    21         114.9500   131.7500   14.6151    % 
UB: 131.75
branching on CartesianIndex(5, 3) with a.
925    485    21         114.9500   131.7500   14.6151    % 
UB: 131.75
branching on CartesianIndex(1, 4) with c.
926    486    20         114.9500   131.7500   14.6151    % 
LB close or above UB, fathomed
927    485    19         114.9500   131.7500   14.6151    % 
LB close or above UB, fathomed
928    484    21         114.9500   131.7500   14.6151    % 
UB: 131.75
branching on CartesianIndex(5, 3) with a.
929    485    21         114.9500   131.7500   14.6151    % 
UB: 131.75
branching on CartesianIndex(1, 4) with c.
930    486    20         114.9500   131.7500   14.6151    % 
UB: 131.75
branching on 3 with b.
931    487    20         114.9500   131.7500   14.6151    % 
UB: 131.75
branching on 3 with b.
932    488    21         114.9500   131.7500   14.6151    % 
LB close or above UB, fathomed
933    487    21         114.9500   131.7500   14.6151    % 
UB: 131.75
branching on CartesianIndex(1, 3) with a.
934    488    20         114.9500   131.7500   14.6151    % 
UB: 131.75
branching on CartesianIndex(6, 2) with a.
935    488    21         114.9500   131.7500   14.6151    % 
UB: 131.75
branching on CartesianIndex(7, 2) with a.
936    489    22         114.9500   131.7500   14.6151    % 
UB: 131.75
branching on CartesianIndex(8, 2) with a.
937    490    22         114.9500   131.7500   14.6151    % 
UB: 131.75
branching on 1 with b.
938    491    20         114.9500   131.7500   14.6151    % 
UB: 131.75
branching on CartesianIndex(6, 2) with a.
939    491    21         114.9500   131.7500   14.6151    % 
UB: 131.75
branching on 1 with b.
940    492    32         114.9500   131.7500   14.6151    % 
LB close or above UB, fathomed
941    491    32         114.9500   131.7500   14.6151    % 
UB: 131.75
branching on 2 with b.
942    492    33         114.9500   131.7500   14.6151    % 
UB: 131.75
branching on CartesianIndex(1, 7) with c.
943    493    33         114.9500   131.7500   14.6151    % 
UB: 131.75
branching on 3 with b.
944    494    34         114.9500   131.7500   14.6151    % 
UB: 131.75
branching on CartesianIndex(1, 7) with c.
945    495    35         114.9500   131.7500   14.6151    % 
UB: 131.75
branching on CartesianIndex(2, 7) with c.
946    496    36         114.9500   131.7500   14.6151    % 
UB: 131.75
branching on CartesianIndex(3, 7) with c.
947    497    37         114.9500   131.7500   14.6151    % 
UB: 131.75
branching on CartesianIndex(4, 7) with c.
948    498    38         114.9500   131.7500   14.6151    % 
UB: 131.75
branching on CartesianIndex(5, 7) with c.
949    499    39         114.9500   131.7500   14.6151    % 
UB: 131.75
branching on 1 with b.
950    500    40         114.9500   131.7500   14.6151    % 
LB close or above UB, fathomed
951    499    40         114.9500   131.7500   14.6151    % 
UB: 131.75
branching on 2 with b.
952    500    39         114.9500   131.7500   14.6151    % 
LB close or above UB, fathomed
953    499    38         114.9500   131.7500   14.6151    % 
LB close or above UB, fathomed
954    498    37         114.9500   131.7500   14.6151    % 
LB close or above UB, fathomed
955    497    36         114.9500   131.7500   14.6151    % 
LB close or above UB, fathomed
956    496    35         114.9500   131.7500   14.6151    % 
LB close or above UB, fathomed
957    495    34         114.9500   131.7500   14.6151    % 
UB: 131.75
branching on CartesianIndex(1, 7) with c.
958    496    35         114.9500   131.7500   14.6151    % 
UB: 131.75
branching on 1 with b.
959    497    36         114.9500   131.7500   14.6151    % 
LB close or above UB, fathomed
960    496    36         114.9500   131.7500   14.6151    % 
UB: 131.75
branching on CartesianIndex(2, 7) with c.
961    497    35         114.9500   131.7500   14.6151    % 
LB close or above UB, fathomed
962    496    20         114.9500   131.7500   14.6151    % 
UB: 131.75
branching on 1 with b.
963    497    21         114.9500   131.7500   14.6151    % 
UB: 131.75
branching on 2 with b.
964    498    22         114.9500   131.7500   14.6151    % 
UB: 131.75
branching on CartesianIndex(7, 2) with a.
965    499    23         114.9500   131.7500   14.6151    % 
UB: 131.75
branching on CartesianIndex(8, 2) with a.
966    500    23         114.9500   131.7500   14.6151    % 
UB: 131.75
branching on CartesianIndex(1, 3) with a.
967    501    24         114.9500   131.7500   14.6151    % 
UB: 131.75
branching on CartesianIndex(2, 3) with a.
968    502    25         114.9500   131.7500   14.6151    % 
UB: 131.75
branching on CartesianIndex(3, 3) with a.
969    503    26         114.9500   131.7500   14.6151    % 
UB: 131.75
branching on CartesianIndex(4, 3) with a.
970    504    27         114.9500   131.7500   14.6151    % 
UB: 131.75
branching on CartesianIndex(5, 3) with a.
971    505    27         114.9500   131.7500   14.6151    % 
UB: 131.75
branching on 3 with b.
972    506    26         114.9500   131.7500   14.6151    % 
LB close or above UB, fathomed
973    505    25         114.9500   131.7500   14.6151    % 
LB close or above UB, fathomed
974    504    24         114.9500   131.7500   14.6151    % 
LB close or above UB, fathomed
975    503    22         114.9500   131.7500   14.6151    % 
UB: 131.75
branching on CartesianIndex(7, 2) with a.
976    504    21         114.9500   131.7500   14.6151    % 
UB: 131.75
branching on CartesianIndex(7, 2) with a.
977    505    23         114.9500   131.7500   14.6151    % 
UB: 131.75
branching on CartesianIndex(2, 3) with a.
978    506    24         114.9500   131.7500   14.6151    % 
UB: 131.75
branching on CartesianIndex(3, 3) with a.
979    507    25         114.9500   131.7500   14.6151    % 
UB: 131.75
branching on CartesianIndex(4, 3) with a.
980    508    26         114.9500   131.7500   14.6151    % 
UB: 131.75
branching on 2 with b.
981    509    26         114.9500   131.7500   14.6151    % 
UB: 131.75
branching on CartesianIndex(1, 4) with c.
982    510    25         114.9500   131.7500   14.6151    % 
LB close or above UB, fathomed
983    509    24         114.9500   131.7500   14.6151    % 
LB close or above UB, fathomed
984    508    23         114.9500   131.7500   14.6151    % 
LB close or above UB, fathomed
985    507    21         114.9500   131.7500   14.6151    % 
UB: 131.75
branching on CartesianIndex(8, 2) with a.
986    508    22         114.9500   131.7500   14.6151    % 
UB: 131.75
branching on CartesianIndex(1, 3) with a.
987    509    22         114.9500   131.7500   14.6151    % 
UB: 131.75
branching on CartesianIndex(1, 3) with a.
988    510    21         114.9500   131.7500   14.6151    % 
LB close or above UB, fathomed
989    509    21         114.9500   131.7500   14.6151    % 
UB: 131.75
branching on 3 with b.
990    510    22         114.9500   131.7500   14.6151    % 
LB close or above UB, fathomed
991    509    22         114.9500   131.7500   14.6151    % 
UB: 131.75
branching on CartesianIndex(2, 3) with a.
992    510    21         114.9500   131.7500   14.6151    % 
LB close or above UB, fathomed
993    509    21         114.9500   131.7500   14.6151    % 
UB: 131.75
branching on CartesianIndex(1, 3) with a.
994    510    22         114.9500   131.7500   14.6151    % 
UB: 131.75
branching on CartesianIndex(2, 3) with a.
995    511    23         114.9500   131.7500   14.6151    % 
UB: 131.75
branching on CartesianIndex(3, 3) with a.
996    512    24         114.9500   131.7500   14.6151    % 
UB: 131.75
branching on 2 with b.
997    513    25         114.9500   131.7500   14.6151    % 
UB: 131.75
branching on CartesianIndex(4, 3) with a.
998    514    25         114.9500   131.7500   14.6151    % 
UB: 131.75
branching on CartesianIndex(4, 3) with a.
999    515    24         114.9500   131.7500   14.6151    % 
UB: 131.75
branching on 2 with b.
1000   516    23         114.9500   131.7500   14.6151    % 
LB close or above UB, fathomed
1001   515    22         114.9500   131.7500   14.6151    % 
LB close or above UB, fathomed
1002   514    21         114.9500   131.7500   14.6151    % 
LB close or above UB, fathomed
1003   513    22         114.9500   131.7500   14.6151    % 
UB: 131.75
branching on CartesianIndex(4, 3) with a.
1004   514    23         114.9500   131.7500   14.6151    % 
UB: 131.75
branching on CartesianIndex(5, 3) with a.
1005   515    23         114.9500   131.7500   14.6151    % 
UB: 131.75
branching on CartesianIndex(1, 4) with c.
1006   516    22         114.9500   131.7500   14.6151    % 
LB close or above UB, fathomed
1007   515    22         114.9500   131.7500   14.6151    % 
UB: 131.75
branching on 1 with b.
1008   516    23         114.9500   131.7500   14.6151    % 
UB: 131.75
branching on CartesianIndex(2, 4) with c.
1009   517    24         114.9500   131.7500   14.6151    % 
UB: 131.75
branching on 2 with b.
1010   518    24         114.9500   131.7500   14.6151    % 
UB: 131.75
branching on CartesianIndex(1, 5) with c.
1011   519    23         114.9500   131.7500   14.6151    % 
UB: 131.75
branching on 2 with b.
1012   520    22         114.9500   131.7500   14.6151    % 
UB: 131.75
branching on CartesianIndex(1, 5) with c.
1013   521    16         114.9500   131.7500   14.6151    % 
UB: 131.75
branching on CartesianIndex(6, 3) with a.
1014   522    17         114.9500   131.7500   14.6151    % 
UB: 131.75
branching on 2 with b.
1015   523    17         114.9500   131.7500   14.6151    % 
UB: 131.75
branching on CartesianIndex(1, 4) with c.
1016   524    16         114.9500   131.7500   14.6151    % 
LB close or above UB, fathomed
1017   523    17         114.9500   131.7500   14.6151    % 
UB: 131.75
branching on 3 with b.
1018   524    17         114.9500   131.7500   14.6151    % 
UB: 131.75
branching on CartesianIndex(1, 3) with a.
1019   525    18         114.9500   131.7500   14.6151    % 
UB: 131.75
branching on 3 with b.
1020   526    19         114.9500   131.7500   14.6151    % 
LB close or above UB, fathomed
1021   525    19         114.9500   131.7500   14.6151    % 
UB: 131.75
branching on CartesianIndex(2, 3) with a.
1022   526    18         114.9500   131.7500   14.6151    % 
LB close or above UB, fathomed
1023   525    16         114.9500   131.7500   14.6151    % 
UB: 131.75
branching on CartesianIndex(6, 2) with a.
1024   526    17         114.9500   131.7500   14.6151    % 
UB: 131.75
branching on CartesianIndex(7, 2) with a.
1025   527    17         114.9500   131.7500   14.6151    % 
UB: 131.75
branching on 1 with b.
1026   528    16         114.9500   131.7500   14.6151    % 
LB close or above UB, fathomed
1027   527    26         114.9500   131.7500   14.6151    % 
UB: 131.75
branching on CartesianIndex(5, 3) with a.
1028   528    27         114.9500   131.7500   14.6151    % 
UB: 131.75
branching on CartesianIndex(6, 3) with a.
1029   529    28         114.9500   131.7500   14.6151    % 
UB: 131.75
branching on CartesianIndex(7, 3) with a.
1030   530    29         114.9500   131.7500   14.6151    % 
UB: 131.75
branching on 3 with b.
1031   531    30         114.9500   131.7500   14.6151    % 
UB: 131.75
branching on CartesianIndex(8, 3) with a.
1032   532    31         114.9500   131.7500   14.6151    % 
LB close or above UB, fathomed
1033   531    31         114.9500   131.7500   14.6151    % 
UB: 131.75
branching on CartesianIndex(1, 4) with c.
1034   532    32         114.9500   131.7500   14.6151    % 
LB close or above UB, fathomed
1035   531    32         114.9500   131.7500   14.6151    % 
UB: 131.75
branching on CartesianIndex(1, 5) with c.
1036   532    30         114.9500   131.7500   14.6151    % 
LB close or above UB, fathomed
1037   531    29         114.9500   131.7500   14.6151    % 
LB close or above UB, fathomed
1038   530    28         114.9500   131.7500   14.6151    % 
UB: 131.75
branching on CartesianIndex(1, 4) with c.
1039   531    27         114.9500   131.7500   14.6151    % 
LB close or above UB, fathomed
1040   530    26         114.9500   131.7500   14.6151    % 
UB: 131.75
branching on 3 with b.
1041   531    41         114.9500   131.7500   14.6151    % 
UB: 131.75
branching on 3 with b.
1042   532    42         114.9500   131.7500   14.6151    % 
UB: 131.75
branching on 1 with b.
1043   533    43         114.9500   131.7500   14.6151    % 
UB: 131.75
branching on 2 with b.
1044   534    43         114.9500   131.7500   14.6151    % 
UB: 131.75
branching on 2 with b.
1045   535    44         114.9500   131.7500   14.6151    % 
UB: 131.75
branching on 3 with b.
1046   536    44         114.9500   131.7500   14.6151    % 
UB: 131.75
branching on 3 with b.
1047   537    45         114.9500   131.7500   14.6151    % 
UB: 131.75
branching on 1 with b.
1048   538    46         114.9500   131.7500   14.6151    % 
UB: 131.75
branching on 2 with b.
1049   539    47         114.9500   131.7500   14.6151    % 
UB: 131.75
branching on 3 with b.
1050   540    48         114.9500   131.7500   14.6151    % 
UB: 131.75
branching on 1 with b.
1051   540    48         114.9500   131.7500   14.6151    % 
LB close or above UB, fathomed
1052   539    47         114.9500   131.7500   14.6151    % 
UB: 128.95
branching on 3 with b.
1053   540    48         114.9500   128.9500   12.1792    % 
UB: 128.95
branching on 1 with b.
1054   481    48         114.9500   128.9500   12.1792    % 
LB close or above UB, fathomed
1055   480    46         114.9500   128.9500   12.1792    % 
UB: 128.95
branching on 2 with b.
1056   481    47         114.9500   128.9500   12.1792    % 
UB: 128.95
branching on 3 with b.
1057   482    48         114.9500   128.9500   12.1792    % 
UB: 128.95
branching on 1 with b.
1058   483    48         114.9500   128.9500   12.1792    % 
LB close or above UB, fathomed
1059   482    47         114.9500   128.9500   12.1792    % 
UB: 126.15
branching on 3 with b.
1060   483    48         114.9500   126.1500   9.7434     % 
UB: 126.15
branching on 1 with b.
1061   405    48         114.9500   126.1500   9.7434     % 
LB close or above UB, fathomed
1062   404    45         114.9500   126.1500   9.7434     % 
LB close or above UB, fathomed
1063   403    42         114.9500   126.1500   9.7434     % 
LB close or above UB, fathomed
1064   402    41         114.9500   126.1500   9.7434     % 
UB: 126.15
branching on 3 with b.
1065   403    31         114.9500   126.1500   9.7434     % 
UB: 126.15
branching on CartesianIndex(2, 4) with c.
1066   404    31         114.9500   126.1500   9.7434     % 
LB close or above UB, fathomed
1067   403    19         114.9500   126.1500   9.7434     % 
UB: 126.15
branching on CartesianIndex(7, 2) with a.
1068   404    20         114.9500   126.1500   9.7434     % 
LB close or above UB, fathomed
1069   403    20         114.9500   126.1500   9.7434     % 
UB: 126.15
branching on CartesianIndex(1, 3) with a.
1070   404    21         114.9500   126.1500   9.7434     % 
UB: 126.15
branching on CartesianIndex(2, 3) with a.
1071   405    22         114.9500   126.1500   9.7434     % 
UB: 126.15
branching on CartesianIndex(3, 3) with a.
1072   406    23         114.9500   126.1500   9.7434     % 
UB: 126.15
branching on CartesianIndex(4, 3) with a.
1073   407    24         114.9500   126.1500   9.7434     % 
LB close or above UB, fathomed
1074   406    24         114.9500   126.1500   9.7434     % 
UB: 126.15
branching on 3 with b.
1075   407    23         114.9500   126.1500   9.7434     % 
LB close or above UB, fathomed
1076   406    22         114.9500   126.1500   9.7434     % 
LB close or above UB, fathomed
1077   405    21         114.9500   126.1500   9.7434     % 
LB close or above UB, fathomed
1078   404    19         114.9500   126.1500   9.7434     % 
LB close or above UB, fathomed
1079   403    19         114.9500   126.1500   9.7434     % 
UB: 126.15
branching on CartesianIndex(3, 3) with a.
1080   404    20         114.9500   126.1500   9.7434     % 
UB: 126.15
branching on CartesianIndex(4, 3) with a.
1081   405    21         114.9500   126.1500   9.7434     % 
LB close or above UB, fathomed
1082   404    21         114.9500   126.1500   9.7434     % 
UB: 126.15
branching on CartesianIndex(1, 4) with c.
1083   405    20         114.9500   126.1500   9.7434     % 
LB close or above UB, fathomed
1084   404    19         114.9500   126.1500   9.7434     % 
LB close or above UB, fathomed
1085   403    16         114.9500   126.1500   9.7434     % 
UB: 126.15
branching on 1 with b.
1086   404    17         114.9500   126.1500   9.7434     % 
UB: 126.15
branching on CartesianIndex(1, 3) with a.
1087   405    18         114.9500   126.1500   9.7434     % 
UB: 126.15
branching on CartesianIndex(2, 3) with a.
1088   406    19         114.9500   126.1500   9.7434     % 
UB: 126.15
branching on CartesianIndex(3, 3) with a.
1089   407    20         114.9500   126.1500   9.7434     % 
UB: 126.15
branching on 2 with b.
1090   408    21         114.9500   126.1500   9.7434     % 
UB: 126.15
branching on 3 with b.
1091   409    22         114.9500   126.1500   9.7434     % 
LB close or above UB, fathomed
1092   408    22         114.9500   126.1500   9.7434     % 
UB: 126.15
branching on CartesianIndex(4, 3) with a.
1093   409    21         114.9500   126.1500   9.7434     % 
LB close or above UB, fathomed
1094   408    20         114.9500   126.1500   9.7434     % 
LB close or above UB, fathomed
1095   407    19         114.9500   126.1500   9.7434     % 
LB close or above UB, fathomed
1096   406    18         114.9500   126.1500   9.7434     % 
LB close or above UB, fathomed
1097   405    17         114.9500   126.1500   9.7434     % 
LB close or above UB, fathomed
1098   404    16         114.9500   126.1500   9.7434     % 
LB close or above UB, fathomed
1099   403    31         114.9500   126.1500   9.7434     % 
UB: 126.15
branching on CartesianIndex(2, 5) with c.
1100   404    32         114.9500   126.1500   9.7434     % 
LB close or above UB, fathomed
1101   403    32         114.9500   126.1500   9.7434     % 
UB: 126.15
branching on CartesianIndex(1, 6) with c.
1102   404    31         114.9500   126.1500   9.7434     % 
LB close or above UB, fathomed
1103   403    22         114.9500   126.1500   9.7434     % 
UB: 126.15
branching on 3 with b.
1104   404    23         114.9500   126.1500   9.7434     % 
LB close or above UB, fathomed
1105   403    23         114.9500   126.1500   9.7434     % 
UB: 126.15
branching on CartesianIndex(2, 3) with a.
1106   404    22         114.9500   126.1500   9.7434     % 
LB close or above UB, fathomed
1107   403    29         114.9500   126.1500   9.7434     % 
UB: 126.15
branching on CartesianIndex(4, 4) with c.
1108   404    30         114.9500   126.1500   9.7434     % 
UB: 126.15
branching on CartesianIndex(5, 4) with c.
1109   405    31         114.9500   126.1500   9.7434     % 
UB: 126.15
branching on CartesianIndex(1, 5) with c.
1110   406    32         114.9500   126.1500   9.7434     % 
UB: 126.15
branching on CartesianIndex(2, 5) with c.
1111   407    33         114.9500   126.1500   9.7434     % 
LB close or above UB, fathomed
1112   406    33         114.9500   126.1500   9.7434     % 
UB: 126.15
branching on 2 with b.
1113   407    32         114.9500   126.1500   9.7434     % 
LB close or above UB, fathomed
1114   406    31         114.9500   126.1500   9.7434     % 
LB close or above UB, fathomed
1115   405    30         114.9500   126.1500   9.7434     % 
LB close or above UB, fathomed
1116   404    29         114.9500   126.1500   9.7434     % 
LB close or above UB, fathomed
1117   403    24         114.9500   126.1500   9.7434     % 
UB: 126.15
branching on CartesianIndex(1, 3) with a.
1118   404    24         114.9500   126.1500   9.7434     % 
UB: 126.15
branching on CartesianIndex(1, 3) with a.
1119   405    18         114.9500   126.1500   9.7434     % 
UB: 126.15
branching on CartesianIndex(7, 2) with a.
1120   406    19         114.9500   126.1500   9.7434     % 
LB close or above UB, fathomed
1121   405    19         114.9500   126.1500   9.7434     % 
UB: 126.15
branching on CartesianIndex(1, 3) with a.
1122   406    18         114.9500   126.1500   9.7434     % 
LB close or above UB, fathomed
1123   405    26         114.9500   126.1500   9.7434     % 
LB close or above UB, fathomed
1124   404    26         114.9500   126.1500   9.7434     % 
UB: 126.15
branching on CartesianIndex(1, 5) with c.
1125   405    27         114.9500   126.1500   9.7434     % 
LB close or above UB, fathomed
1126   404    27         114.9500   126.1500   9.7434     % 
UB: 126.15
branching on CartesianIndex(1, 6) with c.
1127   405    28         114.9500   126.1500   9.7434     % 
UB: 126.15
branching on CartesianIndex(2, 6) with c.
1128   406    29         114.9500   126.1500   9.7434     % 
LB close or above UB, fathomed
1129   405    29         114.9500   126.1500   9.7434     % 
UB: 126.15
branching on CartesianIndex(1, 7) with c.
1130   406    30         114.9500   126.1500   9.7434     % 
UB: 126.15
branching on 3 with b.
1131   407    31         114.9500   126.1500   9.7434     % 
UB: 126.15
branching on CartesianIndex(2, 7) with c.
1132   408    32         114.9500   126.1500   9.7434     % 
UB: 126.15
branching on CartesianIndex(3, 7) with c.
1133   409    33         114.9500   126.1500   9.7434     % 
UB: 126.15
branching on CartesianIndex(4, 7) with c.
1134   410    34         114.9500   126.1500   9.7434     % 
UB: 126.15
branching on 1 with b.
1135   411    35         114.9500   126.1500   9.7434     % 
LB close or above UB, fathomed
1136   410    35         114.9500   126.1500   9.7434     % 
UB: 126.15
branching on CartesianIndex(5, 7) with c.
1137   411    36         114.9500   126.1500   9.7434     % 
UB: 126.15
branching on 2 with b.
1138   412    37         114.9500   126.1500   9.7434     % 
LB close or above UB, fathomed
1139   411    37         114.9500   126.1500   9.7434     % 
UB: 126.15
branching on 3 with b.
1140   412    38         114.9500   126.1500   9.7434     % 
UB: 126.15
branching on 1 with b.
1141   413    39         114.9500   126.1500   9.7434     % 
LB close or above UB, fathomed
1142   412    39         114.9500   126.1500   9.7434     % 
UB: 126.15
branching on 2 with b.
1143   413    38         114.9500   126.1500   9.7434     % 
UB: 126.15
branching on 1 with b.
1144   414    39         114.9500   126.1500   9.7434     % 
LB close or above UB, fathomed
1145   413    39         114.9500   126.1500   9.7434     % 
UB: 126.15
branching on 2 with b.
1146   414    36         114.9500   126.1500   9.7434     % 
LB close or above UB, fathomed
1147   413    34         114.9500   126.1500   9.7434     % 
LB close or above UB, fathomed
1148   412    33         114.9500   126.1500   9.7434     % 
LB close or above UB, fathomed
1149   411    32         114.9500   126.1500   9.7434     % 
LB close or above UB, fathomed
1150   410    31         114.9500   126.1500   9.7434     % 
LB close or above UB, fathomed
1151   409    30         114.9500   126.1500   9.7434     % 
LB close or above UB, fathomed
1152   408    28         114.9500   126.1500   9.7434     % 
LB close or above UB, fathomed
1153   407    23         114.9500   126.1500   9.7434     % 
UB: 126.15
branching on 3 with b.
1154   408    23         114.9500   126.1500   9.7434     % 
LB close or above UB, fathomed
1155   407    27         114.9500   126.1500   9.7434     % 
UB: 126.15
branching on 2 with b.
1156   408    28         114.9500   126.1500   9.7434     % 
LB close or above UB, fathomed
1157   407    28         114.9500   126.1500   9.7434     % 
UB: 126.15
branching on CartesianIndex(3, 5) with c.
1158   408    29         114.9500   126.1500   9.7434     % 
UB: 126.15
branching on CartesianIndex(4, 5) with c.
1159   409    30         114.9500   126.1500   9.7434     % 
UB: 126.15
branching on CartesianIndex(5, 5) with c.
1160   410    30         114.9500   126.1500   9.7434     % 
LB close or above UB, fathomed
1161   409    29         114.9500   126.1500   9.7434     % 
LB close or above UB, fathomed
1162   408    27         114.9500   126.1500   9.7434     % 
LB close or above UB, fathomed
1163   407    24         114.9500   126.1500   9.7434     % 
UB: 126.15
branching on CartesianIndex(3, 3) with a.
1164   408    25         114.9500   126.1500   9.7434     % 
UB: 126.15
branching on CartesianIndex(4, 3) with a.
1165   409    26         114.9500   126.1500   9.7434     % 
LB close or above UB, fathomed
1166   408    26         114.9500   126.1500   9.7434     % 
UB: 126.15
branching on CartesianIndex(1, 4) with c.
1167   409    25         114.9500   126.1500   9.7434     % 
LB close or above UB, fathomed
1168   408    24         114.9500   126.1500   9.7434     % 
LB close or above UB, fathomed
1169   407    20         114.9500   126.1500   9.7434     % 
UB: 126.15
branching on CartesianIndex(7, 2) with a.
1170   408    21         114.9500   126.1500   9.7434     % 
UB: 126.15
branching on CartesianIndex(8, 2) with a.
1171   409    22         114.9500   126.1500   9.7434     % 
LB close or above UB, fathomed
1172   408    22         114.9500   126.1500   9.7434     % 
UB: 126.15
branching on CartesianIndex(1, 3) with a.
1173   409    23         114.9500   126.1500   9.7434     % 
UB: 126.15
branching on CartesianIndex(2, 3) with a.
1174   410    24         114.9500   126.1500   9.7434     % 
UB: 126.15
branching on CartesianIndex(3, 3) with a.
1175   411    25         114.9500   126.1500   9.7434     % 
UB: 126.15
branching on 1 with b.
1176   411    26         114.9500   126.1500   9.7434     % 
UB: 126.15
branching on CartesianIndex(4, 3) with a.
1177   412    27         114.9500   126.1500   9.7434     % 
LB close or above UB, fathomed
1178   411    27         114.9500   126.1500   9.7434     % 
UB: 126.15
branching on 2 with b.
1179   412    25         114.9500   126.1500   9.7434     % 
LB close or above UB, fathomed
1180   411    24         114.9500   126.1500   9.7434     % 
LB close or above UB, fathomed
1181   410    23         114.9500   126.1500   9.7434     % 
LB close or above UB, fathomed
1182   409    21         114.9500   126.1500   9.7434     % 
LB close or above UB, fathomed
1183   408    20         114.9500   126.1500   9.7434     % 
UB: 126.15
branching on CartesianIndex(1, 3) with a.
1184   409    22         114.9500   126.1500   9.7434     % 
UB: 126.15
branching on CartesianIndex(2, 3) with a.
1185   410    23         114.9500   126.1500   9.7434     % 
UB: 126.15
branching on 3 with b.
1186   411    24         114.9500   126.1500   9.7434     % 
LB close or above UB, fathomed
1187   410    24         114.9500   126.1500   9.7434     % 
UB: 126.15
branching on CartesianIndex(3, 3) with a.
1188   411    23         114.9500   126.1500   9.7434     % 
LB close or above UB, fathomed
1189   410    22         114.9500   126.1500   9.7434     % 
LB close or above UB, fathomed
1190   409    23         114.9500   126.1500   9.7434     % 
UB: 126.15
branching on 1 with b.
1191   409    24         114.9500   126.1500   9.7434     % 
UB: 126.15
branching on CartesianIndex(3, 3) with a.
1192   410    25         114.9500   126.1500   9.7434     % 
UB: 126.15
branching on CartesianIndex(4, 3) with a.
1193   411    26         114.9500   126.1500   9.7434     % 
LB close or above UB, fathomed
1194   410    26         114.9500   126.1500   9.7434     % 
UB: 126.15
branching on CartesianIndex(1, 4) with c.
1195   411    25         114.9500   126.1500   9.7434     % 
LB close or above UB, fathomed
1196   410    23         114.9500   126.1500   9.7434     % 
LB close or above UB, fathomed
1197   409    23         114.9500   126.1500   9.7434     % 
UB: 126.15
branching on CartesianIndex(2, 3) with a.
1198   410    24         114.9500   126.1500   9.7434     % 
UB: 126.15
branching on CartesianIndex(3, 3) with a.
1199   411    25         114.9500   126.1500   9.7434     % 
UB: 126.15
branching on 1 with b.
1200   411    26         114.9500   126.1500   9.7434     % 
UB: 126.15
branching on CartesianIndex(4, 3) with a.
1201   412    27         114.9500   126.1500   9.7434     % 
LB close or above UB, fathomed
1202   411    27         114.9500   126.1500   9.7434     % 
UB: 126.15
branching on CartesianIndex(1, 4) with c.
1203   412    25         114.9500   126.1500   9.7434     % 
LB close or above UB, fathomed
1204   411    24         114.9500   126.1500   9.7434     % 
LB close or above UB, fathomed
1205   410    23         114.9500   126.1500   9.7434     % 
LB close or above UB, fathomed
1206   409    38         114.9500   126.1500   9.7434     % 
UB: 126.15
branching on 3 with b.
1207   410    39         114.9500   126.1500   9.7434     % 
UB: 126.15
branching on 1 with b.
1208   411    40         114.9500   126.1500   9.7434     % 
UB: 126.15
branching on 2 with b.
1209   412    40         114.9500   126.1500   9.7434     % 
UB: 126.15
branching on 2 with b.
1210   413    41         114.9500   126.1500   9.7434     % 
UB: 126.15
branching on 3 with b.
1211   414    41         114.9500   126.1500   9.7434     % 
UB: 126.15
branching on 3 with b.
1212   415    42         114.9500   126.1500   9.7434     % 
LB close or above UB, fathomed
1213   414    42         114.9500   126.1500   9.7434     % 
UB: 126.15
branching on 1 with b.
1214   415    39         114.9500   126.1500   9.7434     % 
LB close or above UB, fathomed
1215   414    38         114.9500   126.1500   9.7434     % 
UB: 126.15
branching on 3 with b.
1216   415    39         114.9500   126.1500   9.7434     % 
UB: 126.15
branching on 1 with b.
1217   416    40         114.9500   126.1500   9.7434     % 
UB: 126.15
branching on 2 with b.
1218   417    40         114.9500   126.1500   9.7434     % 
UB: 126.15
branching on 2 with b.
1219   418    41         114.9500   126.1500   9.7434     % 
UB: 126.15
branching on 3 with b.
1220   419    42         114.9500   126.1500   9.7434     % 
LB close or above UB, fathomed
1221   418    42         114.9500   126.1500   9.7434     % 
UB: 126.15
branching on 1 with b.
1222   419    41         114.9500   126.1500   9.7434     % 
UB: 126.15
branching on 3 with b.
1223   420    39         114.9500   126.1500   9.7434     % 
LB close or above UB, fathomed
1224   419    20         114.9500   126.1500   9.7434     % 
UB: 126.15
branching on CartesianIndex(2, 3) with a.
1225   420    21         114.9500   126.1500   9.7434     % 
UB: 126.15
branching on CartesianIndex(3, 3) with a.
1226   421    22         114.9500   126.1500   9.7434     % 
UB: 126.15
branching on 2 with b.
1227   422    23         114.9500   126.1500   9.7434     % 
UB: 126.15
branching on CartesianIndex(4, 3) with a.
1228   423    24         114.9500   126.1500   9.7434     % 
UB: 126.15
branching on CartesianIndex(5, 3) with a.
1229   424    24         114.9500   126.1500   9.7434     % 
UB: 126.15
branching on CartesianIndex(1, 4) with c.
1230   425    23         114.9500   126.1500   9.7434     % 
LB close or above UB, fathomed
1231   424    22         114.9500   126.1500   9.7434     % 
LB close or above UB, fathomed
1232   423    21         114.9500   126.1500   9.7434     % 
LB close or above UB, fathomed
1233   422    20         114.9500   126.1500   9.7434     % 
LB close or above UB, fathomed
1234   421    24         114.9500   126.1500   9.7434     % 
UB: 126.15
branching on 1 with b.
1235   422    25         114.9500   126.1500   9.7434     % 
UB: 126.15
branching on CartesianIndex(4, 3) with a.
1236   423    25         114.9500   126.1500   9.7434     % 
LB close or above UB, fathomed
1237   422    24         114.9500   126.1500   9.7434     % 
LB close or above UB, fathomed
1238   421    22         114.9500   126.1500   9.7434     % 
UB: 126.15
branching on 3 with b.
1239   422    23         114.9500   126.1500   9.7434     % 
LB close or above UB, fathomed
1240   421    23         114.9500   126.1500   9.7434     % 
UB: 126.15
branching on CartesianIndex(1, 3) with a.
1241   422    24         114.9500   126.1500   9.7434     % 
UB: 126.15
branching on CartesianIndex(2, 3) with a.
1242   423    25         114.9500   126.1500   9.7434     % 
UB: 126.15
branching on CartesianIndex(3, 3) with a.
1243   424    26         114.9500   126.1500   9.7434     % 
UB: 126.15
branching on CartesianIndex(4, 3) with a.
1244   425    27         114.9500   126.1500   9.7434     % 
LB close or above UB, fathomed
1245   424    27         114.9500   126.1500   9.7434     % 
UB: 126.15
branching on CartesianIndex(1, 4) with c.
1246   425    26         114.9500   126.1500   9.7434     % 
LB close or above UB, fathomed
1247   424    25         114.9500   126.1500   9.7434     % 
LB close or above UB, fathomed
1248   423    24         114.9500   126.1500   9.7434     % 
LB close or above UB, fathomed
1249   422    22         114.9500   126.1500   9.7434     % 
LB close or above UB, fathomed
1250   421    18         114.9500   126.1500   9.7434     % 
UB: 126.15
branching on CartesianIndex(2, 3) with a.
1251   422    19         114.9500   126.1500   9.7434     % 
UB: 126.15
branching on CartesianIndex(3, 3) with a.
1252   423    20         114.9500   126.1500   9.7434     % 
UB: 126.15
branching on CartesianIndex(4, 3) with a.
1253   424    21         114.9500   126.1500   9.7434     % 
LB close or above UB, fathomed
1254   423    21         114.9500   126.1500   9.7434     % 
UB: 126.15
branching on CartesianIndex(1, 4) with c.
1255   424    20         114.9500   126.1500   9.7434     % 
LB close or above UB, fathomed
1256   423    19         114.9500   126.1500   9.7434     % 
LB close or above UB, fathomed
1257   422    18         114.9500   126.1500   9.7434     % 
LB close or above UB, fathomed
1258   421    21         114.9500   126.1500   9.7434     % 
UB: 126.15
branching on CartesianIndex(5, 2) with a.
1259   422    22         114.9500   126.1500   9.7434     % 
UB: 126.15
branching on CartesianIndex(6, 2) with a.
1260   422    22         114.9500   126.1500   9.7434     % 
UB: 126.15
branching on CartesianIndex(1, 3) with a.
1261   423    21         114.9500   126.1500   9.7434     % 
UB: 126.15
branching on CartesianIndex(1, 3) with a.
1262   424    23         114.9500   126.1500   9.7434     % 
LB close or above UB, fathomed
1263   423    23         114.9500   126.1500   9.7434     % 
UB: 126.15
branching on CartesianIndex(1, 4) with c.
1264   424    24         114.9500   126.1500   9.7434     % 
UB: 126.15
branching on CartesianIndex(2, 4) with c.
1265   425    25         114.9500   126.1500   9.7434     % 
LB close or above UB, fathomed
1266   424    25         114.9500   126.1500   9.7434     % 
UB: 126.15
branching on 2 with b.
1267   425    26         114.9500   126.1500   9.7434     % 
LB close or above UB, fathomed
1268   424    26         114.9500   126.1500   9.7434     % 
UB: 126.15
branching on CartesianIndex(1, 5) with c.
1269   425    27         114.9500   126.1500   9.7434     % 
UB: 126.15
branching on CartesianIndex(2, 5) with c.
1270   426    28         114.9500   126.1500   9.7434     % 
UB: 126.15
branching on 3 with b.
1271   427    29         114.9500   126.1500   9.7434     % 
LB close or above UB, fathomed
1272   426    29         114.9500   126.1500   9.7434     % 
UB: 126.15
branching on CartesianIndex(3, 5) with c.
1273   427    30         114.9500   126.1500   9.7434     % 
UB: 126.15
branching on CartesianIndex(4, 5) with c.
1274   428    31         114.9500   126.1500   9.7434     % 
UB: 126.15
branching on CartesianIndex(5, 5) with c.
1275   429    31         114.9500   126.1500   9.7434     % 
LB close or above UB, fathomed
1276   428    30         114.9500   126.1500   9.7434     % 
LB close or above UB, fathomed
1277   427    28         114.9500   126.1500   9.7434     % 
LB close or above UB, fathomed
1278   426    27         114.9500   126.1500   9.7434     % 
LB close or above UB, fathomed
1279   425    24         114.9500   126.1500   9.7434     % 
LB close or above UB, fathomed
1280   424    14         114.9500   126.1500   9.7434     % 
UB: 126.15
branching on CartesianIndex(4, 2) with a.
1281   425    15         114.9500   126.1500   9.7434     % 
UB: 126.15
branching on CartesianIndex(5, 2) with a.
1282   426    15         114.9500   126.1500   9.7434     % 
LB close or above UB, fathomed
1283   425    14         114.9500   126.1500   9.7434     % 
LB close or above UB, fathomed
1284   424    13         114.9500   126.1500   9.7434     % 
UB: 126.15
branching on CartesianIndex(8, 1) with a.
1285   425    14         114.9500   126.1500   9.7434     % 
LB close or above UB, fathomed
1286   424    14         114.9500   126.1500   9.7434     % 
UB: 126.15
branching on 2 with b.
1287   425    15         114.9500   126.1500   9.7434     % 
UB: 126.15
branching on CartesianIndex(1, 2) with a.
1288   426    16         114.9500   126.1500   9.7434     % 
UB: 126.15
branching on 3 with b.
1289   427    17         114.9500   126.1500   9.7434     % 
UB: 126.15
branching on 1 with b.
1290   428    18         114.9500   126.1500   9.7434     % 
UB: 126.15
branching on CartesianIndex(2, 2) with a.
1291   429    19         114.9500   126.1500   9.7434     % 
UB: 126.15
branching on CartesianIndex(3, 2) with a.
1292   430    20         114.9500   126.1500   9.7434     % 
UB: 126.15
branching on 2 with b.
1293   431    21         114.9500   126.1500   9.7434     % 
UB: 126.15
branching on CartesianIndex(4, 2) with a.
1294   432    21         114.9500   126.1500   9.7434     % 
UB: 126.15
branching on 3 with b.
1295   433    20         114.9500   126.1500   9.7434     % 
LB close or above UB, fathomed
1296   432    19         114.9500   126.1500   9.7434     % 
LB close or above UB, fathomed
1297   431    18         114.9500   126.1500   9.7434     % 
LB close or above UB, fathomed
1298   430    17         114.9500   126.1500   9.7434     % 
UB: 126.15
branching on CartesianIndex(2, 2) with a.
1299   431    18         114.9500   126.1500   9.7434     % 
UB: 126.15
branching on CartesianIndex(3, 2) with a.
1300   432    19         114.9500   126.1500   9.7434     % 
UB: 126.15
branching on CartesianIndex(4, 2) with a.
1301   433    19         114.9500   126.1500   9.7434     % 
LB close or above UB, fathomed
1302   432    18         114.9500   126.1500   9.7434     % 
LB close or above UB, fathomed
1303   431    16         114.9500   126.1500   9.7434     % 
LB close or above UB, fathomed
1304   430    15         114.9500   126.1500   9.7434     % 
LB close or above UB, fathomed
1305   429    13         114.9500   126.1500   9.7434     % 
LB close or above UB, fathomed
1306   428    27         114.9500   126.1500   9.7434     % 
UB: 126.15
branching on CartesianIndex(2, 4) with c.
1307   429    28         114.9500   126.1500   9.7434     % 
UB: 126.15
branching on CartesianIndex(3, 4) with c.
1308   430    29         114.9500   126.1500   9.7434     % 
UB: 126.15
branching on CartesianIndex(4, 4) with c.
1309   431    30         114.9500   126.1500   9.7434     % 
UB: 126.15
branching on CartesianIndex(5, 4) with c.
1310   432    31         114.9500   126.1500   9.7434     % 
UB: 126.15
branching on CartesianIndex(1, 5) with c.
1311   433    32         114.9500   126.1500   9.7434     % 
UB: 126.15
branching on CartesianIndex(2, 5) with c.
1312   434    33         114.9500   126.1500   9.7434     % 
LB close or above UB, fathomed
1313   433    33         114.9500   126.1500   9.7434     % 
LB close or above UB, fathomed
1314   432    32         114.9500   126.1500   9.7434     % 
LB close or above UB, fathomed
1315   431    31         114.9500   126.1500   9.7434     % 
LB close or above UB, fathomed
1316   430    30         114.9500   126.1500   9.7434     % 
LB close or above UB, fathomed
1317   429    29         114.9500   126.1500   9.7434     % 
LB close or above UB, fathomed
1318   428    28         114.9500   126.1500   9.7434     % 
LB close or above UB, fathomed
1319   427    27         114.9500   126.1500   9.7434     % 
LB close or above UB, fathomed
1320   426    28         114.9500   126.1500   9.7434     % 
UB: 126.15
branching on CartesianIndex(2, 4) with c.
1321   427    29         114.9500   126.1500   9.7434     % 
UB: 126.15
branching on 3 with b.
1322   428    30         114.9500   126.1500   9.7434     % 
UB: 126.15
branching on CartesianIndex(3, 4) with c.
1323   429    30         114.9500   126.1500   9.7434     % 
LB close or above UB, fathomed
1324   428    29         114.9500   126.1500   9.7434     % 
LB close or above UB, fathomed
1325   427    28         114.9500   126.1500   9.7434     % 
LB close or above UB, fathomed
1326   426    26         114.9500   126.1500   9.7434     % 
UB: 126.15
branching on 2 with b.
1327   427    27         114.9500   126.1500   9.7434     % 
UB: 126.15
branching on CartesianIndex(1, 4) with c.
1328   428    28         114.9500   126.1500   9.7434     % 
UB: 126.15
branching on CartesianIndex(2, 4) with c.
1329   429    29         114.9500   126.1500   9.7434     % 
UB: 126.15
branching on CartesianIndex(3, 4) with c.
1330   430    30         114.9500   126.1500   9.7434     % 
UB: 126.15
branching on CartesianIndex(4, 4) with c.
1331   431    31         114.9500   126.1500   9.7434     % 
UB: 126.15
branching on CartesianIndex(5, 4) with c.
1332   432    32         114.9500   126.1500   9.7434     % 
UB: 126.15
branching on CartesianIndex(1, 5) with c.
1333   433    33         114.9500   126.1500   9.7434     % 
UB: 126.15
branching on CartesianIndex(2, 5) with c.
1334   434    34         114.9500   126.1500   9.7434     % 
LB close or above UB, fathomed
1335   433    34         114.9500   126.1500   9.7434     % 
LB close or above UB, fathomed
1336   432    33         114.9500   126.1500   9.7434     % 
LB close or above UB, fathomed
1337   431    32         114.9500   126.1500   9.7434     % 
LB close or above UB, fathomed
1338   430    31         114.9500   126.1500   9.7434     % 
LB close or above UB, fathomed
1339   429    30         114.9500   126.1500   9.7434     % 
LB close or above UB, fathomed
1340   428    29         114.9500   126.1500   9.7434     % 
LB close or above UB, fathomed
1341   427    28         114.9500   126.1500   9.7434     % 
LB close or above UB, fathomed
1342   426    27         114.9500   126.1500   9.7434     % 
UB: 126.15
branching on 3 with b.
1343   427    26         114.9500   126.1500   9.7434     % 
UB: 126.15
branching on 2 with b.
1344   428    28         114.9500   126.1500   9.7434     % 
UB: 126.15
branching on CartesianIndex(2, 4) with c.
1345   429    29         114.9500   126.1500   9.7434     % 
LB close or above UB, fathomed
1346   428    29         114.9500   126.1500   9.7434     % 
UB: 126.15
branching on CartesianIndex(1, 5) with c.
1347   429    28         114.9500   126.1500   9.7434     % 
LB close or above UB, fathomed
1348   428    11         114.9500   126.1500   9.7434     % 
UB: 126.15
branching on 1 with b.
1349   429    12         114.9500   126.1500   9.7434     % 
UB: 126.15
branching on CartesianIndex(3, 3) with a.
1350   430    12         114.9500   126.1500   9.7434     % 
UB: 126.15
branching on CartesianIndex(3, 3) with a.
1351   431    11         114.9500   126.1500   9.7434     % 
LB close or above UB, fathomed
1352   430    21         114.9500   126.1500   9.7434     % 
LB close or above UB, fathomed
1353   429    21         114.9500   126.1500   9.7434     % 
UB: 126.15
branching on CartesianIndex(1, 4) with c.
1354   430    22         114.9500   126.1500   9.7434     % 
UB: 126.15
branching on CartesianIndex(2, 4) with c.
1355   431    23         114.9500   126.1500   9.7434     % 
LB close or above UB, fathomed
1356   430    23         114.9500   126.1500   9.7434     % 
UB: 126.15
branching on 3 with b.
1357   431    22         114.9500   126.1500   9.7434     % 
LB close or above UB, fathomed
1358   430    21         114.9500   126.1500   9.7434     % 
UB: 126.15
branching on CartesianIndex(2, 4) with c.
1359   431    22         114.9500   126.1500   9.7434     % 
LB close or above UB, fathomed
1360   430    22         114.9500   126.1500   9.7434     % 
LB close or above UB, fathomed
1361   429    21         114.9500   126.1500   9.7434     % 
LB close or above UB, fathomed
1362   428    21         114.9500   126.1500   9.7434     % 
LB close or above UB, fathomed
1363   427    21         114.9500   126.1500   9.7434     % 
UB: 126.15
branching on CartesianIndex(5, 3) with a.
1364   428    22         114.9500   126.1500   9.7434     % 
UB: 126.15
branching on CartesianIndex(6, 3) with a.
1365   429    23         114.9500   126.1500   9.7434     % 
UB: 126.15
branching on 3 with b.
1366   430    23         114.9500   126.1500   9.7434     % 
LB close or above UB, fathomed
1367   429    22         114.9500   126.1500   9.7434     % 
LB close or above UB, fathomed
1368   428    15         114.9500   126.1500   9.7434     % 
UB: 126.15
branching on CartesianIndex(1, 4) with c.
1369   429    15         114.9500   126.1500   9.7434     % 
UB: 126.15
branching on 2 with b.
1370   430    16         114.9500   126.1500   9.7434     % 
LB close or above UB, fathomed
1371   429    16         114.9500   126.1500   9.7434     % 
UB: 126.15
branching on 3 with b.
1372   430    17         114.9500   126.1500   9.7434     % 
UB: 126.15
branching on 1 with b.
1373   431    18         114.9500   126.1500   9.7434     % 
UB: 126.15
branching on CartesianIndex(1, 4) with c.
1374   432    18         114.9500   126.1500   9.7434     % 
UB: 126.15
branching on CartesianIndex(1, 4) with c.
1375   433    19         114.9500   126.1500   9.7434     % 
UB: 126.15
branching on CartesianIndex(2, 4) with c.
1376   434    20         114.9500   126.1500   9.7434     % 
LB close or above UB, fathomed
1377   433    20         114.9500   126.1500   9.7434     % 
LB close or above UB, fathomed
1378   432    19         114.9500   126.1500   9.7434     % 
LB close or above UB, fathomed
1379   431    17         114.9500   126.1500   9.7434     % 
LB close or above UB, fathomed
1380   430    23         114.9500   126.1500   9.7434     % 
UB: 126.15
branching on CartesianIndex(1, 3) with a.
1381   431    24         114.9500   126.1500   9.7434     % 
UB: 126.15
branching on CartesianIndex(2, 3) with a.
1382   432    25         114.9500   126.1500   9.7434     % 
UB: 126.15
branching on CartesianIndex(3, 3) with a.
1383   433    25         114.9500   126.1500   9.7434     % 
UB: 126.15
branching on CartesianIndex(1, 4) with c.
1384   434    24         114.9500   126.1500   9.7434     % 
LB close or above UB, fathomed
1385   433    23         114.9500   126.1500   9.7434     % 
LB close or above UB, fathomed
1386   432    21         114.9500   126.1500   9.7434     % 
UB: 126.15
branching on CartesianIndex(2, 4) with c.
1387   433    22         114.9500   126.1500   9.7434     % 
LB close or above UB, fathomed
1388   432    22         114.9500   126.1500   9.7434     % 
LB close or above UB, fathomed
1389   431    21         114.9500   126.1500   9.7434     % 
LB close or above UB, fathomed
1390   430    20         114.9500   126.1500   9.7434     % 
LB close or above UB, fathomed
1391   429    20         114.9500   126.1500   9.7434     % 
UB: 126.15
branching on 1 with b.
1392   430    22         114.9500   126.1500   9.7434     % 
UB: 126.15
branching on CartesianIndex(2, 3) with a.
1393   431    23         114.9500   126.1500   9.7434     % 
UB: 126.15
branching on CartesianIndex(3, 3) with a.
1394   432    24         114.9500   126.1500   9.7434     % 
UB: 126.15
branching on CartesianIndex(4, 3) with a.
1395   433    25         114.9500   126.1500   9.7434     % 
LB close or above UB, fathomed
1396   432    25         114.9500   126.1500   9.7434     % 
UB: 126.15
branching on CartesianIndex(1, 4) with c.
1397   433    24         114.9500   126.1500   9.7434     % 
LB close or above UB, fathomed
1398   432    23         114.9500   126.1500   9.7434     % 
LB close or above UB, fathomed
1399   431    22         114.9500   126.1500   9.7434     % 
LB close or above UB, fathomed
1400   430    12         114.9500   126.1500   9.7434     % 
UB: 126.15
branching on 1 with b.
1401   431    13         114.9500   126.1500   9.7434     % 
UB: 126.15
branching on 2 with b.
1402   432    14         114.9500   126.1500   9.7434     % 
UB: 126.15
branching on 3 with b.
1403   433    15         114.9500   126.1500   9.7434     % 
UB: 126.15
branching on 1 with b.
1404   434    16         114.9500   126.1500   9.7434     % 
UB: 126.15
branching on 2 with b.
1405   435    16         114.9500   126.1500   9.7434     % 
UB: 126.15
branching on CartesianIndex(2, 3) with a.
1406   436    17         114.9500   126.1500   9.7434     % 
UB: 126.15
branching on CartesianIndex(3, 3) with a.
1407   437    18         114.9500   126.1500   9.7434     % 
UB: 126.15
branching on CartesianIndex(4, 3) with a.
1408   438    19         114.9500   126.1500   9.7434     % 
UB: 126.15
branching on CartesianIndex(5, 3) with a.
1409   439    19         114.9500   126.1500   9.7434     % 
UB: 126.15
branching on CartesianIndex(1, 4) with c.
1410   440    18         114.9500   126.1500   9.7434     % 
LB close or above UB, fathomed
1411   439    17         114.9500   126.1500   9.7434     % 
LB close or above UB, fathomed
1412   438    15         114.9500   126.1500   9.7434     % 
LB close or above UB, fathomed
1413   437    14         114.9500   126.1500   9.7434     % 
UB: 126.15
branching on CartesianIndex(2, 3) with a.
1414   438    13         114.9500   126.1500   9.7434     % 
UB: 126.15
branching on CartesianIndex(2, 3) with a.
1415   439    12         114.9500   126.1500   9.7434     % 
LB close or above UB, fathomed
1416   438    28         114.9500   126.1500   9.7434     % 
UB: 126.15
branching on CartesianIndex(1, 4) with c.
1417   439    29         114.9500   126.1500   9.7434     % 
UB: 126.15
branching on CartesianIndex(2, 4) with c.
1418   440    30         114.9500   126.1500   9.7434     % 
UB: 126.15
branching on CartesianIndex(3, 4) with c.
1419   441    31         114.9500   126.1500   9.7434     % 
UB: 126.15
branching on CartesianIndex(4, 4) with c.
1420   442    32         114.9500   126.1500   9.7434     % 
UB: 126.15
branching on CartesianIndex(5, 4) with c.
1421   443    33         114.9500   126.1500   9.7434     % 
UB: 126.15
branching on CartesianIndex(1, 5) with c.
1422   444    34         114.9500   126.1500   9.7434     % 
UB: 126.15
branching on CartesianIndex(2, 5) with c.
1423   445    35         114.9500   126.1500   9.7434     % 
LB close or above UB, fathomed
1424   444    35         114.9500   126.1500   9.7434     % 
LB close or above UB, fathomed
1425   443    34         114.9500   126.1500   9.7434     % 
LB close or above UB, fathomed
1426   442    33         114.9500   126.1500   9.7434     % 
LB close or above UB, fathomed
1427   441    32         114.9500   126.1500   9.7434     % 
LB close or above UB, fathomed
1428   440    31         114.9500   126.1500   9.7434     % 
LB close or above UB, fathomed
1429   439    30         114.9500   126.1500   9.7434     % 
LB close or above UB, fathomed
1430   438    29         114.9500   126.1500   9.7434     % 
LB close or above UB, fathomed
1431   437    28         114.9500   126.1500   9.7434     % 
LB close or above UB, fathomed
1432   436    31         114.9500   126.1500   9.7434     % 
UB: 126.15
branching on CartesianIndex(4, 4) with c.
1433   437    32         114.9500   126.1500   9.7434     % 
UB: 126.15
branching on CartesianIndex(5, 4) with c.
1434   438    33         114.9500   126.1500   9.7434     % 
UB: 126.15
branching on CartesianIndex(1, 5) with c.
1435   439    34         114.9500   126.1500   9.7434     % 
UB: 126.15
branching on CartesianIndex(2, 5) with c.
1436   440    35         114.9500   126.1500   9.7434     % 
LB close or above UB, fathomed
1437   439    35         114.9500   126.1500   9.7434     % 
LB close or above UB, fathomed
1438   438    34         114.9500   126.1500   9.7434     % 
LB close or above UB, fathomed
1439   437    33         114.9500   126.1500   9.7434     % 
LB close or above UB, fathomed
1440   436    32         114.9500   126.1500   9.7434     % 
LB close or above UB, fathomed
1441   435    31         114.9500   126.1500   9.7434     % 
LB close or above UB, fathomed
1442   434    20         114.9500   126.1500   9.7434     % 
UB: 126.15
branching on CartesianIndex(5, 2) with a.
1443   435    20         114.9500   126.1500   9.7434     % 
UB: 126.15
branching on 1 with b.
1444   436    42         114.9500   126.1500   9.7434     % 
UB: 126.15
branching on 1 with b.
1445   437    43         114.9500   126.1500   9.7434     % 
UB: 126.15
branching on 2 with b.
1446   438    43         114.9500   126.1500   9.7434     % 
UB: 126.15
branching on 2 with b.
1447   439    44         114.9500   126.1500   9.7434     % 
UB: 126.15
branching on 3 with b.
1448   440    45         114.9500   126.1500   9.7434     % 
UB: 126.15
branching on 1 with b.
1449   441    46         114.9500   126.1500   9.7434     % 
UB: 126.15
branching on 2 with b.
1450   441    47         114.9500   126.1500   9.7434     % 
UB: 126.15
branching on 3 with b.
1451   442    48         114.9500   126.1500   9.7434     % 
UB: 126.15
branching on 1 with b.
1452   442    48         114.9500   126.1500   9.7434     % 
LB close or above UB, fathomed
1453   441    46         114.9500   126.1500   9.7434     % 
UB: 126.15
branching on 2 with b.
1454   441    47         114.9500   126.1500   9.7434     % 
UB: 126.15
branching on 3 with b.
1455   442    48         114.9500   126.1500   9.7434     % 
UB: 126.15
branching on 1 with b.
1456   443    48         114.9500   126.1500   9.7434     % 
LB close or above UB, fathomed
1457   442    45         114.9500   126.1500   9.7434     % 
LB close or above UB, fathomed
1458   441    44         114.9500   126.1500   9.7434     % 
UB: 126.15
branching on 3 with b.
1459   442    42         114.9500   126.1500   9.7434     % 
LB close or above UB, fathomed
1460   441    28         114.9500   126.1500   9.7434     % 
UB: 126.15
branching on CartesianIndex(2, 4) with c.
1461   442    29         114.9500   126.1500   9.7434     % 
UB: 126.15
branching on CartesianIndex(3, 4) with c.
1462   443    30         114.9500   126.1500   9.7434     % 
UB: 126.15
branching on 3 with b.
1463   444    31         114.9500   126.1500   9.7434     % 
UB: 126.15
branching on CartesianIndex(4, 4) with c.
1464   445    32         114.9500   126.1500   9.7434     % 
UB: 126.15
branching on CartesianIndex(5, 4) with c.
1465   446    33         114.9500   126.1500   9.7434     % 
UB: 126.15
branching on CartesianIndex(1, 5) with c.
1466   447    34         114.9500   126.1500   9.7434     % 
UB: 126.15
branching on CartesianIndex(2, 5) with c.
1467   448    35         114.9500   126.1500   9.7434     % 
LB close or above UB, fathomed
1468   447    35         114.9500   126.1500   9.7434     % 
LB close or above UB, fathomed
1469   446    34         114.9500   126.1500   9.7434     % 
LB close or above UB, fathomed
1470   445    33         114.9500   126.1500   9.7434     % 
LB close or above UB, fathomed
1471   444    32         114.9500   126.1500   9.7434     % 
LB close or above UB, fathomed
1472   443    31         114.9500   126.1500   9.7434     % 
LB close or above UB, fathomed
1473   442    30         114.9500   126.1500   9.7434     % 
LB close or above UB, fathomed
1474   441    29         114.9500   126.1500   9.7434     % 
LB close or above UB, fathomed
1475   440    28         114.9500   126.1500   9.7434     % 
LB close or above UB, fathomed
1476   439    10         117.6941   126.1500   7.1847     % 
UB: 126.15
branching on CartesianIndex(5, 1) with a.
1477   440    11         117.6941   126.1500   7.1847     % 
LB close or above UB, fathomed
1478   439    11         117.6941   126.1500   7.1847     % 
UB: 126.15
branching on 2 with b.
1479   440    12         117.6941   126.1500   7.1847     % 
UB: 126.15
branching on CartesianIndex(1, 2) with a.
1480   441    12         117.6941   126.1500   7.1847     % 
LB close or above UB, fathomed
1481   440    10         117.6941   126.1500   7.1847     % 
LB close or above UB, fathomed
1482   439    21         117.7500   126.1500   7.1338     % 
UB: 126.15
branching on CartesianIndex(1, 3) with a.
1483   440    22         117.7500   126.1500   7.1338     % 
UB: 126.15
branching on CartesianIndex(2, 3) with a.
1484   441    23         117.7500   126.1500   7.1338     % 
UB: 126.15
branching on CartesianIndex(3, 3) with a.
1485   442    24         117.7500   126.1500   7.1338     % 
UB: 126.15
branching on CartesianIndex(4, 3) with a.
1486   443    25         117.7500   126.1500   7.1338     % 
LB close or above UB, fathomed
1487   442    25         117.7500   126.1500   7.1338     % 
UB: 126.15
branching on CartesianIndex(1, 4) with c.
1488   443    24         117.7500   126.1500   7.1338     % 
LB close or above UB, fathomed
1489   442    23         117.7500   126.1500   7.1338     % 
LB close or above UB, fathomed
1490   441    22         117.7500   126.1500   7.1338     % 
LB close or above UB, fathomed
1491   440    21         117.7500   126.1500   7.1338     % 
UB: 126.15
branching on 2 with b.
1492   441    22         117.7500   126.1500   7.1338     % 
UB: 126.15
branching on 3 with b.
1493   442    23         117.7500   126.1500   7.1338     % 
UB: 126.15
branching on CartesianIndex(1, 3) with a.
1494   443    24         117.7500   126.1500   7.1338     % 
UB: 126.15
branching on CartesianIndex(2, 3) with a.
1495   444    25         117.7500   126.1500   7.1338     % 
UB: 126.15
branching on CartesianIndex(3, 3) with a.
1496   445    26         117.7500   126.1500   7.1338     % 
UB: 126.15
branching on CartesianIndex(4, 3) with a.
1497   446    27         117.7500   126.1500   7.1338     % 
LB close or above UB, fathomed
1498   445    27         117.7500   126.1500   7.1338     % 
UB: 126.15
branching on CartesianIndex(1, 4) with c.
1499   446    26         117.7500   126.1500   7.1338     % 
LB close or above UB, fathomed
1500   445    25         117.7500   126.1500   7.1338     % 
LB close or above UB, fathomed
1501   444    24         117.7500   126.1500   7.1338     % 
LB close or above UB, fathomed
1502   443    23         117.7500   126.1500   7.1338     % 
LB close or above UB, fathomed
1503   442    22         117.7500   126.1500   7.1338     % 
LB close or above UB, fathomed
1504   441    22         117.7500   126.1500   7.1338     % 
UB: 126.15
branching on CartesianIndex(4, 2) with a.
1505   442    23         117.7500   126.1500   7.1338     % 
UB: 126.15
branching on CartesianIndex(5, 2) with a.
1506   443    23         117.7500   126.1500   7.1338     % 
UB: 126.15
branching on CartesianIndex(1, 3) with a.
1507   444    22         117.7500   126.1500   7.1338     % 
UB: 126.15
branching on CartesianIndex(4, 2) with a.
1508   445    23         117.7500   126.1500   7.1338     % 
UB: 126.15
branching on CartesianIndex(5, 2) with a.
1509   446    23         117.7500   126.1500   7.1338     % 
UB: 126.15
branching on CartesianIndex(1, 3) with a.
1510   447    42         117.7500   126.1500   7.1338     % 
LB close or above UB, fathomed
1511   446    42         117.7500   126.1500   7.1338     % 
UB: 126.15
branching on 1 with b.
1512   447    25         117.7500   126.1500   7.1338     % 
UB: 126.15
branching on CartesianIndex(2, 3) with a.
1513   448    26         117.7500   126.1500   7.1338     % 
UB: 126.15
branching on 3 with b.
1514   449    26         117.7500   126.1500   7.1338     % 
LB close or above UB, fathomed
1515   448    25         117.7500   126.1500   7.1338     % 
LB close or above UB, fathomed
1516   447    32         117.7500   126.1500   7.1338     % 
LB close or above UB, fathomed
1517   446    32         117.7500   126.1500   7.1338     % 
UB: 126.15
branching on CartesianIndex(1, 5) with c.
1518   447    25         117.7500   126.1500   7.1338     % 
LB close or above UB, fathomed
1519   446    25         117.7500   126.1500   7.1338     % 
UB: 126.15
branching on CartesianIndex(1, 6) with c.
1520   447    26         117.7500   126.1500   7.1338     % 
UB: 126.15
branching on 2 with b.
1521   448    27         117.7500   126.1500   7.1338     % 
UB: 126.15
branching on 3 with b.
1522   449    28         117.7500   126.1500   7.1338     % 
UB: 126.15
branching on CartesianIndex(2, 6) with c.
1523   450    29         117.7500   126.1500   7.1338     % 
UB: 126.15
branching on CartesianIndex(3, 6) with c.
1524   451    30         117.7500   126.1500   7.1338     % 
UB: 126.15
branching on CartesianIndex(4, 6) with c.
1525   452    31         117.7500   126.1500   7.1338     % 
UB: 126.15
branching on CartesianIndex(5, 6) with c.
1526   453    32         117.7500   126.1500   7.1338     % 
UB: 126.15
branching on CartesianIndex(1, 7) with c.
1527   454    33         117.7500   126.1500   7.1338     % 
UB: 126.15
branching on CartesianIndex(2, 7) with c.
1528   455    34         117.7500   126.1500   7.1338     % 
LB close or above UB, fathomed
1529   454    34         117.7500   126.1500   7.1338     % 
UB: 126.15
branching on 1 with b.
1530   455    35         117.7500   126.1500   7.1338     % 
LB close or above UB, fathomed
1531   454    35         117.7500   126.1500   7.1338     % 
UB: 126.15
branching on 2 with b.
1532   455    33         117.7500   126.1500   7.1338     % 
LB close or above UB, fathomed
1533   454    32         117.7500   126.1500   7.1338     % 
LB close or above UB, fathomed
1534   453    31         117.7500   126.1500   7.1338     % 
LB close or above UB, fathomed
1535   452    30         117.7500   126.1500   7.1338     % 
LB close or above UB, fathomed
1536   451    29         117.7500   126.1500   7.1338     % 
LB close or above UB, fathomed
1537   450    28         117.7500   126.1500   7.1338     % 
LB close or above UB, fathomed
1538   449    27         117.7500   126.1500   7.1338     % 
LB close or above UB, fathomed
1539   448    26         117.7500   126.1500   7.1338     % 
LB close or above UB, fathomed
1540   447    19         117.7500   126.1500   7.1338     % 
UB: 126.15
branching on 2 with b.
1541   448    20         117.7500   126.1500   7.1338     % 
UB: 126.15
branching on 3 with b.
1542   449    21         117.7500   126.1500   7.1338     % 
UB: 126.15
branching on 1 with b.
1543   450    22         117.7500   126.1500   7.1338     % 
LB close or above UB, fathomed
1544   449    22         117.7500   126.1500   7.1338     % 
UB: 126.15
branching on CartesianIndex(6, 3) with a.
1545   450    21         117.7500   126.1500   7.1338     % 
LB close or above UB, fathomed
1546   449    20         117.7500   126.1500   7.1338     % 
UB: 126.15
branching on 3 with b.
1547   450    19         117.7500   126.1500   7.1338     % 
LB close or above UB, fathomed
1548   449    18         117.7500   126.1500   7.1338     % 
UB: 126.15
branching on CartesianIndex(2, 3) with a.
1549   450    19         117.7500   126.1500   7.1338     % 
UB: 126.15
branching on CartesianIndex(3, 3) with a.
1550   451    20         117.7500   126.1500   7.1338     % 
UB: 126.15
branching on CartesianIndex(4, 3) with a.
1551   452    21         117.7500   126.1500   7.1338     % 
LB close or above UB, fathomed
1552   451    21         117.7500   126.1500   7.1338     % 
LB close or above UB, fathomed
1553   450    20         117.7500   126.1500   7.1338     % 
LB close or above UB, fathomed
1554   449    19         117.7500   126.1500   7.1338     % 
LB close or above UB, fathomed
1555   448    18         117.7500   126.1500   7.1338     % 
LB close or above UB, fathomed
1556   447    15         117.7500   126.1500   7.1338     % 
UB: 126.15
branching on 1 with b.
1557   448    15         117.7500   126.1500   7.1338     % 
LB close or above UB, fathomed
1558   447    20         117.7500   126.1500   7.1338     % 
UB: 126.15
branching on CartesianIndex(2, 4) with c.
1559   448    20         117.7500   126.1500   7.1338     % 
LB close or above UB, fathomed
1560   447    19         117.7500   126.1500   7.1338     % 
UB: 126.15
branching on CartesianIndex(2, 3) with a.
1561   448    20         117.7500   126.1500   7.1338     % 
UB: 126.15
branching on CartesianIndex(3, 3) with a.
1562   449    21         117.7500   126.1500   7.1338     % 
UB: 126.15
branching on CartesianIndex(4, 3) with a.
1563   450    22         117.7500   126.1500   7.1338     % 
LB close or above UB, fathomed
1564   449    22         117.7500   126.1500   7.1338     % 
LB close or above UB, fathomed
1565   448    21         117.7500   126.1500   7.1338     % 
LB close or above UB, fathomed
1566   447    20         117.7500   126.1500   7.1338     % 
LB close or above UB, fathomed
1567   446    19         117.7500   126.1500   7.1338     % 
LB close or above UB, fathomed
1568   445    20         117.7500   126.1500   7.1338     % 
UB: 126.15
branching on CartesianIndex(2, 3) with a.
1569   446    21         117.7500   126.1500   7.1338     % 
UB: 126.15
branching on 3 with b.
1570   447    22         117.7500   126.1500   7.1338     % 
UB: 126.15
branching on CartesianIndex(3, 3) with a.
1571   448    23         117.7500   126.1500   7.1338     % 
UB: 126.15
branching on CartesianIndex(4, 3) with a.
1572   449    24         117.7500   126.1500   7.1338     % 
UB: 126.15
branching on CartesianIndex(5, 3) with a.
1573   450    25         117.7500   126.1500   7.1338     % 
UB: 126.15
branching on CartesianIndex(6, 3) with a.
1574   451    26         117.7500   126.1500   7.1338     % 
UB: 126.15
branching on 1 with b.
1575   452    27         117.7500   126.1500   7.1338     % 
LB close or above UB, fathomed
1576   451    27         117.7500   126.1500   7.1338     % 
UB: 126.15
branching on CartesianIndex(7, 3) with a.
1577   452    28         117.7500   126.1500   7.1338     % 
UB: 126.15
branching on 2 with b.
1578   453    29         117.7500   126.1500   7.1338     % 
UB: 126.15
branching on CartesianIndex(8, 3) with a.
1579   454    29         117.7500   126.1500   7.1338     % 
LB close or above UB, fathomed
1580   453    28         117.7500   126.1500   7.1338     % 
LB close or above UB, fathomed
1581   452    26         117.7500   126.1500   7.1338     % 
UB: 126.15
branching on CartesianIndex(1, 4) with c.
1582   453    25         117.7500   126.1500   7.1338     % 
LB close or above UB, fathomed
1583   452    24         117.7500   126.1500   7.1338     % 
LB close or above UB, fathomed
1584   451    23         117.7500   126.1500   7.1338     % 
LB close or above UB, fathomed
1585   450    22         117.7500   126.1500   7.1338     % 
UB: 126.15
branching on CartesianIndex(3, 3) with a.
1586   451    21         117.7500   126.1500   7.1338     % 
LB close or above UB, fathomed
1587   450    20         117.7500   126.1500   7.1338     % 
LB close or above UB, fathomed
1588   449    20         117.7500   126.1500   7.1338     % 
UB: 126.15
branching on CartesianIndex(2, 5) with c.
1589   450    21         117.7500   126.1500   7.1338     % 
UB: 126.15
branching on CartesianIndex(3, 5) with c.
1590   451    22         117.7500   126.1500   7.1338     % 
UB: 126.15
branching on CartesianIndex(4, 5) with c.
1591   452    23         117.7500   126.1500   7.1338     % 
UB: 126.15
branching on CartesianIndex(5, 5) with c.
1592   453    24         117.7500   126.1500   7.1338     % 
UB: 126.15
branching on CartesianIndex(1, 6) with c.
1593   454    25         117.7500   126.1500   7.1338     % 
LB close or above UB, fathomed
1594   453    25         117.7500   126.1500   7.1338     % 
UB: 126.15
branching on CartesianIndex(1, 7) with c.
1595   454    26         117.7500   126.1500   7.1338     % 
UB: 126.15
branching on CartesianIndex(2, 7) with c.
1596   455    27         117.7500   126.1500   7.1338     % 
LB close or above UB, fathomed
1597   454    27         117.7500   126.1500   7.1338     % 
UB: 126.15
branching on 1 with b.
1598   455    28         117.7500   126.1500   7.1338     % 
LB close or above UB, fathomed
1599   454    28         117.7500   126.1500   7.1338     % 
UB: 126.15
branching on 2 with b.
1600   455    29         117.7500   126.1500   7.1338     % 
UB: 126.15
branching on 3 with b.
1601   456    30         117.7500   126.1500   7.1338     % 
LB close or above UB, fathomed
1602   455    30         117.7500   126.1500   7.1338     % 
UB: 126.15
branching on 1 with b.
1603   456    31         117.7500   126.1500   7.1338     % 
UB: 126.15
branching on 2 with b.
1604   457    31         117.7500   126.1500   7.1338     % 
UB: 126.15
branching on 2 with b.
1605   458    29         117.7500   126.1500   7.1338     % 
LB close or above UB, fathomed
1606   457    26         117.7500   126.1500   7.1338     % 
LB close or above UB, fathomed
1607   456    24         117.7500   126.1500   7.1338     % 
LB close or above UB, fathomed
1608   455    23         117.7500   126.1500   7.1338     % 
LB close or above UB, fathomed
1609   454    22         117.7500   126.1500   7.1338     % 
LB close or above UB, fathomed
1610   453    21         117.7500   126.1500   7.1338     % 
LB close or above UB, fathomed
1611   452    20         117.7500   126.1500   7.1338     % 
LB close or above UB, fathomed
1612   451    18         117.7500   126.1500   7.1338     % 
UB: 126.15
branching on 1 with b.
1613   452    19         117.7500   126.1500   7.1338     % 
UB: 126.15
branching on CartesianIndex(2, 4) with c.
1614   453    20         117.7500   126.1500   7.1338     % 
LB close or above UB, fathomed
1615   452    20         117.7500   126.1500   7.1338     % 
UB: 126.15
branching on CartesianIndex(1, 5) with c.
1616   453    19         117.7500   126.1500   7.1338     % 
LB close or above UB, fathomed
1617   452    18         117.7500   126.1500   7.1338     % 
LB close or above UB, fathomed
1618   451    21         117.7500   126.1500   7.1338     % 
UB: 126.15
branching on CartesianIndex(6, 3) with a.
1619   452    22         117.7500   126.1500   7.1338     % 
UB: 126.15
branching on CartesianIndex(7, 3) with a.
1620   453    22         117.7500   126.1500   7.1338     % 
LB close or above UB, fathomed
1621   452    21         117.7500   126.1500   7.1338     % 
LB close or above UB, fathomed
1622   451    49         117.7500   126.1500   7.1338     % 
UB: 126.15
branching on 2 with b.
1623   452    50         117.7500   126.1500   7.1338     % 
UB: 126.15
branching on 3 with b.
1624   453    51         117.7500   126.1500   7.1338     % 
LB close or above UB, fathomed
1625   452    51         117.7500   126.1500   7.1338     % 
UB: 126.15
branching on 1 with b.
1626   452    52         117.7500   126.1500   7.1338     % 
UB: 126.15
branching on 2 with b.
1627   452    53         117.7500   126.1500   7.1338     % 
UB: 126.15
branching on 3 with b.
1628   453    54         117.7500   126.1500   7.1338     % 
UB: 126.15
branching on 1 with b.
1629   453    54         117.7500   126.1500   7.1338     % 
LB close or above UB, fathomed
1630   452    50         117.7500   126.1500   7.1338     % 
UB: 126.15
branching on 3 with b.
1631   453    49         117.7500   126.1500   7.1338     % 
UB: 126.15
branching on 2 with b.
1632   454    49         117.7500   126.1500   7.1338     % 
UB: 126.15
branching on 2 with b.
1633   455    50         117.7500   126.1500   7.1338     % 
UB: 126.15
branching on 3 with b.
1634   456    51         117.7500   126.1500   7.1338     % 
LB close or above UB, fathomed
1635   455    51         117.7500   126.1500   7.1338     % 
UB: 126.15
branching on 1 with b.
1636   455    52         117.7500   126.1500   7.1338     % 
UB: 126.15
branching on 2 with b.
1637   455    53         117.7500   126.1500   7.1338     % 
UB: 126.15
branching on 3 with b.
1638   456    54         117.7500   126.1500   7.1338     % 
UB: 126.15
branching on 1 with b.
1639   456    54         117.7500   126.1500   7.1338     % 
LB close or above UB, fathomed
1640   455    50         117.7500   126.1500   7.1338     % 
UB: 126.15
branching on 3 with b.
1641   456    17         117.7500   126.1500   7.1338     % 
UB: 126.15
branching on 3 with b.
1642   457    18         117.7500   126.1500   7.1338     % 
LB close or above UB, fathomed
1643   456    18         117.7500   126.1500   7.1338     % 
UB: 126.15
branching on CartesianIndex(2, 3) with a.
1644   457    17         117.7500   126.1500   7.1338     % 
LB close or above UB, fathomed
1645   456    26         117.7500   126.1500   7.1338     % 
UB: 126.15
branching on CartesianIndex(4, 3) with a.
1646   457    26         117.7500   126.1500   7.1338     % 
LB close or above UB, fathomed
1647   456    13         117.7500   126.1500   7.1338     % 
UB: 126.15
branching on CartesianIndex(4, 3) with a.
1648   457    14         117.7500   126.1500   7.1338     % 
LB close or above UB, fathomed
1649   456    14         117.7500   126.1500   7.1338     % 
LB close or above UB, fathomed
1650   455    13         117.7500   126.1500   7.1338     % 
LB close or above UB, fathomed
1651   454    32         117.7500   126.1500   7.1338     % 
UB: 126.15
branching on CartesianIndex(1, 6) with c.
1652   455    33         117.7500   126.1500   7.1338     % 
UB: 126.15
branching on CartesianIndex(2, 6) with c.
1653   456    34         117.7500   126.1500   7.1338     % 
LB close or above UB, fathomed
1654   455    34         117.7500   126.1500   7.1338     % 
UB: 126.15
branching on CartesianIndex(1, 7) with c.
1655   456    35         117.7500   126.1500   7.1338     % 
LB close or above UB, fathomed
1656   455    35         117.7500   126.1500   7.1338     % 
UB: 126.15
branching on 1 with b.
1657   456    36         117.7500   126.1500   7.1338     % 
LB close or above UB, fathomed
1658   455    36         117.7500   126.1500   7.1338     % 
UB: 126.15
branching on 2 with b.
1659   456    37         117.7500   126.1500   7.1338     % 
LB close or above UB, fathomed
1660   455    37         117.7500   126.1500   7.1338     % 
UB: 126.15
branching on 3 with b.
1661   456    38         117.7500   126.1500   7.1338     % 
UB: 126.15
branching on 1 with b.
1662   457    39         117.7500   126.1500   7.1338     % 
UB: 126.15
branching on 2 with b.
1663   458    40         117.7500   126.1500   7.1338     % 
UB: 126.15
branching on 3 with b.
1664   459    40         117.7500   126.1500   7.1338     % 
UB: 126.15
branching on 3 with b.
1665   460    41         117.7500   126.1500   7.1338     % 
UB: 126.15
branching on 1 with b.
1666   461    42         117.7500   126.1500   7.1338     % 
LB close or above UB, fathomed
1667   460    42         117.7500   126.1500   7.1338     % 
UB: 126.15
branching on 2 with b.
1668   461    41         117.7500   126.1500   7.1338     % 
LB close or above UB, fathomed
1669   460    39         117.7500   126.1500   7.1338     % 
UB: 126.15
branching on 2 with b.
1670   461    40         117.7500   126.1500   7.1338     % 
UB: 126.15
branching on 3 with b.
1671   462    40         117.7500   126.1500   7.1338     % 
UB: 126.15
branching on 3 with b.
1672   463    41         117.7500   126.1500   7.1338     % 
UB: 126.15
branching on 1 with b.
1673   464    42         117.7500   126.1500   7.1338     % 
UB: 126.15
branching on 2 with b.
1674   465    43         117.7500   126.1500   7.1338     % 
UB: 126.15
branching on 3 with b.
1675   466    43         117.7500   126.1500   7.1338     % 
UB: 126.15
branching on 3 with b.
1676   467    44         117.7500   126.1500   7.1338     % 
UB: 126.15
branching on 1 with b.
1677   467    44         117.7500   126.1500   7.1338     % 
LB close or above UB, fathomed
1678   466    42         117.7500   126.1500   7.1338     % 
UB: 126.15
branching on 2 with b.
1679   467    43         117.7500   126.1500   7.1338     % 
UB: 126.15
branching on 3 with b.
1680   468    43         117.7500   126.1500   7.1338     % 
UB: 126.15
branching on 3 with b.
1681   469    44         117.7500   126.1500   7.1338     % 
UB: 126.15
branching on 1 with b.
1682   470    44         117.7500   126.1500   7.1338     % 
LB close or above UB, fathomed
1683   469    41         117.7500   126.1500   7.1338     % 
LB close or above UB, fathomed
1684   468    38         117.7500   126.1500   7.1338     % 
LB close or above UB, fathomed
1685   467    33         117.7500   126.1500   7.1338     % 
LB close or above UB, fathomed
1686   466    32         117.7500   126.1500   7.1338     % 
LB close or above UB, fathomed
1687   465    23         117.7500   126.1500   7.1338     % 
UB: 126.15
branching on CartesianIndex(2, 3) with a.
1688   466    23         117.7500   126.1500   7.1338     % 
LB close or above UB, fathomed
1689   465    43         117.7500   126.1500   7.1338     % 
UB: 126.15
branching on 2 with b.
1690   465    44         117.7500   126.1500   7.1338     % 
UB: 126.15
branching on 3 with b.
1691   466    45         117.7500   126.1500   7.1338     % 
LB close or above UB, fathomed
1692   465    45         117.7500   126.1500   7.1338     % 
UB: 126.15
branching on 1 with b.
1693   465    43         117.7500   126.1500   7.1338     % 
UB: 126.15
branching on 2 with b.
1694   465    44         117.7500   126.1500   7.1338     % 
UB: 126.15
branching on 3 with b.
1695   466    45         117.7500   126.1500   7.1338     % 
LB close or above UB, fathomed
1696   465    45         117.7500   126.1500   7.1338     % 
UB: 126.15
branching on 1 with b.
1697   466    41         117.7500   126.1500   7.1338     % 
UB: 126.15
branching on 3 with b.
1698   467    42         117.7500   126.1500   7.1338     % 
LB close or above UB, fathomed
1699   466    42         117.7500   126.1500   7.1338     % 
UB: 126.15
branching on 1 with b.
1700   467    41         117.7500   126.1500   7.1338     % 
UB: 126.15
branching on 3 with b.
1701   468    43         117.7500   126.1500   7.1338     % 
UB: 126.15
branching on 2 with b.
1702   469    44         117.7500   126.1500   7.1338     % 
UB: 126.15
branching on 3 with b.
1703   470    45         117.7500   126.1500   7.1338     % 
LB close or above UB, fathomed
1704   469    45         117.7500   126.1500   7.1338     % 
UB: 126.15
branching on 1 with b.
1705   469    44         117.7500   126.1500   7.1338     % 
UB: 126.15
branching on 3 with b.
1706   470    45         117.7500   126.1500   7.1338     % 
LB close or above UB, fathomed
1707   469    45         117.7500   126.1500   7.1338     % 
UB: 126.15
branching on 1 with b.
1708   469    43         117.7500   126.1500   7.1338     % 
UB: 126.15
branching on 2 with b.
1709   470    44         117.7500   126.1500   7.1338     % 
UB: 126.15
branching on 3 with b.
1710   471    45         117.7500   126.1500   7.1338     % 
LB close or above UB, fathomed
1711   470    45         117.7500   126.1500   7.1338     % 
UB: 126.15
branching on 1 with b.
1712   471    44         117.7500   126.1500   7.1338     % 
UB: 126.15
branching on 3 with b.
1713   472    45         117.7500   126.1500   7.1338     % 
LB close or above UB, fathomed
1714   471    45         117.7500   126.1500   7.1338     % 
UB: 126.15
branching on 1 with b.
1715   472    41         117.7500   126.1500   7.1338     % 
UB: 126.15
branching on 3 with b.
1716   473    41         117.7500   126.1500   7.1338     % 
UB: 126.15
branching on 3 with b.
1717   474    42         117.7500   126.1500   7.1338     % 
LB close or above UB, fathomed
1718   473    42         117.7500   126.1500   7.1338     % 
UB: 126.15
branching on 1 with b.
1719   474    25         117.7500   126.1500   7.1338     % 
UB: 126.15
branching on CartesianIndex(4, 3) with a.
1720   475    26         117.7500   126.1500   7.1338     % 
LB close or above UB, fathomed
1721   474    26         117.7500   126.1500   7.1338     % 
UB: 126.15
branching on CartesianIndex(1, 4) with c.
1722   475    25         117.7500   126.1500   7.1338     % 
LB close or above UB, fathomed
1723   474    31         117.7500   126.1500   7.1338     % 
UB: 126.15
branching on CartesianIndex(1, 6) with c.
1724   475    32         117.7500   126.1500   7.1338     % 
LB close or above UB, fathomed
1725   474    32         117.7500   126.1500   7.1338     % 
UB: 126.15
branching on CartesianIndex(1, 7) with c.
1726   475    33         117.7500   126.1500   7.1338     % 
UB: 126.15
branching on CartesianIndex(2, 7) with c.
1727   476    34         117.7500   126.1500   7.1338     % 
LB close or above UB, fathomed
1728   475    34         117.7500   126.1500   7.1338     % 
UB: 126.15
branching on 3 with b.
1729   476    35         117.7500   126.1500   7.1338     % 
UB: 126.15
branching on 1 with b.
1730   477    36         117.7500   126.1500   7.1338     % 
UB: 126.15
branching on 2 with b.
1731   478    37         117.7500   126.1500   7.1338     % 
UB: 126.15
branching on 3 with b.
1732   479    37         117.7500   126.1500   7.1338     % 
UB: 126.15
branching on 3 with b.
1733   480    38         117.7500   126.1500   7.1338     % 
LB close or above UB, fathomed
1734   479    38         117.7500   126.1500   7.1338     % 
UB: 126.15
branching on 1 with b.
1735   480    36         117.7500   126.1500   7.1338     % 
UB: 126.15
branching on 2 with b.
1736   481    37         117.7500   126.1500   7.1338     % 
UB: 126.15
branching on 3 with b.
1737   482    37         117.7500   126.1500   7.1338     % 
UB: 126.15
branching on 3 with b.
1738   483    38         117.7500   126.1500   7.1338     % 
LB close or above UB, fathomed
1739   482    38         117.7500   126.1500   7.1338     % 
UB: 126.15
branching on 1 with b.
1740   483    35         117.7500   126.1500   7.1338     % 
LB close or above UB, fathomed
1741   482    33         117.7500   126.1500   7.1338     % 
LB close or above UB, fathomed
1742   481    31         117.7500   126.1500   7.1338     % 
LB close or above UB, fathomed
1743   480    20         117.7500   126.1500   7.1338     % 
UB: 126.15
branching on CartesianIndex(2, 3) with a.
1744   481    21         117.7500   126.1500   7.1338     % 
UB: 126.15
branching on CartesianIndex(3, 3) with a.
1745   482    21         117.7500   126.1500   7.1338     % 
UB: 126.15
branching on CartesianIndex(1, 4) with c.
1746   483    20         117.7500   126.1500   7.1338     % 
LB close or above UB, fathomed
1747   482    24         117.7500   126.1500   7.1338     % 
UB: 126.15
branching on CartesianIndex(3, 3) with a.
1748   483    25         117.7500   126.1500   7.1338     % 
UB: 126.15
branching on CartesianIndex(4, 3) with a.
1749   484    26         117.7500   126.1500   7.1338     % 
LB close or above UB, fathomed
1750   483    26         117.7500   126.1500   7.1338     % 
UB: 126.15
branching on CartesianIndex(1, 4) with c.
1751   484    25         117.7500   126.1500   7.1338     % 
LB close or above UB, fathomed
1752   483    24         117.7500   126.1500   7.1338     % 
LB close or above UB, fathomed
1753   482    33         117.7500   126.1500   7.1338     % 
UB: 126.15
branching on CartesianIndex(2, 6) with c.
1754   483    34         117.7500   126.1500   7.1338     % 
LB close or above UB, fathomed
1755   482    34         117.7500   126.1500   7.1338     % 
UB: 126.15
branching on CartesianIndex(1, 7) with c.
1756   483    35         117.7500   126.1500   7.1338     % 
UB: 126.15
branching on CartesianIndex(2, 7) with c.
1757   484    36         117.7500   126.1500   7.1338     % 
UB: 126.15
branching on CartesianIndex(3, 7) with c.
1758   485    37         117.7500   126.1500   7.1338     % 
UB: 126.15
branching on CartesianIndex(4, 7) with c.
1759   486    38         117.7500   126.1500   7.1338     % 
UB: 126.15
branching on 3 with b.
1760   487    39         117.7500   126.1500   7.1338     % 
UB: 126.15
branching on 1 with b.
1761   488    40         117.7500   126.1500   7.1338     % 
LB close or above UB, fathomed
1762   487    40         117.7500   126.1500   7.1338     % 
UB: 126.15
branching on CartesianIndex(5, 7) with c.
1763   488    39         117.7500   126.1500   7.1338     % 
LB close or above UB, fathomed
1764   487    38         117.7500   126.1500   7.1338     % 
LB close or above UB, fathomed
1765   486    37         117.7500   126.1500   7.1338     % 
LB close or above UB, fathomed
1766   485    36         117.7500   126.1500   7.1338     % 
LB close or above UB, fathomed
1767   484    35         117.7500   126.1500   7.1338     % 
LB close or above UB, fathomed
1768   483    33         117.7500   126.1500   7.1338     % 
LB close or above UB, fathomed
1769   482    23         117.7500   126.1500   7.1338     % 
LB close or above UB, fathomed
1770   481    23         117.7500   126.1500   7.1338     % 
LB close or above UB, fathomed
1771   480    49         117.7500   126.1500   7.1338     % 
UB: 126.15
branching on 2 with b.
1772   480    50         117.7500   126.1500   7.1338     % 
UB: 126.15
branching on 3 with b.
1773   481    51         117.7500   126.1500   7.1338     % 
LB close or above UB, fathomed
1774   480    51         117.7500   126.1500   7.1338     % 
UB: 126.15
branching on 1 with b.
1775   480    52         117.7500   126.1500   7.1338     % 
UB: 126.15
branching on 2 with b.
1776   480    53         117.7500   126.1500   7.1338     % 
UB: 126.15
branching on 3 with b.
1777   481    54         117.7500   126.1500   7.1338     % 
UB: 126.15
branching on 1 with b.
1778   481    54         117.7500   126.1500   7.1338     % 
LB close or above UB, fathomed
1779   480    49         117.7500   126.1500   7.1338     % 
UB: 126.15
branching on 2 with b.
1780   480    49         117.7500   126.1500   7.1338     % 
UB: 126.15
branching on 2 with b.
1781   481    50         117.7500   126.1500   7.1338     % 
UB: 126.15
branching on 3 with b.
1782   482    50         117.7500   126.1500   7.1338     % 
UB: 126.15
branching on 3 with b.
1783   483    51         117.7500   126.1500   7.1338     % 
LB close or above UB, fathomed
1784   482    51         117.7500   126.1500   7.1338     % 
UB: 126.15
branching on 1 with b.
1785   482    52         117.7500   126.1500   7.1338     % 
UB: 126.15
branching on 2 with b.
1786   483    53         117.7500   126.1500   7.1338     % 
UB: 126.15
branching on 3 with b.
1787   484    54         117.7500   126.1500   7.1338     % 
UB: 126.15
branching on 1 with b.
1788   484    54         117.7500   126.1500   7.1338     % 
LB close or above UB, fathomed
1789   483    53         117.7500   126.1500   7.1338     % 
UB: 126.15
branching on 3 with b.
1790   484    54         117.7500   126.1500   7.1338     % 
UB: 126.15
branching on 1 with b.
1791   484    54         117.7500   126.1500   7.1338     % 
LB close or above UB, fathomed
1792   483    49         117.7500   126.1500   7.1338     % 
UB: 126.15
branching on 2 with b.
1793   484    49         117.7500   126.1500   7.1338     % 
UB: 126.15
branching on 2 with b.
1794   484    50         117.7500   126.1500   7.1338     % 
UB: 126.15
branching on 3 with b.
1795   485    51         117.7500   126.1500   7.1338     % 
LB close or above UB, fathomed
1796   484    51         117.7500   126.1500   7.1338     % 
UB: 126.15
branching on 1 with b.
1797   484    52         117.7500   126.1500   7.1338     % 
UB: 126.15
branching on 2 with b.
1798   484    53         117.7500   126.1500   7.1338     % 
UB: 126.15
branching on 3 with b.
1799   485    54         117.7500   126.1500   7.1338     % 
UB: 126.15
branching on 1 with b.
1800   485    54         117.7500   126.1500   7.1338     % 
LB close or above UB, fathomed
1801   484    49         117.7500   126.1500   7.1338     % 
UB: 126.15
branching on 2 with b.
1802   485    50         117.7500   126.1500   7.1338     % 
UB: 126.15
branching on 3 with b.
1803   486    50         117.7500   126.1500   7.1338     % 
UB: 126.15
branching on 3 with b.
1804   487    51         117.7500   126.1500   7.1338     % 
LB close or above UB, fathomed
1805   486    51         117.7500   126.1500   7.1338     % 
UB: 126.15
branching on 1 with b.
1806   486    52         117.7500   126.1500   7.1338     % 
UB: 126.15
branching on 2 with b.
1807   487    53         117.7500   126.1500   7.1338     % 
UB: 126.15
branching on 3 with b.
1808   488    54         117.7500   126.1500   7.1338     % 
UB: 126.15
branching on 1 with b.
1809   488    54         117.7500   126.1500   7.1338     % 
LB close or above UB, fathomed
1810   487    53         117.7500   126.1500   7.1338     % 
UB: 126.15
branching on 3 with b.
1811   488    54         117.7500   126.1500   7.1338     % 
UB: 126.15
branching on 1 with b.
1812   488    54         117.7500   126.1500   7.1338     % 
LB close or above UB, fathomed
1813   487    45         117.7500   126.1500   7.1338     % 
UB: 126.15
branching on 1 with b.
1814   488    46         117.7500   126.1500   7.1338     % 
UB: 126.15
branching on 2 with b.
1815   489    47         117.7500   126.1500   7.1338     % 
LB close or above UB, fathomed
1816   488    47         117.7500   126.1500   7.1338     % 
UB: 126.15
branching on 3 with b.
1817   489    48         117.7500   126.1500   7.1338     % 
UB: 126.15
branching on 1 with b.
1818   489    48         117.7500   126.1500   7.1338     % 
LB close or above UB, fathomed
1819   488    46         117.7500   126.1500   7.1338     % 
UB: 126.15
branching on 2 with b.
1820   489    47         117.7500   126.1500   7.1338     % 
LB close or above UB, fathomed
1821   488    47         117.7500   126.1500   7.1338     % 
UB: 126.15
branching on 3 with b.
1822   489    48         117.7500   126.1500   7.1338     % 
UB: 126.15
branching on 1 with b.
1823   490    48         117.7500   126.1500   7.1338     % 
LB close or above UB, fathomed
1824   489    45         117.7500   126.1500   7.1338     % 
LB close or above UB, fathomed
1825   488    44         117.7500   126.1500   7.1338     % 
UB: 126.15
branching on 3 with b.
1826   489    44         117.7500   126.1500   7.1338     % 
UB: 126.15
branching on 3 with b.
1827   490    45         117.7500   126.1500   7.1338     % 
UB: 126.15
branching on 1 with b.
1828   491    46         117.7500   126.1500   7.1338     % 
LB close or above UB, fathomed
1829   490    46         117.7500   126.1500   7.1338     % 
UB: 126.15
branching on 2 with b.
1830   491    47         117.7500   126.1500   7.1338     % 
UB: 126.15
branching on 3 with b.
1831   492    48         117.7500   126.1500   7.1338     % 
UB: 126.15
branching on 1 with b.
1832   492    48         117.7500   126.1500   7.1338     % 
LB close or above UB, fathomed
1833   491    47         117.7500   126.1500   7.1338     % 
UB: 126.15
branching on 3 with b.
1834   492    48         117.7500   126.1500   7.1338     % 
UB: 126.15
branching on 1 with b.
1835   492    48         117.7500   126.1500   7.1338     % 
LB close or above UB, fathomed
1836   491    45         117.7500   126.1500   7.1338     % 
LB close or above UB, fathomed
1837   490    18         117.7500   126.1500   7.1338     % 
UB: 126.15
branching on 1 with b.
1838   491    19         117.7500   126.1500   7.1338     % 
UB: 126.15
branching on CartesianIndex(8, 2) with a.
1839   492    19         117.7500   126.1500   7.1338     % 
UB: 126.15
branching on CartesianIndex(8, 2) with a.
1840   493    18         117.7500   126.1500   7.1338     % 
UB: 126.15
branching on CartesianIndex(1, 3) with a.
1841   494    20         117.7500   126.1500   7.1338     % 
UB: 126.15
branching on CartesianIndex(3, 3) with a.
1842   495    21         117.7500   126.1500   7.1338     % 
UB: 126.15
branching on CartesianIndex(4, 3) with a.
1843   496    22         117.7500   126.1500   7.1338     % 
LB close or above UB, fathomed
1844   495    22         117.7500   126.1500   7.1338     % 
UB: 126.15
branching on CartesianIndex(1, 4) with c.
1845   496    21         117.7500   126.1500   7.1338     % 
LB close or above UB, fathomed
1846   495    20         117.7500   126.1500   7.1338     % 
LB close or above UB, fathomed
1847   494    18         117.7500   126.1500   7.1338     % 
LB close or above UB, fathomed
1848   493    18         117.7500   126.1500   7.1338     % 
UB: 126.15
branching on CartesianIndex(7, 3) with a.
1849   494    19         117.7500   126.1500   7.1338     % 
LB close or above UB, fathomed
1850   493    19         117.7500   126.1500   7.1338     % 
UB: 126.15
branching on 3 with b.
1851   494    20         117.7500   126.1500   7.1338     % 
UB: 126.15
branching on CartesianIndex(1, 4) with c.
1852   495    21         117.7500   126.1500   7.1338     % 
UB: 126.15
branching on CartesianIndex(2, 4) with c.
1853   496    21         117.7500   126.1500   7.1338     % 
LB close or above UB, fathomed
1854   495    20         117.7500   126.1500   7.1338     % 
LB close or above UB, fathomed
1855   494    23         117.7500   126.1500   7.1338     % 
UB: 126.15
branching on CartesianIndex(3, 3) with a.
1856   495    24         117.7500   126.1500   7.1338     % 
UB: 126.15
branching on CartesianIndex(4, 3) with a.
1857   496    25         117.7500   126.1500   7.1338     % 
LB close or above UB, fathomed
1858   495    25         117.7500   126.1500   7.1338     % 
LB close or above UB, fathomed
1859   494    24         117.7500   126.1500   7.1338     % 
LB close or above UB, fathomed
1860   493    23         117.7500   126.1500   7.1338     % 
LB close or above UB, fathomed
1861   492    23         117.7500   126.1500   7.1338     % 
UB: 126.15
branching on CartesianIndex(2, 3) with a.
1862   493    24         117.7500   126.1500   7.1338     % 
UB: 126.15
branching on CartesianIndex(3, 3) with a.
1863   494    24         117.7500   126.1500   7.1338     % 
LB close or above UB, fathomed
1864   493    23         117.7500   126.1500   7.1338     % 
LB close or above UB, fathomed
1865   492    22         117.7500   126.1500   7.1338     % 
LB close or above UB, fathomed
1866   491    22         117.7500   126.1500   7.1338     % 
UB: 126.15
branching on CartesianIndex(1, 3) with a.
1867   492    23         117.7500   126.1500   7.1338     % 
UB: 126.15
branching on 2 with b.
1868   493    24         117.7500   126.1500   7.1338     % 
UB: 126.15
branching on 3 with b.
1869   494    25         117.7500   126.1500   7.1338     % 
UB: 126.15
branching on CartesianIndex(2, 3) with a.
1870   495    26         117.7500   126.1500   7.1338     % 
UB: 126.15
branching on CartesianIndex(3, 3) with a.
1871   496    27         117.7500   126.1500   7.1338     % 
UB: 126.15
branching on CartesianIndex(4, 3) with a.
1872   497    28         117.7500   126.1500   7.1338     % 
LB close or above UB, fathomed
1873   496    28         117.7500   126.1500   7.1338     % 
UB: 126.15
branching on CartesianIndex(1, 4) with c.
1874   497    27         117.7500   126.1500   7.1338     % 
LB close or above UB, fathomed
1875   496    26         117.7500   126.1500   7.1338     % 
LB close or above UB, fathomed
1876   495    25         117.7500   126.1500   7.1338     % 
LB close or above UB, fathomed
1877   494    24         117.7500   126.1500   7.1338     % 
LB close or above UB, fathomed
1878   493    23         117.7500   126.1500   7.1338     % 
LB close or above UB, fathomed
1879   492    37         117.7500   126.1500   7.1338     % 
UB: 126.15
branching on CartesianIndex(3, 7) with c.
1880   493    38         117.7500   126.1500   7.1338     % 
UB: 126.15
branching on CartesianIndex(4, 7) with c.
1881   494    39         117.7500   126.1500   7.1338     % 
UB: 126.15
branching on CartesianIndex(5, 7) with c.
1882   495    40         117.7500   126.1500   7.1338     % 
UB: 126.15
branching on 2 with b.
1883   496    41         117.7500   126.1500   7.1338     % 
LB close or above UB, fathomed
1884   495    41         117.7500   126.1500   7.1338     % 
UB: 126.15
branching on 3 with b.
1885   496    40         117.7500   126.1500   7.1338     % 
LB close or above UB, fathomed
1886   495    39         117.7500   126.1500   7.1338     % 
LB close or above UB, fathomed
1887   494    38         117.7500   126.1500   7.1338     % 
LB close or above UB, fathomed
1888   493    37         117.7500   126.1500   7.1338     % 
LB close or above UB, fathomed
1889   492    41         117.7500   126.1500   7.1338     % 
LB close or above UB, fathomed
1890   491    41         117.7500   126.1500   7.1338     % 
UB: 126.15
branching on 3 with b.
1891   492    22         117.7500   126.1500   7.1338     % 
LB close or above UB, fathomed
1892   491    22         117.7500   126.1500   7.1338     % 
UB: 126.15
branching on CartesianIndex(7, 2) with a.
1893   492    23         117.7500   126.1500   7.1338     % 
LB close or above UB, fathomed
1894   491    23         117.7500   126.1500   7.1338     % 
UB: 126.15
branching on CartesianIndex(1, 3) with a.
1895   492    22         117.7500   126.1500   7.1338     % 
UB: 126.15
branching on CartesianIndex(2, 3) with a.
1896   493    23         117.7500   126.1500   7.1338     % 
UB: 126.15
branching on CartesianIndex(3, 3) with a.
1897   494    24         117.7500   126.1500   7.1338     % 
UB: 126.15
branching on CartesianIndex(4, 3) with a.
1898   495    25         117.7500   126.1500   7.1338     % 
LB close or above UB, fathomed
1899   494    25         117.7500   126.1500   7.1338     % 
UB: 126.15
branching on CartesianIndex(1, 4) with c.
1900   495    24         117.7500   126.1500   7.1338     % 
LB close or above UB, fathomed
1901   494    23         117.7500   126.1500   7.1338     % 
LB close or above UB, fathomed
1902   493    22         117.7500   126.1500   7.1338     % 
LB close or above UB, fathomed
1903   492    25         117.7500   126.1500   7.1338     % 
UB: 126.15
branching on CartesianIndex(2, 5) with c.
1904   493    26         117.7500   126.1500   7.1338     % 
UB: 126.15
branching on CartesianIndex(3, 5) with c.
1905   494    27         117.7500   126.1500   7.1338     % 
UB: 126.15
branching on CartesianIndex(4, 5) with c.
1906   495    28         117.7500   126.1500   7.1338     % 
UB: 126.15
branching on 1 with b.
1907   496    29         117.7500   126.1500   7.1338     % 
UB: 126.15
branching on CartesianIndex(5, 5) with c.
1908   497    29         117.7500   126.1500   7.1338     % 
UB: 126.15
branching on CartesianIndex(5, 5) with c.
1909   498    28         117.7500   126.1500   7.1338     % 
LB close or above UB, fathomed
1910   497    27         117.7500   126.1500   7.1338     % 
LB close or above UB, fathomed
1911   496    26         117.7500   126.1500   7.1338     % 
LB close or above UB, fathomed
1912   495    25         117.7500   126.1500   7.1338     % 
LB close or above UB, fathomed
1913   494    27         117.7500   126.1500   7.1338     % 
LB close or above UB, fathomed
1914   493    27         117.7500   126.1500   7.1338     % 
LB close or above UB, fathomed
1915   492    28         117.7500   126.1500   7.1338     % 
LB close or above UB, fathomed
1916   491    28         117.7500   126.1500   7.1338     % 
UB: 126.15
branching on CartesianIndex(1, 5) with c.
1917   492    22         117.7500   126.1500   7.1338     % 
UB: 126.15
branching on CartesianIndex(2, 3) with a.
1918   493    23         117.7500   126.1500   7.1338     % 
UB: 126.15
branching on CartesianIndex(3, 3) with a.
1919   494    24         117.7500   126.1500   7.1338     % 
UB: 126.15
branching on 3 with b.
1920   495    25         117.7500   126.1500   7.1338     % 
LB close or above UB, fathomed
1921   494    25         117.7500   126.1500   7.1338     % 
UB: 126.15
branching on CartesianIndex(4, 3) with a.
1922   495    24         117.7500   126.1500   7.1338     % 
LB close or above UB, fathomed
1923   494    23         117.7500   126.1500   7.1338     % 
LB close or above UB, fathomed
1924   493    22         117.7500   126.1500   7.1338     % 
LB close or above UB, fathomed
1925   492    18         117.7500   126.1500   7.1338     % 
UB: 126.15
branching on CartesianIndex(1, 3) with a.
1926   493    19         117.7500   126.1500   7.1338     % 
UB: 126.15
branching on CartesianIndex(2, 3) with a.
1927   494    20         117.7500   126.1500   7.1338     % 
UB: 126.15
branching on CartesianIndex(3, 3) with a.
1928   495    20         117.7500   126.1500   7.1338     % 
LB close or above UB, fathomed
1929   494    19         117.7500   126.1500   7.1338     % 
LB close or above UB, fathomed
1930   493    18         117.7500   126.1500   7.1338     % 
LB close or above UB, fathomed
1931   492    18         117.7500   126.1500   7.1338     % 
UB: 126.15
branching on 1 with b.
1932   493    18         117.7500   126.1500   7.1338     % 
UB: 126.15
branching on CartesianIndex(1, 4) with c.
1933   494    19         117.7500   126.1500   7.1338     % 
UB: 126.15
branching on 1 with b.
1934   495    19         117.7500   126.1500   7.1338     % 
LB close or above UB, fathomed
1935   494    19         117.7500   126.1500   7.1338     % 
UB: 126.15
branching on CartesianIndex(5, 3) with a.
1936   495    19         117.7500   126.1500   7.1338     % 
UB: 126.15
branching on CartesianIndex(1, 4) with c.
1937   496    20         117.7500   126.1500   7.1338     % 
UB: 126.15
branching on CartesianIndex(2, 4) with c.
1938   497    21         117.7500   126.1500   7.1338     % 
LB close or above UB, fathomed
1939   496    21         117.7500   126.1500   7.1338     % 
UB: 126.15
branching on CartesianIndex(1, 5) with c.
1940   497    20         117.7500   126.1500   7.1338     % 
LB close or above UB, fathomed
1941   496    19         117.7500   126.1500   7.1338     % 
UB: 126.15
branching on CartesianIndex(2, 3) with a.
1942   497    20         117.7500   126.1500   7.1338     % 
UB: 126.15
branching on 2 with b.
1943   498    21         117.7500   126.1500   7.1338     % 
UB: 126.15
branching on CartesianIndex(3, 3) with a.
1944   499    22         117.7500   126.1500   7.1338     % 
UB: 126.15
branching on CartesianIndex(4, 3) with a.
1945   500    23         117.7500   126.1500   7.1338     % 
LB close or above UB, fathomed
1946   499    23         117.7500   126.1500   7.1338     % 
UB: 126.15
branching on CartesianIndex(1, 4) with c.
1947   500    22         117.7500   126.1500   7.1338     % 
LB close or above UB, fathomed
1948   499    21         117.7500   126.1500   7.1338     % 
UB: 126.15
branching on 3 with b.
1949   500    20         117.7500   126.1500   7.1338     % 
LB close or above UB, fathomed
1950   499    19         117.7500   126.1500   7.1338     % 
LB close or above UB, fathomed
1951   498    17         117.7500   126.1500   7.1338     % 
UB: 126.15
branching on CartesianIndex(1, 4) with c.
1952   499    17         117.7500   126.1500   7.1338     % 
LB close or above UB, fathomed
1953   498    25         117.7500   126.1500   7.1338     % 
UB: 126.15
branching on 3 with b.
1954   499    26         117.7500   126.1500   7.1338     % 
LB close or above UB, fathomed
1955   498    26         117.7500   126.1500   7.1338     % 
UB: 126.15
branching on CartesianIndex(2, 4) with c.
1956   499    25         117.7500   126.1500   7.1338     % 
LB close or above UB, fathomed
1957   498    24         117.7500   126.1500   7.1338     % 
UB: 126.15
branching on CartesianIndex(2, 4) with c.
1958   499    25         117.7500   126.1500   7.1338     % 
UB: 126.15
branching on CartesianIndex(3, 4) with c.
1959   500    25         117.7500   126.1500   7.1338     % 
LB close or above UB, fathomed
1960   499    24         117.7500   126.1500   7.1338     % 
LB close or above UB, fathomed
1961   498    24         117.7500   126.1500   7.1338     % 
UB: 126.15
branching on CartesianIndex(6, 3) with a.
1962   499    25         117.7500   126.1500   7.1338     % 
UB: 126.15
branching on 3 with b.
1963   500    25         117.7500   126.1500   7.1338     % 
LB close or above UB, fathomed
1964   499    24         117.7500   126.1500   7.1338     % 
LB close or above UB, fathomed
1965   498    21         117.7500   126.1500   7.1338     % 
UB: 126.15
branching on CartesianIndex(1, 3) with a.
1966   499    22         117.7500   126.1500   7.1338     % 
UB: 126.15
branching on 3 with b.
1967   500    23         117.7500   126.1500   7.1338     % 
LB close or above UB, fathomed
1968   499    23         117.7500   126.1500   7.1338     % 
UB: 126.15
branching on CartesianIndex(2, 3) with a.
1969   500    22         117.7500   126.1500   7.1338     % 
LB close or above UB, fathomed
1970   499    21         117.7500   126.1500   7.1338     % 
LB close or above UB, fathomed
1971   498    21         117.7500   126.1500   7.1338     % 
UB: 126.15
branching on CartesianIndex(1, 3) with a.
1972   499    22         117.7500   126.1500   7.1338     % 
UB: 126.15
branching on CartesianIndex(2, 3) with a.
1973   500    23         117.7500   126.1500   7.1338     % 
UB: 126.15
branching on 2 with b.
1974   501    24         117.7500   126.1500   7.1338     % 
UB: 126.15
branching on CartesianIndex(3, 3) with a.
1975   502    25         117.7500   126.1500   7.1338     % 
UB: 126.15
branching on CartesianIndex(4, 3) with a.
1976   503    26         117.7500   126.1500   7.1338     % 
UB: 126.15
branching on CartesianIndex(5, 3) with a.
1977   504    27         117.7500   126.1500   7.1338     % 
UB: 126.15
branching on CartesianIndex(6, 3) with a.
1978   505    28         117.7500   126.1500   7.1338     % 
UB: 126.15
branching on CartesianIndex(7, 3) with a.
1979   506    29         117.7500   126.1500   7.1338     % 
UB: 126.15
branching on CartesianIndex(8, 3) with a.
1980   507    30         117.7500   126.1500   7.1338     % 
LB close or above UB, fathomed
1981   506    30         117.7500   126.1500   7.1338     % 
UB: 126.15
branching on CartesianIndex(1, 4) with c.
1982   507    31         117.7500   126.1500   7.1338     % 
LB close or above UB, fathomed
1983   506    31         117.7500   126.1500   7.1338     % 
UB: 126.15
branching on 3 with b.
1984   507    29         117.7500   126.1500   7.1338     % 
LB close or above UB, fathomed
1985   506    28         117.7500   126.1500   7.1338     % 
UB: 126.15
branching on CartesianIndex(1, 4) with c.
1986   507    27         117.7500   126.1500   7.1338     % 
LB close or above UB, fathomed
1987   506    26         117.7500   126.1500   7.1338     % 
LB close or above UB, fathomed
1988   505    25         117.7500   126.1500   7.1338     % 
LB close or above UB, fathomed
1989   504    24         117.7500   126.1500   7.1338     % 
LB close or above UB, fathomed
1990   503    23         117.7500   126.1500   7.1338     % 
LB close or above UB, fathomed
1991   502    22         117.7500   126.1500   7.1338     % 
LB close or above UB, fathomed
1992   501    21         117.7500   126.1500   7.1338     % 
LB close or above UB, fathomed
1993   500    21         117.7500   126.1500   7.1338     % 
UB: 126.15
branching on CartesianIndex(2, 4) with c.
1994   501    22         117.7500   126.1500   7.1338     % 
LB close or above UB, fathomed
1995   500    22         117.7500   126.1500   7.1338     % 
LB close or above UB, fathomed
1996   499    21         117.7500   126.1500   7.1338     % 
LB close or above UB, fathomed
1997   498    21         117.7500   126.1500   7.1338     % 
UB: 126.15
branching on CartesianIndex(2, 4) with c.
1998   499    22         117.7500   126.1500   7.1338     % 
LB close or above UB, fathomed
1999   498    22         117.7500   126.1500   7.1338     % 
LB close or above UB, fathomed
2000   497    21         117.7500   126.1500   7.1338     % 
LB close or above UB, fathomed
2001   496    19         117.7500   126.1500   7.1338     % 
UB: 126.15
branching on CartesianIndex(2, 4) with c.
2002   497    20         117.7500   126.1500   7.1338     % 
LB close or above UB, fathomed
2003   496    20         117.7500   126.1500   7.1338     % 
LB close or above UB, fathomed
2004   495    19         117.7500   126.1500   7.1338     % 
LB close or above UB, fathomed
2005   494    19         117.7500   126.1500   7.1338     % 
UB: 126.15
branching on 1 with b.
2006   495    20         117.7500   126.1500   7.1338     % 
UB: 126.15
branching on CartesianIndex(2, 4) with c.
2007   496    21         117.7500   126.1500   7.1338     % 
LB close or above UB, fathomed
2008   495    21         117.7500   126.1500   7.1338     % 
UB: 126.15
branching on CartesianIndex(1, 5) with c.
2009   496    20         117.7500   126.1500   7.1338     % 
LB close or above UB, fathomed
2010   495    19         117.7500   126.1500   7.1338     % 
LB close or above UB, fathomed
2011   494    15         117.7500   126.1500   7.1338     % 
UB: 126.15
branching on CartesianIndex(6, 2) with a.
2012   495    15         117.7500   126.1500   7.1338     % 
LB close or above UB, fathomed
2013   494    21         117.7500   126.1500   7.1338     % 
LB close or above UB, fathomed
2014   493    21         117.7500   126.1500   7.1338     % 
UB: 126.15
branching on CartesianIndex(5, 3) with a.
2015   494    22         117.7500   126.1500   7.1338     % 
UB: 126.15
branching on CartesianIndex(6, 3) with a.
2016   495    23         117.7500   126.1500   7.1338     % 
UB: 126.15
branching on 3 with b.
2017   496    23         117.7500   126.1500   7.1338     % 
LB close or above UB, fathomed
2018   495    22         117.7500   126.1500   7.1338     % 
LB close or above UB, fathomed
2019   494    21         117.7500   126.1500   7.1338     % 
UB: 126.15
branching on CartesianIndex(6, 3) with a.
2020   495    22         117.7500   126.1500   7.1338     % 
UB: 126.15
branching on CartesianIndex(7, 3) with a.
2021   496    22         117.7500   126.1500   7.1338     % 
LB close or above UB, fathomed
2022   495    21         117.7500   126.1500   7.1338     % 
LB close or above UB, fathomed
2023   494    14         117.7500   126.1500   7.1338     % 
UB: 126.15
branching on CartesianIndex(1, 3) with a.
2024   495    14         117.7500   126.1500   7.1338     % 
UB: 126.15
branching on CartesianIndex(1, 3) with a.
2025   496    26         117.7500   126.1500   7.1338     % 
UB: 126.15
branching on CartesianIndex(6, 3) with a.
2026   497    27         117.7500   126.1500   7.1338     % 
UB: 126.15
branching on 1 with b.
2027   498    28         117.7500   126.1500   7.1338     % 
UB: 126.15
branching on CartesianIndex(7, 3) with a.
2028   499    28         117.7500   126.1500   7.1338     % 
UB: 126.15
branching on CartesianIndex(7, 3) with a.
2029   500    27         117.7500   126.1500   7.1338     % 
LB close or above UB, fathomed
2030   499    26         117.7500   126.1500   7.1338     % 
LB close or above UB, fathomed
2031   498    22         117.7500   126.1500   7.1338     % 
UB: 126.15
branching on CartesianIndex(1, 3) with a.
2032   499    22         117.7500   126.1500   7.1338     % 
LB close or above UB, fathomed
2033   498    28         117.7500   126.1500   7.1338     % 
UB: 126.15
branching on CartesianIndex(2, 4) with c.
2034   499    28         117.7500   126.1500   7.1338     % 
LB close or above UB, fathomed
2035   498    24         117.7500   126.1500   7.1338     % 
UB: 126.15
branching on CartesianIndex(3, 3) with a.
2036   499    25         117.7500   126.1500   7.1338     % 
UB: 126.15
branching on CartesianIndex(4, 3) with a.
2037   500    26         117.7500   126.1500   7.1338     % 
UB: 126.15
branching on CartesianIndex(5, 3) with a.
2038   501    27         117.7500   126.1500   7.1338     % 
UB: 126.15
branching on CartesianIndex(6, 3) with a.
2039   502    28         117.7500   126.1500   7.1338     % 
LB close or above UB, fathomed
2040   501    28         117.7500   126.1500   7.1338     % 
UB: 126.15
branching on CartesianIndex(1, 4) with c.
2041   502    27         117.7500   126.1500   7.1338     % 
LB close or above UB, fathomed
2042   501    26         117.7500   126.1500   7.1338     % 
LB close or above UB, fathomed
2043   500    25         117.7500   126.1500   7.1338     % 
LB close or above UB, fathomed
2044   499    24         117.7500   126.1500   7.1338     % 
LB close or above UB, fathomed
2045   498    27         117.7500   126.1500   7.1338     % 
UB: 126.15
branching on CartesianIndex(3, 4) with c.
2046   499    28         117.7500   126.1500   7.1338     % 
UB: 126.15
branching on CartesianIndex(4, 4) with c.
2047   500    29         117.7500   126.1500   7.1338     % 
UB: 126.15
branching on CartesianIndex(5, 4) with c.
2048   501    30         117.7500   126.1500   7.1338     % 
UB: 126.15
branching on CartesianIndex(1, 5) with c.
2049   502    31         117.7500   126.1500   7.1338     % 
UB: 126.15
branching on CartesianIndex(2, 5) with c.
2050   503    32         117.7500   126.1500   7.1338     % 
LB close or above UB, fathomed
2051   502    32         117.7500   126.1500   7.1338     % 
LB close or above UB, fathomed
2052   501    31         117.7500   126.1500   7.1338     % 
LB close or above UB, fathomed
2053   500    30         117.7500   126.1500   7.1338     % 
LB close or above UB, fathomed
2054   499    29         117.7500   126.1500   7.1338     % 
LB close or above UB, fathomed
2055   498    28         117.7500   126.1500   7.1338     % 
LB close or above UB, fathomed
2056   497    27         117.7500   126.1500   7.1338     % 
LB close or above UB, fathomed
2057   496    44         117.7500   126.1500   7.1338     % 
UB: 126.15
branching on 3 with b.
2058   497    45         117.7500   126.1500   7.1338     % 
UB: 126.15
branching on 1 with b.
2059   498    46         117.7500   126.1500   7.1338     % 
LB close or above UB, fathomed
2060   497    46         117.7500   126.1500   7.1338     % 
UB: 126.15
branching on 2 with b.
2061   497    47         117.7500   126.1500   7.1338     % 
UB: 126.15
branching on 3 with b.
2062   498    48         117.7500   126.1500   7.1338     % 
UB: 126.15
branching on 1 with b.
2063   498    48         117.7500   126.1500   7.1338     % 
LB close or above UB, fathomed
2064   497    45         117.7500   126.1500   7.1338     % 
LB close or above UB, fathomed
2065   496    44         117.7500   126.1500   7.1338     % 
UB: 126.15
branching on 3 with b.
2066   497    24         117.7500   126.1500   7.1338     % 
LB close or above UB, fathomed
2067   496    24         117.7500   126.1500   7.1338     % 
UB: 126.15
branching on CartesianIndex(7, 3) with a.
2068   497    25         117.7500   126.1500   7.1338     % 
LB close or above UB, fathomed
2069   496    25         117.7500   126.1500   7.1338     % 
UB: 126.15
branching on CartesianIndex(1, 4) with c.
2070   497    26         117.7500   126.1500   7.1338     % 
UB: 126.15
branching on CartesianIndex(2, 4) with c.
2071   498    26         117.7500   126.1500   7.1338     % 
LB close or above UB, fathomed
2072   497    22         117.7500   126.1500   7.1338     % 
UB: 126.15
branching on CartesianIndex(2, 3) with a.
2073   498    23         117.7500   126.1500   7.1338     % 
UB: 126.15
branching on CartesianIndex(3, 3) with a.
2074   499    24         117.7500   126.1500   7.1338     % 
UB: 126.15
branching on CartesianIndex(4, 3) with a.
2075   500    25         117.7500   126.1500   7.1338     % 
LB close or above UB, fathomed
2076   499    25         117.7500   126.1500   7.1338     % 
UB: 126.15
branching on CartesianIndex(1, 4) with c.
2077   500    24         117.7500   126.1500   7.1338     % 
LB close or above UB, fathomed
2078   499    23         117.7500   126.1500   7.1338     % 
LB close or above UB, fathomed
2079   498    22         117.7500   126.1500   7.1338     % 
LB close or above UB, fathomed
2080   497    26         117.7500   126.1500   7.1338     % 
LB close or above UB, fathomed
2081   496    26         117.7500   126.1500   7.1338     % 
UB: 126.15
branching on CartesianIndex(1, 4) with c.
2082   497    29         117.7500   126.1500   7.1338     % 
UB: 126.15
branching on CartesianIndex(3, 4) with c.
2083   498    30         117.7500   126.1500   7.1338     % 
UB: 126.15
branching on CartesianIndex(4, 4) with c.
2084   499    31         117.7500   126.1500   7.1338     % 
UB: 126.15
branching on CartesianIndex(5, 4) with c.
2085   500    32         117.7500   126.1500   7.1338     % 
UB: 126.15
branching on CartesianIndex(1, 5) with c.
2086   501    33         117.7500   126.1500   7.1338     % 
UB: 126.15
branching on CartesianIndex(2, 5) with c.
2087   502    34         117.7500   126.1500   7.1338     % 
LB close or above UB, fathomed
2088   501    34         117.7500   126.1500   7.1338     % 
UB: 126.15
branching on CartesianIndex(1, 6) with c.
2089   502    33         117.7500   126.1500   7.1338     % 
LB close or above UB, fathomed
2090   501    32         117.7500   126.1500   7.1338     % 
LB close or above UB, fathomed
2091   500    31         117.7500   126.1500   7.1338     % 
LB close or above UB, fathomed
2092   499    30         117.7500   126.1500   7.1338     % 
LB close or above UB, fathomed
2093   498    29         117.7500   126.1500   7.1338     % 
UB: 126.15
branching on CartesianIndex(3, 4) with c.
2094   499    27         117.7500   126.1500   7.1338     % 
UB: 126.15
branching on CartesianIndex(3, 5) with c.
2095   500    28         117.7500   126.1500   7.1338     % 
UB: 126.15
branching on CartesianIndex(4, 5) with c.
2096   501    29         117.7500   126.1500   7.1338     % 
UB: 126.15
branching on CartesianIndex(5, 5) with c.
2097   502    29         117.7500   126.1500   7.1338     % 
LB close or above UB, fathomed
2098   501    28         117.7500   126.1500   7.1338     % 
LB close or above UB, fathomed
2099   500    27         117.7500   126.1500   7.1338     % 
LB close or above UB, fathomed
2100   499    19         117.7500   126.1500   7.1338     % 
UB: 126.15
branching on CartesianIndex(5, 3) with a.
2101   500    20         117.7500   126.1500   7.1338     % 
UB: 126.15
branching on CartesianIndex(6, 3) with a.
2102   501    21         117.7500   126.1500   7.1338     % 
UB: 126.15
branching on CartesianIndex(7, 3) with a.
2103   502    21         117.7500   126.1500   7.1338     % 
LB close or above UB, fathomed
2104   501    20         117.7500   126.1500   7.1338     % 
LB close or above UB, fathomed
2105   500    19         117.7500   126.1500   7.1338     % 
LB close or above UB, fathomed
2106   499    15         117.7500   126.1500   7.1338     % 
UB: 126.15
branching on 2 with b.
2107   500    15         117.7500   126.1500   7.1338     % 
UB: 126.15
branching on 2 with b.
2108   501    16         117.7500   126.1500   7.1338     % 
LB close or above UB, fathomed
2109   500    16         117.7500   126.1500   7.1338     % 
UB: 126.15
branching on CartesianIndex(5, 3) with a.
2110   501    17         117.7500   126.1500   7.1338     % 
UB: 126.15
branching on CartesianIndex(6, 3) with a.
2111   502    18         117.7500   126.1500   7.1338     % 
UB: 126.15
branching on 3 with b.
2112   503    18         117.7500   126.1500   7.1338     % 
LB close or above UB, fathomed
2113   502    17         117.7500   126.1500   7.1338     % 
LB close or above UB, fathomed
2114   501    16         117.7500   126.1500   7.1338     % 
LB close or above UB, fathomed
2115   500    16         117.7500   126.1500   7.1338     % 
LB close or above UB, fathomed
2116   499    30         117.7500   126.1500   7.1338     % 
UB: 126.15
branching on CartesianIndex(4, 4) with c.
2117   500    31         117.7500   126.1500   7.1338     % 
UB: 126.15
branching on CartesianIndex(5, 4) with c.
2118   501    32         117.7500   126.1500   7.1338     % 
UB: 126.15
branching on CartesianIndex(1, 5) with c.
2119   502    33         117.7500   126.1500   7.1338     % 
UB: 126.15
branching on CartesianIndex(2, 5) with c.
2120   503    34         117.7500   126.1500   7.1338     % 
LB close or above UB, fathomed
2121   502    34         117.7500   126.1500   7.1338     % 
LB close or above UB, fathomed
2122   501    33         117.7500   126.1500   7.1338     % 
LB close or above UB, fathomed
2123   500    32         117.7500   126.1500   7.1338     % 
LB close or above UB, fathomed
2124   499    31         117.7500   126.1500   7.1338     % 
LB close or above UB, fathomed
2125   498    30         117.7500   126.1500   7.1338     % 
LB close or above UB, fathomed
2126   497    14         117.7500   126.1500   7.1338     % 
UB: 126.15
branching on 2 with b.
2127   498    15         117.7500   126.1500   7.1338     % 
UB: 126.15
branching on 3 with b.
2128   499    16         117.7500   126.1500   7.1338     % 
UB: 126.15
branching on CartesianIndex(3, 3) with a.
2129   500    17         117.7500   126.1500   7.1338     % 
UB: 126.15
branching on CartesianIndex(4, 3) with a.
2130   501    18         117.7500   126.1500   7.1338     % 
LB close or above UB, fathomed
2131   500    18         117.7500   126.1500   7.1338     % 
LB close or above UB, fathomed
2132   499    17         117.7500   126.1500   7.1338     % 
LB close or above UB, fathomed
2133   498    16         117.7500   126.1500   7.1338     % 
LB close or above UB, fathomed
2134   497    15         117.7500   126.1500   7.1338     % 
UB: 126.15
branching on 3 with b.
2135   498    14         117.7500   126.1500   7.1338     % 
LB close or above UB, fathomed
2136   497    27         117.7500   126.1500   7.1338     % 
UB: 126.15
branching on CartesianIndex(1, 4) with c.
2137   498    28         117.7500   126.1500   7.1338     % 
UB: 126.15
branching on 3 with b.
2138   499    29         117.7500   126.1500   7.1338     % 
UB: 126.15
branching on CartesianIndex(2, 4) with c.
2139   500    30         117.7500   126.1500   7.1338     % 
UB: 126.15
branching on CartesianIndex(3, 4) with c.
2140   501    31         117.7500   126.1500   7.1338     % 
UB: 126.15
branching on CartesianIndex(4, 4) with c.
2141   502    32         117.7500   126.1500   7.1338     % 
UB: 126.15
branching on 1 with b.
2142   503    33         117.7500   126.1500   7.1338     % 
UB: 126.15
branching on 2 with b.
2143   504    34         117.7500   126.1500   7.1338     % 
LB close or above UB, fathomed
2144   503    34         117.7500   126.1500   7.1338     % 
UB: 126.15
branching on CartesianIndex(5, 4) with c.
2145   504    35         117.7500   126.1500   7.1338     % 
UB: 126.15
branching on CartesianIndex(1, 5) with c.
2146   505    36         117.7500   126.1500   7.1338     % 
UB: 126.15
branching on CartesianIndex(2, 5) with c.
2147   506    37         117.7500   126.1500   7.1338     % 
LB close or above UB, fathomed
2148   505    37         117.7500   126.1500   7.1338     % 
LB close or above UB, fathomed
2149   504    36         117.7500   126.1500   7.1338     % 
LB close or above UB, fathomed
2150   503    35         117.7500   126.1500   7.1338     % 
LB close or above UB, fathomed
2151   502    33         117.7500   126.1500   7.1338     % 
UB: 126.15
branching on CartesianIndex(5, 4) with c.
2152   503    32         117.7500   126.1500   7.1338     % 
LB close or above UB, fathomed
2153   502    31         117.7500   126.1500   7.1338     % 
LB close or above UB, fathomed
2154   501    30         117.7500   126.1500   7.1338     % 
LB close or above UB, fathomed
2155   500    29         117.7500   126.1500   7.1338     % 
LB close or above UB, fathomed
2156   499    28         117.7500   126.1500   7.1338     % 
LB close or above UB, fathomed
2157   498    27         117.7500   126.1500   7.1338     % 
UB: 126.15
branching on 3 with b.
2158   499    28         117.7500   126.1500   7.1338     % 
UB: 126.15
branching on CartesianIndex(1, 4) with c.
2159   500    29         117.7500   126.1500   7.1338     % 
UB: 126.15
branching on CartesianIndex(2, 4) with c.
2160   501    30         117.7500   126.1500   7.1338     % 
UB: 126.15
branching on CartesianIndex(3, 4) with c.
2161   502    31         117.7500   126.1500   7.1338     % 
UB: 126.15
branching on CartesianIndex(4, 4) with c.
2162   503    32         117.7500   126.1500   7.1338     % 
UB: 126.15
branching on CartesianIndex(5, 4) with c.
2163   504    33         117.7500   126.1500   7.1338     % 
UB: 126.15
branching on CartesianIndex(1, 5) with c.
2164   505    34         117.7500   126.1500   7.1338     % 
UB: 126.15
branching on CartesianIndex(2, 5) with c.
2165   506    35         117.7500   126.1500   7.1338     % 
LB close or above UB, fathomed
2166   505    35         117.7500   126.1500   7.1338     % 
LB close or above UB, fathomed
2167   504    34         117.7500   126.1500   7.1338     % 
LB close or above UB, fathomed
2168   503    33         117.7500   126.1500   7.1338     % 
LB close or above UB, fathomed
2169   502    32         117.7500   126.1500   7.1338     % 
LB close or above UB, fathomed
2170   501    31         117.7500   126.1500   7.1338     % 
LB close or above UB, fathomed
2171   500    30         117.7500   126.1500   7.1338     % 
LB close or above UB, fathomed
2172   499    29         117.7500   126.1500   7.1338     % 
LB close or above UB, fathomed
2173   498    28         117.7500   126.1500   7.1338     % 
LB close or above UB, fathomed
2174   497    34         117.7500   126.1500   7.1338     % 
UB: 126.15
branching on CartesianIndex(1, 5) with c.
2175   498    35         117.7500   126.1500   7.1338     % 
UB: 126.15
branching on CartesianIndex(2, 5) with c.
2176   499    36         117.7500   126.1500   7.1338     % 
LB close or above UB, fathomed
2177   498    36         117.7500   126.1500   7.1338     % 
UB: 126.15
branching on CartesianIndex(1, 6) with c.
2178   499    35         117.7500   126.1500   7.1338     % 
LB close or above UB, fathomed
2179   498    34         117.7500   126.1500   7.1338     % 
LB close or above UB, fathomed
2180   497    15         120.4820   126.1500   4.7045     % 
UB: 126.15
branching on 1 with b.
2181   498    16         120.4820   126.1500   4.7045     % 
LB close or above UB, fathomed
2182   497    16         120.4820   126.1500   4.7045     % 
LB close or above UB, fathomed
2183   496    15         120.4820   126.1500   4.7045     % 
LB close or above UB, fathomed
2184   495    24         120.4993   126.1500   4.6894     % 
UB: 126.15
branching on 1 with b.
2185   496    25         120.4993   126.1500   4.6894     % 
UB: 126.15
branching on CartesianIndex(3, 3) with a.
2186   497    26         120.4993   126.1500   4.6894     % 
UB: 126.15
branching on CartesianIndex(4, 3) with a.
2187   498    27         120.4993   126.1500   4.6894     % 
UB: 126.15
branching on CartesianIndex(5, 3) with a.
2188   499    27         120.4993   126.1500   4.6894     % 
LB close or above UB, fathomed
2189   498    26         120.4993   126.1500   4.6894     % 
LB close or above UB, fathomed
2190   497    25         120.4993   126.1500   4.6894     % 
UB: 126.15
branching on CartesianIndex(3, 3) with a.
2191   498    24         120.4993   126.1500   4.6894     % 
LB close or above UB, fathomed
2192   497    26         120.5500   126.1500   4.6454     % 
UB: 126.15
branching on 1 with b.
2193   497    27         120.5500   126.1500   4.6454     % 
UB: 126.15
branching on CartesianIndex(2, 4) with c.
2194   498    28         120.5500   126.1500   4.6454     % 
UB: 126.15
branching on 2 with b.
2195   499    29         120.5500   126.1500   4.6454     % 
UB: 126.15
branching on CartesianIndex(3, 4) with c.
2196   500    29         120.5500   126.1500   4.6454     % 
UB: 126.15
branching on CartesianIndex(3, 4) with c.
2197   501    28         120.5500   126.1500   4.6454     % 
LB close or above UB, fathomed
2198   500    26         120.5500   126.1500   4.6454     % 
LB close or above UB, fathomed
2199   499    23         120.5500   126.1500   4.6454     % 
LB close or above UB, fathomed
2200   498    23         120.5500   126.1500   4.6454     % 
LB close or above UB, fathomed
2201   497    26         120.5500   126.1500   4.6454     % 
UB: 126.15
branching on CartesianIndex(4, 4) with c.
2202   498    27         120.5500   126.1500   4.6454     % 
UB: 126.15
branching on 3 with b.
2203   499    28         120.5500   126.1500   4.6454     % 
LB close or above UB, fathomed
2204   498    28         120.5500   126.1500   4.6454     % 
UB: 126.15
branching on 1 with b.
2205   499    29         120.5500   126.1500   4.6454     % 
UB: 126.15
branching on CartesianIndex(5, 4) with c.
2206   500    29         120.5500   126.1500   4.6454     % 
UB: 126.15
branching on 2 with b.
2207   501    27         120.5500   126.1500   4.6454     % 
LB close or above UB, fathomed
2208   500    26         120.5500   126.1500   4.6454     % 
LB close or above UB, fathomed
2209   499    55         120.5500   126.1500   4.6454     % 
UB: 126.15
branching on 2 with b.
2210   499    56         120.5500   126.1500   4.6454     % 
UB: 126.15
branching on 3 with b.
2211   500    57         120.5500   126.1500   4.6454     % 
LB close or above UB, fathomed
2212   499    57         120.5500   126.1500   4.6454     % 
LB close or above UB, fathomed
2213   498    55         120.5500   126.1500   4.6454     % 
UB: 126.15
branching on 2 with b.
2214   498    56         120.5500   126.1500   4.6454     % 
UB: 126.15
branching on 3 with b.
2215   499    57         120.5500   126.1500   4.6454     % 
LB close or above UB, fathomed
2216   498    57         120.5500   126.1500   4.6454     % 
LB close or above UB, fathomed
2217   497    51         120.5500   126.1500   4.6454     % 
LB close or above UB, fathomed
2218   496    51         120.5500   126.1500   4.6454     % 
UB: 126.15
branching on 1 with b.
2219   496    52         120.5500   126.1500   4.6454     % 
UB: 126.15
branching on 2 with b.
2220   497    53         120.5500   126.1500   4.6454     % 
UB: 126.15
branching on 3 with b.
2221   498    54         120.5500   126.1500   4.6454     % 
UB: 126.15
branching on 1 with b.
2222   498    54         120.5500   126.1500   4.6454     % 
LB close or above UB, fathomed
2223   497    53         120.5500   126.1500   4.6454     % 
UB: 126.15
branching on 3 with b.
2224   498    54         120.5500   126.1500   4.6454     % 
UB: 126.15
branching on 1 with b.
2225   498    54         120.5500   126.1500   4.6454     % 
LB close or above UB, fathomed
2226   497    55         120.5500   126.1500   4.6454     % 
UB: 126.15
branching on 2 with b.
2227   497    56         120.5500   126.1500   4.6454     % 
UB: 126.15
branching on 3 with b.
2228   498    57         120.5500   126.1500   4.6454     % 
LB close or above UB, fathomed
2229   497    57         120.5500   126.1500   4.6454     % 
LB close or above UB, fathomed
2230   496    55         120.5500   126.1500   4.6454     % 
UB: 126.15
branching on 2 with b.
2231   496    56         120.5500   126.1500   4.6454     % 
UB: 126.15
branching on 3 with b.
2232   497    57         120.5500   126.1500   4.6454     % 
LB close or above UB, fathomed
2233   496    57         120.5500   126.1500   4.6454     % 
LB close or above UB, fathomed
2234   495    55         120.5500   126.1500   4.6454     % 
UB: 126.15
branching on 2 with b.
2235   495    56         120.5500   126.1500   4.6454     % 
UB: 126.15
branching on 3 with b.
2236   496    57         120.5500   126.1500   4.6454     % 
LB close or above UB, fathomed
2237   495    57         120.5500   126.1500   4.6454     % 
LB close or above UB, fathomed
2238   494    55         120.5500   126.1500   4.6454     % 
UB: 126.15
branching on 2 with b.
2239   494    56         120.5500   126.1500   4.6454     % 
UB: 126.15
branching on 3 with b.
2240   495    57         120.5500   126.1500   4.6454     % 
LB close or above UB, fathomed
2241   494    57         120.5500   126.1500   4.6454     % 
LB close or above UB, fathomed
2242   493    39         120.5500   126.1500   4.6454     % 
UB: 126.15
branching on 2 with b.
2243   494    40         120.5500   126.1500   4.6454     % 
UB: 126.15
branching on 3 with b.
2244   495    40         120.5500   126.1500   4.6454     % 
UB: 126.15
branching on 3 with b.
2245   496    41         120.5500   126.1500   4.6454     % 
LB close or above UB, fathomed
2246   495    41         120.5500   126.1500   4.6454     % 
UB: 126.15
branching on 1 with b.
2247   495    39         120.5500   126.1500   4.6454     % 
UB: 126.15
branching on 2 with b.
2248   496    40         120.5500   126.1500   4.6454     % 
UB: 126.15
branching on 3 with b.
2249   497    40         120.5500   126.1500   4.6454     % 
UB: 126.15
branching on 3 with b.
2250   498    41         120.5500   126.1500   4.6454     % 
LB close or above UB, fathomed
2251   497    41         120.5500   126.1500   4.6454     % 
UB: 126.15
branching on 1 with b.
2252   498    39         120.5500   126.1500   4.6454     % 
LB close or above UB, fathomed
2253   497    39         120.5500   126.1500   4.6454     % 
UB: 126.15
branching on 2 with b.
2254   498    43         120.5500   126.1500   4.6454     % 
LB close or above UB, fathomed
2255   497    43         120.5500   126.1500   4.6454     % 
UB: 126.15
branching on 2 with b.
2256   498    44         120.5500   126.1500   4.6454     % 
UB: 126.15
branching on 3 with b.
2257   499    45         120.5500   126.1500   4.6454     % 
LB close or above UB, fathomed
2258   498    45         120.5500   126.1500   4.6454     % 
UB: 126.15
branching on 1 with b.
2259   498    44         120.5500   126.1500   4.6454     % 
UB: 126.15
branching on 3 with b.
2260   499    45         120.5500   126.1500   4.6454     % 
LB close or above UB, fathomed
2261   498    45         120.5500   126.1500   4.6454     % 
UB: 126.15
branching on 1 with b.
2262   498    19         120.5500   126.1500   4.6454     % 
UB: 126.15
branching on 1 with b.
2263   499    20         120.5500   126.1500   4.6454     % 
UB: 126.15
branching on CartesianIndex(3, 3) with a.
2264   500    20         120.5500   126.1500   4.6454     % 
UB: 126.15
branching on CartesianIndex(3, 3) with a.
2265   501    19         120.5500   126.1500   4.6454     % 
LB close or above UB, fathomed
2266   500    55         120.5500   126.1500   4.6454     % 
UB: 126.15
branching on 2 with b.
2267   500    56         120.5500   126.1500   4.6454     % 
UB: 126.15
branching on 3 with b.
2268   501    57         120.5500   126.1500   4.6454     % 
LB close or above UB, fathomed
2269   500    57         120.5500   126.1500   4.6454     % 
LB close or above UB, fathomed
2270   499    55         120.5500   126.1500   4.6454     % 
UB: 126.15
branching on 2 with b.
2271   499    56         120.5500   126.1500   4.6454     % 
UB: 126.15
branching on 3 with b.
2272   500    57         120.5500   126.1500   4.6454     % 
LB close or above UB, fathomed
2273   499    57         120.5500   126.1500   4.6454     % 
LB close or above UB, fathomed
2274   498    21         120.5500   126.1500   4.6454     % 
LB close or above UB, fathomed
2275   497    21         120.5500   126.1500   4.6454     % 
UB: 126.15
branching on CartesianIndex(1, 5) with c.
2276   498    22         120.5500   126.1500   4.6454     % 
LB close or above UB, fathomed
2277   497    22         120.5500   126.1500   4.6454     % 
UB: 126.15
branching on CartesianIndex(1, 6) with c.
2278   498    23         120.5500   126.1500   4.6454     % 
UB: 126.15
branching on 3 with b.
2279   499    24         120.5500   126.1500   4.6454     % 
UB: 126.15
branching on CartesianIndex(2, 6) with c.
2280   500    25         120.5500   126.1500   4.6454     % 
UB: 126.15
branching on CartesianIndex(3, 6) with c.
2281   501    26         120.5500   126.1500   4.6454     % 
UB: 126.15
branching on 1 with b.
2282   502    27         120.5500   126.1500   4.6454     % 
UB: 126.15
branching on 2 with b.
2283   503    28         120.5500   126.1500   4.6454     % 
LB close or above UB, fathomed
2284   502    28         120.5500   126.1500   4.6454     % 
UB: 126.15
branching on CartesianIndex(4, 6) with c.
2285   503    29         120.5500   126.1500   4.6454     % 
UB: 126.15
branching on 3 with b.
2286   504    30         120.5500   126.1500   4.6454     % 
UB: 126.15
branching on CartesianIndex(5, 6) with c.
2287   505    31         120.5500   126.1500   4.6454     % 
UB: 126.15
branching on 1 with b.
2288   506    32         120.5500   126.1500   4.6454     % 
LB close or above UB, fathomed
2289   505    32         120.5500   126.1500   4.6454     % 
UB: 126.15
branching on CartesianIndex(1, 7) with c.
2290   506    33         120.5500   126.1500   4.6454     % 
UB: 126.15
branching on CartesianIndex(2, 7) with c.
2291   507    34         120.5500   126.1500   4.6454     % 
LB close or above UB, fathomed
2292   506    34         120.5500   126.1500   4.6454     % 
UB: 126.15
branching on 2 with b.
2293   507    35         120.5500   126.1500   4.6454     % 
LB close or above UB, fathomed
2294   506    35         120.5500   126.1500   4.6454     % 
UB: 126.15
branching on 3 with b.
2295   507    36         120.5500   126.1500   4.6454     % 
UB: 126.15
branching on 1 with b.
2296   508    37         120.5500   126.1500   4.6454     % 
LB close or above UB, fathomed
2297   507    37         120.5500   126.1500   4.6454     % 
LB close or above UB, fathomed
2298   506    36         120.5500   126.1500   4.6454     % 
LB close or above UB, fathomed
2299   505    33         120.5500   126.1500   4.6454     % 
LB close or above UB, fathomed
2300   504    31         120.5500   126.1500   4.6454     % 
LB close or above UB, fathomed
2301   503    30         120.5500   126.1500   4.6454     % 
LB close or above UB, fathomed
2302   502    29         120.5500   126.1500   4.6454     % 
LB close or above UB, fathomed
2303   501    27         120.5500   126.1500   4.6454     % 
LB close or above UB, fathomed
2304   500    26         120.5500   126.1500   4.6454     % 
LB close or above UB, fathomed
2305   499    25         120.5500   126.1500   4.6454     % 
LB close or above UB, fathomed
2306   498    24         120.5500   126.1500   4.6454     % 
LB close or above UB, fathomed
2307   497    23         120.5500   126.1500   4.6454     % 
LB close or above UB, fathomed
2308   496    36         120.5500   126.1500   4.6454     % 
LB close or above UB, fathomed
2309   495    36         120.5500   126.1500   4.6454     % 
UB: 126.15
branching on 3 with b.
2310   496    43         120.5500   126.1500   4.6454     % 
UB: 126.15
branching on 2 with b.
2311   497    44         120.5500   126.1500   4.6454     % 
LB close or above UB, fathomed
2312   496    44         120.5500   126.1500   4.6454     % 
UB: 126.15
branching on 3 with b.
2313   497    45         120.5500   126.1500   4.6454     % 
LB close or above UB, fathomed
2314   496    45         120.5500   126.1500   4.6454     % 
UB: 126.15
branching on 1 with b.
2315   496    43         120.5500   126.1500   4.6454     % 
UB: 126.15
branching on 2 with b.
2316   497    44         120.5500   126.1500   4.6454     % 
LB close or above UB, fathomed
2317   496    44         120.5500   126.1500   4.6454     % 
UB: 126.15
branching on 3 with b.
2318   497    45         120.5500   126.1500   4.6454     % 
LB close or above UB, fathomed
2319   496    45         120.5500   126.1500   4.6454     % 
UB: 126.15
branching on 1 with b.
2320   497    16         120.5500   126.1500   4.6454     % 
UB: 126.15
branching on 1 with b.
2321   498    17         120.5500   126.1500   4.6454     % 
UB: 126.15
branching on CartesianIndex(6, 2) with a.
2322   499    18         120.5500   126.1500   4.6454     % 
UB: 126.15
branching on 2 with b.
2323   500    18         120.5500   126.1500   4.6454     % 
LB close or above UB, fathomed
2324   499    17         120.5500   126.1500   4.6454     % 
LB close or above UB, fathomed
2325   498    16         120.5500   126.1500   4.6454     % 
LB close or above UB, fathomed
2326   497    23         120.5500   126.1500   4.6454     % 
UB: 126.15
branching on CartesianIndex(2, 4) with c.
2327   498    24         120.5500   126.1500   4.6454     % 
UB: 126.15
branching on CartesianIndex(3, 4) with c.
2328   499    24         120.5500   126.1500   4.6454     % 
LB close or above UB, fathomed
2329   498    23         120.5500   126.1500   4.6454     % 
LB close or above UB, fathomed
2330   497    20         120.5500   126.1500   4.6454     % 
UB: 126.15
branching on CartesianIndex(5, 2) with a.
2331   498    20         120.5500   126.1500   4.6454     % 
LB close or above UB, fathomed
2332   497    20         120.5500   126.1500   4.6454     % 
UB: 126.15
branching on CartesianIndex(2, 4) with c.
2333   498    21         120.5500   126.1500   4.6454     % 
LB close or above UB, fathomed
2334   497    21         120.5500   126.1500   4.6454     % 
LB close or above UB, fathomed
2335   496    20         120.5500   126.1500   4.6454     % 
LB close or above UB, fathomed
2336   495    15         120.5500   126.1500   4.6454     % 
UB: 126.15
branching on CartesianIndex(2, 2) with a.
2337   496    16         120.5500   126.1500   4.6454     % 
UB: 126.15
branching on 1 with b.
2338   497    17         120.5500   126.1500   4.6454     % 
UB: 126.15
branching on CartesianIndex(3, 2) with a.
2339   498    18         120.5500   126.1500   4.6454     % 
UB: 126.15
branching on 2 with b.
2340   499    19         120.5500   126.1500   4.6454     % 
LB close or above UB, fathomed
2341   498    19         120.5500   126.1500   4.6454     % 
UB: 126.15
branching on 3 with b.
2342   499    20         120.5500   126.1500   4.6454     % 
UB: 126.15
branching on CartesianIndex(4, 2) with a.
2343   500    21         120.5500   126.1500   4.6454     % 
LB close or above UB, fathomed
2344   499    21         120.5500   126.1500   4.6454     % 
UB: 126.15
branching on CartesianIndex(1, 3) with a.
2345   500    20         120.5500   126.1500   4.6454     % 
LB close or above UB, fathomed
2346   499    18         120.5500   126.1500   4.6454     % 
LB close or above UB, fathomed
2347   498    17         120.5500   126.1500   4.6454     % 
LB close or above UB, fathomed
2348   497    16         120.5500   126.1500   4.6454     % 
LB close or above UB, fathomed
2349   496    15         120.5500   126.1500   4.6454     % 
LB close or above UB, fathomed
2350   495    21         120.5500   126.1500   4.6454     % 
UB: 126.15
branching on 1 with b.
2351   496    22         120.5500   126.1500   4.6454     % 
LB close or above UB, fathomed
2352   495    22         120.5500   126.1500   4.6454     % 
UB: 126.15
branching on CartesianIndex(6, 3) with a.
2353   496    23         120.5500   126.1500   4.6454     % 
UB: 126.15
branching on CartesianIndex(7, 3) with a.
2354   497    23         120.5500   126.1500   4.6454     % 
LB close or above UB, fathomed
2355   496    21         120.5500   126.1500   4.6454     % 
LB close or above UB, fathomed
2356   495    28         120.5500   126.1500   4.6454     % 
UB: 126.15
branching on 2 with b.
2357   496    29         120.5500   126.1500   4.6454     % 
UB: 126.15
branching on CartesianIndex(6, 3) with a.
2358   497    30         120.5500   126.1500   4.6454     % 
UB: 126.15
branching on CartesianIndex(7, 3) with a.
2359   498    31         120.5500   126.1500   4.6454     % 
LB close or above UB, fathomed
2360   497    31         120.5500   126.1500   4.6454     % 
UB: 126.15
branching on CartesianIndex(1, 4) with c.
2361   498    30         120.5500   126.1500   4.6454     % 
LB close or above UB, fathomed
2362   497    29         120.5500   126.1500   4.6454     % 
UB: 126.15
branching on 3 with b.
2363   498    28         120.5500   126.1500   4.6454     % 
LB close or above UB, fathomed
2364   497    28         120.5500   126.1500   4.6454     % 
UB: 126.15
branching on CartesianIndex(6, 3) with a.
2365   498    29         120.5500   126.1500   4.6454     % 
UB: 126.15
branching on CartesianIndex(7, 3) with a.
2366   499    30         120.5500   126.1500   4.6454     % 
LB close or above UB, fathomed
2367   498    30         120.5500   126.1500   4.6454     % 
UB: 126.15
branching on CartesianIndex(1, 4) with c.
2368   499    29         120.5500   126.1500   4.6454     % 
LB close or above UB, fathomed
2369   498    28         120.5500   126.1500   4.6454     % 
LB close or above UB, fathomed
2370   497    22         120.5500   126.1500   4.6454     % 
LB close or above UB, fathomed
2371   496    22         120.5500   126.1500   4.6454     % 
LB close or above UB, fathomed
2372   495    37         120.5500   126.1500   4.6454     % 
UB: 126.15
branching on 1 with b.
2373   496    38         120.5500   126.1500   4.6454     % 
LB close or above UB, fathomed
2374   495    38         120.5500   126.1500   4.6454     % 
UB: 126.15
branching on 2 with b.
2375   496    37         120.5500   126.1500   4.6454     % 
LB close or above UB, fathomed
2376   495    30         120.5500   126.1500   4.6454     % 
UB: 126.15
branching on CartesianIndex(4, 4) with c.
2377   496    31         120.5500   126.1500   4.6454     % 
UB: 126.15
branching on CartesianIndex(5, 4) with c.
2378   497    31         120.5500   126.1500   4.6454     % 
LB close or above UB, fathomed
2379   496    30         120.5500   126.1500   4.6454     % 
LB close or above UB, fathomed
2380   495    28         120.5500   126.1500   4.6454     % 
UB: 126.15
branching on CartesianIndex(6, 3) with a.
2381   496    29         120.5500   126.1500   4.6454     % 
LB close or above UB, fathomed
2382   495    29         120.5500   126.1500   4.6454     % 
LB close or above UB, fathomed
2383   494    28         120.5500   126.1500   4.6454     % 
LB close or above UB, fathomed
2384   493    19         120.5500   126.1500   4.6454     % 
UB: 126.15
branching on 1 with b.
2385   494    20         120.5500   126.1500   4.6454     % 
LB close or above UB, fathomed
2386   493    20         120.5500   126.1500   4.6454     % 
UB: 126.15
branching on 2 with b.
2387   494    21         120.5500   126.1500   4.6454     % 
UB: 126.15
branching on CartesianIndex(7, 3) with a.
2388   495    22         120.5500   126.1500   4.6454     % 
LB close or above UB, fathomed
2389   494    22         120.5500   126.1500   4.6454     % 
LB close or above UB, fathomed
2390   493    21         120.5500   126.1500   4.6454     % 
LB close or above UB, fathomed
2391   492    19         120.5500   126.1500   4.6454     % 
LB close or above UB, fathomed
2392   491    49         120.5500   126.1500   4.6454     % 
UB: 126.15
branching on 2 with b.
2393   492    50         120.5500   126.1500   4.6454     % 
UB: 126.15
branching on 3 with b.
2394   493    51         120.5500   126.1500   4.6454     % 
LB close or above UB, fathomed
2395   492    51         120.5500   126.1500   4.6454     % 
UB: 126.15
branching on 1 with b.
2396   493    52         120.5500   126.1500   4.6454     % 
UB: 126.15
branching on 2 with b.
2397   493    52         120.5500   126.1500   4.6454     % 
UB: 126.15
branching on 2 with b.
2398   493    53         120.5500   126.1500   4.6454     % 
UB: 126.15
branching on 3 with b.
2399   494    54         120.5500   126.1500   4.6454     % 
UB: 126.15
branching on 1 with b.
2400   494    54         120.5500   126.1500   4.6454     % 
LB close or above UB, fathomed
2401   493    50         120.5500   126.1500   4.6454     % 
UB: 126.15
branching on 3 with b.
2402   494    29         120.5500   126.1500   4.6454     % 
LB close or above UB, fathomed
2403   493    29         120.5500   126.1500   4.6454     % 
UB: 126.15
branching on CartesianIndex(1, 4) with c.
2404   494    30         120.5500   126.1500   4.6454     % 
UB: 126.15
branching on 2 with b.
2405   495    31         120.5500   126.1500   4.6454     % 
UB: 126.15
branching on 3 with b.
2406   496    32         120.5500   126.1500   4.6454     % 
UB: 126.15
branching on CartesianIndex(2, 4) with c.
2407   497    33         120.5500   126.1500   4.6454     % 
UB: 126.15
branching on CartesianIndex(3, 4) with c.
2408   498    34         120.5500   126.1500   4.6454     % 
UB: 126.15
branching on CartesianIndex(4, 4) with c.
2409   499    35         120.5500   126.1500   4.6454     % 
UB: 126.15
branching on CartesianIndex(5, 4) with c.
2410   500    36         120.5500   126.1500   4.6454     % 
UB: 126.15
branching on CartesianIndex(1, 5) with c.
2411   501    37         120.5500   126.1500   4.6454     % 
UB: 126.15
branching on CartesianIndex(2, 5) with c.
2412   502    38         120.5500   126.1500   4.6454     % 
LB close or above UB, fathomed
2413   501    38         120.5500   126.1500   4.6454     % 
LB close or above UB, fathomed
2414   500    37         120.5500   126.1500   4.6454     % 
LB close or above UB, fathomed
2415   499    36         120.5500   126.1500   4.6454     % 
LB close or above UB, fathomed
2416   498    35         120.5500   126.1500   4.6454     % 
LB close or above UB, fathomed
2417   497    34         120.5500   126.1500   4.6454     % 
LB close or above UB, fathomed
2418   496    33         120.5500   126.1500   4.6454     % 
LB close or above UB, fathomed
2419   495    32         120.5500   126.1500   4.6454     % 
LB close or above UB, fathomed
2420   494    31         120.5500   126.1500   4.6454     % 
UB: 126.15
branching on CartesianIndex(2, 4) with c.
2421   495    30         120.5500   126.1500   4.6454     % 
LB close or above UB, fathomed
2422   494    15         120.5500   126.1500   4.6454     % 
UB: 126.15
branching on CartesianIndex(2, 3) with a.
2423   495    16         120.5500   126.1500   4.6454     % 
UB: 126.15
branching on CartesianIndex(3, 3) with a.
2424   496    16         120.5500   126.1500   4.6454     % 
LB close or above UB, fathomed
2425   495    15         120.5500   126.1500   4.6454     % 
LB close or above UB, fathomed
2426   494    15         120.5500   126.1500   4.6454     % 
UB: 126.15
branching on CartesianIndex(2, 3) with a.
2427   495    16         120.5500   126.1500   4.6454     % 
UB: 126.15
branching on CartesianIndex(3, 3) with a.
2428   496    17         120.5500   126.1500   4.6454     % 
UB: 126.15
branching on CartesianIndex(4, 3) with a.
2429   497    18         120.5500   126.1500   4.6454     % 
UB: 126.15
branching on 1 with b.
2430   498    19         120.5500   126.1500   4.6454     % 
UB: 126.15
branching on CartesianIndex(5, 3) with a.
2431   499    20         120.5500   126.1500   4.6454     % 
UB: 126.15
branching on 2 with b.
2432   500    21         120.5500   126.1500   4.6454     % 
UB: 126.15
branching on 3 with b.
2433   501    22         120.5500   126.1500   4.6454     % 
UB: 126.15
branching on CartesianIndex(6, 3) with a.
2434   502    23         120.5500   126.1500   4.6454     % 
UB: 126.15
branching on CartesianIndex(7, 3) with a.
2435   503    24         120.5500   126.1500   4.6454     % 
UB: 126.15
branching on CartesianIndex(8, 3) with a.
2436   504    25         120.5500   126.1500   4.6454     % 
LB close or above UB, fathomed
2437   503    25         120.5500   126.1500   4.6454     % 
UB: 126.15
branching on CartesianIndex(1, 4) with c.
2438   504    26         120.5500   126.1500   4.6454     % 
LB close or above UB, fathomed
2439   503    26         120.5500   126.1500   4.6454     % 
LB close or above UB, fathomed
2440   502    24         120.5500   126.1500   4.6454     % 
LB close or above UB, fathomed
2441   501    23         120.5500   126.1500   4.6454     % 
LB close or above UB, fathomed
2442   500    22         120.5500   126.1500   4.6454     % 
LB close or above UB, fathomed
2443   499    21         120.5500   126.1500   4.6454     % 
LB close or above UB, fathomed
2444   498    20         120.5500   126.1500   4.6454     % 
LB close or above UB, fathomed
2445   497    19         120.5500   126.1500   4.6454     % 
LB close or above UB, fathomed
2446   496    18         120.5500   126.1500   4.6454     % 
LB close or above UB, fathomed
2447   495    17         120.5500   126.1500   4.6454     % 
LB close or above UB, fathomed
2448   494    16         120.5500   126.1500   4.6454     % 
LB close or above UB, fathomed
2449   493    15         120.5500   126.1500   4.6454     % 
LB close or above UB, fathomed
2450   492    24         120.5500   126.1500   4.6454     % 
LB close or above UB, fathomed
2451   491    24         120.5500   126.1500   4.6454     % 
UB: 126.15
branching on CartesianIndex(7, 3) with a.
2452   492    16         120.5500   126.1500   4.6454     % 
LB close or above UB, fathomed
2453   491    16         120.5500   126.1500   4.6454     % 
LB close or above UB, fathomed
2454   490    32         120.5500   126.1500   4.6454     % 
UB: 126.15
branching on CartesianIndex(1, 5) with c.
2455   491    33         120.5500   126.1500   4.6454     % 
UB: 126.15
branching on CartesianIndex(2, 5) with c.
2456   492    34         120.5500   126.1500   4.6454     % 
LB close or above UB, fathomed
2457   491    34         120.5500   126.1500   4.6454     % 
UB: 126.15
branching on CartesianIndex(1, 6) with c.
2458   492    33         120.5500   126.1500   4.6454     % 
LB close or above UB, fathomed
2459   491    32         120.5500   126.1500   4.6454     % 
LB close or above UB, fathomed
2460   490    18         120.5500   126.1500   4.6454     % 
UB: 126.15
branching on CartesianIndex(2, 4) with c.
2461   491    18         120.5500   126.1500   4.6454     % 
LB close or above UB, fathomed
2462   490    22         120.5500   126.1500   4.6454     % 
LB close or above UB, fathomed
2463   489    22         120.5500   126.1500   4.6454     % 
UB: 126.15
branching on CartesianIndex(1, 6) with c.
2464   490    23         120.5500   126.1500   4.6454     % 
UB: 126.15
branching on CartesianIndex(2, 6) with c.
2465   491    24         120.5500   126.1500   4.6454     % 
LB close or above UB, fathomed
2466   490    24         120.5500   126.1500   4.6454     % 
UB: 126.15
branching on CartesianIndex(1, 7) with c.
2467   491    25         120.5500   126.1500   4.6454     % 
UB: 126.15
branching on 1 with b.
2468   492    26         120.5500   126.1500   4.6454     % 
UB: 126.15
branching on CartesianIndex(2, 7) with c.
2469   493    27         120.5500   126.1500   4.6454     % 
UB: 126.15
branching on CartesianIndex(3, 7) with c.
2470   494    28         120.5500   126.1500   4.6454     % 
UB: 126.15
branching on CartesianIndex(4, 7) with c.
2471   495    29         120.5500   126.1500   4.6454     % 
UB: 126.15
branching on CartesianIndex(5, 7) with c.
2472   496    30         120.5500   126.1500   4.6454     % 
UB: 126.15
branching on 2 with b.
2473   497    31         120.5500   126.1500   4.6454     % 
UB: 126.15
branching on 3 with b.
2474   498    32         120.5500   126.1500   4.6454     % 
UB: 126.15
branching on 1 with b.
2475   499    33         120.5500   126.1500   4.6454     % 
LB close or above UB, fathomed
2476   498    33         120.5500   126.1500   4.6454     % 
UB: 126.15
branching on 2 with b.
2477   499    32         120.5500   126.1500   4.6454     % 
LB close or above UB, fathomed
2478   498    31         120.5500   126.1500   4.6454     % 
LB close or above UB, fathomed
2479   497    30         120.5500   126.1500   4.6454     % 
LB close or above UB, fathomed
2480   496    29         120.5500   126.1500   4.6454     % 
LB close or above UB, fathomed
2481   495    28         120.5500   126.1500   4.6454     % 
LB close or above UB, fathomed
2482   494    27         120.5500   126.1500   4.6454     % 
LB close or above UB, fathomed
2483   493    26         120.5500   126.1500   4.6454     % 
LB close or above UB, fathomed
2484   492    25         120.5500   126.1500   4.6454     % 
LB close or above UB, fathomed
2485   491    23         120.5500   126.1500   4.6454     % 
LB close or above UB, fathomed
2486   490    20         120.5500   126.1500   4.6454     % 
LB close or above UB, fathomed
2487   489    20         120.5500   126.1500   4.6454     % 
LB close or above UB, fathomed
2488   488    26         120.5500   126.1500   4.6454     % 
LB close or above UB, fathomed
2489   487    26         120.5500   126.1500   4.6454     % 
LB close or above UB, fathomed
2490   486    29         120.5500   126.1500   4.6454     % 
UB: 126.15
branching on 3 with b.
2491   487    30         120.5500   126.1500   4.6454     % 
UB: 126.15
branching on CartesianIndex(2, 5) with c.
2492   488    31         120.5500   126.1500   4.6454     % 
LB close or above UB, fathomed
2493   487    31         120.5500   126.1500   4.6454     % 
UB: 126.15
branching on CartesianIndex(1, 6) with c.
2494   488    30         120.5500   126.1500   4.6454     % 
LB close or above UB, fathomed
2495   487    29         120.5500   126.1500   4.6454     % 
LB close or above UB, fathomed
2496   486    30         120.5500   126.1500   4.6454     % 
UB: 126.15
branching on CartesianIndex(1, 6) with c.
2497   487    31         120.5500   126.1500   4.6454     % 
LB close or above UB, fathomed
2498   486    31         120.5500   126.1500   4.6454     % 
UB: 126.15
branching on CartesianIndex(1, 7) with c.
2499   487    32         120.5500   126.1500   4.6454     % 
UB: 126.15
branching on CartesianIndex(2, 7) with c.
2500   488    33         120.5500   126.1500   4.6454     % 
LB close or above UB, fathomed
2501   487    33         120.5500   126.1500   4.6454     % 
UB: 126.15
branching on 2 with b.
2502   488    34         120.5500   126.1500   4.6454     % 
UB: 126.15
branching on 3 with b.
2503   489    35         120.5500   126.1500   4.6454     % 
UB: 126.15
branching on 1 with b.
2504   490    36         120.5500   126.1500   4.6454     % 
UB: 126.15
branching on 2 with b.
2505   491    37         120.5500   126.1500   4.6454     % 
UB: 126.15
branching on 3 with b.
2506   492    38         120.5500   126.1500   4.6454     % 
LB close or above UB, fathomed
2507   491    38         120.5500   126.1500   4.6454     % 
UB: 126.15
branching on 1 with b.
2508   492    37         120.5500   126.1500   4.6454     % 
LB close or above UB, fathomed
2509   491    36         120.5500   126.1500   4.6454     % 
UB: 126.15
branching on 2 with b.
2510   492    37         120.5500   126.1500   4.6454     % 
UB: 126.15
branching on 3 with b.
2511   493    38         120.5500   126.1500   4.6454     % 
LB close or above UB, fathomed
2512   492    38         120.5500   126.1500   4.6454     % 
UB: 126.15
branching on 1 with b.
2513   493    37         120.5500   126.1500   4.6454     % 
LB close or above UB, fathomed
2514   492    35         120.5500   126.1500   4.6454     % 
LB close or above UB, fathomed
2515   491    34         120.5500   126.1500   4.6454     % 
LB close or above UB, fathomed
2516   490    32         120.5500   126.1500   4.6454     % 
LB close or above UB, fathomed
2517   489    30         120.5500   126.1500   4.6454     % 
LB close or above UB, fathomed
2518   488    42         120.5500   126.1500   4.6454     % 
LB close or above UB, fathomed
2519   487    42         120.5500   126.1500   4.6454     % 
UB: 126.15
branching on 1 with b.
2520   488    43         120.5500   126.1500   4.6454     % 
LB close or above UB, fathomed
2521   487    43         120.5500   126.1500   4.6454     % 
UB: 126.15
branching on 2 with b.
2522   488    44         120.5500   126.1500   4.6454     % 
UB: 126.15
branching on 3 with b.
2523   489    44         120.5500   126.1500   4.6454     % 
UB: 126.15
branching on 3 with b.
2524   490    45         120.5500   126.1500   4.6454     % 
UB: 126.15
branching on 1 with b.
2525   491    46         120.5500   126.1500   4.6454     % 
UB: 126.15
branching on 2 with b.
2526   492    46         120.5500   126.1500   4.6454     % 
LB close or above UB, fathomed
2527   491    45         120.5500   126.1500   4.6454     % 
UB: 126.15
branching on 1 with b.
2528   492    46         120.5500   126.1500   4.6454     % 
UB: 126.15
branching on 2 with b.
2529   493    46         120.5500   126.1500   4.6454     % 
LB close or above UB, fathomed
2530   492    42         120.5500   126.1500   4.6454     % 
UB: 126.15
branching on 1 with b.
2531   493    43         120.5500   126.1500   4.6454     % 
LB close or above UB, fathomed
2532   492    43         120.5500   126.1500   4.6454     % 
UB: 126.15
branching on 2 with b.
2533   493    44         120.5500   126.1500   4.6454     % 
UB: 126.15
branching on 3 with b.
2534   493    44         120.5500   126.1500   4.6454     % 
UB: 126.15
branching on 3 with b.
2535   493    45         120.5500   126.1500   4.6454     % 
UB: 126.15
branching on 1 with b.
2536   494    46         120.5500   126.1500   4.6454     % 
UB: 126.15
branching on 2 with b.
2537   495    46         120.5500   126.1500   4.6454     % 
LB close or above UB, fathomed
2538   494    42         120.5500   126.1500   4.6454     % 
LB close or above UB, fathomed
2539   493    25         120.5500   126.1500   4.6454     % 
LB close or above UB, fathomed
2540   492    25         120.5500   126.1500   4.6454     % 
LB close or above UB, fathomed
2541   491    49         120.5500   126.1500   4.6454     % 
UB: 126.15
branching on 2 with b.
2542   491    50         120.5500   126.1500   4.6454     % 
UB: 126.15
branching on 3 with b.
2543   492    51         120.5500   126.1500   4.6454     % 
LB close or above UB, fathomed
2544   491    51         120.5500   126.1500   4.6454     % 
UB: 126.15
branching on 1 with b.
2545   492    52         120.5500   126.1500   4.6454     % 
UB: 126.15
branching on 2 with b.
2546   492    52         120.5500   126.1500   4.6454     % 
UB: 126.15
branching on 2 with b.
2547   492    53         120.5500   126.1500   4.6454     % 
UB: 126.15
branching on 3 with b.
2548   493    54         120.5500   126.1500   4.6454     % 
UB: 126.15
branching on 1 with b.
2549   493    54         120.5500   126.1500   4.6454     % 
LB close or above UB, fathomed
2550   492    49         120.5500   126.1500   4.6454     % 
UB: 126.15
branching on 2 with b.
2551   493    50         120.5500   126.1500   4.6454     % 
UB: 126.15
branching on 3 with b.
2552   494    50         120.5500   126.1500   4.6454     % 
UB: 126.15
branching on 3 with b.
2553   495    51         120.5500   126.1500   4.6454     % 
LB close or above UB, fathomed
2554   494    51         120.5500   126.1500   4.6454     % 
UB: 126.15
branching on 1 with b.
2555   495    52         120.5500   126.1500   4.6454     % 
UB: 126.15
branching on 2 with b.
2556   496    52         120.5500   126.1500   4.6454     % 
UB: 126.15
branching on 2 with b.
2557   497    53         120.5500   126.1500   4.6454     % 
UB: 126.15
branching on 3 with b.
2558   498    54         120.5500   126.1500   4.6454     % 
UB: 126.15
branching on 1 with b.
2559   498    54         120.5500   126.1500   4.6454     % 
LB close or above UB, fathomed
2560   497    53         120.5500   126.1500   4.6454     % 
UB: 126.15
branching on 3 with b.
2561   498    54         120.5500   126.1500   4.6454     % 
UB: 126.15
branching on 1 with b.
2562   498    54         120.5500   126.1500   4.6454     % 
LB close or above UB, fathomed
2563   497    45         120.5500   126.1500   4.6454     % 
UB: 126.15
branching on 1 with b.
2564   498    46         120.5500   126.1500   4.6454     % 
LB close or above UB, fathomed
2565   497    46         120.5500   126.1500   4.6454     % 
UB: 126.15
branching on 2 with b.
2566   498    47         120.5500   126.1500   4.6454     % 
LB close or above UB, fathomed
2567   497    47         120.5500   126.1500   4.6454     % 
UB: 126.15
branching on 3 with b.
2568   498    48         120.5500   126.1500   4.6454     % 
UB: 126.15
branching on 1 with b.
2569   498    48         120.5500   126.1500   4.6454     % 
LB close or above UB, fathomed
2570   497    45         120.5500   126.1500   4.6454     % 
LB close or above UB, fathomed
2571   496    49         120.5500   126.1500   4.6454     % 
UB: 126.15
branching on 2 with b.
2572   497    50         120.5500   126.1500   4.6454     % 
LB close or above UB, fathomed
2573   496    50         120.5500   126.1500   4.6454     % 
UB: 126.15
branching on 3 with b.
2574   497    51         120.5500   126.1500   4.6454     % 
LB close or above UB, fathomed
2575   496    51         120.5500   126.1500   4.6454     % 
UB: 126.15
branching on 1 with b.
2576   496    52         120.5500   126.1500   4.6454     % 
UB: 126.15
branching on 2 with b.
2577   497    53         120.5500   126.1500   4.6454     % 
LB close or above UB, fathomed
2578   496    53         120.5500   126.1500   4.6454     % 
UB: 126.15
branching on 3 with b.
2579   497    54         120.5500   126.1500   4.6454     % 
UB: 126.15
branching on 1 with b.
2580   497    54         120.5500   126.1500   4.6454     % 
LB close or above UB, fathomed
2581   496    49         120.5500   126.1500   4.6454     % 
UB: 126.15
branching on 2 with b.
2582   497    49         120.5500   126.1500   4.6454     % 
UB: 126.15
branching on 2 with b.
2583   498    50         120.5500   126.1500   4.6454     % 
LB close or above UB, fathomed
2584   497    50         120.5500   126.1500   4.6454     % 
UB: 126.15
branching on 3 with b.
2585   498    51         120.5500   126.1500   4.6454     % 
LB close or above UB, fathomed
2586   497    51         120.5500   126.1500   4.6454     % 
UB: 126.15
branching on 1 with b.
2587   497    52         120.5500   126.1500   4.6454     % 
UB: 126.15
branching on 2 with b.
2588   498    53         120.5500   126.1500   4.6454     % 
LB close or above UB, fathomed
2589   497    53         120.5500   126.1500   4.6454     % 
UB: 126.15
branching on 3 with b.
2590   498    54         120.5500   126.1500   4.6454     % 
UB: 126.15
branching on 1 with b.
2591   498    54         120.5500   126.1500   4.6454     % 
LB close or above UB, fathomed
2592   497    50         120.5500   126.1500   4.6454     % 
UB: 126.15
branching on 3 with b.
2593   498    50         120.5500   126.1500   4.6454     % 
UB: 126.15
branching on 3 with b.
2594   499    51         120.5500   126.1500   4.6454     % 
LB close or above UB, fathomed
2595   498    51         120.5500   126.1500   4.6454     % 
UB: 126.15
branching on 1 with b.
2596   499    52         120.5500   126.1500   4.6454     % 
UB: 126.15
branching on 2 with b.
2597   500    53         120.5500   126.1500   4.6454     % 
UB: 126.15
branching on 3 with b.
2598   501    54         120.5500   126.1500   4.6454     % 
UB: 126.15
branching on 1 with b.
2599   501    54         120.5500   126.1500   4.6454     % 
LB close or above UB, fathomed
2600   500    53         120.5500   126.1500   4.6454     % 
UB: 126.15
branching on 3 with b.
2601   501    54         120.5500   126.1500   4.6454     % 
UB: 126.15
branching on 1 with b.
2602   501    54         120.5500   126.1500   4.6454     % 
LB close or above UB, fathomed
2603   500    52         120.5500   126.1500   4.6454     % 
UB: 126.15
branching on 2 with b.
2604   501    51         120.5500   126.1500   4.6454     % 
LB close or above UB, fathomed
2605   500    51         120.5500   126.1500   4.6454     % 
UB: 126.15
branching on 1 with b.
2606   500    52         120.5500   126.1500   4.6454     % 
UB: 126.15
branching on 2 with b.
2607   501    53         120.5500   126.1500   4.6454     % 
UB: 126.15
branching on 3 with b.
2608   502    54         120.5500   126.1500   4.6454     % 
UB: 126.15
branching on 1 with b.
2609   502    54         120.5500   126.1500   4.6454     % 
LB close or above UB, fathomed
2610   501    53         120.5500   126.1500   4.6454     % 
UB: 126.15
branching on 3 with b.
2611   502    54         120.5500   126.1500   4.6454     % 
UB: 126.15
branching on 1 with b.
2612   502    54         120.5500   126.1500   4.6454     % 
LB close or above UB, fathomed
2613   501    50         120.5500   126.1500   4.6454     % 
UB: 126.15
branching on 3 with b.
2614   502    51         120.5500   126.1500   4.6454     % 
LB close or above UB, fathomed
2615   501    51         120.5500   126.1500   4.6454     % 
UB: 126.15
branching on 1 with b.
2616   502    52         120.5500   126.1500   4.6454     % 
UB: 126.15
branching on 2 with b.
2617   502    53         120.5500   126.1500   4.6454     % 
UB: 126.15
branching on 3 with b.
2618   503    54         120.5500   126.1500   4.6454     % 
UB: 126.15
branching on 1 with b.
2619   503    54         120.5500   126.1500   4.6454     % 
LB close or above UB, fathomed
2620   502    52         120.5500   126.1500   4.6454     % 
UB: 126.15
branching on 2 with b.
2621   502    22         120.5500   126.1500   4.6454     % 
LB close or above UB, fathomed
2622   501    22         120.5500   126.1500   4.6454     % 
LB close or above UB, fathomed
2623   500    42         120.5500   126.1500   4.6454     % 
LB close or above UB, fathomed
2624   499    42         120.5500   126.1500   4.6454     % 
UB: 126.15
branching on 1 with b.
2625   500    46         120.5500   126.1500   4.6454     % 
UB: 126.15
branching on 2 with b.
2626   500    47         120.5500   126.1500   4.6454     % 
UB: 126.15
branching on 3 with b.
2627   501    48         120.5500   126.1500   4.6454     % 
LB close or above UB, fathomed
2628   500    48         120.5500   126.1500   4.6454     % 
UB: 126.15
branching on 1 with b.
2629   500    49         120.5500   126.1500   4.6454     % 
UB: 126.15
branching on 2 with b.
2630   500    50         120.5500   126.1500   4.6454     % 
UB: 126.15
branching on 3 with b.
2631   501    51         120.5500   126.1500   4.6454     % 
UB: 126.15
branching on 1 with b.
2632   501    51         120.5500   126.1500   4.6454     % 
LB close or above UB, fathomed
2633   500    46         120.5500   126.1500   4.6454     % 
UB: 126.15
branching on 2 with b.
2634   500    46         120.5500   126.1500   4.6454     % 
UB: 126.15
branching on 2 with b.
2635   501    47         120.5500   126.1500   4.6454     % 
UB: 126.15
branching on 3 with b.
2636   502    47         120.5500   126.1500   4.6454     % 
UB: 126.15
branching on 3 with b.
2637   503    48         120.5500   126.1500   4.6454     % 
LB close or above UB, fathomed
2638   502    48         120.5500   126.1500   4.6454     % 
UB: 126.15
branching on 1 with b.
2639   502    49         120.5500   126.1500   4.6454     % 
UB: 126.15
branching on 2 with b.
2640   503    50         120.5500   126.1500   4.6454     % 
UB: 126.15
branching on 3 with b.
2641   504    51         120.5500   126.1500   4.6454     % 
UB: 126.15
branching on 1 with b.
2642   504    51         120.5500   126.1500   4.6454     % 
LB close or above UB, fathomed
2643   503    50         120.5500   126.1500   4.6454     % 
UB: 126.15
branching on 3 with b.
2644   504    51         120.5500   126.1500   4.6454     % 
UB: 126.15
branching on 1 with b.
2645   504    51         120.5500   126.1500   4.6454     % 
LB close or above UB, fathomed
2646   503    46         120.5500   126.1500   4.6454     % 
UB: 126.15
branching on 2 with b.
2647   504    46         120.5500   126.1500   4.6454     % 
UB: 126.15
branching on 2 with b.
2648   504    47         120.5500   126.1500   4.6454     % 
UB: 126.15
branching on 3 with b.
2649   505    48         120.5500   126.1500   4.6454     % 
LB close or above UB, fathomed
2650   504    48         120.5500   126.1500   4.6454     % 
UB: 126.15
branching on 1 with b.
2651   504    49         120.5500   126.1500   4.6454     % 
UB: 126.15
branching on 2 with b.
2652   504    50         120.5500   126.1500   4.6454     % 
UB: 126.15
branching on 3 with b.
2653   505    51         120.5500   126.1500   4.6454     % 
UB: 126.15
branching on 1 with b.
2654   505    51         120.5500   126.1500   4.6454     % 
LB close or above UB, fathomed
2655   504    46         120.5500   126.1500   4.6454     % 
UB: 126.15
branching on 2 with b.
2656   505    47         120.5500   126.1500   4.6454     % 
UB: 126.15
branching on 3 with b.
2657   506    47         120.5500   126.1500   4.6454     % 
UB: 126.15
branching on 3 with b.
2658   507    48         120.5500   126.1500   4.6454     % 
LB close or above UB, fathomed
2659   506    48         120.5500   126.1500   4.6454     % 
UB: 126.15
branching on 1 with b.
2660   506    49         120.5500   126.1500   4.6454     % 
UB: 126.15
branching on 2 with b.
2661   507    50         120.5500   126.1500   4.6454     % 
UB: 126.15
branching on 3 with b.
2662   508    51         120.5500   126.1500   4.6454     % 
UB: 126.15
branching on 1 with b.
2663   508    51         120.5500   126.1500   4.6454     % 
LB close or above UB, fathomed
2664   507    50         120.5500   126.1500   4.6454     % 
UB: 126.15
branching on 3 with b.
2665   508    51         120.5500   126.1500   4.6454     % 
UB: 126.15
branching on 1 with b.
2666   508    51         120.5500   126.1500   4.6454     % 
LB close or above UB, fathomed
2667   507    46         120.5500   126.1500   4.6454     % 
UB: 126.15
branching on 2 with b.
2668   508    47         120.5500   126.1500   4.6454     % 
UB: 126.15
branching on 3 with b.
2669   509    48         120.5500   126.1500   4.6454     % 
LB close or above UB, fathomed
2670   508    48         120.5500   126.1500   4.6454     % 
UB: 126.15
branching on 1 with b.
2671   508    49         120.5500   126.1500   4.6454     % 
UB: 126.15
branching on 2 with b.
2672   508    50         120.5500   126.1500   4.6454     % 
UB: 126.15
branching on 3 with b.
2673   509    51         120.5500   126.1500   4.6454     % 
UB: 126.15
branching on 1 with b.
2674   509    51         120.5500   126.1500   4.6454     % 
LB close or above UB, fathomed
2675   508    47         120.5500   126.1500   4.6454     % 
UB: 126.15
branching on 3 with b.
2676   509    46         120.5500   126.1500   4.6454     % 
UB: 126.15
branching on 2 with b.
2677   510    46         120.5500   126.1500   4.6454     % 
UB: 126.15
branching on 2 with b.
2678   511    47         120.5500   126.1500   4.6454     % 
UB: 126.15
branching on 3 with b.
2679   512    48         120.5500   126.1500   4.6454     % 
LB close or above UB, fathomed
2680   511    48         120.5500   126.1500   4.6454     % 
UB: 126.15
branching on 1 with b.
2681   511    49         120.5500   126.1500   4.6454     % 
UB: 126.15
branching on 2 with b.
2682   511    50         120.5500   126.1500   4.6454     % 
UB: 126.15
branching on 3 with b.
2683   512    51         120.5500   126.1500   4.6454     % 
UB: 126.15
branching on 1 with b.
2684   512    51         120.5500   126.1500   4.6454     % 
LB close or above UB, fathomed
2685   511    47         120.5500   126.1500   4.6454     % 
UB: 126.15
branching on 3 with b.
2686   512    45         120.5500   126.1500   4.6454     % 
UB: 126.15
branching on 2 with b.
2687   513    46         120.5500   126.1500   4.6454     % 
UB: 126.15
branching on 3 with b.
2688   514    46         120.5500   126.1500   4.6454     % 
UB: 126.15
branching on 3 with b.
2689   515    45         120.5500   126.1500   4.6454     % 
UB: 126.15
branching on 2 with b.
2690   516    44         120.5500   126.1500   4.6454     % 
UB: 126.15
branching on 1 with b.
2691   517    44         120.5500   126.1500   4.6454     % 
LB close or above UB, fathomed
2692   516    45         120.5500   126.1500   4.6454     % 
UB: 126.15
branching on 2 with b.
2693   517    46         120.5500   126.1500   4.6454     % 
UB: 126.15
branching on 3 with b.
2694   518    46         120.5500   126.1500   4.6454     % 
UB: 126.15
branching on 3 with b.
2695   519    44         120.5500   126.1500   4.6454     % 
UB: 126.15
branching on 1 with b.
2696   519    44         120.5500   126.1500   4.6454     % 
LB close or above UB, fathomed
2697   518    43         120.5500   126.1500   4.6454     % 
UB: 126.15
branching on 3 with b.
2698   519    43         120.5500   126.1500   4.6454     % 
UB: 126.15
branching on 3 with b.
2699   520    44         120.5500   126.1500   4.6454     % 
UB: 126.15
branching on 1 with b.
2700   520    44         120.5500   126.1500   4.6454     % 
LB close or above UB, fathomed
2701   519    51         120.5500   126.1500   4.6454     % 
LB close or above UB, fathomed
2702   518    51         120.5500   126.1500   4.6454     % 
UB: 126.15
branching on 1 with b.
2703   518    50         120.5500   126.1500   4.6454     % 
UB: 126.15
branching on 3 with b.
2704   519    51         120.5500   126.1500   4.6454     % 
LB close or above UB, fathomed
2705   518    51         120.5500   126.1500   4.6454     % 
UB: 126.15
branching on 1 with b.
2706   519    52         120.5500   126.1500   4.6454     % 
UB: 126.15
branching on 2 with b.
2707   519    53         120.5500   126.1500   4.6454     % 
UB: 126.15
branching on 3 with b.
2708   520    54         120.5500   126.1500   4.6454     % 
UB: 126.15
branching on 1 with b.
2709   520    54         120.5500   126.1500   4.6454     % 
LB close or above UB, fathomed
2710   519    52         120.5500   126.1500   4.6454     % 
UB: 126.15
branching on 2 with b.
2711   519    50         120.5500   126.1500   4.6454     % 
UB: 126.15
branching on 3 with b.
2712   520    51         120.5500   126.1500   4.6454     % 
LB close or above UB, fathomed
2713   519    51         120.5500   126.1500   4.6454     % 
UB: 126.15
branching on 1 with b.
2714   519    23         120.5500   126.1500   4.6454     % 
LB close or above UB, fathomed
2715   518    23         120.5500   126.1500   4.6454     % 
UB: 126.15
branching on CartesianIndex(1, 4) with c.
2716   519    21         120.5500   126.1500   4.6454     % 
LB close or above UB, fathomed
2717   518    21         120.5500   126.1500   4.6454     % 
UB: 126.15
branching on 2 with b.
2718   519    22         120.5500   126.1500   4.6454     % 
UB: 126.15
branching on 3 with b.
2719   520    23         120.5500   126.1500   4.6454     % 
UB: 126.15
branching on CartesianIndex(1, 6) with c.
2720   521    23         120.5500   126.1500   4.6454     % 
LB close or above UB, fathomed
2721   520    22         120.5500   126.1500   4.6454     % 
LB close or above UB, fathomed
2722   519    32         120.5500   126.1500   4.6454     % 
UB: 126.15
branching on 3 with b.
2723   520    32         120.5500   126.1500   4.6454     % 
UB: 126.15
branching on 3 with b.
2724   521    33         120.5500   126.1500   4.6454     % 
UB: 126.15
branching on 1 with b.
2725   522    34         120.5500   126.1500   4.6454     % 
UB: 126.15
branching on 2 with b.
2726   523    35         120.5500   126.1500   4.6454     % 
UB: 126.15
branching on 3 with b.
2727   524    36         120.5500   126.1500   4.6454     % 
LB close or above UB, fathomed
2728   523    36         120.5500   126.1500   4.6454     % 
UB: 126.15
branching on 1 with b.
2729   524    35         120.5500   126.1500   4.6454     % 
LB close or above UB, fathomed
2730   523    34         120.5500   126.1500   4.6454     % 
UB: 126.15
branching on 2 with b.
2731   524    35         120.5500   126.1500   4.6454     % 
UB: 126.15
branching on 3 with b.
2732   525    36         120.5500   126.1500   4.6454     % 
LB close or above UB, fathomed
2733   524    36         120.5500   126.1500   4.6454     % 
UB: 126.15
branching on 1 with b.
2734   525    35         120.5500   126.1500   4.6454     % 
LB close or above UB, fathomed
2735   524    33         120.5500   126.1500   4.6454     % 
LB close or above UB, fathomed
2736   523    23         120.5500   126.1500   4.6454     % 
UB: 126.15
branching on CartesianIndex(4, 3) with a.
2737   524    23         120.5500   126.1500   4.6454     % 
LB close or above UB, fathomed
2738   523    30         120.5500   126.1500   4.6454     % 
LB close or above UB, fathomed
2739   522    30         120.5500   126.1500   4.6454     % 
UB: 126.15
branching on CartesianIndex(1, 4) with c.
2740   523    31         120.5500   126.1500   4.6454     % 
LB close or above UB, fathomed
2741   522    31         120.5500   126.1500   4.6454     % 
UB: 126.15
branching on CartesianIndex(1, 5) with c.
2742   523    16         120.5500   126.1500   4.6454     % 
UB: 126.15
branching on CartesianIndex(3, 3) with a.
2743   524    17         120.5500   126.1500   4.6454     % 
LB close or above UB, fathomed
2744   523    17         120.5500   126.1500   4.6454     % 
LB close or above UB, fathomed
2745   522    16         120.5500   126.1500   4.6454     % 
LB close or above UB, fathomed
2746   521    27         120.5500   126.1500   4.6454     % 
UB: 126.15
branching on CartesianIndex(3, 3) with a.
2747   522    28         120.5500   126.1500   4.6454     % 
LB close or above UB, fathomed
2748   521    28         120.5500   126.1500   4.6454     % 
LB close or above UB, fathomed
2749   520    27         120.5500   126.1500   4.6454     % 
UB: 126.15
branching on CartesianIndex(3, 3) with a.
2750   521    13         120.5500   126.1500   4.6454     % 
UB: 126.15
branching on CartesianIndex(2, 2) with a.
2751   522    13         120.5500   126.1500   4.6454     % 
LB close or above UB, fathomed
2752   521    45         120.5500   126.1500   4.6454     % 
UB: 126.15
branching on 1 with b.
2753   522    46         120.5500   126.1500   4.6454     % 
UB: 126.15
branching on 2 with b.
2754   523    47         120.5500   126.1500   4.6454     % 
UB: 126.15
branching on 3 with b.
2755   524    48         120.5500   126.1500   4.6454     % 
UB: 126.15
branching on 1 with b.
2756   524    48         120.5500   126.1500   4.6454     % 
LB close or above UB, fathomed
2757   523    47         120.5500   126.1500   4.6454     % 
LB close or above UB, fathomed
2758   522    46         120.5500   126.1500   4.6454     % 
UB: 126.15
branching on 2 with b.
2759   523    47         120.5500   126.1500   4.6454     % 
UB: 126.15
branching on 3 with b.
2760   524    48         120.5500   126.1500   4.6454     % 
UB: 126.15
branching on 1 with b.
2761   525    48         120.5500   126.1500   4.6454     % 
LB close or above UB, fathomed
2762   524    47         120.5500   126.1500   4.6454     % 
LB close or above UB, fathomed
2763   523    45         120.5500   126.1500   4.6454     % 
LB close or above UB, fathomed
2764   522    15         120.5500   126.1500   4.6454     % 
UB: 126.15
branching on 3 with b.
2765   523    16         120.5500   126.1500   4.6454     % 
UB: 126.15
branching on 1 with b.
2766   524    17         120.5500   126.1500   4.6454     % 
LB close or above UB, fathomed
2767   523    17         120.5500   126.1500   4.6454     % 
UB: 126.15
branching on CartesianIndex(3, 3) with a.
2768   524    18         120.5500   126.1500   4.6454     % 
UB: 126.15
branching on CartesianIndex(4, 3) with a.
2769   525    19         120.5500   126.1500   4.6454     % 
LB close or above UB, fathomed
2770   524    19         120.5500   126.1500   4.6454     % 
LB close or above UB, fathomed
2771   523    18         120.5500   126.1500   4.6454     % 
LB close or above UB, fathomed
2772   522    16         120.5500   126.1500   4.6454     % 
LB close or above UB, fathomed
2773   521    15         120.5500   126.1500   4.6454     % 
LB close or above UB, fathomed
2774   520    19         120.5500   126.1500   4.6454     % 
UB: 126.15
branching on 2 with b.
2775   521    20         120.5500   126.1500   4.6454     % 
UB: 126.15
branching on CartesianIndex(2, 4) with c.
2776   522    21         120.5500   126.1500   4.6454     % 
LB close or above UB, fathomed
2777   521    21         120.5500   126.1500   4.6454     % 
LB close or above UB, fathomed
2778   520    20         120.5500   126.1500   4.6454     % 
LB close or above UB, fathomed
2779   519    19         120.5500   126.1500   4.6454     % 
LB close or above UB, fathomed
2780   518    16         120.5500   126.1500   4.6454     % 
UB: 126.15
branching on CartesianIndex(2, 4) with c.
2781   519    17         120.5500   126.1500   4.6454     % 
LB close or above UB, fathomed
2782   518    17         120.5500   126.1500   4.6454     % 
LB close or above UB, fathomed
2783   517    16         120.5500   126.1500   4.6454     % 
LB close or above UB, fathomed
2784   516    24         120.5500   126.1500   4.6454     % 
LB close or above UB, fathomed
2785   515    24         120.5500   126.1500   4.6454     % 
UB: 126.15
branching on CartesianIndex(1, 5) with c.
2786   516    25         120.5500   126.1500   4.6454     % 
UB: 126.15
branching on CartesianIndex(2, 5) with c.
2787   517    26         120.5500   126.1500   4.6454     % 
UB: 126.15
branching on CartesianIndex(3, 5) with c.
2788   518    27         120.5500   126.1500   4.6454     % 
UB: 126.15
branching on CartesianIndex(4, 5) with c.
2789   519    28         120.5500   126.1500   4.6454     % 
UB: 126.15
branching on 1 with b.
2790   520    28         120.5500   126.1500   4.6454     % 
LB close or above UB, fathomed
2791   519    27         120.5500   126.1500   4.6454     % 
LB close or above UB, fathomed
2792   518    26         120.5500   126.1500   4.6454     % 
LB close or above UB, fathomed
2793   517    25         120.5500   126.1500   4.6454     % 
LB close or above UB, fathomed
2794   516    13         120.5500   126.1500   4.6454     % 
UB: 126.15
branching on CartesianIndex(4, 3) with a.
2795   517    14         120.5500   126.1500   4.6454     % 
LB close or above UB, fathomed
2796   516    14         120.5500   126.1500   4.6454     % 
LB close or above UB, fathomed
2797   515    13         120.5500   126.1500   4.6454     % 
LB close or above UB, fathomed
2798   514    23         120.5500   126.1500   4.6454     % 
UB: 126.15
branching on 1 with b.
2799   515    24         120.5500   126.1500   4.6454     % 
UB: 126.15
branching on CartesianIndex(7, 2) with a.
2800   516    25         120.5500   126.1500   4.6454     % 
LB close or above UB, fathomed
2801   515    25         120.5500   126.1500   4.6454     % 
LB close or above UB, fathomed
2802   514    24         120.5500   126.1500   4.6454     % 
LB close or above UB, fathomed
2803   513    22         120.5500   126.1500   4.6454     % 
LB close or above UB, fathomed
2804   512    22         120.5500   126.1500   4.6454     % 
LB close or above UB, fathomed
2805   511    42         120.5500   126.1500   4.6454     % 
LB close or above UB, fathomed
2806   510    42         120.5500   126.1500   4.6454     % 
UB: 126.15
branching on 1 with b.
2807   511    28         120.5500   126.1500   4.6454     % 
UB: 126.15
branching on CartesianIndex(2, 4) with c.
2808   512    29         120.5500   126.1500   4.6454     % 
LB close or above UB, fathomed
2809   511    29         120.5500   126.1500   4.6454     % 
LB close or above UB, fathomed
2810   510    28         120.5500   126.1500   4.6454     % 
LB close or above UB, fathomed
2811   509    27         120.5500   126.1500   4.6454     % 
UB: 126.15
branching on CartesianIndex(2, 4) with c.
2812   510    28         120.5500   126.1500   4.6454     % 
UB: 126.15
branching on CartesianIndex(3, 4) with c.
2813   511    29         120.5500   126.1500   4.6454     % 
UB: 126.15
branching on CartesianIndex(4, 4) with c.
2814   512    30         120.5500   126.1500   4.6454     % 
UB: 126.15
branching on 2 with b.
2815   513    30         120.5500   126.1500   4.6454     % 
LB close or above UB, fathomed
2816   512    29         120.5500   126.1500   4.6454     % 
LB close or above UB, fathomed
2817   511    28         120.5500   126.1500   4.6454     % 
LB close or above UB, fathomed
2818   510    27         120.5500   126.1500   4.6454     % 
LB close or above UB, fathomed
2819   509    28         120.5500   126.1500   4.6454     % 
UB: 126.15
branching on CartesianIndex(1, 4) with c.
2820   510    29         120.5500   126.1500   4.6454     % 
UB: 126.15
branching on CartesianIndex(2, 4) with c.
2821   511    30         120.5500   126.1500   4.6454     % 
LB close or above UB, fathomed
2822   510    30         120.5500   126.1500   4.6454     % 
LB close or above UB, fathomed
2823   509    29         120.5500   126.1500   4.6454     % 
LB close or above UB, fathomed
2824   508    28         120.5500   126.1500   4.6454     % 
UB: 126.15
branching on 3 with b.
2825   509    29         120.5500   126.1500   4.6454     % 
UB: 126.15
branching on CartesianIndex(1, 4) with c.
2826   510    30         120.5500   126.1500   4.6454     % 
UB: 126.15
branching on CartesianIndex(2, 4) with c.
2827   511    31         120.5500   126.1500   4.6454     % 
LB close or above UB, fathomed
2828   510    31         120.5500   126.1500   4.6454     % 
LB close or above UB, fathomed
2829   509    30         120.5500   126.1500   4.6454     % 
LB close or above UB, fathomed
2830   508    29         120.5500   126.1500   4.6454     % 
LB close or above UB, fathomed
2831   507    27         120.5500   126.1500   4.6454     % 
UB: 126.15
branching on 1 with b.
2832   507    28         120.5500   126.1500   4.6454     % 
UB: 126.15
branching on CartesianIndex(2, 4) with c.
2833   508    27         120.5500   126.1500   4.6454     % 
LB close or above UB, fathomed
2834   507    24         120.5500   126.1500   4.6454     % 
UB: 126.15
branching on CartesianIndex(4, 3) with a.
2835   508    25         120.5500   126.1500   4.6454     % 
LB close or above UB, fathomed
2836   507    25         120.5500   126.1500   4.6454     % 
UB: 126.15
branching on CartesianIndex(1, 4) with c.
2837   508    26         120.5500   126.1500   4.6454     % 
LB close or above UB, fathomed
2838   507    26         120.5500   126.1500   4.6454     % 
LB close or above UB, fathomed
2839   506    24         120.5500   126.1500   4.6454     % 
LB close or above UB, fathomed
2840   505    29         120.5500   126.1500   4.6454     % 
LB close or above UB, fathomed
2841   504    29         120.5500   126.1500   4.6454     % 
LB close or above UB, fathomed
2842   503    23         120.5500   126.1500   4.6454     % 
UB: 126.15
branching on CartesianIndex(2, 5) with c.
2843   504    24         120.5500   126.1500   4.6454     % 
UB: 126.15
branching on CartesianIndex(3, 5) with c.
2844   505    25         120.5500   126.1500   4.6454     % 
UB: 126.15
branching on CartesianIndex(4, 5) with c.
2845   506    26         120.5500   126.1500   4.6454     % 
UB: 126.15
branching on 1 with b.
2846   507    27         120.5500   126.1500   4.6454     % 
LB close or above UB, fathomed
2847   506    27         120.5500   126.1500   4.6454     % 
UB: 126.15
branching on 2 with b.
2848   507    28         120.5500   126.1500   4.6454     % 
UB: 126.15
branching on CartesianIndex(5, 5) with c.
2849   508    29         120.5500   126.1500   4.6454     % 
UB: 126.15
branching on CartesianIndex(1, 6) with c.
2850   509    30         120.5500   126.1500   4.6454     % 
UB: 126.15
branching on CartesianIndex(2, 6) with c.
2851   510    31         120.5500   126.1500   4.6454     % 
LB close or above UB, fathomed
2852   509    31         120.5500   126.1500   4.6454     % 
UB: 126.15
branching on CartesianIndex(1, 7) with c.
2853   510    32         120.5500   126.1500   4.6454     % 
LB close or above UB, fathomed
2854   509    32         120.5500   126.1500   4.6454     % 
UB: 126.15
branching on 3 with b.
2855   510    33         120.5500   126.1500   4.6454     % 
LB close or above UB, fathomed
2856   509    33         120.5500   126.1500   4.6454     % 
UB: 126.15
branching on 1 with b.
2857   510    34         120.5500   126.1500   4.6454     % 
LB close or above UB, fathomed
2858   509    34         120.5500   126.1500   4.6454     % 
UB: 126.15
branching on 2 with b.
2859   510    35         120.5500   126.1500   4.6454     % 
UB: 126.15
branching on 3 with b.
2860   511    35         120.5500   126.1500   4.6454     % 
UB: 126.15
branching on 3 with b.
2861   512    36         120.5500   126.1500   4.6454     % 
UB: 126.15
branching on 1 with b.
2862   513    37         120.5500   126.1500   4.6454     % 
UB: 126.15
branching on 2 with b.
2863   514    38         120.5500   126.1500   4.6454     % 
UB: 126.15
branching on 3 with b.
2864   515    39         120.5500   126.1500   4.6454     % 
UB: 126.15
branching on 1 with b.
2865   516    40         120.5500   126.1500   4.6454     % 
LB close or above UB, fathomed
2866   515    40         120.5500   126.1500   4.6454     % 
UB: 126.15
branching on 2 with b.
2867   516    39         120.5500   126.1500   4.6454     % 
LB close or above UB, fathomed
2868   515    38         120.5500   126.1500   4.6454     % 
LB close or above UB, fathomed
2869   514    37         120.5500   126.1500   4.6454     % 
UB: 126.15
branching on 2 with b.
2870   515    36         120.5500   126.1500   4.6454     % 
LB close or above UB, fathomed
2871   514    30         120.5500   126.1500   4.6454     % 
LB close or above UB, fathomed
2872   513    29         120.5500   126.1500   4.6454     % 
LB close or above UB, fathomed
2873   512    28         120.5500   126.1500   4.6454     % 
LB close or above UB, fathomed
2874   511    26         120.5500   126.1500   4.6454     % 
LB close or above UB, fathomed
2875   510    25         120.5500   126.1500   4.6454     % 
LB close or above UB, fathomed
2876   509    24         120.5500   126.1500   4.6454     % 
LB close or above UB, fathomed
2877   508    23         120.5500   126.1500   4.6454     % 
LB close or above UB, fathomed
2878   507    22         120.5500   126.1500   4.6454     % 
UB: 126.15
branching on CartesianIndex(2, 4) with c.
2879   508    23         120.5500   126.1500   4.6454     % 
LB close or above UB, fathomed
2880   507    23         120.5500   126.1500   4.6454     % 
LB close or above UB, fathomed
2881   506    22         120.5500   126.1500   4.6454     % 
LB close or above UB, fathomed
2882   505    13         120.5500   126.1500   4.6454     % 
UB: 126.15
branching on 1 with b.
2883   506    13         120.5500   126.1500   4.6454     % 
UB: 126.15
branching on CartesianIndex(1, 3) with a.
2884   507    22         120.5500   126.1500   4.6454     % 
LB close or above UB, fathomed
2885   506    22         120.5500   126.1500   4.6454     % 
LB close or above UB, fathomed
2886   505    23         120.5500   126.1500   4.6454     % 
LB close or above UB, fathomed
2887   504    23         120.5500   126.1500   4.6454     % 
LB close or above UB, fathomed
2888   503    19         120.5500   126.1500   4.6454     % 
UB: 126.15
branching on CartesianIndex(1, 3) with a.
2889   504    20         120.5500   126.1500   4.6454     % 
UB: 126.15
branching on CartesianIndex(2, 3) with a.
2890   505    21         120.5500   126.1500   4.6454     % 
UB: 126.15
branching on CartesianIndex(3, 3) with a.
2891   506    22         120.5500   126.1500   4.6454     % 
UB: 126.15
branching on CartesianIndex(4, 3) with a.
2892   507    23         120.5500   126.1500   4.6454     % 
LB close or above UB, fathomed
2893   506    23         120.5500   126.1500   4.6454     % 
LB close or above UB, fathomed
2894   505    22         120.5500   126.1500   4.6454     % 
LB close or above UB, fathomed
2895   504    21         120.5500   126.1500   4.6454     % 
LB close or above UB, fathomed
2896   503    20         120.5500   126.1500   4.6454     % 
LB close or above UB, fathomed
2897   502    19         120.5500   126.1500   4.6454     % 
LB close or above UB, fathomed
2898   501    24         120.5500   126.1500   4.6454     % 
LB close or above UB, fathomed
2899   500    24         120.5500   126.1500   4.6454     % 
UB: 126.15
branching on CartesianIndex(1, 4) with c.
2900   501    25         120.5500   126.1500   4.6454     % 
UB: 126.15
branching on 3 with b.
2901   502    26         120.5500   126.1500   4.6454     % 
LB close or above UB, fathomed
2902   501    26         120.5500   126.1500   4.6454     % 
UB: 126.15
branching on CartesianIndex(2, 4) with c.
2903   502    27         120.5500   126.1500   4.6454     % 
UB: 126.15
branching on 1 with b.
2904   502    28         120.5500   126.1500   4.6454     % 
UB: 126.15
branching on CartesianIndex(3, 4) with c.
2905   503    27         120.5500   126.1500   4.6454     % 
LB close or above UB, fathomed
2906   502    25         120.5500   126.1500   4.6454     % 
LB close or above UB, fathomed
2907   501    19         120.5500   126.1500   4.6454     % 
UB: 126.15
branching on CartesianIndex(2, 3) with a.
2908   502    20         120.5500   126.1500   4.6454     % 
UB: 126.15
branching on CartesianIndex(3, 3) with a.
2909   503    21         120.5500   126.1500   4.6454     % 
UB: 126.15
branching on CartesianIndex(4, 3) with a.
2910   504    22         120.5500   126.1500   4.6454     % 
LB close or above UB, fathomed
2911   503    22         120.5500   126.1500   4.6454     % 
LB close or above UB, fathomed
2912   502    21         120.5500   126.1500   4.6454     % 
LB close or above UB, fathomed
2913   501    20         120.5500   126.1500   4.6454     % 
LB close or above UB, fathomed
2914   500    19         120.5500   126.1500   4.6454     % 
LB close or above UB, fathomed
2915   499    20         120.5500   126.1500   4.6454     % 
UB: 126.15
branching on CartesianIndex(2, 3) with a.
2916   500    21         120.5500   126.1500   4.6454     % 
UB: 126.15
branching on CartesianIndex(3, 3) with a.
2917   501    22         120.5500   126.1500   4.6454     % 
UB: 126.15
branching on CartesianIndex(4, 3) with a.
2918   502    23         120.5500   126.1500   4.6454     % 
LB close or above UB, fathomed
2919   501    23         120.5500   126.1500   4.6454     % 
LB close or above UB, fathomed
2920   500    22         120.5500   126.1500   4.6454     % 
LB close or above UB, fathomed
2921   499    21         120.5500   126.1500   4.6454     % 
LB close or above UB, fathomed
2922   498    20         120.5500   126.1500   4.6454     % 
LB close or above UB, fathomed
2923   497    19         120.5500   126.1500   4.6454     % 
UB: 126.15
branching on 1 with b.
2924   498    20         120.5500   126.1500   4.6454     % 
UB: 126.15
branching on CartesianIndex(2, 4) with c.
2925   499    20         120.5500   126.1500   4.6454     % 
LB close or above UB, fathomed
2926   498    19         120.5500   126.1500   4.6454     % 
LB close or above UB, fathomed
2927   497    38         120.5500   126.1500   4.6454     % 
UB: 126.15
branching on 3 with b.
2928   498    39         120.5500   126.1500   4.6454     % 
UB: 126.15
branching on 1 with b.
2929   499    40         120.5500   126.1500   4.6454     % 
UB: 126.15
branching on 2 with b.
2930   500    40         120.5500   126.1500   4.6454     % 
UB: 126.15
branching on 2 with b.
2931   501    39         120.5500   126.1500   4.6454     % 
LB close or above UB, fathomed
2932   500    38         120.5500   126.1500   4.6454     % 
UB: 126.15
branching on 3 with b.
2933   501    39         120.5500   126.1500   4.6454     % 
UB: 126.15
branching on 1 with b.
2934   502    40         120.5500   126.1500   4.6454     % 
UB: 126.15
branching on 2 with b.
2935   503    40         120.5500   126.1500   4.6454     % 
UB: 126.15
branching on 2 with b.
2936   504    39         120.5500   126.1500   4.6454     % 
LB close or above UB, fathomed
2937   503    20         120.5500   126.1500   4.6454     % 
LB close or above UB, fathomed
2938   502    20         120.5500   126.1500   4.6454     % 
LB close or above UB, fathomed
2939   501    22         120.5500   126.1500   4.6454     % 
UB: 126.15
branching on CartesianIndex(2, 4) with c.
2940   502    23         120.5500   126.1500   4.6454     % 
UB: 126.15
branching on 1 with b.
2941   503    24         120.5500   126.1500   4.6454     % 
UB: 126.15
branching on CartesianIndex(3, 4) with c.
2942   504    25         120.5500   126.1500   4.6454     % 
UB: 126.15
branching on CartesianIndex(4, 4) with c.
2943   505    26         120.5500   126.1500   4.6454     % 
UB: 126.15
branching on CartesianIndex(5, 4) with c.
2944   506    27         120.5500   126.1500   4.6454     % 
UB: 126.15
branching on 2 with b.
2945   507    28         120.5500   126.1500   4.6454     % 
UB: 126.15
branching on CartesianIndex(1, 5) with c.
2946   508    28         120.5500   126.1500   4.6454     % 
UB: 126.15
branching on 3 with b.
2947   509    27         120.5500   126.1500   4.6454     % 
LB close or above UB, fathomed
2948   508    26         120.5500   126.1500   4.6454     % 
LB close or above UB, fathomed
2949   507    25         120.5500   126.1500   4.6454     % 
LB close or above UB, fathomed
2950   506    24         120.5500   126.1500   4.6454     % 
LB close or above UB, fathomed
2951   505    23         120.5500   126.1500   4.6454     % 
LB close or above UB, fathomed
2952   504    22         120.5500   126.1500   4.6454     % 
LB close or above UB, fathomed
2953   503    29         120.5500   126.1500   4.6454     % 
UB: 126.15
branching on 3 with b.
2954   504    29         120.5500   126.1500   4.6454     % 
LB close or above UB, fathomed
2955   503    16         120.5500   126.1500   4.6454     % 
UB: 126.15
branching on CartesianIndex(2, 4) with c.
2956   504    16         120.5500   126.1500   4.6454     % 
LB close or above UB, fathomed
2957   503    14         120.5500   126.1500   4.6454     % 
LB close or above UB, fathomed
2958   502    14         120.5500   126.1500   4.6454     % 
LB close or above UB, fathomed
2959   501    25         120.5500   126.1500   4.6454     % 
UB: 126.15
branching on CartesianIndex(6, 3) with a.
2960   502    26         120.5500   126.1500   4.6454     % 
UB: 126.15
branching on CartesianIndex(7, 3) with a.
2961   503    26         120.5500   126.1500   4.6454     % 
LB close or above UB, fathomed
2962   502    25         120.5500   126.1500   4.6454     % 
LB close or above UB, fathomed
2963   501    19         120.5500   126.1500   4.6454     % 
UB: 126.15
branching on CartesianIndex(6, 3) with a.
2964   502    20         120.5500   126.1500   4.6454     % 
UB: 126.15
branching on 3 with b.
2965   503    20         120.5500   126.1500   4.6454     % 
LB close or above UB, fathomed
2966   502    19         120.5500   126.1500   4.6454     % 
LB close or above UB, fathomed
2967   501    20         120.5500   126.1500   4.6454     % 
UB: 126.15
branching on 1 with b.
2968   502    21         120.5500   126.1500   4.6454     % 
UB: 126.15
branching on CartesianIndex(2, 4) with c.
2969   503    22         120.5500   126.1500   4.6454     % 
LB close or above UB, fathomed
2970   502    22         120.5500   126.1500   4.6454     % 
UB: 126.15
branching on 2 with b.
2971   503    21         120.5500   126.1500   4.6454     % 
LB close or above UB, fathomed
2972   502    20         120.5500   126.1500   4.6454     % 
LB close or above UB, fathomed
2973   501    26         120.5500   126.1500   4.6454     % 
LB close or above UB, fathomed
2974   500    26         120.5500   126.1500   4.6454     % 
LB close or above UB, fathomed
2975   499    16         120.5500   126.1500   4.6454     % 
LB close or above UB, fathomed
2976   498    16         120.5500   126.1500   4.6454     % 
UB: 126.15
branching on 3 with b.
2977   499    17         120.5500   126.1500   4.6454     % 
UB: 126.15
branching on CartesianIndex(1, 4) with c.
2978   500    18         120.5500   126.1500   4.6454     % 
UB: 126.15
branching on CartesianIndex(2, 4) with c.
2979   501    18         120.5500   126.1500   4.6454     % 
LB close or above UB, fathomed
2980   500    17         120.5500   126.1500   4.6454     % 
LB close or above UB, fathomed
2981   499    21         120.5500   126.1500   4.6454     % 
UB: 126.15
branching on CartesianIndex(2, 4) with c.
2982   500    21         120.5500   126.1500   4.6454     % 
LB close or above UB, fathomed
2983   499    27         120.5500   126.1500   4.6454     % 
UB: 126.15
branching on CartesianIndex(6, 3) with a.
2984   500    28         120.5500   126.1500   4.6454     % 
UB: 126.15
branching on CartesianIndex(7, 3) with a.
2985   501    29         120.5500   126.1500   4.6454     % 
LB close or above UB, fathomed
2986   500    29         120.5500   126.1500   4.6454     % 
UB: 126.15
branching on 1 with b.
2987   501    28         120.5500   126.1500   4.6454     % 
LB close or above UB, fathomed
2988   500    27         120.5500   126.1500   4.6454     % 
LB close or above UB, fathomed
2989   499    14         120.5500   126.1500   4.6454     % 
UB: 126.15
branching on CartesianIndex(1, 3) with a.
2990   500    15         120.5500   126.1500   4.6454     % 
UB: 126.15
branching on CartesianIndex(2, 3) with a.
2991   501    16         120.5500   126.1500   4.6454     % 
UB: 126.15
branching on CartesianIndex(3, 3) with a.
2992   502    17         120.5500   126.1500   4.6454     % 
UB: 126.15
branching on CartesianIndex(4, 3) with a.
2993   503    18         120.5500   126.1500   4.6454     % 
LB close or above UB, fathomed
2994   502    18         120.5500   126.1500   4.6454     % 
LB close or above UB, fathomed
2995   501    17         120.5500   126.1500   4.6454     % 
LB close or above UB, fathomed
2996   500    16         120.5500   126.1500   4.6454     % 
LB close or above UB, fathomed
2997   499    15         120.5500   126.1500   4.6454     % 
LB close or above UB, fathomed
2998   498    14         120.5500   126.1500   4.6454     % 
LB close or above UB, fathomed
2999   497    19         120.5500   126.1500   4.6454     % 
UB: 126.15
branching on CartesianIndex(6, 2) with a.
3000   498    20         120.5500   126.1500   4.6454     % 
UB: 126.15
branching on 1 with b.
3001   499    21         120.5500   126.1500   4.6454     % 
UB: 126.15
branching on CartesianIndex(7, 2) with a.
3002   500    22         120.5500   126.1500   4.6454     % 
LB close or above UB, fathomed
3003   499    22         120.5500   126.1500   4.6454     % 
UB: 126.15
branching on CartesianIndex(1, 3) with a.
3004   500    21         120.5500   126.1500   4.6454     % 
UB: 126.15
branching on CartesianIndex(7, 2) with a.
3005   501    22         120.5500   126.1500   4.6454     % 
LB close or above UB, fathomed
3006   500    22         120.5500   126.1500   4.6454     % 
UB: 126.15
branching on CartesianIndex(1, 3) with a.
3007   501    20         120.5500   126.1500   4.6454     % 
LB close or above UB, fathomed
3008   500    19         120.5500   126.1500   4.6454     % 
LB close or above UB, fathomed
3009   499    23         120.5500   126.1500   4.6454     % 
UB: 126.15
branching on CartesianIndex(2, 3) with a.
3010   500    24         120.5500   126.1500   4.6454     % 
UB: 126.15
branching on CartesianIndex(3, 3) with a.
3011   501    25         120.5500   126.1500   4.6454     % 
UB: 126.15
branching on CartesianIndex(4, 3) with a.
3012   502    26         120.5500   126.1500   4.6454     % 
UB: 126.15
branching on CartesianIndex(5, 3) with a.
3013   503    27         120.5500   126.1500   4.6454     % 
UB: 126.15
branching on 1 with b.
3014   504    28         120.5500   126.1500   4.6454     % 
UB: 126.15
branching on CartesianIndex(6, 3) with a.
3015   505    29         120.5500   126.1500   4.6454     % 
LB close or above UB, fathomed
3016   504    29         120.5500   126.1500   4.6454     % 
LB close or above UB, fathomed
3017   503    28         120.5500   126.1500   4.6454     % 
UB: 126.15
branching on CartesianIndex(6, 3) with a.
3018   504    29         120.5500   126.1500   4.6454     % 
LB close or above UB, fathomed
3019   503    29         120.5500   126.1500   4.6454     % 
LB close or above UB, fathomed
3020   502    27         120.5500   126.1500   4.6454     % 
LB close or above UB, fathomed
3021   501    26         120.5500   126.1500   4.6454     % 
LB close or above UB, fathomed
3022   500    25         120.5500   126.1500   4.6454     % 
LB close or above UB, fathomed
3023   499    24         120.5500   126.1500   4.6454     % 
LB close or above UB, fathomed
3024   498    23         120.5500   126.1500   4.6454     % 
LB close or above UB, fathomed
3025   497    22         120.5500   126.1500   4.6454     % 
UB: 126.15
branching on CartesianIndex(2, 3) with a.
3026   498    23         120.5500   126.1500   4.6454     % 
UB: 126.15
branching on 3 with b.
3027   499    24         120.5500   126.1500   4.6454     % 
LB close or above UB, fathomed
3028   498    24         120.5500   126.1500   4.6454     % 
UB: 126.15
branching on CartesianIndex(3, 3) with a.
3029   499    23         120.5500   126.1500   4.6454     % 
LB close or above UB, fathomed
3030   498    22         120.5500   126.1500   4.6454     % 
LB close or above UB, fathomed
3031   497    22         120.5500   126.1500   4.6454     % 
UB: 126.15
branching on 1 with b.
3032   498    23         120.5500   126.1500   4.6454     % 
LB close or above UB, fathomed
3033   497    23         120.5500   126.1500   4.6454     % 
LB close or above UB, fathomed
3034   496    22         120.5500   126.1500   4.6454     % 
LB close or above UB, fathomed
3035   495    22         120.5500   126.1500   4.6454     % 
UB: 126.15
branching on CartesianIndex(2, 3) with a.
3036   496    23         120.5500   126.1500   4.6454     % 
UB: 126.15
branching on CartesianIndex(3, 3) with a.
3037   497    24         120.5500   126.1500   4.6454     % 
UB: 126.15
branching on CartesianIndex(4, 3) with a.
3038   498    25         120.5500   126.1500   4.6454     % 
LB close or above UB, fathomed
3039   497    25         120.5500   126.1500   4.6454     % 
LB close or above UB, fathomed
3040   496    24         120.5500   126.1500   4.6454     % 
LB close or above UB, fathomed
3041   495    23         120.5500   126.1500   4.6454     % 
LB close or above UB, fathomed
3042   494    22         120.5500   126.1500   4.6454     % 
LB close or above UB, fathomed
3043   493    17         120.5500   126.1500   4.6454     % 
UB: 126.15
branching on CartesianIndex(1, 3) with a.
3044   494    18         120.5500   126.1500   4.6454     % 
UB: 126.15
branching on CartesianIndex(2, 3) with a.
3045   495    19         120.5500   126.1500   4.6454     % 
UB: 126.15
branching on CartesianIndex(3, 3) with a.
3046   496    19         120.5500   126.1500   4.6454     % 
LB close or above UB, fathomed
3047   495    18         120.5500   126.1500   4.6454     % 
LB close or above UB, fathomed
3048   494    17         120.5500   126.1500   4.6454     % 
UB: 126.15
branching on 3 with b.
3049   495    18         120.5500   126.1500   4.6454     % 
UB: 126.15
branching on CartesianIndex(1, 3) with a.
3050   496    19         120.5500   126.1500   4.6454     % 
UB: 126.15
branching on CartesianIndex(2, 3) with a.
3051   497    20         120.5500   126.1500   4.6454     % 
UB: 126.15
branching on CartesianIndex(3, 3) with a.
3052   498    20         120.5500   126.1500   4.6454     % 
LB close or above UB, fathomed
3053   497    19         120.5500   126.1500   4.6454     % 
LB close or above UB, fathomed
3054   496    18         120.5500   126.1500   4.6454     % 
LB close or above UB, fathomed
3055   495    16         120.5500   126.1500   4.6454     % 
UB: 126.15
branching on CartesianIndex(1, 3) with a.
3056   496    17         120.5500   126.1500   4.6454     % 
UB: 126.15
branching on CartesianIndex(2, 3) with a.
3057   497    18         120.5500   126.1500   4.6454     % 
UB: 126.15
branching on CartesianIndex(3, 3) with a.
3058   498    19         120.5500   126.1500   4.6454     % 
UB: 126.15
branching on CartesianIndex(4, 3) with a.
3059   499    20         120.5500   126.1500   4.6454     % 
UB: 126.15
branching on CartesianIndex(5, 3) with a.
3060   500    21         120.5500   126.1500   4.6454     % 
UB: 126.15
branching on CartesianIndex(6, 3) with a.
3061   501    22         120.5500   126.1500   4.6454     % 
UB: 126.15
branching on CartesianIndex(7, 3) with a.
3062   502    22         120.5500   126.1500   4.6454     % 
LB close or above UB, fathomed
3063   501    21         120.5500   126.1500   4.6454     % 
LB close or above UB, fathomed
3064   500    20         120.5500   126.1500   4.6454     % 
LB close or above UB, fathomed
3065   499    19         120.5500   126.1500   4.6454     % 
LB close or above UB, fathomed
3066   498    18         120.5500   126.1500   4.6454     % 
LB close or above UB, fathomed
3067   497    17         120.5500   126.1500   4.6454     % 
LB close or above UB, fathomed
3068   496    16         120.5500   126.1500   4.6454     % 
LB close or above UB, fathomed
3069   495    16         120.5500   126.1500   4.6454     % 
UB: 126.15
branching on CartesianIndex(6, 2) with a.
3070   496    17         120.5500   126.1500   4.6454     % 
UB: 126.15
branching on CartesianIndex(7, 2) with a.
3071   497    18         120.5500   126.1500   4.6454     % 
UB: 126.15
branching on CartesianIndex(8, 2) with a.
3072   498    18         120.5500   126.1500   4.6454     % 
LB close or above UB, fathomed
3073   497    17         120.5500   126.1500   4.6454     % 
LB close or above UB, fathomed
3074   496    16         120.5500   126.1500   4.6454     % 
LB close or above UB, fathomed
3075   495    23         120.5500   126.1500   4.6454     % 
UB: 126.15
branching on CartesianIndex(8, 3) with a.
3076   496    24         120.5500   126.1500   4.6454     % 
LB close or above UB, fathomed
3077   495    24         120.5500   126.1500   4.6454     % 
UB: 126.15
branching on CartesianIndex(1, 4) with c.
3078   496    25         120.5500   126.1500   4.6454     % 
UB: 126.15
branching on CartesianIndex(2, 4) with c.
3079   497    26         120.5500   126.1500   4.6454     % 
LB close or above UB, fathomed
3080   496    26         120.5500   126.1500   4.6454     % 
UB: 126.15
branching on CartesianIndex(1, 5) with c.
3081   497    25         120.5500   126.1500   4.6454     % 
LB close or above UB, fathomed
3082   496    23         120.5500   126.1500   4.6454     % 
LB close or above UB, fathomed
3083   495    21         120.5500   126.1500   4.6454     % 
LB close or above UB, fathomed
3084   494    21         120.5500   126.1500   4.6454     % 
UB: 126.15
branching on CartesianIndex(1, 5) with c.
3085   495    29         120.5500   126.1500   4.6454     % 
UB: 126.15
branching on CartesianIndex(4, 4) with c.
3086   496    30         120.5500   126.1500   4.6454     % 
UB: 126.15
branching on CartesianIndex(5, 4) with c.
3087   497    30         120.5500   126.1500   4.6454     % 
LB close or above UB, fathomed
3088   496    29         120.5500   126.1500   4.6454     % 
LB close or above UB, fathomed
3089   495    38         120.5500   126.1500   4.6454     % 
UB: 126.15
branching on 3 with b.
3090   496    39         120.5500   126.1500   4.6454     % 
UB: 126.15
branching on 1 with b.
3091   497    40         120.5500   126.1500   4.6454     % 
UB: 126.15
branching on 2 with b.
3092   498    41         120.5500   126.1500   4.6454     % 
UB: 126.15
branching on 3 with b.
3093   499    42         120.5500   126.1500   4.6454     % 
UB: 126.15
branching on 1 with b.
3094   499    42         120.5500   126.1500   4.6454     % 
LB close or above UB, fathomed
3095   498    41         120.5500   126.1500   4.6454     % 
UB: 126.15
branching on 3 with b.
3096   499    40         120.5500   126.1500   4.6454     % 
UB: 126.15
branching on 2 with b.
3097   500    41         120.5500   126.1500   4.6454     % 
UB: 126.15
branching on 3 with b.
3098   501    42         120.5500   126.1500   4.6454     % 
UB: 126.15
branching on 1 with b.
3099   502    42         120.5500   126.1500   4.6454     % 
LB close or above UB, fathomed
3100   501    41         120.5500   126.1500   4.6454     % 
UB: 126.15
branching on 3 with b.
3101   502    39         120.5500   126.1500   4.6454     % 
LB close or above UB, fathomed
3102   501    38         120.5500   126.1500   4.6454     % 
LB close or above UB, fathomed
3103   500    29         120.5500   126.1500   4.6454     % 
LB close or above UB, fathomed
3104   499    29         120.5500   126.1500   4.6454     % 
LB close or above UB, fathomed
3105   498    24         120.5500   126.1500   4.6454     % 
UB: 126.15
branching on CartesianIndex(2, 6) with c.
3106   499    25         120.5500   126.1500   4.6454     % 
LB close or above UB, fathomed
3107   498    25         120.5500   126.1500   4.6454     % 
UB: 126.15
branching on CartesianIndex(1, 7) with c.
3108   499    26         120.5500   126.1500   4.6454     % 
UB: 126.15
branching on CartesianIndex(2, 7) with c.
3109   500    27         120.5500   126.1500   4.6454     % 
UB: 126.15
branching on 1 with b.
3110   501    28         120.5500   126.1500   4.6454     % 
LB close or above UB, fathomed
3111   500    28         120.5500   126.1500   4.6454     % 
UB: 126.15
branching on CartesianIndex(3, 7) with c.
3112   501    27         120.5500   126.1500   4.6454     % 
LB close or above UB, fathomed
3113   500    26         120.5500   126.1500   4.6454     % 
LB close or above UB, fathomed
3114   499    24         120.5500   126.1500   4.6454     % 
LB close or above UB, fathomed
3115   498    52         120.5500   126.1500   4.6454     % 
UB: 126.15
branching on 2 with b.
3116   498    53         120.5500   126.1500   4.6454     % 
UB: 126.15
branching on 3 with b.
3117   499    54         120.5500   126.1500   4.6454     % 
UB: 126.15
branching on 1 with b.
3118   499    54         120.5500   126.1500   4.6454     % 
LB close or above UB, fathomed
3119   498    52         120.5500   126.1500   4.6454     % 
UB: 126.15
branching on 2 with b.
3120   498    53         120.5500   126.1500   4.6454     % 
UB: 126.15
branching on 3 with b.
3121   499    54         120.5500   126.1500   4.6454     % 
UB: 126.15
branching on 1 with b.
3122   499    54         120.5500   126.1500   4.6454     % 
LB close or above UB, fathomed
3123   498    32         120.5500   126.1500   4.6454     % 
UB: 126.15
branching on CartesianIndex(3, 4) with c.
3124   499    33         120.5500   126.1500   4.6454     % 
UB: 126.15
branching on CartesianIndex(4, 4) with c.
3125   500    34         120.5500   126.1500   4.6454     % 
UB: 126.15
branching on CartesianIndex(5, 4) with c.
3126   501    35         120.5500   126.1500   4.6454     % 
UB: 126.15
branching on 3 with b.
3127   502    36         120.5500   126.1500   4.6454     % 
UB: 126.15
branching on CartesianIndex(1, 5) with c.
3128   503    37         120.5500   126.1500   4.6454     % 
UB: 126.15
branching on CartesianIndex(2, 5) with c.
3129   504    38         120.5500   126.1500   4.6454     % 
LB close or above UB, fathomed
3130   503    38         120.5500   126.1500   4.6454     % 
LB close or above UB, fathomed
3131   502    37         120.5500   126.1500   4.6454     % 
LB close or above UB, fathomed
3132   501    36         120.5500   126.1500   4.6454     % 
LB close or above UB, fathomed
3133   500    35         120.5500   126.1500   4.6454     % 
LB close or above UB, fathomed
3134   499    34         120.5500   126.1500   4.6454     % 
LB close or above UB, fathomed
3135   498    33         120.5500   126.1500   4.6454     % 
LB close or above UB, fathomed
3136   497    32         120.5500   126.1500   4.6454     % 
LB close or above UB, fathomed
3137   496    30         120.5500   126.1500   4.6454     % 
UB: 126.15
branching on CartesianIndex(6, 3) with a.
3138   497    31         120.5500   126.1500   4.6454     % 
UB: 126.15
branching on CartesianIndex(7, 3) with a.
3139   498    32         120.5500   126.1500   4.6454     % 
LB close or above UB, fathomed
3140   497    32         120.5500   126.1500   4.6454     % 
UB: 126.15
branching on CartesianIndex(1, 4) with c.
3141   498    31         120.5500   126.1500   4.6454     % 
LB close or above UB, fathomed
3142   497    30         120.5500   126.1500   4.6454     % 
LB close or above UB, fathomed
3143   496    25         120.5500   126.1500   4.6454     % 
UB: 126.15
branching on CartesianIndex(4, 4) with c.
3144   497    26         120.5500   126.1500   4.6454     % 
UB: 126.15
branching on CartesianIndex(5, 4) with c.
3145   498    27         120.5500   126.1500   4.6454     % 
UB: 126.15
branching on CartesianIndex(1, 5) with c.
3146   499    28         120.5500   126.1500   4.6454     % 
UB: 126.15
branching on CartesianIndex(2, 5) with c.
3147   500    29         120.5500   126.1500   4.6454     % 
LB close or above UB, fathomed
3148   499    29         120.5500   126.1500   4.6454     % 
LB close or above UB, fathomed
3149   498    28         120.5500   126.1500   4.6454     % 
LB close or above UB, fathomed
3150   497    27         120.5500   126.1500   4.6454     % 
LB close or above UB, fathomed
3151   496    26         120.5500   126.1500   4.6454     % 
LB close or above UB, fathomed
3152   495    25         120.5500   126.1500   4.6454     % 
LB close or above UB, fathomed
3153   494    16         120.5500   126.1500   4.6454     % 
UB: 126.15
branching on 1 with b.
3154   495    17         120.5500   126.1500   4.6454     % 
UB: 126.15
branching on CartesianIndex(3, 3) with a.
3155   496    18         120.5500   126.1500   4.6454     % 
UB: 126.15
branching on CartesianIndex(4, 3) with a.
3156   497    19         120.5500   126.1500   4.6454     % 
LB close or above UB, fathomed
3157   496    19         120.5500   126.1500   4.6454     % 
LB close or above UB, fathomed
3158   495    18         120.5500   126.1500   4.6454     % 
LB close or above UB, fathomed
3159   494    17         120.5500   126.1500   4.6454     % 
LB close or above UB, fathomed
3160   493    16         120.5500   126.1500   4.6454     % 
LB close or above UB, fathomed
3161   492    22         120.5500   126.1500   4.6454     % 
LB close or above UB, fathomed
3162   491    22         120.5500   126.1500   4.6454     % 
UB: 126.15
branching on CartesianIndex(1, 4) with c.
3163   492    23         120.5500   126.1500   4.6454     % 
UB: 126.15
branching on CartesianIndex(2, 4) with c.
3164   493    23         120.5500   126.1500   4.6454     % 
LB close or above UB, fathomed
3165   492    30         120.5500   126.1500   4.6454     % 
UB: 126.15
branching on CartesianIndex(1, 6) with c.
3166   493    31         120.5500   126.1500   4.6454     % 
LB close or above UB, fathomed
3167   492    31         120.5500   126.1500   4.6454     % 
UB: 126.15
branching on CartesianIndex(1, 7) with c.
3168   493    32         120.5500   126.1500   4.6454     % 
UB: 126.15
branching on CartesianIndex(2, 7) with c.
3169   494    33         120.5500   126.1500   4.6454     % 
LB close or above UB, fathomed
3170   493    33         120.5500   126.1500   4.6454     % 
UB: 126.15
branching on 2 with b.
3171   494    34         120.5500   126.1500   4.6454     % 
LB close or above UB, fathomed
3172   493    34         120.5500   126.1500   4.6454     % 
UB: 126.15
branching on 3 with b.
3173   494    35         120.5500   126.1500   4.6454     % 
UB: 126.15
branching on 1 with b.
3174   495    36         120.5500   126.1500   4.6454     % 
UB: 126.15
branching on 2 with b.
3175   496    36         120.5500   126.1500   4.6454     % 
UB: 126.15
branching on 2 with b.
3176   497    35         120.5500   126.1500   4.6454     % 
LB close or above UB, fathomed
3177   496    32         120.5500   126.1500   4.6454     % 
LB close or above UB, fathomed
3178   495    30         120.5500   126.1500   4.6454     % 
LB close or above UB, fathomed
3179   494    27         120.5500   126.1500   4.6454     % 
LB close or above UB, fathomed
3180   493    27         120.5500   126.1500   4.6454     % 
UB: 126.15
branching on CartesianIndex(1, 5) with c.
3181   494    28         120.5500   126.1500   4.6454     % 
UB: 126.15
branching on CartesianIndex(2, 5) with c.
3182   495    29         120.5500   126.1500   4.6454     % 
UB: 126.15
branching on CartesianIndex(3, 5) with c.
3183   496    30         120.5500   126.1500   4.6454     % 
UB: 126.15
branching on CartesianIndex(4, 5) with c.
3184   497    31         120.5500   126.1500   4.6454     % 
UB: 126.15
branching on CartesianIndex(5, 5) with c.
3185   498    31         120.5500   126.1500   4.6454     % 
LB close or above UB, fathomed
3186   497    30         120.5500   126.1500   4.6454     % 
LB close or above UB, fathomed
3187   496    29         120.5500   126.1500   4.6454     % 
LB close or above UB, fathomed
3188   495    28         120.5500   126.1500   4.6454     % 
LB close or above UB, fathomed
3189   494    29         120.5500   126.1500   4.6454     % 
LB close or above UB, fathomed
3190   493    29         120.5500   126.1500   4.6454     % 
UB: 126.15
branching on 2 with b.
3191   494    22         120.5500   126.1500   4.6454     % 
LB close or above UB, fathomed
3192   493    22         120.5500   126.1500   4.6454     % 
UB: 126.15
branching on CartesianIndex(1, 6) with c.
3193   494    23         120.5500   126.1500   4.6454     % 
UB: 126.15
branching on CartesianIndex(2, 6) with c.
3194   495    24         120.5500   126.1500   4.6454     % 
UB: 126.15
branching on CartesianIndex(3, 6) with c.
3195   496    25         120.5500   126.1500   4.6454     % 
UB: 126.15
branching on CartesianIndex(4, 6) with c.
3196   497    26         120.5500   126.1500   4.6454     % 
UB: 126.15
branching on CartesianIndex(5, 6) with c.
3197   498    27         120.5500   126.1500   4.6454     % 
UB: 126.15
branching on CartesianIndex(1, 7) with c.
3198   499    28         120.5500   126.1500   4.6454     % 
UB: 126.15
branching on CartesianIndex(2, 7) with c.
3199   500    29         120.5500   126.1500   4.6454     % 
LB close or above UB, fathomed
3200   499    29         120.5500   126.1500   4.6454     % 
UB: 126.15
branching on 2 with b.
3201   500    30         120.5500   126.1500   4.6454     % 
UB: 126.15
branching on 3 with b.
3202   501    31         120.5500   126.1500   4.6454     % 
UB: 126.15
branching on 1 with b.
3203   502    32         120.5500   126.1500   4.6454     % 
LB close or above UB, fathomed
3204   501    32         120.5500   126.1500   4.6454     % 
UB: 126.15
branching on 2 with b.
3205   502    31         120.5500   126.1500   4.6454     % 
UB: 126.15
branching on 1 with b.
3206   503    30         120.5500   126.1500   4.6454     % 
LB close or above UB, fathomed
3207   502    28         120.5500   126.1500   4.6454     % 
LB close or above UB, fathomed
3208   501    27         120.5500   126.1500   4.6454     % 
LB close or above UB, fathomed
3209   500    26         120.5500   126.1500   4.6454     % 
LB close or above UB, fathomed
3210   499    25         120.5500   126.1500   4.6454     % 
LB close or above UB, fathomed
3211   498    24         120.5500   126.1500   4.6454     % 
LB close or above UB, fathomed
3212   497    23         120.5500   126.1500   4.6454     % 
LB close or above UB, fathomed
3213   496    19         120.5500   126.1500   4.6454     % 
UB: 126.15
branching on CartesianIndex(1, 4) with c.
3214   497    20         120.5500   126.1500   4.6454     % 
UB: 126.15
branching on 2 with b.
3215   498    20         120.5500   126.1500   4.6454     % 
LB close or above UB, fathomed
3216   497    19         120.5500   126.1500   4.6454     % 
LB close or above UB, fathomed
3217   496    21         120.5500   126.1500   4.6454     % 
LB close or above UB, fathomed
3218   495    21         120.5500   126.1500   4.6454     % 
LB close or above UB, fathomed
3219   494    22         120.5500   126.1500   4.6454     % 
LB close or above UB, fathomed
3220   493    22         120.5500   126.1500   4.6454     % 
UB: 126.15
branching on 1 with b.
3221   494    43         120.5500   126.1500   4.6454     % 
LB close or above UB, fathomed
3222   493    43         120.5500   126.1500   4.6454     % 
UB: 126.15
branching on 2 with b.
3223   493    44         120.5500   126.1500   4.6454     % 
UB: 126.15
branching on 3 with b.
3224   494    45         120.5500   126.1500   4.6454     % 
LB close or above UB, fathomed
3225   493    45         120.5500   126.1500   4.6454     % 
UB: 126.15
branching on 1 with b.
3226   493    24         120.5500   126.1500   4.6454     % 
UB: 126.15
branching on CartesianIndex(3, 3) with a.
3227   494    25         120.5500   126.1500   4.6454     % 
UB: 126.15
branching on CartesianIndex(4, 3) with a.
3228   495    26         120.5500   126.1500   4.6454     % 
LB close or above UB, fathomed
3229   494    26         120.5500   126.1500   4.6454     % 
LB close or above UB, fathomed
3230   493    25         120.5500   126.1500   4.6454     % 
LB close or above UB, fathomed
3231   492    24         120.5500   126.1500   4.6454     % 
LB close or above UB, fathomed
3232   491    23         120.5500   126.1500   4.6454     % 
UB: 126.15
branching on CartesianIndex(7, 3) with a.
3233   492    24         120.5500   126.1500   4.6454     % 
UB: 126.15
branching on CartesianIndex(8, 3) with a.
3234   493    25         120.5500   126.1500   4.6454     % 
LB close or above UB, fathomed
3235   492    25         120.5500   126.1500   4.6454     % 
UB: 126.15
branching on 2 with b.
3236   493    26         120.5500   126.1500   4.6454     % 
LB close or above UB, fathomed
3237   492    26         120.5500   126.1500   4.6454     % 
LB close or above UB, fathomed
3238   491    24         120.5500   126.1500   4.6454     % 
LB close or above UB, fathomed
3239   490    23         120.5500   126.1500   4.6454     % 
LB close or above UB, fathomed
3240   489    33         120.5500   126.1500   4.6454     % 
UB: 126.15
branching on CartesianIndex(2, 5) with c.
3241   490    34         120.5500   126.1500   4.6454     % 
UB: 126.15
branching on CartesianIndex(3, 5) with c.
3242   491    35         120.5500   126.1500   4.6454     % 
UB: 126.15
branching on CartesianIndex(4, 5) with c.
3243   492    36         120.5500   126.1500   4.6454     % 
UB: 126.15
branching on CartesianIndex(5, 5) with c.
3244   493    37         120.5500   126.1500   4.6454     % 
UB: 126.15
branching on CartesianIndex(1, 6) with c.
3245   494    38         120.5500   126.1500   4.6454     % 
UB: 126.15
branching on CartesianIndex(2, 6) with c.
3246   495    39         120.5500   126.1500   4.6454     % 
LB close or above UB, fathomed
3247   494    39         120.5500   126.1500   4.6454     % 
UB: 126.15
branching on CartesianIndex(1, 7) with c.
3248   495    40         120.5500   126.1500   4.6454     % 
LB close or above UB, fathomed
3249   494    40         120.5500   126.1500   4.6454     % 
UB: 126.15
branching on 2 with b.
3250   495    41         120.5500   126.1500   4.6454     % 
UB: 126.15
branching on 3 with b.
3251   496    42         120.5500   126.1500   4.6454     % 
UB: 126.15
branching on 1 with b.
3252   497    43         120.5500   126.1500   4.6454     % 
UB: 126.15
branching on 2 with b.
3253   498    44         120.5500   126.1500   4.6454     % 
UB: 126.15
branching on 3 with b.
3254   499    44         120.5500   126.1500   4.6454     % 
UB: 126.15
branching on 3 with b.
3255   500    45         120.5500   126.1500   4.6454     % 
UB: 126.15
branching on 1 with b.
3256   501    46         120.5500   126.1500   4.6454     % 
UB: 126.15
branching on 2 with b.
3257   502    47         120.5500   126.1500   4.6454     % 
UB: 126.15
branching on 3 with b.
3258   503    48         120.5500   126.1500   4.6454     % 
UB: 126.15
branching on 1 with b.
3259   504    48         120.5500   126.1500   4.6454     % 
LB close or above UB, fathomed
3260   503    47         120.5500   126.1500   4.6454     % 
UB: 126.15
branching on 3 with b.
3261   504    48         120.5500   126.1500   4.6454     % 
UB: 126.15
branching on 1 with b.
3262   505    48         120.5500   126.1500   4.6454     % 
LB close or above UB, fathomed
3263   504    46         120.5500   126.1500   4.6454     % 
UB: 126.15
branching on 2 with b.
3264   505    47         120.5500   126.1500   4.6454     % 
UB: 126.15
branching on 3 with b.
3265   506    48         120.5500   126.1500   4.6454     % 
UB: 126.15
branching on 1 with b.
3266   507    49         120.5500   126.1500   4.6454     % 
UB: 126.15
branching on 2 with b.
3267   508    50         120.5500   126.1500   4.6454     % 
UB: 126.15
branching on 3 with b.
3268   509    50         120.5500   126.1500   4.6454     % 
UB: 126.15
branching on 3 with b.
3269   510    51         120.5500   126.1500   4.6454     % 
LB close or above UB, fathomed
3270   509    51         120.5500   126.1500   4.6454     % 
UB: 126.15
branching on 1 with b.
3271   510    49         120.5500   126.1500   4.6454     % 
UB: 126.15
branching on 2 with b.
3272   511    50         120.5500   126.1500   4.6454     % 
UB: 126.15
branching on 3 with b.
3273   512    50         120.5500   126.1500   4.6454     % 
UB: 126.15
branching on 3 with b.
3274   513    51         120.5500   126.1500   4.6454     % 
LB close or above UB, fathomed
3275   512    51         120.5500   126.1500   4.6454     % 
UB: 126.15
branching on 1 with b.
3276   513    48         120.5500   126.1500   4.6454     % 
LB close or above UB, fathomed
3277   512    47         120.5500   126.1500   4.6454     % 
UB: 126.15
branching on 3 with b.
3278   513    48         120.5500   126.1500   4.6454     % 
UB: 126.15
branching on 1 with b.
3279   514    49         120.5500   126.1500   4.6454     % 
UB: 126.15
branching on 2 with b.
3280   514    50         120.5500   126.1500   4.6454     % 
UB: 126.15
branching on 3 with b.
3281   515    51         120.5500   126.1500   4.6454     % 
LB close or above UB, fathomed
3282   514    51         120.5500   126.1500   4.6454     % 
UB: 126.15
branching on 1 with b.
3283   515    49         120.5500   126.1500   4.6454     % 
UB: 126.15
branching on 2 with b.
3284   515    50         120.5500   126.1500   4.6454     % 
UB: 126.15
branching on 3 with b.
3285   516    51         120.5500   126.1500   4.6454     % 
LB close or above UB, fathomed
3286   515    51         120.5500   126.1500   4.6454     % 
UB: 126.15
branching on 1 with b.
3287   516    48         120.5500   126.1500   4.6454     % 
LB close or above UB, fathomed
3288   515    45         120.5500   126.1500   4.6454     % 
LB close or above UB, fathomed
3289   514    43         120.5500   126.1500   4.6454     % 
LB close or above UB, fathomed
3290   513    42         120.5500   126.1500   4.6454     % 
LB close or above UB, fathomed
3291   512    41         120.5500   126.1500   4.6454     % 
UB: 126.15
branching on 3 with b.
3292   513    42         120.5500   126.1500   4.6454     % 
UB: 126.15
branching on 1 with b.
3293   514    43         120.5500   126.1500   4.6454     % 
UB: 126.15
branching on 2 with b.
3294   515    44         120.5500   126.1500   4.6454     % 
UB: 126.15
branching on 3 with b.
3295   516    45         120.5500   126.1500   4.6454     % 
UB: 126.15
branching on 1 with b.
3296   517    46         120.5500   126.1500   4.6454     % 
UB: 126.15
branching on 2 with b.
3297   517    47         120.5500   126.1500   4.6454     % 
UB: 126.15
branching on 3 with b.
3298   518    48         120.5500   126.1500   4.6454     % 
UB: 126.15
branching on 1 with b.
3299   519    48         120.5500   126.1500   4.6454     % 
LB close or above UB, fathomed
3300   518    46         120.5500   126.1500   4.6454     % 
UB: 126.15
branching on 2 with b.
3301   518    47         120.5500   126.1500   4.6454     % 
UB: 126.15
branching on 3 with b.
3302   519    48         120.5500   126.1500   4.6454     % 
UB: 126.15
branching on 1 with b.
3303   520    49         120.5500   126.1500   4.6454     % 
UB: 126.15
branching on 2 with b.
3304   521    50         120.5500   126.1500   4.6454     % 
UB: 126.15
branching on 3 with b.
3305   522    51         120.5500   126.1500   4.6454     % 
LB close or above UB, fathomed
3306   521    51         120.5500   126.1500   4.6454     % 
UB: 126.15
branching on 1 with b.
3307   522    50         120.5500   126.1500   4.6454     % 
UB: 126.15
branching on 3 with b.
3308   523    49         120.5500   126.1500   4.6454     % 
UB: 126.15
branching on 2 with b.
3309   524    50         120.5500   126.1500   4.6454     % 
UB: 126.15
branching on 3 with b.
3310   525    51         120.5500   126.1500   4.6454     % 
LB close or above UB, fathomed
3311   524    51         120.5500   126.1500   4.6454     % 
UB: 126.15
branching on 1 with b.
3312   525    50         120.5500   126.1500   4.6454     % 
UB: 126.15
branching on 3 with b.
3313   526    48         120.5500   126.1500   4.6454     % 
LB close or above UB, fathomed
3314   525    45         120.5500   126.1500   4.6454     % 
LB close or above UB, fathomed
3315   524    44         120.5500   126.1500   4.6454     % 
LB close or above UB, fathomed
3316   523    43         120.5500   126.1500   4.6454     % 
LB close or above UB, fathomed
3317   522    42         120.5500   126.1500   4.6454     % 
LB close or above UB, fathomed
3318   521    38         120.5500   126.1500   4.6454     % 
LB close or above UB, fathomed
3319   520    37         120.5500   126.1500   4.6454     % 
LB close or above UB, fathomed
3320   519    36         120.5500   126.1500   4.6454     % 
LB close or above UB, fathomed
3321   518    35         120.5500   126.1500   4.6454     % 
LB close or above UB, fathomed
3322   517    34         120.5500   126.1500   4.6454     % 
LB close or above UB, fathomed
3323   516    33         120.5500   126.1500   4.6454     % 
LB close or above UB, fathomed
3324   515    21         120.5500   126.1500   4.6454     % 
LB close or above UB, fathomed
3325   514    21         120.5500   126.1500   4.6454     % 
LB close or above UB, fathomed
3326   513    30         120.5500   126.1500   4.6454     % 
UB: 126.15
branching on CartesianIndex(2, 5) with c.
3327   514    31         120.5500   126.1500   4.6454     % 
UB: 126.15
branching on CartesianIndex(3, 5) with c.
3328   515    32         120.5500   126.1500   4.6454     % 
UB: 126.15
branching on CartesianIndex(4, 5) with c.
3329   516    33         120.5500   126.1500   4.6454     % 
UB: 126.15
branching on 2 with b.
3330   517    33         120.5500   126.1500   4.6454     % 
LB close or above UB, fathomed
3331   516    32         120.5500   126.1500   4.6454     % 
LB close or above UB, fathomed
3332   515    31         120.5500   126.1500   4.6454     % 
LB close or above UB, fathomed
3333   514    30         120.5500   126.1500   4.6454     % 
LB close or above UB, fathomed
3334   513    21         120.5500   126.1500   4.6454     % 
UB: 126.15
branching on CartesianIndex(2, 3) with a.
3335   514    22         120.5500   126.1500   4.6454     % 
UB: 126.15
branching on CartesianIndex(3, 3) with a.
3336   515    23         120.5500   126.1500   4.6454     % 
UB: 126.15
branching on CartesianIndex(4, 3) with a.
3337   516    24         120.5500   126.1500   4.6454     % 
LB close or above UB, fathomed
3338   515    24         120.5500   126.1500   4.6454     % 
LB close or above UB, fathomed
3339   514    23         120.5500   126.1500   4.6454     % 
LB close or above UB, fathomed
3340   513    22         120.5500   126.1500   4.6454     % 
LB close or above UB, fathomed
3341   512    21         120.5500   126.1500   4.6454     % 
LB close or above UB, fathomed
3342   511    34         120.5500   126.1500   4.6454     % 
UB: 126.15
branching on CartesianIndex(1, 6) with c.
3343   512    35         120.5500   126.1500   4.6454     % 
LB close or above UB, fathomed
3344   511    35         120.5500   126.1500   4.6454     % 
UB: 126.15
branching on CartesianIndex(1, 7) with c.
3345   512    36         120.5500   126.1500   4.6454     % 
UB: 126.15
branching on CartesianIndex(2, 7) with c.
3346   513    37         120.5500   126.1500   4.6454     % 
LB close or above UB, fathomed
3347   512    37         120.5500   126.1500   4.6454     % 
UB: 126.15
branching on 3 with b.
3348   513    38         120.5500   126.1500   4.6454     % 
UB: 126.15
branching on 1 with b.
3349   514    39         120.5500   126.1500   4.6454     % 
UB: 126.15
branching on 2 with b.
3350   515    39         120.5500   126.1500   4.6454     % 
LB close or above UB, fathomed
3351   514    38         120.5500   126.1500   4.6454     % 
LB close or above UB, fathomed
3352   513    36         120.5500   126.1500   4.6454     % 
LB close or above UB, fathomed
3353   512    34         120.5500   126.1500   4.6454     % 
UB: 126.15
branching on CartesianIndex(1, 6) with c.
3354   513    28         120.5500   126.1500   4.6454     % 
UB: 126.15
branching on CartesianIndex(1, 4) with c.
3355   514    29         120.5500   126.1500   4.6454     % 
UB: 126.15
branching on CartesianIndex(2, 4) with c.
3356   515    30         120.5500   126.1500   4.6454     % 
UB: 126.15
branching on CartesianIndex(3, 4) with c.
3357   516    31         120.5500   126.1500   4.6454     % 
UB: 126.15
branching on CartesianIndex(4, 4) with c.
3358   517    32         120.5500   126.1500   4.6454     % 
UB: 126.15
branching on CartesianIndex(5, 4) with c.
3359   518    33         120.5500   126.1500   4.6454     % 
UB: 126.15
branching on CartesianIndex(1, 5) with c.
3360   519    34         120.5500   126.1500   4.6454     % 
UB: 126.15
branching on CartesianIndex(2, 5) with c.
3361   520    35         120.5500   126.1500   4.6454     % 
LB close or above UB, fathomed
3362   519    35         120.5500   126.1500   4.6454     % 
LB close or above UB, fathomed
3363   518    34         120.5500   126.1500   4.6454     % 
LB close or above UB, fathomed
3364   517    33         120.5500   126.1500   4.6454     % 
LB close or above UB, fathomed
3365   516    32         120.5500   126.1500   4.6454     % 
LB close or above UB, fathomed
3366   515    31         120.5500   126.1500   4.6454     % 
LB close or above UB, fathomed
3367   514    30         120.5500   126.1500   4.6454     % 
LB close or above UB, fathomed
3368   513    29         120.5500   126.1500   4.6454     % 
LB close or above UB, fathomed
3369   512    28         120.5500   126.1500   4.6454     % 
LB close or above UB, fathomed
3370   511    15         120.5500   126.1500   4.6454     % 
LB close or above UB, fathomed
3371   510    15         120.5500   126.1500   4.6454     % 
LB close or above UB, fathomed
3372   509    18         120.5500   126.1500   4.6454     % 
UB: 126.15
branching on 3 with b.
3373   510    18         120.5500   126.1500   4.6454     % 
LB close or above UB, fathomed
3374   509    24         120.5500   126.1500   4.6454     % 
LB close or above UB, fathomed
3375   508    24         120.5500   126.1500   4.6454     % 
UB: 126.15
branching on CartesianIndex(1, 5) with c.
3376   509    23         120.5500   126.1500   4.6454     % 
UB: 126.15
branching on CartesianIndex(6, 3) with a.
3377   510    24         120.5500   126.1500   4.6454     % 
UB: 126.15
branching on CartesianIndex(7, 3) with a.
3378   511    25         120.5500   126.1500   4.6454     % 
LB close or above UB, fathomed
3379   510    25         120.5500   126.1500   4.6454     % 
UB: 126.15
branching on CartesianIndex(1, 4) with c.
3380   511    26         120.5500   126.1500   4.6454     % 
UB: 126.15
branching on CartesianIndex(2, 4) with c.
3381   512    27         120.5500   126.1500   4.6454     % 
LB close or above UB, fathomed
3382   511    27         120.5500   126.1500   4.6454     % 
UB: 126.15
branching on CartesianIndex(1, 5) with c.
3383   512    26         120.5500   126.1500   4.6454     % 
LB close or above UB, fathomed
3384   511    24         120.5500   126.1500   4.6454     % 
LB close or above UB, fathomed
3385   510    23         120.5500   126.1500   4.6454     % 
LB close or above UB, fathomed
3386   509    23         120.5500   126.1500   4.6454     % 
UB: 126.15
branching on CartesianIndex(6, 3) with a.
3387   510    24         120.5500   126.1500   4.6454     % 
LB close or above UB, fathomed
3388   509    24         120.5500   126.1500   4.6454     % 
LB close or above UB, fathomed
3389   508    23         120.5500   126.1500   4.6454     % 
LB close or above UB, fathomed
3390   507    22         120.5500   126.1500   4.6454     % 
LB close or above UB, fathomed
3391   506    22         120.5500   126.1500   4.6454     % 
UB: 126.15
branching on CartesianIndex(2, 3) with a.
3392   507    21         120.5500   126.1500   4.6454     % 
UB: 126.15
branching on 2 with b.
3393   508    22         120.5500   126.1500   4.6454     % 
UB: 126.15
branching on CartesianIndex(6, 3) with a.
3394   509    23         120.5500   126.1500   4.6454     % 
UB: 126.15
branching on CartesianIndex(7, 3) with a.
3395   510    23         120.5500   126.1500   4.6454     % 
LB close or above UB, fathomed
3396   509    22         120.5500   126.1500   4.6454     % 
LB close or above UB, fathomed
3397   508    21         120.5500   126.1500   4.6454     % 
LB close or above UB, fathomed
3398   507    20         120.5500   126.1500   4.6454     % 
UB: 126.15
branching on CartesianIndex(2, 3) with a.
3399   508    21         120.5500   126.1500   4.6454     % 
UB: 126.15
branching on CartesianIndex(3, 3) with a.
3400   509    22         120.5500   126.1500   4.6454     % 
UB: 126.15
branching on CartesianIndex(4, 3) with a.
3401   510    23         120.5500   126.1500   4.6454     % 
LB close or above UB, fathomed
3402   509    23         120.5500   126.1500   4.6454     % 
LB close or above UB, fathomed
3403   508    22         120.5500   126.1500   4.6454     % 
LB close or above UB, fathomed
3404   507    21         120.5500   126.1500   4.6454     % 
LB close or above UB, fathomed
3405   506    20         120.5500   126.1500   4.6454     % 
LB close or above UB, fathomed
3406   505    23         120.5500   126.1500   4.6454     % 
UB: 126.15
branching on CartesianIndex(2, 3) with a.
3407   506    24         120.5500   126.1500   4.6454     % 
UB: 126.15
branching on CartesianIndex(3, 3) with a.
3408   507    25         120.5500   126.1500   4.6454     % 
UB: 126.15
branching on CartesianIndex(4, 3) with a.
3409   508    26         120.5500   126.1500   4.6454     % 
LB close or above UB, fathomed
3410   507    26         120.5500   126.1500   4.6454     % 
LB close or above UB, fathomed
3411   506    25         120.5500   126.1500   4.6454     % 
LB close or above UB, fathomed
3412   505    24         120.5500   126.1500   4.6454     % 
LB close or above UB, fathomed
3413   504    23         120.5500   126.1500   4.6454     % 
LB close or above UB, fathomed
3414   503    26         123.2993   126.1500   2.3120     % 
UB: 126.15
branching on CartesianIndex(4, 3) with a.
3415   504    27         123.2993   126.1500   2.3120     % 
UB: 126.15
branching on CartesianIndex(5, 3) with a.
3416   505    28         123.2993   126.1500   2.3120     % 
UB: 126.15
branching on CartesianIndex(6, 3) with a.
3417   506    29         123.2993   126.1500   2.3120     % 
LB close or above UB, fathomed
3418   505    29         123.2993   126.1500   2.3120     % 
LB close or above UB, fathomed
3419   504    28         123.2993   126.1500   2.3120     % 
LB close or above UB, fathomed
3420   503    27         123.2993   126.1500   2.3120     % 
LB close or above UB, fathomed
3421   502    26         123.2993   126.1500   2.3120     % 
LB close or above UB, fathomed
3422   501    30         123.3500   126.1500   2.2700     % 
UB: 126.15
branching on CartesianIndex(4, 4) with c.
3423   502    31         123.3500   126.1500   2.2700     % 
UB: 126.15
branching on CartesianIndex(5, 4) with c.
3424   503    32         123.3500   126.1500   2.2700     % 
UB: 126.15
branching on CartesianIndex(1, 5) with c.
3425   504    33         123.3500   126.1500   2.2700     % 
UB: 126.15
branching on CartesianIndex(2, 5) with c.
3426   505    34         123.3500   126.1500   2.2700     % 
LB close or above UB, fathomed
3427   504    34         123.3500   126.1500   2.2700     % 
LB close or above UB, fathomed
3428   503    33         123.3500   126.1500   2.2700     % 
LB close or above UB, fathomed
3429   502    32         123.3500   126.1500   2.2700     % 
LB close or above UB, fathomed
3430   501    31         123.3500   126.1500   2.2700     % 
LB close or above UB, fathomed
3431   500    30         123.3500   126.1500   2.2700     % 
LB close or above UB, fathomed
3432   499    52         123.3500   126.1500   2.2700     % 
UB: 126.15
branching on 2 with b.
3433   499    52         123.3500   126.1500   2.2700     % 
LB close or above UB, fathomed
3434   498    52         123.3500   126.1500   2.2700     % 
UB: 126.15
branching on 2 with b.
3435   498    52         123.3500   126.1500   2.2700     % 
LB close or above UB, fathomed
3436   497    52         123.3500   126.1500   2.2700     % 
UB: 126.15
branching on 2 with b.
3437   498    52         123.3500   126.1500   2.2700     % 
LB close or above UB, fathomed
3438   497    53         123.3500   126.1500   2.2700     % 
UB: 126.15
branching on 3 with b.
3439   498    54         123.3500   126.1500   2.2700     % 
LB close or above UB, fathomed
3440   497    54         123.3500   126.1500   2.2700     % 
LB close or above UB, fathomed
3441   496    53         123.3500   126.1500   2.2700     % 
UB: 126.15
branching on 3 with b.
3442   497    54         123.3500   126.1500   2.2700     % 
LB close or above UB, fathomed
3443   496    54         123.3500   126.1500   2.2700     % 
LB close or above UB, fathomed
3444   495    53         123.3500   126.1500   2.2700     % 
UB: 126.15
branching on 3 with b.
3445   496    54         123.3500   126.1500   2.2700     % 
LB close or above UB, fathomed
3446   495    54         123.3500   126.1500   2.2700     % 
LB close or above UB, fathomed
3447   494    53         123.3500   126.1500   2.2700     % 
UB: 126.15
branching on 3 with b.
3448   495    54         123.3500   126.1500   2.2700     % 
LB close or above UB, fathomed
3449   494    54         123.3500   126.1500   2.2700     % 
LB close or above UB, fathomed
3450   493    53         123.3500   126.1500   2.2700     % 
UB: 126.15
branching on 3 with b.
3451   494    54         123.3500   126.1500   2.2700     % 
UB: 126.15
branching on 1 with b.
3452   494    54         123.3500   126.1500   2.2700     % 
LB close or above UB, fathomed
3453   493    53         123.3500   126.1500   2.2700     % 
UB: 126.15
branching on 3 with b.
3454   494    54         123.3500   126.1500   2.2700     % 
UB: 126.15
branching on 1 with b.
3455   494    54         123.3500   126.1500   2.2700     % 
LB close or above UB, fathomed
3456   493    53         123.3500   126.1500   2.2700     % 
UB: 126.15
branching on 3 with b.
3457   494    54         123.3500   126.1500   2.2700     % 
UB: 126.15
branching on 1 with b.
3458   494    54         123.3500   126.1500   2.2700     % 
LB close or above UB, fathomed
3459   493    53         123.3500   126.1500   2.2700     % 
UB: 126.15
branching on 3 with b.
3460   494    54         123.3500   126.1500   2.2700     % 
UB: 126.15
branching on 1 with b.
3461   494    54         123.3500   126.1500   2.2700     % 
LB close or above UB, fathomed
3462   493    29         123.3500   126.1500   2.2700     % 
UB: 126.15
branching on CartesianIndex(4, 7) with c.
3463   494    29         123.3500   126.1500   2.2700     % 
LB close or above UB, fathomed
3464   493    33         123.3500   126.1500   2.2700     % 
LB close or above UB, fathomed
3465   492    33         123.3500   126.1500   2.2700     % 
UB: 126.15
branching on 3 with b.
3466   493    34         123.3500   126.1500   2.2700     % 
UB: 126.15
branching on 1 with b.
3467   494    34         123.3500   126.1500   2.2700     % 
UB: 126.15
branching on 1 with b.
3468   495    35         123.3500   126.1500   2.2700     % 
LB close or above UB, fathomed
3469   494    35         123.3500   126.1500   2.2700     % 
LB close or above UB, fathomed
3470   493    14         123.3500   126.1500   2.2700     % 
UB: 126.15
branching on CartesianIndex(2, 3) with a.
3471   494    15         123.3500   126.1500   2.2700     % 
LB close or above UB, fathomed
3472   493    15         123.3500   126.1500   2.2700     % 
LB close or above UB, fathomed
3473   492    14         123.3500   126.1500   2.2700     % 
LB close or above UB, fathomed
3474   491    46         123.3500   126.1500   2.2700     % 
LB close or above UB, fathomed
3475   490    46         123.3500   126.1500   2.2700     % 
LB close or above UB, fathomed
3476   489    51         123.3500   126.1500   2.2700     % 
LB close or above UB, fathomed
3477   488    51         123.3500   126.1500   2.2700     % 
UB: 126.15
branching on 1 with b.
3478   489    31         123.3500   126.1500   2.2700     % 
UB: 126.15
branching on CartesianIndex(2, 4) with c.
3479   490    32         123.3500   126.1500   2.2700     % 
LB close or above UB, fathomed
3480   489    32         123.3500   126.1500   2.2700     % 
LB close or above UB, fathomed
3481   488    31         123.3500   126.1500   2.2700     % 
LB close or above UB, fathomed
3482   487    32         123.3500   126.1500   2.2700     % 
UB: 126.15
branching on CartesianIndex(2, 4) with c.
3483   488    33         123.3500   126.1500   2.2700     % 
LB close or above UB, fathomed
3484   487    33         123.3500   126.1500   2.2700     % 
LB close or above UB, fathomed
3485   486    32         123.3500   126.1500   2.2700     % 
LB close or above UB, fathomed
3486   485    21         123.3500   126.1500   2.2700     % 
UB: 126.15
branching on CartesianIndex(4, 3) with a.
3487   486    22         123.3500   126.1500   2.2700     % 
LB close or above UB, fathomed
3488   485    22         123.3500   126.1500   2.2700     % 
LB close or above UB, fathomed
3489   484    21         123.3500   126.1500   2.2700     % 
LB close or above UB, fathomed
3490   483    21         123.3500   126.1500   2.2700     % 
UB: 126.15
branching on CartesianIndex(4, 3) with a.
3491   484    22         123.3500   126.1500   2.2700     % 
LB close or above UB, fathomed
3492   483    22         123.3500   126.1500   2.2700     % 
LB close or above UB, fathomed
3493   482    21         123.3500   126.1500   2.2700     % 
LB close or above UB, fathomed
3494   481    30         123.3500   126.1500   2.2700     % 
UB: 126.15
branching on CartesianIndex(5, 4) with c.
3495   482    30         123.3500   126.1500   2.2700     % 
LB close or above UB, fathomed
3496   481    16         123.3500   126.1500   2.2700     % 
LB close or above UB, fathomed
3497   480    16         123.3500   126.1500   2.2700     % 
UB: 126.15
branching on 3 with b.
3498   481    17         123.3500   126.1500   2.2700     % 
UB: 126.15
branching on CartesianIndex(5, 3) with a.
3499   482    18         123.3500   126.1500   2.2700     % 
UB: 126.15
branching on CartesianIndex(6, 3) with a.
3500   483    19         123.3500   126.1500   2.2700     % 
LB close or above UB, fathomed
3501   482    19         123.3500   126.1500   2.2700     % 
LB close or above UB, fathomed
3502   481    18         123.3500   126.1500   2.2700     % 
LB close or above UB, fathomed
3503   480    17         123.3500   126.1500   2.2700     % 
LB close or above UB, fathomed
3504   479    33         123.3500   126.1500   2.2700     % 
LB close or above UB, fathomed
3505   478    33         123.3500   126.1500   2.2700     % 
LB close or above UB, fathomed
3506   477    24         123.3500   126.1500   2.2700     % 
UB: 126.15
branching on 2 with b.
3507   478    25         123.3500   126.1500   2.2700     % 
LB close or above UB, fathomed
3508   477    25         123.3500   126.1500   2.2700     % 
UB: 126.15
branching on 3 with b.
3509   478    26         123.3500   126.1500   2.2700     % 
LB close or above UB, fathomed
3510   477    26         123.3500   126.1500   2.2700     % 
LB close or above UB, fathomed
3511   476    24         123.3500   126.1500   2.2700     % 
LB close or above UB, fathomed
3512   475    31         123.3500   126.1500   2.2700     % 
UB: 126.15
branching on CartesianIndex(1, 5) with c.
3513   476    32         123.3500   126.1500   2.2700     % 
UB: 126.15
branching on CartesianIndex(2, 5) with c.
3514   477    33         123.3500   126.1500   2.2700     % 
LB close or above UB, fathomed
3515   476    33         123.3500   126.1500   2.2700     % 
LB close or above UB, fathomed
3516   475    32         123.3500   126.1500   2.2700     % 
LB close or above UB, fathomed
3517   474    31         123.3500   126.1500   2.2700     % 
LB close or above UB, fathomed
3518   473    52         123.3500   126.1500   2.2700     % 
LB close or above UB, fathomed
3519   472    52         123.3500   126.1500   2.2700     % 
UB: 126.15
branching on 2 with b.
3520   472    53         123.3500   126.1500   2.2700     % 
UB: 126.15
branching on 3 with b.
3521   473    54         123.3500   126.1500   2.2700     % 
LB close or above UB, fathomed
3522   472    54         123.3500   126.1500   2.2700     % 
LB close or above UB, fathomed
3523   471    35         123.3500   126.1500   2.2700     % 
LB close or above UB, fathomed
3524   470    35         123.3500   126.1500   2.2700     % 
LB close or above UB, fathomed
3525   469    30         123.3500   126.1500   2.2700     % 
UB: 126.15
branching on CartesianIndex(5, 7) with c.
3526   470    31         123.3500   126.1500   2.2700     % 
UB: 126.15
branching on 2 with b.
3527   471    32         123.3500   126.1500   2.2700     % 
LB close or above UB, fathomed
3528   470    32         123.3500   126.1500   2.2700     % 
UB: 126.15
branching on 3 with b.
3529   471    33         123.3500   126.1500   2.2700     % 
LB close or above UB, fathomed
3530   470    33         123.3500   126.1500   2.2700     % 
UB: 126.15
branching on 1 with b.
3531   471    34         123.3500   126.1500   2.2700     % 
LB close or above UB, fathomed
3532   470    34         123.3500   126.1500   2.2700     % 
LB close or above UB, fathomed
3533   469    31         123.3500   126.1500   2.2700     % 
LB close or above UB, fathomed
3534   468    30         123.3500   126.1500   2.2700     % 
LB close or above UB, fathomed
3535   467    55         123.3500   126.1500   2.2700     % 
UB: 126.15
branching on 2 with b.
3536   467    56         123.3500   126.1500   2.2700     % 
UB: 126.15
branching on 3 with b.
3537   468    57         123.3500   126.1500   2.2700     % 
LB close or above UB, fathomed
3538   467    57         123.3500   126.1500   2.2700     % 
LB close or above UB, fathomed
3539   466    55         123.3500   126.1500   2.2700     % 
UB: 126.15
branching on 2 with b.
3540   466    56         123.3500   126.1500   2.2700     % 
UB: 126.15
branching on 3 with b.
3541   467    57         123.3500   126.1500   2.2700     % 
LB close or above UB, fathomed
3542   466    57         123.3500   126.1500   2.2700     % 
LB close or above UB, fathomed
3543   465    55         123.3500   126.1500   2.2700     % 
UB: 126.15
branching on 2 with b.
3544   465    56         123.3500   126.1500   2.2700     % 
UB: 126.15
branching on 3 with b.
3545   466    57         123.3500   126.1500   2.2700     % 
LB close or above UB, fathomed
3546   465    57         123.3500   126.1500   2.2700     % 
LB close or above UB, fathomed
3547   464    55         123.3500   126.1500   2.2700     % 
UB: 126.15
branching on 2 with b.
3548   464    56         123.3500   126.1500   2.2700     % 
UB: 126.15
branching on 3 with b.
3549   465    57         123.3500   126.1500   2.2700     % 
LB close or above UB, fathomed
3550   464    57         123.3500   126.1500   2.2700     % 
LB close or above UB, fathomed
3551   463    24         123.3500   126.1500   2.2700     % 
LB close or above UB, fathomed
3552   462    24         123.3500   126.1500   2.2700     % 
LB close or above UB, fathomed
3553   461    23         123.3500   126.1500   2.2700     % 
UB: 126.15
branching on CartesianIndex(3, 3) with a.
3554   462    24         123.3500   126.1500   2.2700     % 
UB: 126.15
branching on CartesianIndex(4, 3) with a.
3555   463    25         123.3500   126.1500   2.2700     % 
LB close or above UB, fathomed
3556   462    25         123.3500   126.1500   2.2700     % 
LB close or above UB, fathomed
3557   461    24         123.3500   126.1500   2.2700     % 
LB close or above UB, fathomed
3558   460    23         123.3500   126.1500   2.2700     % 
LB close or above UB, fathomed
3559   459    19         123.3500   126.1500   2.2700     % 
UB: 126.15
branching on CartesianIndex(5, 2) with a.
3560   460    20         123.3500   126.1500   2.2700     % 
UB: 126.15
branching on CartesianIndex(6, 2) with a.
3561   461    21         123.3500   126.1500   2.2700     % 
UB: 126.15
branching on CartesianIndex(7, 2) with a.
3562   462    22         123.3500   126.1500   2.2700     % 
LB close or above UB, fathomed
3563   461    22         123.3500   126.1500   2.2700     % 
LB close or above UB, fathomed
3564   460    21         123.3500   126.1500   2.2700     % 
LB close or above UB, fathomed
3565   459    20         123.3500   126.1500   2.2700     % 
LB close or above UB, fathomed
3566   458    19         123.3500   126.1500   2.2700     % 
LB close or above UB, fathomed
3567   457    35         123.3500   126.1500   2.2700     % 
LB close or above UB, fathomed
3568   456    35         123.3500   126.1500   2.2700     % 
UB: 126.15
branching on CartesianIndex(1, 7) with c.
3569   457    36         123.3500   126.1500   2.2700     % 
UB: 126.15
branching on CartesianIndex(2, 7) with c.
3570   458    37         123.3500   126.1500   2.2700     % 
LB close or above UB, fathomed
3571   457    37         123.3500   126.1500   2.2700     % 
UB: 126.15
branching on 3 with b.
3572   458    38         123.3500   126.1500   2.2700     % 
UB: 126.15
branching on 1 with b.
3573   459    39         123.3500   126.1500   2.2700     % 
LB close or above UB, fathomed
3574   458    39         123.3500   126.1500   2.2700     % 
LB close or above UB, fathomed
3575   457    38         123.3500   126.1500   2.2700     % 
LB close or above UB, fathomed
3576   456    36         123.3500   126.1500   2.2700     % 
LB close or above UB, fathomed
3577   455    40         123.3500   126.1500   2.2700     % 
LB close or above UB, fathomed
3578   454    40         123.3500   126.1500   2.2700     % 
UB: 126.15
branching on 3 with b.
3579   455    41         123.3500   126.1500   2.2700     % 
LB close or above UB, fathomed
3580   454    41         123.3500   126.1500   2.2700     % 
LB close or above UB, fathomed
3581   453    51         123.3500   126.1500   2.2700     % 
LB close or above UB, fathomed
3582   452    51         123.3500   126.1500   2.2700     % 
LB close or above UB, fathomed
3583   451    46         123.3500   126.1500   2.2700     % 
UB: 126.15
branching on 2 with b.
3584   452    47         123.3500   126.1500   2.2700     % 
UB: 126.15
branching on 3 with b.
3585   453    48         123.3500   126.1500   2.2700     % 
LB close or above UB, fathomed
3586   452    48         123.3500   126.1500   2.2700     % 
UB: 126.15
branching on 1 with b.
3587   453    49         123.3500   126.1500   2.2700     % 
LB close or above UB, fathomed
3588   452    49         123.3500   126.1500   2.2700     % 
UB: 126.15
branching on 2 with b.
3589   452    50         123.3500   126.1500   2.2700     % 
UB: 126.15
branching on 3 with b.
3590   453    51         123.3500   126.1500   2.2700     % 
LB close or above UB, fathomed
3591   452    51         123.3500   126.1500   2.2700     % 
LB close or above UB, fathomed
3592   451    47         123.3500   126.1500   2.2700     % 
LB close or above UB, fathomed
3593   450    23         123.3500   126.1500   2.2700     % 
UB: 126.15
branching on CartesianIndex(1, 5) with c.
3594   451    24         123.3500   126.1500   2.2700     % 
UB: 126.15
branching on 2 with b.
3595   452    25         123.3500   126.1500   2.2700     % 
UB: 126.15
branching on CartesianIndex(2, 5) with c.
3596   453    26         123.3500   126.1500   2.2700     % 
UB: 126.15
branching on CartesianIndex(3, 5) with c.
3597   454    27         123.3500   126.1500   2.2700     % 
UB: 126.15
branching on 3 with b.
3598   455    28         123.3500   126.1500   2.2700     % 
LB close or above UB, fathomed
3599   454    28         123.3500   126.1500   2.2700     % 
UB: 126.15
branching on CartesianIndex(4, 5) with c.
3600   455    27         123.3500   126.1500   2.2700     % 
LB close or above UB, fathomed
3601   454    26         123.3500   126.1500   2.2700     % 
LB close or above UB, fathomed
3602   453    25         123.3500   126.1500   2.2700     % 
LB close or above UB, fathomed
3603   452    24         123.3500   126.1500   2.2700     % 
LB close or above UB, fathomed
3604   451    23         123.3500   126.1500   2.2700     % 
LB close or above UB, fathomed
3605   450    32         123.3500   126.1500   2.2700     % 
LB close or above UB, fathomed
3606   449    32         123.3500   126.1500   2.2700     % 
LB close or above UB, fathomed
3607   448    37         123.3500   126.1500   2.2700     % 
LB close or above UB, fathomed
3608   447    37         123.3500   126.1500   2.2700     % 
UB: 126.15
branching on 3 with b.
3609   448    38         123.3500   126.1500   2.2700     % 
LB close or above UB, fathomed
3610   447    38         123.3500   126.1500   2.2700     % 
LB close or above UB, fathomed
3611   446    37         123.3500   126.1500   2.2700     % 
LB close or above UB, fathomed
3612   445    37         123.3500   126.1500   2.2700     % 
UB: 126.15
branching on 3 with b.
3613   446    38         123.3500   126.1500   2.2700     % 
LB close or above UB, fathomed
3614   445    38         123.3500   126.1500   2.2700     % 
LB close or above UB, fathomed
3615   444    55         123.3500   126.1500   2.2700     % 
UB: 126.15
branching on 2 with b.
3616   444    56         123.3500   126.1500   2.2700     % 
UB: 126.15
branching on 3 with b.
3617   445    57         123.3500   126.1500   2.2700     % 
LB close or above UB, fathomed
3618   444    57         123.3500   126.1500   2.2700     % 
LB close or above UB, fathomed
3619   443    55         123.3500   126.1500   2.2700     % 
UB: 126.15
branching on 2 with b.
3620   443    56         123.3500   126.1500   2.2700     % 
UB: 126.15
branching on 3 with b.
3621   444    57         123.3500   126.1500   2.2700     % 
LB close or above UB, fathomed
3622   443    57         123.3500   126.1500   2.2700     % 
LB close or above UB, fathomed
3623   442    43         123.3500   126.1500   2.2700     % 
UB: 126.15
branching on 2 with b.
3624   443    44         123.3500   126.1500   2.2700     % 
UB: 126.15
branching on 3 with b.
3625   444    45         123.3500   126.1500   2.2700     % 
LB close or above UB, fathomed
3626   443    45         123.3500   126.1500   2.2700     % 
UB: 126.15
branching on 1 with b.
3627   443    46         123.3500   126.1500   2.2700     % 
UB: 126.15
branching on 2 with b.
3628   444    47         123.3500   126.1500   2.2700     % 
UB: 126.15
branching on 3 with b.
3629   445    48         123.3500   126.1500   2.2700     % 
LB close or above UB, fathomed
3630   444    48         123.3500   126.1500   2.2700     % 
LB close or above UB, fathomed
3631   443    47         123.3500   126.1500   2.2700     % 
UB: 126.15
branching on 3 with b.
3632   444    48         123.3500   126.1500   2.2700     % 
LB close or above UB, fathomed
3633   443    48         123.3500   126.1500   2.2700     % 
LB close or above UB, fathomed
3634   442    44         123.3500   126.1500   2.2700     % 
LB close or above UB, fathomed
3635   441    43         123.3500   126.1500   2.2700     % 
LB close or above UB, fathomed
3636   440    43         123.3500   126.1500   2.2700     % 
UB: 126.15
branching on 2 with b.
3637   441    44         123.3500   126.1500   2.2700     % 
UB: 126.15
branching on 3 with b.
3638   442    45         123.3500   126.1500   2.2700     % 
LB close or above UB, fathomed
3639   441    45         123.3500   126.1500   2.2700     % 
UB: 126.15
branching on 1 with b.
3640   441    46         123.3500   126.1500   2.2700     % 
UB: 126.15
branching on 2 with b.
3641   442    47         123.3500   126.1500   2.2700     % 
UB: 126.15
branching on 3 with b.
3642   443    48         123.3500   126.1500   2.2700     % 
LB close or above UB, fathomed
3643   442    48         123.3500   126.1500   2.2700     % 
LB close or above UB, fathomed
3644   441    47         123.3500   126.1500   2.2700     % 
UB: 126.15
branching on 3 with b.
3645   442    48         123.3500   126.1500   2.2700     % 
LB close or above UB, fathomed
3646   441    48         123.3500   126.1500   2.2700     % 
LB close or above UB, fathomed
3647   440    44         123.3500   126.1500   2.2700     % 
LB close or above UB, fathomed
3648   439    27         123.3500   126.1500   2.2700     % 
LB close or above UB, fathomed
3649   438    27         123.3500   126.1500   2.2700     % 
UB: 126.15
branching on CartesianIndex(1, 6) with c.
3650   439    28         123.3500   126.1500   2.2700     % 
UB: 126.15
branching on CartesianIndex(2, 6) with c.
3651   440    29         123.3500   126.1500   2.2700     % 
LB close or above UB, fathomed
3652   439    29         123.3500   126.1500   2.2700     % 
UB: 126.15
branching on 2 with b.
3653   440    30         123.3500   126.1500   2.2700     % 
UB: 126.15
branching on 3 with b.
3654   441    31         123.3500   126.1500   2.2700     % 
UB: 126.15
branching on CartesianIndex(1, 7) with c.
3655   442    32         123.3500   126.1500   2.2700     % 
UB: 126.15
branching on CartesianIndex(2, 7) with c.
3656   443    33         123.3500   126.1500   2.2700     % 
UB: 126.15
branching on CartesianIndex(3, 7) with c.
3657   444    34         123.3500   126.1500   2.2700     % 
UB: 126.15
branching on CartesianIndex(4, 7) with c.
3658   445    35         123.3500   126.1500   2.2700     % 
UB: 126.15
branching on CartesianIndex(5, 7) with c.
3659   446    36         123.3500   126.1500   2.2700     % 
UB: 126.15
branching on 1 with b.
3660   447    37         123.3500   126.1500   2.2700     % 
LB close or above UB, fathomed
3661   446    37         123.3500   126.1500   2.2700     % 
LB close or above UB, fathomed
3662   445    36         123.3500   126.1500   2.2700     % 
LB close or above UB, fathomed
3663   444    35         123.3500   126.1500   2.2700     % 
LB close or above UB, fathomed
3664   443    34         123.3500   126.1500   2.2700     % 
LB close or above UB, fathomed
3665   442    33         123.3500   126.1500   2.2700     % 
LB close or above UB, fathomed
3666   441    32         123.3500   126.1500   2.2700     % 
LB close or above UB, fathomed
3667   440    31         123.3500   126.1500   2.2700     % 
LB close or above UB, fathomed
3668   439    30         123.3500   126.1500   2.2700     % 
UB: 126.15
branching on CartesianIndex(1, 7) with c.
3669   440    31         123.3500   126.1500   2.2700     % 
UB: 126.15
branching on 3 with b.
3670   441    32         123.3500   126.1500   2.2700     % 
UB: 126.15
branching on CartesianIndex(2, 7) with c.
3671   442    33         123.3500   126.1500   2.2700     % 
UB: 126.15
branching on CartesianIndex(3, 7) with c.
3672   443    34         123.3500   126.1500   2.2700     % 
UB: 126.15
branching on CartesianIndex(4, 7) with c.
3673   444    35         123.3500   126.1500   2.2700     % 
UB: 126.15
branching on CartesianIndex(5, 7) with c.
3674   445    36         123.3500   126.1500   2.2700     % 
UB: 126.15
branching on 1 with b.
3675   446    37         123.3500   126.1500   2.2700     % 
LB close or above UB, fathomed
3676   445    37         123.3500   126.1500   2.2700     % 
LB close or above UB, fathomed
3677   444    36         123.3500   126.1500   2.2700     % 
LB close or above UB, fathomed
3678   443    35         123.3500   126.1500   2.2700     % 
LB close or above UB, fathomed
3679   442    34         123.3500   126.1500   2.2700     % 
LB close or above UB, fathomed
3680   441    33         123.3500   126.1500   2.2700     % 
LB close or above UB, fathomed
3681   440    32         123.3500   126.1500   2.2700     % 
LB close or above UB, fathomed
3682   439    31         123.3500   126.1500   2.2700     % 
LB close or above UB, fathomed
3683   438    28         123.3500   126.1500   2.2700     % 
LB close or above UB, fathomed
3684   437    19         123.3500   126.1500   2.2700     % 
LB close or above UB, fathomed
3685   436    19         123.3500   126.1500   2.2700     % 
UB: 126.15
branching on CartesianIndex(1, 3) with a.
3686   437    20         123.3500   126.1500   2.2700     % 
LB close or above UB, fathomed
3687   436    20         123.3500   126.1500   2.2700     % 
LB close or above UB, fathomed
3688   435    21         123.3500   126.1500   2.2700     % 
LB close or above UB, fathomed
3689   434    21         123.3500   126.1500   2.2700     % 
LB close or above UB, fathomed
3690   433    20         123.3500   126.1500   2.2700     % 
LB close or above UB, fathomed
3691   432    20         123.3500   126.1500   2.2700     % 
LB close or above UB, fathomed
3692   431    25         123.3500   126.1500   2.2700     % 
UB: 126.15
branching on 1 with b.
3693   432    26         123.3500   126.1500   2.2700     % 
UB: 126.15
branching on CartesianIndex(4, 3) with a.
3694   433    27         123.3500   126.1500   2.2700     % 
LB close or above UB, fathomed
3695   432    27         123.3500   126.1500   2.2700     % 
LB close or above UB, fathomed
3696   431    26         123.3500   126.1500   2.2700     % 
UB: 126.15
branching on CartesianIndex(4, 3) with a.
3697   432    27         123.3500   126.1500   2.2700     % 
LB close or above UB, fathomed
3698   431    27         123.3500   126.1500   2.2700     % 
LB close or above UB, fathomed
3699   430    25         123.3500   126.1500   2.2700     % 
LB close or above UB, fathomed
3700   429    23         123.3500   126.1500   2.2700     % 
UB: 126.15
branching on CartesianIndex(2, 3) with a.
3701   430    24         123.3500   126.1500   2.2700     % 
UB: 126.15
branching on CartesianIndex(3, 3) with a.
3702   431    25         123.3500   126.1500   2.2700     % 
UB: 126.15
branching on 2 with b.
3703   432    26         123.3500   126.1500   2.2700     % 
UB: 126.15
branching on CartesianIndex(4, 3) with a.
3704   433    27         123.3500   126.1500   2.2700     % 
UB: 126.15
branching on CartesianIndex(5, 3) with a.
3705   434    28         123.3500   126.1500   2.2700     % 
UB: 126.15
branching on CartesianIndex(6, 3) with a.
3706   435    29         123.3500   126.1500   2.2700     % 
LB close or above UB, fathomed
3707   434    29         123.3500   126.1500   2.2700     % 
LB close or above UB, fathomed
3708   433    28         123.3500   126.1500   2.2700     % 
LB close or above UB, fathomed
3709   432    27         123.3500   126.1500   2.2700     % 
LB close or above UB, fathomed
3710   431    26         123.3500   126.1500   2.2700     % 
UB: 126.15
branching on CartesianIndex(4, 3) with a.
3711   432    27         123.3500   126.1500   2.2700     % 
UB: 126.15
branching on CartesianIndex(5, 3) with a.
3712   433    28         123.3500   126.1500   2.2700     % 
UB: 126.15
branching on CartesianIndex(6, 3) with a.
3713   434    29         123.3500   126.1500   2.2700     % 
LB close or above UB, fathomed
3714   433    29         123.3500   126.1500   2.2700     % 
LB close or above UB, fathomed
3715   432    28         123.3500   126.1500   2.2700     % 
LB close or above UB, fathomed
3716   431    27         123.3500   126.1500   2.2700     % 
LB close or above UB, fathomed
3717   430    25         123.3500   126.1500   2.2700     % 
LB close or above UB, fathomed
3718   429    24         123.3500   126.1500   2.2700     % 
LB close or above UB, fathomed
3719   428    23         123.3500   126.1500   2.2700     % 
LB close or above UB, fathomed
3720   427    23         123.3500   126.1500   2.2700     % 
UB: 126.15
branching on CartesianIndex(2, 3) with a.
3721   428    24         123.3500   126.1500   2.2700     % 
UB: 126.15
branching on 2 with b.
3722   429    25         123.3500   126.1500   2.2700     % 
UB: 126.15
branching on CartesianIndex(3, 3) with a.
3723   430    26         123.3500   126.1500   2.2700     % 
UB: 126.15
branching on CartesianIndex(4, 3) with a.
3724   431    27         123.3500   126.1500   2.2700     % 
UB: 126.15
branching on CartesianIndex(5, 3) with a.
3725   432    28         123.3500   126.1500   2.2700     % 
UB: 126.15
branching on CartesianIndex(6, 3) with a.
3726   433    29         123.3500   126.1500   2.2700     % 
LB close or above UB, fathomed
3727   432    29         123.3500   126.1500   2.2700     % 
LB close or above UB, fathomed
3728   431    28         123.3500   126.1500   2.2700     % 
LB close or above UB, fathomed
3729   430    27         123.3500   126.1500   2.2700     % 
LB close or above UB, fathomed
3730   429    26         123.3500   126.1500   2.2700     % 
LB close or above UB, fathomed
3731   428    25         123.3500   126.1500   2.2700     % 
UB: 126.15
branching on CartesianIndex(3, 3) with a.
3732   429    26         123.3500   126.1500   2.2700     % 
UB: 126.15
branching on CartesianIndex(4, 3) with a.
3733   430    27         123.3500   126.1500   2.2700     % 
UB: 126.15
branching on CartesianIndex(5, 3) with a.
3734   431    28         123.3500   126.1500   2.2700     % 
UB: 126.15
branching on 3 with b.
3735   432    29         123.3500   126.1500   2.2700     % 
LB close or above UB, fathomed
3736   431    29         123.3500   126.1500   2.2700     % 
LB close or above UB, fathomed
3737   430    28         123.3500   126.1500   2.2700     % 
LB close or above UB, fathomed
3738   429    27         123.3500   126.1500   2.2700     % 
LB close or above UB, fathomed
3739   428    26         123.3500   126.1500   2.2700     % 
LB close or above UB, fathomed
3740   427    24         123.3500   126.1500   2.2700     % 
LB close or above UB, fathomed
3741   426    23         123.3500   126.1500   2.2700     % 
LB close or above UB, fathomed
3742   425    30         123.3500   126.1500   2.2700     % 
LB close or above UB, fathomed
3743   424    30         123.3500   126.1500   2.2700     % 
UB: 126.15
branching on CartesianIndex(1, 4) with c.
3744   425    22         123.3500   126.1500   2.2700     % 
LB close or above UB, fathomed
3745   424    22         123.3500   126.1500   2.2700     % 
UB: 126.15
branching on CartesianIndex(1, 5) with c.
3746   425    23         123.3500   126.1500   2.2700     % 
UB: 126.15
branching on CartesianIndex(2, 5) with c.
3747   426    24         123.3500   126.1500   2.2700     % 
UB: 126.15
branching on CartesianIndex(3, 5) with c.
3748   427    25         123.3500   126.1500   2.2700     % 
UB: 126.15
branching on CartesianIndex(4, 5) with c.
3749   428    26         123.3500   126.1500   2.2700     % 
LB close or above UB, fathomed
3750   427    26         123.3500   126.1500   2.2700     % 
LB close or above UB, fathomed
3751   426    25         123.3500   126.1500   2.2700     % 
LB close or above UB, fathomed
3752   425    24         123.3500   126.1500   2.2700     % 
LB close or above UB, fathomed
3753   424    23         123.3500   126.1500   2.2700     % 
LB close or above UB, fathomed
3754   423    23         123.3500   126.1500   2.2700     % 
UB: 126.15
branching on CartesianIndex(1, 5) with c.
3755   424    24         123.3500   126.1500   2.2700     % 
LB close or above UB, fathomed
3756   423    24         123.3500   126.1500   2.2700     % 
UB: 126.15
branching on CartesianIndex(1, 6) with c.
3757   424    25         123.3500   126.1500   2.2700     % 
UB: 126.15
branching on 3 with b.
3758   425    26         123.3500   126.1500   2.2700     % 
LB close or above UB, fathomed
3759   424    26         123.3500   126.1500   2.2700     % 
UB: 126.15
branching on CartesianIndex(2, 6) with c.
3760   425    27         123.3500   126.1500   2.2700     % 
LB close or above UB, fathomed
3761   424    27         123.3500   126.1500   2.2700     % 
UB: 126.15
branching on CartesianIndex(1, 7) with c.
3762   425    28         123.3500   126.1500   2.2700     % 
UB: 126.15
branching on CartesianIndex(2, 7) with c.
3763   426    29         123.3500   126.1500   2.2700     % 
UB: 126.15
branching on CartesianIndex(3, 7) with c.
3764   427    30         123.3500   126.1500   2.2700     % 
UB: 126.15
branching on 1 with b.
3765   428    31         123.3500   126.1500   2.2700     % 
LB close or above UB, fathomed
3766   427    31         123.3500   126.1500   2.2700     % 
LB close or above UB, fathomed
3767   426    30         123.3500   126.1500   2.2700     % 
LB close or above UB, fathomed
3768   425    29         123.3500   126.1500   2.2700     % 
LB close or above UB, fathomed
3769   424    28         123.3500   126.1500   2.2700     % 
LB close or above UB, fathomed
3770   423    25         123.3500   126.1500   2.2700     % 
LB close or above UB, fathomed
3771   422    23         123.3500   126.1500   2.2700     % 
LB close or above UB, fathomed
3772   421    21         123.3500   126.1500   2.2700     % 
UB: 126.15
branching on 1 with b.
3773   422    22         123.3500   126.1500   2.2700     % 
LB close or above UB, fathomed
3774   421    22         123.3500   126.1500   2.2700     % 
UB: 126.15
branching on CartesianIndex(7, 3) with a.
3775   422    23         123.3500   126.1500   2.2700     % 
LB close or above UB, fathomed
3776   421    23         123.3500   126.1500   2.2700     % 
LB close or above UB, fathomed
3777   420    21         123.3500   126.1500   2.2700     % 
LB close or above UB, fathomed
3778   419    17         123.3500   126.1500   2.2700     % 
LB close or above UB, fathomed
3779   418    17         123.3500   126.1500   2.2700     % 
UB: 126.15
branching on 3 with b.
3780   419    18         123.3500   126.1500   2.2700     % 
LB close or above UB, fathomed
3781   418    18         123.3500   126.1500   2.2700     % 
UB: 126.15
branching on 1 with b.
3782   419    19         123.3500   126.1500   2.2700     % 
UB: 126.15
branching on CartesianIndex(1, 5) with c.
3783   420    20         123.3500   126.1500   2.2700     % 
LB close or above UB, fathomed
3784   419    20         123.3500   126.1500   2.2700     % 
UB: 126.15
branching on 2 with b.
3785   420    21         123.3500   126.1500   2.2700     % 
LB close or above UB, fathomed
3786   419    21         123.3500   126.1500   2.2700     % 
UB: 126.15
branching on 3 with b.
3787   420    22         123.3500   126.1500   2.2700     % 
UB: 126.15
branching on CartesianIndex(1, 6) with c.
3788   421    23         123.3500   126.1500   2.2700     % 
UB: 126.15
branching on CartesianIndex(2, 6) with c.
3789   422    24         123.3500   126.1500   2.2700     % 
LB close or above UB, fathomed
3790   421    24         123.3500   126.1500   2.2700     % 
UB: 126.15
branching on CartesianIndex(1, 7) with c.
3791   422    25         123.3500   126.1500   2.2700     % 
UB: 126.15
branching on CartesianIndex(2, 7) with c.
3792   423    26         123.3500   126.1500   2.2700     % 
UB: 126.15
branching on CartesianIndex(3, 7) with c.
3793   424    27         123.3500   126.1500   2.2700     % 
UB: 126.15
branching on CartesianIndex(4, 7) with c.
3794   425    28         123.3500   126.1500   2.2700     % 
UB: 126.15
branching on CartesianIndex(5, 7) with c.
3795   426    29         123.3500   126.1500   2.2700     % 
UB: 126.15
branching on 1 with b.
3796   427    30         123.3500   126.1500   2.2700     % 
LB close or above UB, fathomed
3797   426    30         123.3500   126.1500   2.2700     % 
UB: 126.15
branching on 2 with b.
3798   427    31         123.3500   126.1500   2.2700     % 
LB close or above UB, fathomed
3799   426    31         123.3500   126.1500   2.2700     % 
UB: 126.15
branching on 3 with b.
3800   427    32         123.3500   126.1500   2.2700     % 
LB close or above UB, fathomed
3801   426    32         123.3500   126.1500   2.2700     % 
UB: 126.15
branching on 1 with b.
3802   427    33         123.3500   126.1500   2.2700     % 
LB close or above UB, fathomed
3803   426    33         123.3500   126.1500   2.2700     % 
LB close or above UB, fathomed
3804   425    29         123.3500   126.1500   2.2700     % 
LB close or above UB, fathomed
3805   424    28         123.3500   126.1500   2.2700     % 
LB close or above UB, fathomed
3806   423    27         123.3500   126.1500   2.2700     % 
LB close or above UB, fathomed
3807   422    26         123.3500   126.1500   2.2700     % 
LB close or above UB, fathomed
3808   421    25         123.3500   126.1500   2.2700     % 
LB close or above UB, fathomed
3809   420    23         123.3500   126.1500   2.2700     % 
LB close or above UB, fathomed
3810   419    22         123.3500   126.1500   2.2700     % 
LB close or above UB, fathomed
3811   418    19         123.3500   126.1500   2.2700     % 
LB close or above UB, fathomed
3812   417    29         123.3500   126.1500   2.2700     % 
LB close or above UB, fathomed
3813   416    29         123.3500   126.1500   2.2700     % 
UB: 126.15
branching on CartesianIndex(1, 5) with c.
3814   417    30         123.3500   126.1500   2.2700     % 
LB close or above UB, fathomed
3815   416    30         123.3500   126.1500   2.2700     % 
LB close or above UB, fathomed
3816   415    41         123.3500   126.1500   2.2700     % 
UB: 126.15
branching on 3 with b.
3817   416    42         123.3500   126.1500   2.2700     % 
LB close or above UB, fathomed
3818   415    42         123.3500   126.1500   2.2700     % 
LB close or above UB, fathomed
3819   414    41         123.3500   126.1500   2.2700     % 
LB close or above UB, fathomed
3820   413    41         123.3500   126.1500   2.2700     % 
UB: 126.15
branching on 3 with b.
3821   414    42         123.3500   126.1500   2.2700     % 
LB close or above UB, fathomed
3822   413    42         123.3500   126.1500   2.2700     % 
LB close or above UB, fathomed
3823   412    41         123.3500   126.1500   2.2700     % 
LB close or above UB, fathomed
3824   411    41         123.3500   126.1500   2.2700     % 
LB close or above UB, fathomed
3825   410    41         123.3500   126.1500   2.2700     % 
UB: 126.15
branching on 3 with b.
3826   411    42         123.3500   126.1500   2.2700     % 
LB close or above UB, fathomed
3827   410    42         123.3500   126.1500   2.2700     % 
LB close or above UB, fathomed
3828   409    41         123.3500   126.1500   2.2700     % 
LB close or above UB, fathomed
3829   408    41         123.3500   126.1500   2.2700     % 
UB: 126.15
branching on 3 with b.
3830   409    42         123.3500   126.1500   2.2700     % 
LB close or above UB, fathomed
3831   408    42         123.3500   126.1500   2.2700     % 
LB close or above UB, fathomed
3832   407    41         123.3500   126.1500   2.2700     % 
UB: 126.15
branching on 3 with b.
3833   408    41         123.3500   126.1500   2.2700     % 
LB close or above UB, fathomed
3834   407    31         123.3500   126.1500   2.2700     % 
UB: 126.15
branching on CartesianIndex(5, 4) with c.
3835   408    32         123.3500   126.1500   2.2700     % 
UB: 126.15
branching on CartesianIndex(1, 5) with c.
3836   409    33         123.3500   126.1500   2.2700     % 
UB: 126.15
branching on CartesianIndex(2, 5) with c.
3837   410    34         123.3500   126.1500   2.2700     % 
LB close or above UB, fathomed
3838   409    34         123.3500   126.1500   2.2700     % 
LB close or above UB, fathomed
3839   408    33         123.3500   126.1500   2.2700     % 
LB close or above UB, fathomed
3840   407    32         123.3500   126.1500   2.2700     % 
LB close or above UB, fathomed
3841   406    31         123.3500   126.1500   2.2700     % 
UB: 126.15
branching on CartesianIndex(5, 4) with c.
3842   407    43         123.3500   126.1500   2.2700     % 
UB: 126.15
branching on 2 with b.
3843   408    44         123.3500   126.1500   2.2700     % 
UB: 126.15
branching on 3 with b.
3844   409    45         123.3500   126.1500   2.2700     % 
LB close or above UB, fathomed
3845   408    45         123.3500   126.1500   2.2700     % 
LB close or above UB, fathomed
3846   407    44         123.3500   126.1500   2.2700     % 
LB close or above UB, fathomed
3847   406    43         123.3500   126.1500   2.2700     % 
UB: 126.15
branching on 2 with b.
3848   407    44         123.3500   126.1500   2.2700     % 
UB: 126.15
branching on 3 with b.
3849   408    45         123.3500   126.1500   2.2700     % 
LB close or above UB, fathomed
3850   407    45         123.3500   126.1500   2.2700     % 
LB close or above UB, fathomed
3851   406    44         123.3500   126.1500   2.2700     % 
LB close or above UB, fathomed
3852   405    49         123.3500   126.1500   2.2700     % 
UB: 126.15
branching on 2 with b.
3853   406    50         123.3500   126.1500   2.2700     % 
UB: 126.15
branching on 3 with b.
3854   407    51         123.3500   126.1500   2.2700     % 
LB close or above UB, fathomed
3855   406    51         123.3500   126.1500   2.2700     % 
UB: 126.15
branching on 1 with b.
3856   406    52         123.3500   126.1500   2.2700     % 
UB: 126.15
branching on 2 with b.
3857   406    53         123.3500   126.1500   2.2700     % 
UB: 126.15
branching on 3 with b.
3858   407    54         123.3500   126.1500   2.2700     % 
LB close or above UB, fathomed
3859   406    54         123.3500   126.1500   2.2700     % 
LB close or above UB, fathomed
3860   405    50         123.3500   126.1500   2.2700     % 
LB close or above UB, fathomed
3861   404    49         123.3500   126.1500   2.2700     % 
LB close or above UB, fathomed
3862   403    49         123.3500   126.1500   2.2700     % 
UB: 126.15
branching on 2 with b.
3863   404    50         123.3500   126.1500   2.2700     % 
UB: 126.15
branching on 3 with b.
3864   405    51         123.3500   126.1500   2.2700     % 
LB close or above UB, fathomed
3865   404    51         123.3500   126.1500   2.2700     % 
UB: 126.15
branching on 1 with b.
3866   404    52         123.3500   126.1500   2.2700     % 
UB: 126.15
branching on 2 with b.
3867   404    53         123.3500   126.1500   2.2700     % 
UB: 126.15
branching on 3 with b.
3868   405    54         123.3500   126.1500   2.2700     % 
LB close or above UB, fathomed
3869   404    54         123.3500   126.1500   2.2700     % 
LB close or above UB, fathomed
3870   403    50         123.3500   126.1500   2.2700     % 
LB close or above UB, fathomed
3871   402    32         123.3500   126.1500   2.2700     % 
LB close or above UB, fathomed
3872   401    32         123.3500   126.1500   2.2700     % 
LB close or above UB, fathomed
3873   400    24         123.3500   126.1500   2.2700     % 
LB close or above UB, fathomed
3874   399    24         123.3500   126.1500   2.2700     % 
LB close or above UB, fathomed
3875   398    37         123.3500   126.1500   2.2700     % 
UB: 126.15
branching on 2 with b.
3876   399    38         123.3500   126.1500   2.2700     % 
UB: 126.15
branching on 3 with b.
3877   400    39         123.3500   126.1500   2.2700     % 
LB close or above UB, fathomed
3878   399    39         123.3500   126.1500   2.2700     % 
LB close or above UB, fathomed
3879   398    38         123.3500   126.1500   2.2700     % 
LB close or above UB, fathomed
3880   397    37         123.3500   126.1500   2.2700     % 
UB: 126.15
branching on 2 with b.
3881   398    38         123.3500   126.1500   2.2700     % 
UB: 126.15
branching on 3 with b.
3882   399    39         123.3500   126.1500   2.2700     % 
LB close or above UB, fathomed
3883   398    39         123.3500   126.1500   2.2700     % 
LB close or above UB, fathomed
3884   397    38         123.3500   126.1500   2.2700     % 
LB close or above UB, fathomed
3885   396    37         123.3500   126.1500   2.2700     % 
LB close or above UB, fathomed
3886   395    37         123.3500   126.1500   2.2700     % 
LB close or above UB, fathomed
3887   394    33         123.3500   126.1500   2.2700     % 
UB: 126.15
branching on 1 with b.
3888   395    34         123.3500   126.1500   2.2700     % 
UB: 126.15
branching on 2 with b.
3889   396    35         123.3500   126.1500   2.2700     % 
LB close or above UB, fathomed
3890   395    35         123.3500   126.1500   2.2700     % 
UB: 126.15
branching on 3 with b.
3891   396    36         123.3500   126.1500   2.2700     % 
LB close or above UB, fathomed
3892   395    36         123.3500   126.1500   2.2700     % 
LB close or above UB, fathomed
3893   394    34         123.3500   126.1500   2.2700     % 
UB: 126.15
branching on 2 with b.
3894   395    35         123.3500   126.1500   2.2700     % 
LB close or above UB, fathomed
3895   394    35         123.3500   126.1500   2.2700     % 
UB: 126.15
branching on 3 with b.
3896   395    36         123.3500   126.1500   2.2700     % 
LB close or above UB, fathomed
3897   394    36         123.3500   126.1500   2.2700     % 
LB close or above UB, fathomed
3898   393    33         123.3500   126.1500   2.2700     % 
LB close or above UB, fathomed
3899   392    24         123.3500   126.1500   2.2700     % 
UB: 126.15
branching on 1 with b.
3900   393    25         123.3500   126.1500   2.2700     % 
LB close or above UB, fathomed
3901   392    25         123.3500   126.1500   2.2700     % 
UB: 126.15
branching on CartesianIndex(2, 4) with c.
3902   393    26         123.3500   126.1500   2.2700     % 
LB close or above UB, fathomed
3903   392    26         123.3500   126.1500   2.2700     % 
LB close or above UB, fathomed
3904   391    24         123.3500   126.1500   2.2700     % 
LB close or above UB, fathomed
3905   390    51         123.3500   126.1500   2.2700     % 
LB close or above UB, fathomed
3906   389    51         123.3500   126.1500   2.2700     % 
UB: 126.15
branching on 1 with b.
3907   390    52         123.3500   126.1500   2.2700     % 
UB: 126.15
branching on 2 with b.
3908   390    53         123.3500   126.1500   2.2700     % 
UB: 126.15
branching on 3 with b.
3909   391    54         123.3500   126.1500   2.2700     % 
LB close or above UB, fathomed
3910   390    54         123.3500   126.1500   2.2700     % 
LB close or above UB, fathomed
3911   389    52         123.3500   126.1500   2.2700     % 
LB close or above UB, fathomed
3912   388    55         123.3500   126.1500   2.2700     % 
UB: 126.15
branching on 2 with b.
3913   388    56         123.3500   126.1500   2.2700     % 
UB: 126.15
branching on 3 with b.
3914   389    57         123.3500   126.1500   2.2700     % 
LB close or above UB, fathomed
3915   388    57         123.3500   126.1500   2.2700     % 
LB close or above UB, fathomed
3916   387    45         123.3500   126.1500   2.2700     % 
UB: 126.15
branching on 2 with b.
3917   388    46         123.3500   126.1500   2.2700     % 
LB close or above UB, fathomed
3918   387    46         123.3500   126.1500   2.2700     % 
LB close or above UB, fathomed
3919   386    44         123.3500   126.1500   2.2700     % 
LB close or above UB, fathomed
3920   385    44         123.3500   126.1500   2.2700     % 
LB close or above UB, fathomed
3921   384    45         123.3500   126.1500   2.2700     % 
UB: 126.15
branching on 2 with b.
3922   385    46         123.3500   126.1500   2.2700     % 
LB close or above UB, fathomed
3923   384    46         123.3500   126.1500   2.2700     % 
UB: 126.15
branching on 3 with b.
3924   385    47         123.3500   126.1500   2.2700     % 
LB close or above UB, fathomed
3925   384    47         123.3500   126.1500   2.2700     % 
UB: 126.15
branching on 1 with b.
3926   384    48         123.3500   126.1500   2.2700     % 
UB: 126.15
branching on 2 with b.
3927   385    49         123.3500   126.1500   2.2700     % 
LB close or above UB, fathomed
3928   384    49         123.3500   126.1500   2.2700     % 
UB: 126.15
branching on 3 with b.
3929   385    50         123.3500   126.1500   2.2700     % 
LB close or above UB, fathomed
3930   384    50         123.3500   126.1500   2.2700     % 
LB close or above UB, fathomed
3931   383    47         123.3500   126.1500   2.2700     % 
LB close or above UB, fathomed
3932   382    47         123.3500   126.1500   2.2700     % 
UB: 126.15
branching on 1 with b.
3933   382    48         123.3500   126.1500   2.2700     % 
UB: 126.15
branching on 2 with b.
3934   383    49         123.3500   126.1500   2.2700     % 
LB close or above UB, fathomed
3935   382    49         123.3500   126.1500   2.2700     % 
UB: 126.15
branching on 3 with b.
3936   383    50         123.3500   126.1500   2.2700     % 
LB close or above UB, fathomed
3937   382    50         123.3500   126.1500   2.2700     % 
LB close or above UB, fathomed
3938   381    47         123.3500   126.1500   2.2700     % 
LB close or above UB, fathomed
3939   380    47         123.3500   126.1500   2.2700     % 
UB: 126.15
branching on 1 with b.
3940   380    48         123.3500   126.1500   2.2700     % 
UB: 126.15
branching on 2 with b.
3941   381    49         123.3500   126.1500   2.2700     % 
UB: 126.15
branching on 3 with b.
3942   382    50         123.3500   126.1500   2.2700     % 
LB close or above UB, fathomed
3943   381    50         123.3500   126.1500   2.2700     % 
LB close or above UB, fathomed
3944   380    49         123.3500   126.1500   2.2700     % 
UB: 126.15
branching on 3 with b.
3945   381    50         123.3500   126.1500   2.2700     % 
LB close or above UB, fathomed
3946   380    50         123.3500   126.1500   2.2700     % 
LB close or above UB, fathomed
3947   379    45         123.3500   126.1500   2.2700     % 
UB: 126.15
branching on 2 with b.
3948   380    46         123.3500   126.1500   2.2700     % 
LB close or above UB, fathomed
3949   379    46         123.3500   126.1500   2.2700     % 
UB: 126.15
branching on 3 with b.
3950   380    47         123.3500   126.1500   2.2700     % 
LB close or above UB, fathomed
3951   379    47         123.3500   126.1500   2.2700     % 
UB: 126.15
branching on 1 with b.
3952   379    48         123.3500   126.1500   2.2700     % 
UB: 126.15
branching on 2 with b.
3953   380    49         123.3500   126.1500   2.2700     % 
LB close or above UB, fathomed
3954   379    49         123.3500   126.1500   2.2700     % 
UB: 126.15
branching on 3 with b.
3955   380    50         123.3500   126.1500   2.2700     % 
LB close or above UB, fathomed
3956   379    50         123.3500   126.1500   2.2700     % 
LB close or above UB, fathomed
3957   378    45         123.3500   126.1500   2.2700     % 
LB close or above UB, fathomed
3958   377    47         123.3500   126.1500   2.2700     % 
LB close or above UB, fathomed
3959   376    47         123.3500   126.1500   2.2700     % 
UB: 126.15
branching on 1 with b.
3960   376    48         123.3500   126.1500   2.2700     % 
UB: 126.15
branching on 2 with b.
3961   377    49         123.3500   126.1500   2.2700     % 
LB close or above UB, fathomed
3962   376    49         123.3500   126.1500   2.2700     % 
UB: 126.15
branching on 3 with b.
3963   377    50         123.3500   126.1500   2.2700     % 
LB close or above UB, fathomed
3964   376    50         123.3500   126.1500   2.2700     % 
LB close or above UB, fathomed
3965   375    47         123.3500   126.1500   2.2700     % 
LB close or above UB, fathomed
3966   374    47         123.3500   126.1500   2.2700     % 
UB: 126.15
branching on 1 with b.
3967   374    48         123.3500   126.1500   2.2700     % 
UB: 126.15
branching on 2 with b.
3968   375    49         123.3500   126.1500   2.2700     % 
UB: 126.15
branching on 3 with b.
3969   376    50         123.3500   126.1500   2.2700     % 
LB close or above UB, fathomed
3970   375    50         123.3500   126.1500   2.2700     % 
LB close or above UB, fathomed
3971   374    49         123.3500   126.1500   2.2700     % 
UB: 126.15
branching on 3 with b.
3972   375    50         123.3500   126.1500   2.2700     % 
LB close or above UB, fathomed
3973   374    50         123.3500   126.1500   2.2700     % 
LB close or above UB, fathomed
3974   373    48         123.3500   126.1500   2.2700     % 
LB close or above UB, fathomed
3975   372    48         123.3500   126.1500   2.2700     % 
UB: 126.15
branching on 1 with b.
3976   372    49         123.3500   126.1500   2.2700     % 
UB: 126.15
branching on 2 with b.
3977   372    50         123.3500   126.1500   2.2700     % 
UB: 126.15
branching on 3 with b.
3978   373    51         123.3500   126.1500   2.2700     % 
LB close or above UB, fathomed
3979   372    51         123.3500   126.1500   2.2700     % 
LB close or above UB, fathomed
3980   371    52         123.3500   126.1500   2.2700     % 
UB: 126.15
branching on 2 with b.
3981   371    53         123.3500   126.1500   2.2700     % 
UB: 126.15
branching on 3 with b.
3982   372    54         123.3500   126.1500   2.2700     % 
LB close or above UB, fathomed
3983   371    54         123.3500   126.1500   2.2700     % 
LB close or above UB, fathomed
3984   370    47         123.3500   126.1500   2.2700     % 
UB: 126.15
branching on 3 with b.
3985   371    48         123.3500   126.1500   2.2700     % 
LB close or above UB, fathomed
3986   370    48         123.3500   126.1500   2.2700     % 
UB: 126.15
branching on 1 with b.
3987   371    49         123.3500   126.1500   2.2700     % 
UB: 126.15
branching on 2 with b.
3988   371    50         123.3500   126.1500   2.2700     % 
UB: 126.15
branching on 3 with b.
3989   372    51         123.3500   126.1500   2.2700     % 
LB close or above UB, fathomed
3990   371    51         123.3500   126.1500   2.2700     % 
LB close or above UB, fathomed
3991   370    49         123.3500   126.1500   2.2700     % 
LB close or above UB, fathomed
3992   369    47         123.3500   126.1500   2.2700     % 
LB close or above UB, fathomed
3993   368    48         123.3500   126.1500   2.2700     % 
LB close or above UB, fathomed
3994   367    48         123.3500   126.1500   2.2700     % 
UB: 126.15
branching on 1 with b.
3995   367    49         123.3500   126.1500   2.2700     % 
UB: 126.15
branching on 2 with b.
3996   367    50         123.3500   126.1500   2.2700     % 
UB: 126.15
branching on 3 with b.
3997   368    51         123.3500   126.1500   2.2700     % 
LB close or above UB, fathomed
3998   367    51         123.3500   126.1500   2.2700     % 
LB close or above UB, fathomed
3999   366    52         123.3500   126.1500   2.2700     % 
UB: 126.15
branching on 2 with b.
4000   366    53         123.3500   126.1500   2.2700     % 
UB: 126.15
branching on 3 with b.
4001   367    54         123.3500   126.1500   2.2700     % 
LB close or above UB, fathomed
4002   366    54         123.3500   126.1500   2.2700     % 
LB close or above UB, fathomed
4003   365    52         123.3500   126.1500   2.2700     % 
UB: 126.15
branching on 2 with b.
4004   365    53         123.3500   126.1500   2.2700     % 
UB: 126.15
branching on 3 with b.
4005   366    54         123.3500   126.1500   2.2700     % 
LB close or above UB, fathomed
4006   365    54         123.3500   126.1500   2.2700     % 
LB close or above UB, fathomed
4007   364    52         123.3500   126.1500   2.2700     % 
UB: 126.15
branching on 2 with b.
4008   364    53         123.3500   126.1500   2.2700     % 
UB: 126.15
branching on 3 with b.
4009   365    54         123.3500   126.1500   2.2700     % 
LB close or above UB, fathomed
4010   364    54         123.3500   126.1500   2.2700     % 
LB close or above UB, fathomed
4011   363    48         123.3500   126.1500   2.2700     % 
LB close or above UB, fathomed
4012   362    48         123.3500   126.1500   2.2700     % 
UB: 126.15
branching on 1 with b.
4013   362    49         123.3500   126.1500   2.2700     % 
UB: 126.15
branching on 2 with b.
4014   363    50         123.3500   126.1500   2.2700     % 
UB: 126.15
branching on 3 with b.
4015   364    51         123.3500   126.1500   2.2700     % 
LB close or above UB, fathomed
4016   363    51         123.3500   126.1500   2.2700     % 
LB close or above UB, fathomed
4017   362    50         123.3500   126.1500   2.2700     % 
UB: 126.15
branching on 3 with b.
4018   363    51         123.3500   126.1500   2.2700     % 
LB close or above UB, fathomed
4019   362    51         123.3500   126.1500   2.2700     % 
LB close or above UB, fathomed
4020   361    52         123.3500   126.1500   2.2700     % 
UB: 126.15
branching on 2 with b.
4021   361    53         123.3500   126.1500   2.2700     % 
UB: 126.15
branching on 3 with b.
4022   362    54         123.3500   126.1500   2.2700     % 
LB close or above UB, fathomed
4023   361    54         123.3500   126.1500   2.2700     % 
LB close or above UB, fathomed
4024   360    47         123.3500   126.1500   2.2700     % 
LB close or above UB, fathomed
4025   359    47         123.3500   126.1500   2.2700     % 
UB: 126.15
branching on 3 with b.
4026   360    48         123.3500   126.1500   2.2700     % 
LB close or above UB, fathomed
4027   359    48         123.3500   126.1500   2.2700     % 
UB: 126.15
branching on 1 with b.
4028   360    49         123.3500   126.1500   2.2700     % 
UB: 126.15
branching on 2 with b.
4029   361    50         123.3500   126.1500   2.2700     % 
UB: 126.15
branching on 3 with b.
4030   362    51         123.3500   126.1500   2.2700     % 
LB close or above UB, fathomed
4031   361    51         123.3500   126.1500   2.2700     % 
LB close or above UB, fathomed
4032   360    50         123.3500   126.1500   2.2700     % 
UB: 126.15
branching on 3 with b.
4033   361    51         123.3500   126.1500   2.2700     % 
LB close or above UB, fathomed
4034   360    51         123.3500   126.1500   2.2700     % 
LB close or above UB, fathomed
4035   359    49         123.3500   126.1500   2.2700     % 
LB close or above UB, fathomed
4036   358    52         123.3500   126.1500   2.2700     % 
UB: 126.15
branching on 2 with b.
4037   358    53         123.3500   126.1500   2.2700     % 
UB: 126.15
branching on 3 with b.
4038   359    54         123.3500   126.1500   2.2700     % 
LB close or above UB, fathomed
4039   358    54         123.3500   126.1500   2.2700     % 
LB close or above UB, fathomed
4040   357    52         123.3500   126.1500   2.2700     % 
UB: 126.15
branching on 2 with b.
4041   357    53         123.3500   126.1500   2.2700     % 
UB: 126.15
branching on 3 with b.
4042   358    54         123.3500   126.1500   2.2700     % 
LB close or above UB, fathomed
4043   357    54         123.3500   126.1500   2.2700     % 
LB close or above UB, fathomed
4044   356    48         123.3500   126.1500   2.2700     % 
LB close or above UB, fathomed
4045   355    48         123.3500   126.1500   2.2700     % 
UB: 126.15
branching on 1 with b.
4046   355    49         123.3500   126.1500   2.2700     % 
UB: 126.15
branching on 2 with b.
4047   356    50         123.3500   126.1500   2.2700     % 
UB: 126.15
branching on 3 with b.
4048   357    51         123.3500   126.1500   2.2700     % 
LB close or above UB, fathomed
4049   356    51         123.3500   126.1500   2.2700     % 
LB close or above UB, fathomed
4050   355    50         123.3500   126.1500   2.2700     % 
UB: 126.15
branching on 3 with b.
4051   356    51         123.3500   126.1500   2.2700     % 
LB close or above UB, fathomed
4052   355    51         123.3500   126.1500   2.2700     % 
LB close or above UB, fathomed
4053   354    47         123.3500   126.1500   2.2700     % 
UB: 126.15
branching on 3 with b.
4054   355    48         123.3500   126.1500   2.2700     % 
LB close or above UB, fathomed
4055   354    48         123.3500   126.1500   2.2700     % 
UB: 126.15
branching on 1 with b.
4056   355    49         123.3500   126.1500   2.2700     % 
UB: 126.15
branching on 2 with b.
4057   355    50         123.3500   126.1500   2.2700     % 
UB: 126.15
branching on 3 with b.
4058   356    51         123.3500   126.1500   2.2700     % 
LB close or above UB, fathomed
4059   355    51         123.3500   126.1500   2.2700     % 
LB close or above UB, fathomed
4060   354    49         123.3500   126.1500   2.2700     % 
LB close or above UB, fathomed
4061   353    52         123.3500   126.1500   2.2700     % 
UB: 126.15
branching on 2 with b.
4062   353    53         123.3500   126.1500   2.2700     % 
UB: 126.15
branching on 3 with b.
4063   354    54         123.3500   126.1500   2.2700     % 
LB close or above UB, fathomed
4064   353    54         123.3500   126.1500   2.2700     % 
LB close or above UB, fathomed
4065   352    43         123.3500   126.1500   2.2700     % 
LB close or above UB, fathomed
4066   351    43         123.3500   126.1500   2.2700     % 
UB: 126.15
branching on 2 with b.
4067   352    44         123.3500   126.1500   2.2700     % 
LB close or above UB, fathomed
4068   351    44         123.3500   126.1500   2.2700     % 
UB: 126.15
branching on 3 with b.
4069   352    45         123.3500   126.1500   2.2700     % 
LB close or above UB, fathomed
4070   351    45         123.3500   126.1500   2.2700     % 
LB close or above UB, fathomed
4071   350    55         123.3500   126.1500   2.2700     % 
UB: 126.15
branching on 2 with b.
4072   350    56         123.3500   126.1500   2.2700     % 
UB: 126.15
branching on 3 with b.
4073   351    57         123.3500   126.1500   2.2700     % 
LB close or above UB, fathomed
4074   350    57         123.3500   126.1500   2.2700     % 
LB close or above UB, fathomed
4075   349    55         123.3500   126.1500   2.2700     % 
UB: 126.15
branching on 2 with b.
4076   349    56         123.3500   126.1500   2.2700     % 
UB: 126.15
branching on 3 with b.
4077   350    57         123.3500   126.1500   2.2700     % 
LB close or above UB, fathomed
4078   349    57         123.3500   126.1500   2.2700     % 
LB close or above UB, fathomed
4079   348    55         123.3500   126.1500   2.2700     % 
UB: 126.15
branching on 2 with b.
4080   349    56         123.3500   126.1500   2.2700     % 
UB: 126.15
branching on 3 with b.
4081   350    57         123.3500   126.1500   2.2700     % 
LB close or above UB, fathomed
4082   349    57         123.3500   126.1500   2.2700     % 
LB close or above UB, fathomed
4083   348    56         123.3500   126.1500   2.2700     % 
UB: 126.15
branching on 3 with b.
4084   349    57         123.3500   126.1500   2.2700     % 
LB close or above UB, fathomed
4085   348    57         123.3500   126.1500   2.2700     % 
LB close or above UB, fathomed
4086   347    55         123.3500   126.1500   2.2700     % 
UB: 126.15
branching on 2 with b.
4087   347    56         123.3500   126.1500   2.2700     % 
UB: 126.15
branching on 3 with b.
4088   348    57         123.3500   126.1500   2.2700     % 
LB close or above UB, fathomed
4089   347    57         123.3500   126.1500   2.2700     % 
LB close or above UB, fathomed
4090   346    55         123.3500   126.1500   2.2700     % 
UB: 126.15
branching on 2 with b.
4091   346    56         123.3500   126.1500   2.2700     % 
UB: 126.15
branching on 3 with b.
4092   347    57         123.3500   126.1500   2.2700     % 
LB close or above UB, fathomed
4093   346    57         123.3500   126.1500   2.2700     % 
LB close or above UB, fathomed
4094   345    51         123.3500   126.1500   2.2700     % 
LB close or above UB, fathomed
4095   344    51         123.3500   126.1500   2.2700     % 
UB: 126.15
branching on 1 with b.
4096   345    52         123.3500   126.1500   2.2700     % 
UB: 126.15
branching on 2 with b.
4097   346    53         123.3500   126.1500   2.2700     % 
UB: 126.15
branching on 3 with b.
4098   347    54         123.3500   126.1500   2.2700     % 
LB close or above UB, fathomed
4099   346    54         123.3500   126.1500   2.2700     % 
LB close or above UB, fathomed
4100   345    53         123.3500   126.1500   2.2700     % 
UB: 126.15
branching on 3 with b.
4101   346    54         123.3500   126.1500   2.2700     % 
LB close or above UB, fathomed
4102   345    54         123.3500   126.1500   2.2700     % 
LB close or above UB, fathomed
4103   344    52         123.3500   126.1500   2.2700     % 
LB close or above UB, fathomed
4104   343    55         123.3500   126.1500   2.2700     % 
UB: 126.15
branching on 2 with b.
4105   344    56         123.3500   126.1500   2.2700     % 
LB close or above UB, fathomed
4106   343    56         123.3500   126.1500   2.2700     % 
UB: 126.15
branching on 3 with b.
4107   344    57         123.3500   126.1500   2.2700     % 
LB close or above UB, fathomed
4108   343    57         123.3500   126.1500   2.2700     % 
LB close or above UB, fathomed
4109   342    50         123.3500   126.1500   2.2700     % 
LB close or above UB, fathomed
4110   341    50         123.3500   126.1500   2.2700     % 
UB: 126.15
branching on 3 with b.
4111   342    51         123.3500   126.1500   2.2700     % 
LB close or above UB, fathomed
4112   341    51         123.3500   126.1500   2.2700     % 
UB: 126.15
branching on 1 with b.
4113   342    52         123.3500   126.1500   2.2700     % 
UB: 126.15
branching on 2 with b.
4114   343    53         123.3500   126.1500   2.2700     % 
LB close or above UB, fathomed
4115   342    53         123.3500   126.1500   2.2700     % 
UB: 126.15
branching on 3 with b.
4116   343    54         123.3500   126.1500   2.2700     % 
LB close or above UB, fathomed
4117   342    54         123.3500   126.1500   2.2700     % 
LB close or above UB, fathomed
4118   341    52         123.3500   126.1500   2.2700     % 
LB close or above UB, fathomed
4119   340    55         123.3500   126.1500   2.2700     % 
UB: 126.15
branching on 2 with b.
4120   341    56         123.3500   126.1500   2.2700     % 
LB close or above UB, fathomed
4121   340    56         123.3500   126.1500   2.2700     % 
UB: 126.15
branching on 3 with b.
4122   341    57         123.3500   126.1500   2.2700     % 
LB close or above UB, fathomed
4123   340    57         123.3500   126.1500   2.2700     % 
LB close or above UB, fathomed
4124   339    49         123.3500   126.1500   2.2700     % 
UB: 126.15
branching on 2 with b.
4125   340    50         123.3500   126.1500   2.2700     % 
LB close or above UB, fathomed
4126   339    50         123.3500   126.1500   2.2700     % 
UB: 126.15
branching on 3 with b.
4127   340    51         123.3500   126.1500   2.2700     % 
LB close or above UB, fathomed
4128   339    51         123.3500   126.1500   2.2700     % 
UB: 126.15
branching on 1 with b.
4129   340    52         123.3500   126.1500   2.2700     % 
LB close or above UB, fathomed
4130   339    52         123.3500   126.1500   2.2700     % 
UB: 126.15
branching on 2 with b.
4131   340    53         123.3500   126.1500   2.2700     % 
LB close or above UB, fathomed
4132   339    53         123.3500   126.1500   2.2700     % 
UB: 126.15
branching on 3 with b.
4133   340    54         123.3500   126.1500   2.2700     % 
LB close or above UB, fathomed
4134   339    54         123.3500   126.1500   2.2700     % 
LB close or above UB, fathomed
4135   338    55         123.3500   126.1500   2.2700     % 
UB: 126.15
branching on 2 with b.
4136   338    56         123.3500   126.1500   2.2700     % 
UB: 126.15
branching on 3 with b.
4137   339    57         123.3500   126.1500   2.2700     % 
LB close or above UB, fathomed
4138   338    57         123.3500   126.1500   2.2700     % 
LB close or above UB, fathomed
4139   337    55         123.3500   126.1500   2.2700     % 
UB: 126.15
branching on 2 with b.
4140   337    56         123.3500   126.1500   2.2700     % 
UB: 126.15
branching on 3 with b.
4141   338    57         123.3500   126.1500   2.2700     % 
LB close or above UB, fathomed
4142   337    57         123.3500   126.1500   2.2700     % 
LB close or above UB, fathomed
4143   336    53         123.3500   126.1500   2.2700     % 
UB: 126.15
branching on 3 with b.
4144   337    54         123.3500   126.1500   2.2700     % 
LB close or above UB, fathomed
4145   336    54         123.3500   126.1500   2.2700     % 
LB close or above UB, fathomed
4146   335    53         123.3500   126.1500   2.2700     % 
UB: 126.15
branching on 3 with b.
4147   336    54         123.3500   126.1500   2.2700     % 
LB close or above UB, fathomed
4148   335    54         123.3500   126.1500   2.2700     % 
LB close or above UB, fathomed
4149   334    51         123.3500   126.1500   2.2700     % 
LB close or above UB, fathomed
4150   333    51         123.3500   126.1500   2.2700     % 
UB: 126.15
branching on 1 with b.
4151   334    52         123.3500   126.1500   2.2700     % 
LB close or above UB, fathomed
4152   333    52         123.3500   126.1500   2.2700     % 
UB: 126.15
branching on 2 with b.
4153   334    53         123.3500   126.1500   2.2700     % 
UB: 126.15
branching on 3 with b.
4154   335    54         123.3500   126.1500   2.2700     % 
LB close or above UB, fathomed
4155   334    54         123.3500   126.1500   2.2700     % 
LB close or above UB, fathomed
4156   333    53         123.3500   126.1500   2.2700     % 
UB: 126.15
branching on 3 with b.
4157   334    54         123.3500   126.1500   2.2700     % 
LB close or above UB, fathomed
4158   333    54         123.3500   126.1500   2.2700     % 
LB close or above UB, fathomed
4159   332    55         123.3500   126.1500   2.2700     % 
UB: 126.15
branching on 2 with b.
4160   332    56         123.3500   126.1500   2.2700     % 
UB: 126.15
branching on 3 with b.
4161   333    57         123.3500   126.1500   2.2700     % 
LB close or above UB, fathomed
4162   332    57         123.3500   126.1500   2.2700     % 
LB close or above UB, fathomed
4163   331    53         123.3500   126.1500   2.2700     % 
UB: 126.15
branching on 3 with b.
4164   332    54         123.3500   126.1500   2.2700     % 
LB close or above UB, fathomed
4165   331    54         123.3500   126.1500   2.2700     % 
LB close or above UB, fathomed
4166   330    47         123.3500   126.1500   2.2700     % 
UB: 126.15
branching on 3 with b.
4167   331    48         123.3500   126.1500   2.2700     % 
UB: 126.15
branching on 1 with b.
4168   332    49         123.3500   126.1500   2.2700     % 
LB close or above UB, fathomed
4169   331    49         123.3500   126.1500   2.2700     % 
LB close or above UB, fathomed
4170   330    48         123.3500   126.1500   2.2700     % 
LB close or above UB, fathomed
4171   329    47         123.3500   126.1500   2.2700     % 
UB: 126.15
branching on 3 with b.
4172   330    48         123.3500   126.1500   2.2700     % 
UB: 126.15
branching on 1 with b.
4173   331    49         123.3500   126.1500   2.2700     % 
LB close or above UB, fathomed
4174   330    49         123.3500   126.1500   2.2700     % 
LB close or above UB, fathomed
4175   329    48         123.3500   126.1500   2.2700     % 
LB close or above UB, fathomed
4176   328    45         123.3500   126.1500   2.2700     % 
UB: 126.15
branching on 1 with b.
4177   329    46         123.3500   126.1500   2.2700     % 
LB close or above UB, fathomed
4178   328    46         123.3500   126.1500   2.2700     % 
LB close or above UB, fathomed
4179   327    47         123.3500   126.1500   2.2700     % 
UB: 126.15
branching on 3 with b.
4180   327    48         123.3500   126.1500   2.2700     % 
UB: 126.15
branching on 1 with b.
4181   328    49         123.3500   126.1500   2.2700     % 
LB close or above UB, fathomed
4182   327    49         123.3500   126.1500   2.2700     % 
LB close or above UB, fathomed
4183   326    47         123.3500   126.1500   2.2700     % 
UB: 126.15
branching on 3 with b.
4184   326    48         123.3500   126.1500   2.2700     % 
UB: 126.15
branching on 1 with b.
4185   327    49         123.3500   126.1500   2.2700     % 
LB close or above UB, fathomed
4186   326    49         123.3500   126.1500   2.2700     % 
LB close or above UB, fathomed
4187   325    47         123.3500   126.1500   2.2700     % 
UB: 126.15
branching on 3 with b.
4188   326    48         123.3500   126.1500   2.2700     % 
LB close or above UB, fathomed
4189   325    48         123.3500   126.1500   2.2700     % 
UB: 126.15
branching on 1 with b.
4190   326    49         123.3500   126.1500   2.2700     % 
LB close or above UB, fathomed
4191   325    49         123.3500   126.1500   2.2700     % 
LB close or above UB, fathomed
4192   324    47         123.3500   126.1500   2.2700     % 
UB: 126.15
branching on 3 with b.
4193   325    48         123.3500   126.1500   2.2700     % 
LB close or above UB, fathomed
4194   324    48         123.3500   126.1500   2.2700     % 
UB: 126.15
branching on 1 with b.
4195   325    49         123.3500   126.1500   2.2700     % 
LB close or above UB, fathomed
4196   324    49         123.3500   126.1500   2.2700     % 
LB close or above UB, fathomed
4197   323    45         123.3500   126.1500   2.2700     % 
UB: 126.15
branching on 1 with b.
4198   324    46         123.3500   126.1500   2.2700     % 
LB close or above UB, fathomed
4199   323    46         123.3500   126.1500   2.2700     % 
LB close or above UB, fathomed
4200   322    45         123.3500   126.1500   2.2700     % 
UB: 126.15
branching on 1 with b.
4201   323    46         123.3500   126.1500   2.2700     % 
LB close or above UB, fathomed
4202   322    46         123.3500   126.1500   2.2700     % 
LB close or above UB, fathomed
4203   321    39         123.3500   126.1500   2.2700     % 
UB: 126.15
branching on 2 with b.
4204   322    40         123.3500   126.1500   2.2700     % 
UB: 126.15
branching on 3 with b.
4205   323    41         123.3500   126.1500   2.2700     % 
LB close or above UB, fathomed
4206   322    41         123.3500   126.1500   2.2700     % 
LB close or above UB, fathomed
4207   321    40         123.3500   126.1500   2.2700     % 
LB close or above UB, fathomed
4208   320    39         123.3500   126.1500   2.2700     % 
UB: 126.15
branching on 2 with b.
4209   321    40         123.3500   126.1500   2.2700     % 
UB: 126.15
branching on 3 with b.
4210   322    41         123.3500   126.1500   2.2700     % 
LB close or above UB, fathomed
4211   321    41         123.3500   126.1500   2.2700     % 
LB close or above UB, fathomed
4212   320    40         123.3500   126.1500   2.2700     % 
LB close or above UB, fathomed
4213   319    39         123.3500   126.1500   2.2700     % 
LB close or above UB, fathomed
4214   318    39         123.3500   126.1500   2.2700     % 
LB close or above UB, fathomed
4215   317    32         123.3500   126.1500   2.2700     % 
UB: 126.15
branching on CartesianIndex(2, 6) with c.
4216   318    33         123.3500   126.1500   2.2700     % 
UB: 126.15
branching on CartesianIndex(3, 6) with c.
4217   319    34         123.3500   126.1500   2.2700     % 
UB: 126.15
branching on 1 with b.
4218   320    35         123.3500   126.1500   2.2700     % 
LB close or above UB, fathomed
4219   319    35         123.3500   126.1500   2.2700     % 
LB close or above UB, fathomed
4220   318    34         123.3500   126.1500   2.2700     % 
LB close or above UB, fathomed
4221   317    33         123.3500   126.1500   2.2700     % 
LB close or above UB, fathomed
4222   316    32         123.3500   126.1500   2.2700     % 
LB close or above UB, fathomed
4223   315    34         123.3500   126.1500   2.2700     % 
LB close or above UB, fathomed
4224   314    34         123.3500   126.1500   2.2700     % 
UB: 126.15
branching on 3 with b.
4225   315    35         123.3500   126.1500   2.2700     % 
UB: 126.15
branching on 1 with b.
4226   316    36         123.3500   126.1500   2.2700     % 
LB close or above UB, fathomed
4227   315    36         123.3500   126.1500   2.2700     % 
LB close or above UB, fathomed
4228   314    35         123.3500   126.1500   2.2700     % 
LB close or above UB, fathomed
4229   313    19         123.3500   126.1500   2.2700     % 
LB close or above UB, fathomed
4230   312    19         123.3500   126.1500   2.2700     % 
UB: 126.15
branching on CartesianIndex(1, 5) with c.
4231   313    20         123.3500   126.1500   2.2700     % 
LB close or above UB, fathomed
4232   312    20         123.3500   126.1500   2.2700     % 
UB: 126.15
branching on CartesianIndex(1, 6) with c.
4233   313    21         123.3500   126.1500   2.2700     % 
UB: 126.15
branching on CartesianIndex(2, 6) with c.
4234   314    22         123.3500   126.1500   2.2700     % 
UB: 126.15
branching on CartesianIndex(3, 6) with c.
4235   315    23         123.3500   126.1500   2.2700     % 
UB: 126.15
branching on CartesianIndex(4, 6) with c.
4236   316    24         123.3500   126.1500   2.2700     % 
UB: 126.15
branching on CartesianIndex(5, 6) with c.
4237   317    25         123.3500   126.1500   2.2700     % 
UB: 126.15
branching on CartesianIndex(1, 7) with c.
4238   318    26         123.3500   126.1500   2.2700     % 
UB: 126.15
branching on CartesianIndex(2, 7) with c.
4239   319    27         123.3500   126.1500   2.2700     % 
LB close or above UB, fathomed
4240   318    27         123.3500   126.1500   2.2700     % 
UB: 126.15
branching on 1 with b.
4241   319    28         123.3500   126.1500   2.2700     % 
UB: 126.15
branching on 2 with b.
4242   320    29         123.3500   126.1500   2.2700     % 
LB close or above UB, fathomed
4243   319    29         123.3500   126.1500   2.2700     % 
UB: 126.15
branching on 3 with b.
4244   320    30         123.3500   126.1500   2.2700     % 
UB: 126.15
branching on 1 with b.
4245   321    31         123.3500   126.1500   2.2700     % 
LB close or above UB, fathomed
4246   320    31         123.3500   126.1500   2.2700     % 
UB: 126.15
branching on 2 with b.
4247   321    32         123.3500   126.1500   2.2700     % 
LB close or above UB, fathomed
4248   320    32         123.3500   126.1500   2.2700     % 
UB: 126.15
branching on 3 with b.
4249   321    33         123.3500   126.1500   2.2700     % 
UB: 126.15
branching on 1 with b.
4250   322    34         123.3500   126.1500   2.2700     % 
LB close or above UB, fathomed
4251   321    34         123.3500   126.1500   2.2700     % 
LB close or above UB, fathomed
4252   320    33         123.3500   126.1500   2.2700     % 
LB close or above UB, fathomed
4253   319    30         123.3500   126.1500   2.2700     % 
LB close or above UB, fathomed
4254   318    28         123.3500   126.1500   2.2700     % 
LB close or above UB, fathomed
4255   317    26         123.3500   126.1500   2.2700     % 
LB close or above UB, fathomed
4256   316    25         123.3500   126.1500   2.2700     % 
LB close or above UB, fathomed
4257   315    24         123.3500   126.1500   2.2700     % 
LB close or above UB, fathomed
4258   314    23         123.3500   126.1500   2.2700     % 
LB close or above UB, fathomed
4259   313    22         123.3500   126.1500   2.2700     % 
LB close or above UB, fathomed
4260   312    21         123.3500   126.1500   2.2700     % 
LB close or above UB, fathomed
4261   311    35         123.3500   126.1500   2.2700     % 
UB: 126.15
branching on CartesianIndex(2, 6) with c.
4262   312    36         123.3500   126.1500   2.2700     % 
LB close or above UB, fathomed
4263   311    36         123.3500   126.1500   2.2700     % 
UB: 126.15
branching on 1 with b.
4264   312    37         123.3500   126.1500   2.2700     % 
LB close or above UB, fathomed
4265   311    37         123.3500   126.1500   2.2700     % 
UB: 126.15
branching on CartesianIndex(1, 7) with c.
4266   312    38         123.3500   126.1500   2.2700     % 
UB: 126.15
branching on CartesianIndex(2, 7) with c.
4267   313    39         123.3500   126.1500   2.2700     % 
UB: 126.15
branching on CartesianIndex(3, 7) with c.
4268   314    40         123.3500   126.1500   2.2700     % 
UB: 126.15
branching on CartesianIndex(4, 7) with c.
4269   315    41         123.3500   126.1500   2.2700     % 
UB: 126.15
branching on CartesianIndex(5, 7) with c.
4270   316    42         123.3500   126.1500   2.2700     % 
UB: 126.15
branching on 2 with b.
4271   317    43         123.3500   126.1500   2.2700     % 
LB close or above UB, fathomed
4272   316    43         123.3500   126.1500   2.2700     % 
LB close or above UB, fathomed
4273   315    42         123.3500   126.1500   2.2700     % 
LB close or above UB, fathomed
4274   314    41         123.3500   126.1500   2.2700     % 
LB close or above UB, fathomed
4275   313    40         123.3500   126.1500   2.2700     % 
LB close or above UB, fathomed
4276   312    39         123.3500   126.1500   2.2700     % 
LB close or above UB, fathomed
4277   311    38         123.3500   126.1500   2.2700     % 
LB close or above UB, fathomed
4278   310    35         123.3500   126.1500   2.2700     % 
LB close or above UB, fathomed
4279   309    17         123.3500   126.1500   2.2700     % 
LB close or above UB, fathomed
4280   308    17         123.3500   126.1500   2.2700     % 
LB close or above UB, fathomed
4281   307    55         123.3500   126.1500   2.2700     % 
UB: 126.15
branching on 2 with b.
4282   307    56         123.3500   126.1500   2.2700     % 
UB: 126.15
branching on 3 with b.
4283   308    57         123.3500   126.1500   2.2700     % 
LB close or above UB, fathomed
4284   307    57         123.3500   126.1500   2.2700     % 
LB close or above UB, fathomed
4285   306    53         123.3500   126.1500   2.2700     % 
UB: 126.15
branching on 3 with b.
4286   307    54         123.3500   126.1500   2.2700     % 
LB close or above UB, fathomed
4287   306    54         123.3500   126.1500   2.2700     % 
LB close or above UB, fathomed
4288   305    32         123.3500   126.1500   2.2700     % 
UB: 126.15
branching on CartesianIndex(1, 5) with c.
4289   306    33         123.3500   126.1500   2.2700     % 
UB: 126.15
branching on CartesianIndex(2, 5) with c.
4290   307    34         123.3500   126.1500   2.2700     % 
LB close or above UB, fathomed
4291   306    34         123.3500   126.1500   2.2700     % 
LB close or above UB, fathomed
4292   305    33         123.3500   126.1500   2.2700     % 
LB close or above UB, fathomed
4293   304    32         123.3500   126.1500   2.2700     % 
LB close or above UB, fathomed
4294   303    39         123.3500   126.1500   2.2700     % 
LB close or above UB, fathomed
4295   302    39         123.3500   126.1500   2.2700     % 
LB close or above UB, fathomed
4296   301    24         123.3500   126.1500   2.2700     % 
LB close or above UB, fathomed
4297   300    24         123.3500   126.1500   2.2700     % 
LB close or above UB, fathomed
4298   299    21         123.3500   126.1500   2.2700     % 
LB close or above UB, fathomed
4299   298    21         123.3500   126.1500   2.2700     % 
LB close or above UB, fathomed
4300   297    19         123.3500   126.1500   2.2700     % 
UB: 126.15
branching on CartesianIndex(7, 2) with a.
4301   298    20         123.3500   126.1500   2.2700     % 
LB close or above UB, fathomed
4302   297    20         123.3500   126.1500   2.2700     % 
UB: 126.15
branching on CartesianIndex(1, 3) with a.
4303   298    19         123.3500   126.1500   2.2700     % 
LB close or above UB, fathomed
4304   297    46         123.3500   126.1500   2.2700     % 
UB: 126.15
branching on 2 with b.
4305   298    47         123.3500   126.1500   2.2700     % 
LB close or above UB, fathomed
4306   297    47         123.3500   126.1500   2.2700     % 
UB: 126.15
branching on 3 with b.
4307   298    48         123.3500   126.1500   2.2700     % 
LB close or above UB, fathomed
4308   297    48         123.3500   126.1500   2.2700     % 
UB: 126.15
branching on 1 with b.
4309   297    49         123.3500   126.1500   2.2700     % 
UB: 126.15
branching on 2 with b.
4310   298    50         123.3500   126.1500   2.2700     % 
LB close or above UB, fathomed
4311   297    50         123.3500   126.1500   2.2700     % 
UB: 126.15
branching on 3 with b.
4312   298    51         123.3500   126.1500   2.2700     % 
LB close or above UB, fathomed
4313   297    51         123.3500   126.1500   2.2700     % 
LB close or above UB, fathomed
4314   296    46         123.3500   126.1500   2.2700     % 
LB close or above UB, fathomed
4315   295    46         123.3500   126.1500   2.2700     % 
UB: 126.15
branching on 2 with b.
4316   296    47         123.3500   126.1500   2.2700     % 
LB close or above UB, fathomed
4317   295    47         123.3500   126.1500   2.2700     % 
UB: 126.15
branching on 3 with b.
4318   296    48         123.3500   126.1500   2.2700     % 
LB close or above UB, fathomed
4319   295    48         123.3500   126.1500   2.2700     % 
UB: 126.15
branching on 1 with b.
4320   295    49         123.3500   126.1500   2.2700     % 
UB: 126.15
branching on 2 with b.
4321   296    50         123.3500   126.1500   2.2700     % 
LB close or above UB, fathomed
4322   295    50         123.3500   126.1500   2.2700     % 
UB: 126.15
branching on 3 with b.
4323   296    51         123.3500   126.1500   2.2700     % 
LB close or above UB, fathomed
4324   295    51         123.3500   126.1500   2.2700     % 
LB close or above UB, fathomed
4325   294    46         123.3500   126.1500   2.2700     % 
UB: 126.15
branching on 2 with b.
4326   294    47         123.3500   126.1500   2.2700     % 
UB: 126.15
branching on 3 with b.
4327   295    48         123.3500   126.1500   2.2700     % 
LB close or above UB, fathomed
4328   294    48         123.3500   126.1500   2.2700     % 
UB: 126.15
branching on 1 with b.
4329   295    49         123.3500   126.1500   2.2700     % 
LB close or above UB, fathomed
4330   294    49         123.3500   126.1500   2.2700     % 
UB: 126.15
branching on 2 with b.
4331   294    50         123.3500   126.1500   2.2700     % 
UB: 126.15
branching on 3 with b.
4332   295    51         123.3500   126.1500   2.2700     % 
LB close or above UB, fathomed
4333   294    51         123.3500   126.1500   2.2700     % 
LB close or above UB, fathomed
4334   293    46         123.3500   126.1500   2.2700     % 
UB: 126.15
branching on 2 with b.
4335   294    47         123.3500   126.1500   2.2700     % 
LB close or above UB, fathomed
4336   293    47         123.3500   126.1500   2.2700     % 
UB: 126.15
branching on 3 with b.
4337   294    48         123.3500   126.1500   2.2700     % 
LB close or above UB, fathomed
4338   293    48         123.3500   126.1500   2.2700     % 
UB: 126.15
branching on 1 with b.
4339   294    49         123.3500   126.1500   2.2700     % 
LB close or above UB, fathomed
4340   293    49         123.3500   126.1500   2.2700     % 
UB: 126.15
branching on 2 with b.
4341   294    50         123.3500   126.1500   2.2700     % 
UB: 126.15
branching on 3 with b.
4342   295    51         123.3500   126.1500   2.2700     % 
LB close or above UB, fathomed
4343   294    51         123.3500   126.1500   2.2700     % 
LB close or above UB, fathomed
4344   293    50         123.3500   126.1500   2.2700     % 
UB: 126.15
branching on 3 with b.
4345   294    51         123.3500   126.1500   2.2700     % 
LB close or above UB, fathomed
4346   293    51         123.3500   126.1500   2.2700     % 
LB close or above UB, fathomed
4347   292    40         123.3500   126.1500   2.2700     % 
LB close or above UB, fathomed
4348   291    40         123.3500   126.1500   2.2700     % 
UB: 126.15
branching on 3 with b.
4349   292    41         123.3500   126.1500   2.2700     % 
LB close or above UB, fathomed
4350   291    41         123.3500   126.1500   2.2700     % 
LB close or above UB, fathomed
4351   290    42         123.3500   126.1500   2.2700     % 
UB: 126.15
branching on 2 with b.
4352   291    43         123.3500   126.1500   2.2700     % 
LB close or above UB, fathomed
4353   290    43         123.3500   126.1500   2.2700     % 
LB close or above UB, fathomed
4354   289    42         123.3500   126.1500   2.2700     % 
LB close or above UB, fathomed
4355   288    41         123.3500   126.1500   2.2700     % 
LB close or above UB, fathomed
4356   287    41         123.3500   126.1500   2.2700     % 
LB close or above UB, fathomed
4357   286    42         123.3500   126.1500   2.2700     % 
UB: 126.15
branching on 2 with b.
4358   287    43         123.3500   126.1500   2.2700     % 
LB close or above UB, fathomed
4359   286    43         123.3500   126.1500   2.2700     % 
LB close or above UB, fathomed
4360   285    41         123.3500   126.1500   2.2700     % 
LB close or above UB, fathomed
4361   284    41         123.3500   126.1500   2.2700     % 
LB close or above UB, fathomed
4362   283    55         123.3500   126.1500   2.2700     % 
UB: 126.15
branching on 2 with b.
4363   283    56         123.3500   126.1500   2.2700     % 
UB: 126.15
branching on 3 with b.
4364   284    57         123.3500   126.1500   2.2700     % 
LB close or above UB, fathomed
4365   283    57         123.3500   126.1500   2.2700     % 
LB close or above UB, fathomed
4366   282    55         123.3500   126.1500   2.2700     % 
UB: 126.15
branching on 2 with b.
4367   283    56         123.3500   126.1500   2.2700     % 
UB: 126.15
branching on 3 with b.
4368   284    57         123.3500   126.1500   2.2700     % 
LB close or above UB, fathomed
4369   283    57         123.3500   126.1500   2.2700     % 
LB close or above UB, fathomed
4370   282    56         123.3500   126.1500   2.2700     % 
UB: 126.15
branching on 3 with b.
4371   283    57         123.3500   126.1500   2.2700     % 
LB close or above UB, fathomed
4372   282    57         123.3500   126.1500   2.2700     % 
LB close or above UB, fathomed
4373   281    30         123.3500   126.1500   2.2700     % 
UB: 126.15
branching on CartesianIndex(1, 5) with c.
4374   282    31         123.3500   126.1500   2.2700     % 
UB: 126.15
branching on CartesianIndex(2, 5) with c.
4375   283    32         123.3500   126.1500   2.2700     % 
LB close or above UB, fathomed
4376   282    32         123.3500   126.1500   2.2700     % 
LB close or above UB, fathomed
4377   281    31         123.3500   126.1500   2.2700     % 
LB close or above UB, fathomed
4378   280    30         123.3500   126.1500   2.2700     % 
LB close or above UB, fathomed
4379   279    27         123.3500   126.1500   2.2700     % 
UB: 126.15
branching on CartesianIndex(2, 4) with c.
4380   280    27         123.3500   126.1500   2.2700     % 
LB close or above UB, fathomed
4381   279    26         123.3500   126.1500   2.2700     % 
LB close or above UB, fathomed
4382   278    26         123.3500   126.1500   2.2700     % 
LB close or above UB, fathomed
4383   277    45         123.3500   126.1500   2.2700     % 
UB: 126.15
branching on 1 with b.
4384   278    46         123.3500   126.1500   2.2700     % 
LB close or above UB, fathomed
4385   277    46         123.3500   126.1500   2.2700     % 
UB: 126.15
branching on 2 with b.
4386   278    47         123.3500   126.1500   2.2700     % 
UB: 126.15
branching on 3 with b.
4387   279    48         123.3500   126.1500   2.2700     % 
LB close or above UB, fathomed
4388   278    48         123.3500   126.1500   2.2700     % 
LB close or above UB, fathomed
4389   277    47         123.3500   126.1500   2.2700     % 
LB close or above UB, fathomed
4390   276    45         123.3500   126.1500   2.2700     % 
LB close or above UB, fathomed
4391   275    29         123.3500   126.1500   2.2700     % 
UB: 126.15
branching on CartesianIndex(2, 4) with c.
4392   276    30         123.3500   126.1500   2.2700     % 
LB close or above UB, fathomed
4393   275    30         123.3500   126.1500   2.2700     % 
LB close or above UB, fathomed
4394   274    29         123.3500   126.1500   2.2700     % 
LB close or above UB, fathomed
4395   273    23         123.3500   126.1500   2.2700     % 
UB: 126.15
branching on CartesianIndex(2, 3) with a.
4396   274    24         123.3500   126.1500   2.2700     % 
UB: 126.15
branching on CartesianIndex(3, 3) with a.
4397   275    25         123.3500   126.1500   2.2700     % 
UB: 126.15
branching on CartesianIndex(4, 3) with a.
4398   276    26         123.3500   126.1500   2.2700     % 
LB close or above UB, fathomed
4399   275    26         123.3500   126.1500   2.2700     % 
LB close or above UB, fathomed
4400   274    25         123.3500   126.1500   2.2700     % 
LB close or above UB, fathomed
4401   273    24         123.3500   126.1500   2.2700     % 
LB close or above UB, fathomed
4402   272    23         123.3500   126.1500   2.2700     % 
LB close or above UB, fathomed
4403   271    29         123.3500   126.1500   2.2700     % 
LB close or above UB, fathomed
4404   270    29         123.3500   126.1500   2.2700     % 
LB close or above UB, fathomed
4405   269    24         123.3500   126.1500   2.2700     % 
UB: 126.15
branching on CartesianIndex(3, 3) with a.
4406   270    25         123.3500   126.1500   2.2700     % 
UB: 126.15
branching on CartesianIndex(4, 3) with a.
4407   271    26         123.3500   126.1500   2.2700     % 
LB close or above UB, fathomed
4408   270    26         123.3500   126.1500   2.2700     % 
LB close or above UB, fathomed
4409   269    25         123.3500   126.1500   2.2700     % 
LB close or above UB, fathomed
4410   268    24         123.3500   126.1500   2.2700     % 
LB close or above UB, fathomed
4411   267    26         123.3500   126.1500   2.2700     % 
LB close or above UB, fathomed
4412   266    26         123.3500   126.1500   2.2700     % 
UB: 126.15
branching on CartesianIndex(7, 3) with a.
4413   267    27         123.3500   126.1500   2.2700     % 
LB close or above UB, fathomed
4414   266    27         123.3500   126.1500   2.2700     % 
UB: 126.15
branching on CartesianIndex(1, 4) with c.
4415   267    28         123.3500   126.1500   2.2700     % 
UB: 126.15
branching on CartesianIndex(2, 4) with c.
4416   268    29         123.3500   126.1500   2.2700     % 
LB close or above UB, fathomed
4417   267    29         123.3500   126.1500   2.2700     % 
LB close or above UB, fathomed
4418   266    28         123.3500   126.1500   2.2700     % 
LB close or above UB, fathomed
4419   265    22         123.3500   126.1500   2.2700     % 
LB close or above UB, fathomed
4420   264    22         123.3500   126.1500   2.2700     % 
UB: 126.15
branching on CartesianIndex(3, 3) with a.
4421   265    23         123.3500   126.1500   2.2700     % 
UB: 126.15
branching on CartesianIndex(4, 3) with a.
4422   266    24         123.3500   126.1500   2.2700     % 
LB close or above UB, fathomed
4423   265    24         123.3500   126.1500   2.2700     % 
LB close or above UB, fathomed
4424   264    23         123.3500   126.1500   2.2700     % 
LB close or above UB, fathomed
4425   263    24         123.3500   126.1500   2.2700     % 
UB: 126.15
branching on CartesianIndex(2, 4) with c.
4426   264    25         123.3500   126.1500   2.2700     % 
UB: 126.15
branching on CartesianIndex(3, 4) with c.
4427   265    26         123.3500   126.1500   2.2700     % 
UB: 126.15
branching on CartesianIndex(4, 4) with c.
4428   266    27         123.3500   126.1500   2.2700     % 
UB: 126.15
branching on CartesianIndex(5, 4) with c.
4429   267    28         123.3500   126.1500   2.2700     % 
UB: 126.15
branching on 3 with b.
4430   268    29         123.3500   126.1500   2.2700     % 
LB close or above UB, fathomed
4431   267    29         123.3500   126.1500   2.2700     % 
UB: 126.15
branching on CartesianIndex(1, 5) with c.
4432   268    30         123.3500   126.1500   2.2700     % 
LB close or above UB, fathomed
4433   267    30         123.3500   126.1500   2.2700     % 
LB close or above UB, fathomed
4434   266    28         123.3500   126.1500   2.2700     % 
LB close or above UB, fathomed
4435   265    27         123.3500   126.1500   2.2700     % 
LB close or above UB, fathomed
4436   264    26         123.3500   126.1500   2.2700     % 
LB close or above UB, fathomed
4437   263    25         123.3500   126.1500   2.2700     % 
LB close or above UB, fathomed
4438   262    24         123.3500   126.1500   2.2700     % 
LB close or above UB, fathomed
4439   261    20         123.3500   126.1500   2.2700     % 
UB: 126.15
branching on CartesianIndex(2, 4) with c.
4440   262    21         123.3500   126.1500   2.2700     % 
LB close or above UB, fathomed
4441   261    21         123.3500   126.1500   2.2700     % 
UB: 126.15
branching on CartesianIndex(1, 5) with c.
4442   262    22         123.3500   126.1500   2.2700     % 
LB close or above UB, fathomed
4443   261    22         123.3500   126.1500   2.2700     % 
UB: 126.15
branching on 2 with b.
4444   262    23         123.3500   126.1500   2.2700     % 
LB close or above UB, fathomed
4445   261    23         123.3500   126.1500   2.2700     % 
UB: 126.15
branching on CartesianIndex(1, 6) with c.
4446   262    24         123.3500   126.1500   2.2700     % 
UB: 126.15
branching on CartesianIndex(2, 6) with c.
4447   263    25         123.3500   126.1500   2.2700     % 
LB close or above UB, fathomed
4448   262    25         123.3500   126.1500   2.2700     % 
UB: 126.15
branching on 3 with b.
4449   263    26         123.3500   126.1500   2.2700     % 
UB: 126.15
branching on CartesianIndex(1, 7) with c.
4450   264    27         123.3500   126.1500   2.2700     % 
UB: 126.15
branching on CartesianIndex(2, 7) with c.
4451   265    28         123.3500   126.1500   2.2700     % 
UB: 126.15
branching on CartesianIndex(3, 7) with c.
4452   266    29         123.3500   126.1500   2.2700     % 
UB: 126.15
branching on CartesianIndex(4, 7) with c.
4453   267    30         123.3500   126.1500   2.2700     % 
UB: 126.15
branching on CartesianIndex(5, 7) with c.
4454   268    31         123.3500   126.1500   2.2700     % 
UB: 126.15
branching on 1 with b.
4455   269    32         123.3500   126.1500   2.2700     % 
LB close or above UB, fathomed
4456   268    32         123.3500   126.1500   2.2700     % 
UB: 126.15
branching on 2 with b.
4457   269    33         123.3500   126.1500   2.2700     % 
LB close or above UB, fathomed
4458   268    33         123.3500   126.1500   2.2700     % 
UB: 126.15
branching on 3 with b.
4459   269    34         123.3500   126.1500   2.2700     % 
UB: 126.15
branching on 1 with b.
4460   270    35         123.3500   126.1500   2.2700     % 
LB close or above UB, fathomed
4461   269    35         123.3500   126.1500   2.2700     % 
LB close or above UB, fathomed
4462   268    34         123.3500   126.1500   2.2700     % 
LB close or above UB, fathomed
4463   267    31         123.3500   126.1500   2.2700     % 
LB close or above UB, fathomed
4464   266    30         123.3500   126.1500   2.2700     % 
LB close or above UB, fathomed
4465   265    29         123.3500   126.1500   2.2700     % 
LB close or above UB, fathomed
4466   264    28         123.3500   126.1500   2.2700     % 
LB close or above UB, fathomed
4467   263    27         123.3500   126.1500   2.2700     % 
LB close or above UB, fathomed
4468   262    26         123.3500   126.1500   2.2700     % 
LB close or above UB, fathomed
4469   261    24         123.3500   126.1500   2.2700     % 
LB close or above UB, fathomed
4470   260    20         123.3500   126.1500   2.2700     % 
LB close or above UB, fathomed
4471   259    30         123.3500   126.1500   2.2700     % 
UB: 126.15
branching on CartesianIndex(1, 6) with c.
4472   260    31         123.3500   126.1500   2.2700     % 
LB close or above UB, fathomed
4473   259    31         123.3500   126.1500   2.2700     % 
UB: 126.15
branching on CartesianIndex(1, 7) with c.
4474   260    32         123.3500   126.1500   2.2700     % 
UB: 126.15
branching on CartesianIndex(2, 7) with c.
4475   261    33         123.3500   126.1500   2.2700     % 
LB close or above UB, fathomed
4476   260    33         123.3500   126.1500   2.2700     % 
UB: 126.15
branching on 2 with b.
4477   261    34         123.3500   126.1500   2.2700     % 
UB: 126.15
branching on 3 with b.
4478   262    35         123.3500   126.1500   2.2700     % 
UB: 126.15
branching on 1 with b.
4479   263    36         123.3500   126.1500   2.2700     % 
LB close or above UB, fathomed
4480   262    36         123.3500   126.1500   2.2700     % 
LB close or above UB, fathomed
4481   261    35         123.3500   126.1500   2.2700     % 
LB close or above UB, fathomed
4482   260    34         123.3500   126.1500   2.2700     % 
LB close or above UB, fathomed
4483   259    32         123.3500   126.1500   2.2700     % 
LB close or above UB, fathomed
4484   258    30         123.3500   126.1500   2.2700     % 
LB close or above UB, fathomed
4485   257    24         123.3500   126.1500   2.2700     % 
UB: 126.15
branching on CartesianIndex(2, 3) with a.
4486   258    25         123.3500   126.1500   2.2700     % 
UB: 126.15
branching on CartesianIndex(3, 3) with a.
4487   259    26         123.3500   126.1500   2.2700     % 
UB: 126.15
branching on CartesianIndex(4, 3) with a.
4488   260    27         123.3500   126.1500   2.2700     % 
UB: 126.15
branching on CartesianIndex(5, 3) with a.
4489   261    28         123.3500   126.1500   2.2700     % 
UB: 126.15
branching on CartesianIndex(6, 3) with a.
4490   262    29         123.3500   126.1500   2.2700     % 
UB: 126.15
branching on 2 with b.
4491   263    29         123.3500   126.1500   2.2700     % 
LB close or above UB, fathomed
4492   262    28         123.3500   126.1500   2.2700     % 
LB close or above UB, fathomed
4493   261    27         123.3500   126.1500   2.2700     % 
LB close or above UB, fathomed
4494   260    26         123.3500   126.1500   2.2700     % 
LB close or above UB, fathomed
4495   259    25         123.3500   126.1500   2.2700     % 
LB close or above UB, fathomed
4496   258    24         123.3500   126.1500   2.2700     % 
LB close or above UB, fathomed
4497   257    23         123.3500   126.1500   2.2700     % 
LB close or above UB, fathomed
4498   256    23         123.3500   126.1500   2.2700     % 
LB close or above UB, fathomed
4499   255    19         123.3500   126.1500   2.2700     % 
LB close or above UB, fathomed
4500   254    19         123.3500   126.1500   2.2700     % 
LB close or above UB, fathomed
4501   253    20         123.3500   126.1500   2.2700     % 
LB close or above UB, fathomed
4502   252    20         123.3500   126.1500   2.2700     % 
UB: 126.15
branching on CartesianIndex(1, 3) with a.
4503   253    21         123.3500   126.1500   2.2700     % 
LB close or above UB, fathomed
4504   252    21         123.3500   126.1500   2.2700     % 
LB close or above UB, fathomed
4505   251    22         123.3500   126.1500   2.2700     % 
LB close or above UB, fathomed
4506   250    22         123.3500   126.1500   2.2700     % 
LB close or above UB, fathomed
4507   249    38         123.3500   126.1500   2.2700     % 
LB close or above UB, fathomed
4508   248    38         123.3500   126.1500   2.2700     % 
LB close or above UB, fathomed
4509   247    38         123.3500   126.1500   2.2700     % 
LB close or above UB, fathomed
4510   246    38         123.3500   126.1500   2.2700     % 
LB close or above UB, fathomed
4511   245    42         123.3500   126.1500   2.2700     % 
LB close or above UB, fathomed
4512   244    42         123.3500   126.1500   2.2700     % 
LB close or above UB, fathomed
4513   243    41         123.3500   126.1500   2.2700     % 
UB: 126.15
branching on 1 with b.
4514   244    42         123.3500   126.1500   2.2700     % 
LB close or above UB, fathomed
4515   243    42         123.3500   126.1500   2.2700     % 
LB close or above UB, fathomed
4516   242    41         123.3500   126.1500   2.2700     % 
LB close or above UB, fathomed
4517   241    27         123.3500   126.1500   2.2700     % 
LB close or above UB, fathomed
4518   240    27         123.3500   126.1500   2.2700     % 
UB: 126.15
branching on 1 with b.
4519   241    32         123.3500   126.1500   2.2700     % 
LB close or above UB, fathomed
4520   240    32         123.3500   126.1500   2.2700     % 
UB: 126.15
branching on 3 with b.
4521   241    33         123.3500   126.1500   2.2700     % 
UB: 126.15
branching on 1 with b.
4522   242    34         123.3500   126.1500   2.2700     % 
LB close or above UB, fathomed
4523   241    34         123.3500   126.1500   2.2700     % 
LB close or above UB, fathomed
4524   240    33         123.3500   126.1500   2.2700     % 
LB close or above UB, fathomed
4525   239    21         123.3500   126.1500   2.2700     % 
UB: 126.15
branching on 1 with b.
4526   240    22         123.3500   126.1500   2.2700     % 
LB close or above UB, fathomed
4527   239    22         123.3500   126.1500   2.2700     % 
LB close or above UB, fathomed
4528   238    21         123.3500   126.1500   2.2700     % 
LB close or above UB, fathomed
4529   237    24         123.3500   126.1500   2.2700     % 
UB: 126.15
branching on CartesianIndex(2, 3) with a.
4530   238    25         123.3500   126.1500   2.2700     % 
UB: 126.15
branching on CartesianIndex(3, 3) with a.
4531   239    26         123.3500   126.1500   2.2700     % 
UB: 126.15
branching on CartesianIndex(4, 3) with a.
4532   240    27         123.3500   126.1500   2.2700     % 
LB close or above UB, fathomed
4533   239    27         123.3500   126.1500   2.2700     % 
LB close or above UB, fathomed
4534   238    26         123.3500   126.1500   2.2700     % 
LB close or above UB, fathomed
4535   237    25         123.3500   126.1500   2.2700     % 
LB close or above UB, fathomed
4536   236    24         123.3500   126.1500   2.2700     % 
LB close or above UB, fathomed
4537   235    24         123.3500   126.1500   2.2700     % 
LB close or above UB, fathomed
4538   234    24         123.3500   126.1500   2.2700     % 
LB close or above UB, fathomed
4539   233    24         123.3500   126.1500   2.2700     % 
UB: 126.15
branching on CartesianIndex(2, 3) with a.
4540   234    25         123.3500   126.1500   2.2700     % 
UB: 126.15
branching on CartesianIndex(3, 3) with a.
4541   235    26         123.3500   126.1500   2.2700     % 
UB: 126.15
branching on CartesianIndex(4, 3) with a.
4542   236    27         123.3500   126.1500   2.2700     % 
UB: 126.15
branching on CartesianIndex(5, 3) with a.
4543   237    28         123.3500   126.1500   2.2700     % 
UB: 126.15
branching on CartesianIndex(6, 3) with a.
4544   238    29         123.3500   126.1500   2.2700     % 
UB: 126.15
branching on CartesianIndex(7, 3) with a.
4545   239    30         123.3500   126.1500   2.2700     % 
UB: 126.15
branching on CartesianIndex(8, 3) with a.
4546   240    31         123.3500   126.1500   2.2700     % 
LB close or above UB, fathomed
4547   239    31         123.3500   126.1500   2.2700     % 
LB close or above UB, fathomed
4548   238    30         123.3500   126.1500   2.2700     % 
LB close or above UB, fathomed
4549   237    29         123.3500   126.1500   2.2700     % 
LB close or above UB, fathomed
4550   236    28         123.3500   126.1500   2.2700     % 
LB close or above UB, fathomed
4551   235    27         123.3500   126.1500   2.2700     % 
LB close or above UB, fathomed
4552   234    26         123.3500   126.1500   2.2700     % 
LB close or above UB, fathomed
4553   233    25         123.3500   126.1500   2.2700     % 
LB close or above UB, fathomed
4554   232    24         123.3500   126.1500   2.2700     % 
LB close or above UB, fathomed
4555   231    24         123.3500   126.1500   2.2700     % 
LB close or above UB, fathomed
4556   230    24         123.3500   126.1500   2.2700     % 
LB close or above UB, fathomed
4557   229    20         123.3500   126.1500   2.2700     % 
UB: 126.15
branching on CartesianIndex(2, 4) with c.
4558   230    21         123.3500   126.1500   2.2700     % 
UB: 126.15
branching on 2 with b.
4559   231    22         123.3500   126.1500   2.2700     % 
UB: 126.15
branching on 3 with b.
4560   232    23         123.3500   126.1500   2.2700     % 
LB close or above UB, fathomed
4561   231    23         123.3500   126.1500   2.2700     % 
UB: 126.15
branching on CartesianIndex(3, 4) with c.
4562   232    24         123.3500   126.1500   2.2700     % 
UB: 126.15
branching on CartesianIndex(4, 4) with c.
4563   233    25         123.3500   126.1500   2.2700     % 
UB: 126.15
branching on CartesianIndex(5, 4) with c.
4564   234    26         123.3500   126.1500   2.2700     % 
UB: 126.15
branching on CartesianIndex(1, 5) with c.
4565   235    27         123.3500   126.1500   2.2700     % 
UB: 126.15
branching on CartesianIndex(2, 5) with c.
4566   236    28         123.3500   126.1500   2.2700     % 
LB close or above UB, fathomed
4567   235    28         123.3500   126.1500   2.2700     % 
LB close or above UB, fathomed
4568   234    27         123.3500   126.1500   2.2700     % 
LB close or above UB, fathomed
4569   233    26         123.3500   126.1500   2.2700     % 
LB close or above UB, fathomed
4570   232    25         123.3500   126.1500   2.2700     % 
LB close or above UB, fathomed
4571   231    24         123.3500   126.1500   2.2700     % 
LB close or above UB, fathomed
4572   230    22         123.3500   126.1500   2.2700     % 
LB close or above UB, fathomed
4573   229    21         123.3500   126.1500   2.2700     % 
LB close or above UB, fathomed
4574   228    20         123.3500   126.1500   2.2700     % 
LB close or above UB, fathomed
4575   227    20         123.3500   126.1500   2.2700     % 
UB: 126.15
branching on CartesianIndex(6, 3) with a.
4576   228    21         123.3500   126.1500   2.2700     % 
LB close or above UB, fathomed
4577   227    21         123.3500   126.1500   2.2700     % 
LB close or above UB, fathomed
4578   226    20         123.3500   126.1500   2.2700     % 
LB close or above UB, fathomed
4579   225    26         123.3500   126.1500   2.2700     % 
UB: 126.15
branching on CartesianIndex(2, 4) with c.
4580   226    27         123.3500   126.1500   2.2700     % 
LB close or above UB, fathomed
4581   225    27         123.3500   126.1500   2.2700     % 
LB close or above UB, fathomed
4582   224    26         123.3500   126.1500   2.2700     % 
LB close or above UB, fathomed
4583   223    26         123.3500   126.1500   2.2700     % 
LB close or above UB, fathomed
4584   222    26         123.3500   126.1500   2.2700     % 
LB close or above UB, fathomed
4585   221    22         123.3500   126.1500   2.2700     % 
UB: 126.15
branching on CartesianIndex(5, 2) with a.
4586   222    23         123.3500   126.1500   2.2700     % 
UB: 126.15
branching on CartesianIndex(6, 2) with a.
4587   223    24         123.3500   126.1500   2.2700     % 
LB close or above UB, fathomed
4588   222    24         123.3500   126.1500   2.2700     % 
LB close or above UB, fathomed
4589   221    23         123.3500   126.1500   2.2700     % 
LB close or above UB, fathomed
4590   220    22         123.3500   126.1500   2.2700     % 
LB close or above UB, fathomed
4591   219    16         123.3500   126.1500   2.2700     % 
LB close or above UB, fathomed
4592   218    16         123.3500   126.1500   2.2700     % 
LB close or above UB, fathomed
4593   217    28         123.3500   126.1500   2.2700     % 
UB: 126.15
branching on CartesianIndex(2, 4) with c.
4594   218    29         123.3500   126.1500   2.2700     % 
LB close or above UB, fathomed
4595   217    29         123.3500   126.1500   2.2700     % 
LB close or above UB, fathomed
4596   216    28         123.3500   126.1500   2.2700     % 
LB close or above UB, fathomed
4597   215    40         123.3500   126.1500   2.2700     % 
LB close or above UB, fathomed
4598   214    40         123.3500   126.1500   2.2700     % 
LB close or above UB, fathomed
4599   213    40         123.3500   126.1500   2.2700     % 
LB close or above UB, fathomed
4600   212    40         123.3500   126.1500   2.2700     % 
LB close or above UB, fathomed
4601   211    22         123.3500   126.1500   2.2700     % 
UB: 126.15
branching on CartesianIndex(2, 4) with c.
4602   212    23         123.3500   126.1500   2.2700     % 
LB close or above UB, fathomed
4603   211    23         123.3500   126.1500   2.2700     % 
LB close or above UB, fathomed
4604   210    22         123.3500   126.1500   2.2700     % 
LB close or above UB, fathomed
4605   209    24         123.3500   126.1500   2.2700     % 
UB: 126.15
branching on CartesianIndex(2, 4) with c.
4606   210    25         123.3500   126.1500   2.2700     % 
UB: 126.15
branching on CartesianIndex(3, 4) with c.
4607   211    26         123.3500   126.1500   2.2700     % 
UB: 126.15
branching on CartesianIndex(4, 4) with c.
4608   212    27         123.3500   126.1500   2.2700     % 
UB: 126.15
branching on CartesianIndex(5, 4) with c.
4609   213    28         123.3500   126.1500   2.2700     % 
UB: 126.15
branching on 2 with b.
4610   214    29         123.3500   126.1500   2.2700     % 
UB: 126.15
branching on CartesianIndex(1, 5) with c.
4611   215    30         123.3500   126.1500   2.2700     % 
UB: 126.15
branching on CartesianIndex(2, 5) with c.
4612   216    31         123.3500   126.1500   2.2700     % 
LB close or above UB, fathomed
4613   215    31         123.3500   126.1500   2.2700     % 
LB close or above UB, fathomed
4614   214    30         123.3500   126.1500   2.2700     % 
LB close or above UB, fathomed
4615   213    29         123.3500   126.1500   2.2700     % 
LB close or above UB, fathomed
4616   212    28         123.3500   126.1500   2.2700     % 
LB close or above UB, fathomed
4617   211    27         123.3500   126.1500   2.2700     % 
LB close or above UB, fathomed
4618   210    26         123.3500   126.1500   2.2700     % 
LB close or above UB, fathomed
4619   209    25         123.3500   126.1500   2.2700     % 
LB close or above UB, fathomed
4620   208    24         123.3500   126.1500   2.2700     % 
LB close or above UB, fathomed
4621   207    26         123.3500   126.1500   2.2700     % 
UB: 126.15
branching on CartesianIndex(5, 3) with a.
4622   208    27         123.3500   126.1500   2.2700     % 
UB: 126.15
branching on 3 with b.
4623   209    28         123.3500   126.1500   2.2700     % 
UB: 126.15
branching on CartesianIndex(6, 3) with a.
4624   210    29         123.3500   126.1500   2.2700     % 
UB: 126.15
branching on CartesianIndex(7, 3) with a.
4625   211    29         123.3500   126.1500   2.2700     % 
LB close or above UB, fathomed
4626   210    28         123.3500   126.1500   2.2700     % 
LB close or above UB, fathomed
4627   209    27         123.3500   126.1500   2.2700     % 
LB close or above UB, fathomed
4628   208    26         123.3500   126.1500   2.2700     % 
LB close or above UB, fathomed
4629   207    23         123.3500   126.1500   2.2700     % 
UB: 126.15
branching on CartesianIndex(2, 3) with a.
4630   208    24         123.3500   126.1500   2.2700     % 
LB close or above UB, fathomed
4631   207    24         123.3500   126.1500   2.2700     % 
LB close or above UB, fathomed
4632   206    23         123.3500   126.1500   2.2700     % 
LB close or above UB, fathomed
4633   205    27         123.3500   126.1500   2.2700     % 
UB: 126.15
branching on CartesianIndex(2, 4) with c.
4634   206    28         123.3500   126.1500   2.2700     % 
UB: 126.15
branching on CartesianIndex(3, 4) with c.
4635   207    29         123.3500   126.1500   2.2700     % 
UB: 126.15
branching on CartesianIndex(4, 4) with c.
4636   208    30         123.3500   126.1500   2.2700     % 
UB: 126.15
branching on 2 with b.
4637   209    31         123.3500   126.1500   2.2700     % 
LB close or above UB, fathomed
4638   208    31         123.3500   126.1500   2.2700     % 
UB: 126.15
branching on CartesianIndex(5, 4) with c.
4639   209    32         123.3500   126.1500   2.2700     % 
LB close or above UB, fathomed
4640   208    32         123.3500   126.1500   2.2700     % 
LB close or above UB, fathomed
4641   207    30         123.3500   126.1500   2.2700     % 
LB close or above UB, fathomed
4642   206    29         123.3500   126.1500   2.2700     % 
LB close or above UB, fathomed
4643   205    28         123.3500   126.1500   2.2700     % 
LB close or above UB, fathomed
4644   204    27         123.3500   126.1500   2.2700     % 
LB close or above UB, fathomed
4645   203    22         123.3500   126.1500   2.2700     % 
UB: 126.15
branching on 3 with b.
4646   204    23         123.3500   126.1500   2.2700     % 
LB close or above UB, fathomed
4647   203    23         123.3500   126.1500   2.2700     % 
UB: 126.15
branching on CartesianIndex(2, 4) with c.
4648   204    24         123.3500   126.1500   2.2700     % 
LB close or above UB, fathomed
4649   203    24         123.3500   126.1500   2.2700     % 
LB close or above UB, fathomed
4650   202    22         123.3500   126.1500   2.2700     % 
LB close or above UB, fathomed
4651   201    22         123.3500   126.1500   2.2700     % 
UB: 126.15
branching on CartesianIndex(2, 4) with c.
4652   202    23         123.3500   126.1500   2.2700     % 
LB close or above UB, fathomed
4653   201    23         123.3500   126.1500   2.2700     % 
LB close or above UB, fathomed
4654   200    22         123.3500   126.1500   2.2700     % 
LB close or above UB, fathomed
4655   199    21         123.3500   126.1500   2.2700     % 
LB close or above UB, fathomed
4656   198    21         123.3500   126.1500   2.2700     % 
UB: 126.15
branching on CartesianIndex(1, 4) with c.
4657   199    22         123.3500   126.1500   2.2700     % 
UB: 126.15
branching on CartesianIndex(2, 4) with c.
4658   200    23         123.3500   126.1500   2.2700     % 
LB close or above UB, fathomed
4659   199    23         123.3500   126.1500   2.2700     % 
LB close or above UB, fathomed
4660   198    22         123.3500   126.1500   2.2700     % 
LB close or above UB, fathomed
4661   197    22         123.3500   126.1500   2.2700     % 
UB: 126.15
branching on CartesianIndex(2, 4) with c.
4662   198    23         123.3500   126.1500   2.2700     % 
LB close or above UB, fathomed
4663   197    23         123.3500   126.1500   2.2700     % 
LB close or above UB, fathomed
4664   196    22         123.3500   126.1500   2.2700     % 
LB close or above UB, fathomed
4665   195    20         123.3500   126.1500   2.2700     % 
LB close or above UB, fathomed
4666   194    20         123.3500   126.1500   2.2700     % 
LB close or above UB, fathomed
4667   193    25         123.3500   126.1500   2.2700     % 
UB: 126.15
branching on CartesianIndex(6, 3) with a.
4668   194    26         123.3500   126.1500   2.2700     % 
UB: 126.15
branching on CartesianIndex(7, 3) with a.
4669   195    27         123.3500   126.1500   2.2700     % 
LB close or above UB, fathomed
4670   194    27         123.3500   126.1500   2.2700     % 
UB: 126.15
branching on CartesianIndex(1, 4) with c.
4671   195    28         123.3500   126.1500   2.2700     % 
UB: 126.15
branching on CartesianIndex(2, 4) with c.
4672   196    29         123.3500   126.1500   2.2700     % 
LB close or above UB, fathomed
4673   195    29         123.3500   126.1500   2.2700     % 
LB close or above UB, fathomed
4674   194    28         123.3500   126.1500   2.2700     % 
LB close or above UB, fathomed
4675   193    26         123.3500   126.1500   2.2700     % 
LB close or above UB, fathomed
4676   192    25         123.3500   126.1500   2.2700     % 
LB close or above UB, fathomed
4677   191    19         123.3500   126.1500   2.2700     % 
LB close or above UB, fathomed
4678   190    19         123.3500   126.1500   2.2700     % 
LB close or above UB, fathomed
4679   189    12         123.3500   126.1500   2.2700     % 
LB close or above UB, fathomed
4680   188    12         123.3500   126.1500   2.2700     % 
LB close or above UB, fathomed
4681   187    10         123.3500   126.1500   2.2700     % 
UB: 126.15
branching on 1 with b.
4682   188    11         123.3500   126.1500   2.2700     % 
UB: 126.15
branching on 2 with b.
4683   189    12         123.3500   126.1500   2.2700     % 
UB: 126.15
branching on 3 with b.
4684   190    13         123.3500   126.1500   2.2700     % 
UB: 126.15
branching on CartesianIndex(2, 2) with a.
4685   191    13         123.3500   126.1500   2.2700     % 
UB: 126.15
branching on CartesianIndex(2, 2) with a.
4686   192    14         123.3500   126.1500   2.2700     % 
UB: 126.15
branching on CartesianIndex(3, 2) with a.
4687   193    15         123.3500   126.1500   2.2700     % 
UB: 126.15
branching on CartesianIndex(4, 2) with a.
4688   194    16         123.3500   126.1500   2.2700     % 
LB close or above UB, fathomed
4689   193    16         123.3500   126.1500   2.2700     % 
LB close or above UB, fathomed
4690   192    15         123.3500   126.1500   2.2700     % 
LB close or above UB, fathomed
4691   191    14         123.3500   126.1500   2.2700     % 
LB close or above UB, fathomed
4692   190    12         123.3500   126.1500   2.2700     % 
LB close or above UB, fathomed
4693   189    11         123.3500   126.1500   2.2700     % 
LB close or above UB, fathomed
4694   188    10         123.3500   126.1500   2.2700     % 
LB close or above UB, fathomed
4695   187    25         123.3500   126.1500   2.2700     % 
LB close or above UB, fathomed
4696   186    25         123.3500   126.1500   2.2700     % 
UB: 126.15
branching on CartesianIndex(1, 4) with c.
4697   187    26         123.3500   126.1500   2.2700     % 
LB close or above UB, fathomed
4698   186    26         123.3500   126.1500   2.2700     % 
LB close or above UB, fathomed
4699   185    30         123.3500   126.1500   2.2700     % 
LB close or above UB, fathomed
4700   184    30         123.3500   126.1500   2.2700     % 
UB: 126.15
branching on 3 with b.
4701   185    31         123.3500   126.1500   2.2700     % 
UB: 126.15
branching on CartesianIndex(1, 5) with c.
4702   186    32         123.3500   126.1500   2.2700     % 
LB close or above UB, fathomed
4703   185    32         123.3500   126.1500   2.2700     % 
UB: 126.15
branching on CartesianIndex(1, 6) with c.
4704   186    33         123.3500   126.1500   2.2700     % 
UB: 126.15
branching on CartesianIndex(2, 6) with c.
4705   187    34         123.3500   126.1500   2.2700     % 
LB close or above UB, fathomed
4706   186    34         123.3500   126.1500   2.2700     % 
UB: 126.15
branching on 1 with b.
4707   187    35         123.3500   126.1500   2.2700     % 
LB close or above UB, fathomed
4708   186    35         123.3500   126.1500   2.2700     % 
LB close or above UB, fathomed
4709   185    33         123.3500   126.1500   2.2700     % 
LB close or above UB, fathomed
4710   184    31         123.3500   126.1500   2.2700     % 
LB close or above UB, fathomed
4711   183    26         123.3500   126.1500   2.2700     % 
LB close or above UB, fathomed
4712   182    26         123.3500   126.1500   2.2700     % 
UB: 126.15
branching on CartesianIndex(1, 4) with c.
4713   183    27         123.3500   126.1500   2.2700     % 
LB close or above UB, fathomed
4714   182    27         123.3500   126.1500   2.2700     % 
LB close or above UB, fathomed
4715   181    23         123.3500   126.1500   2.2700     % 
UB: 126.15
branching on CartesianIndex(6, 3) with a.
4716   182    24         123.3500   126.1500   2.2700     % 
LB close or above UB, fathomed
4717   181    24         123.3500   126.1500   2.2700     % 
LB close or above UB, fathomed
4718   180    23         123.3500   126.1500   2.2700     % 
LB close or above UB, fathomed
4719   179    22         123.3500   126.1500   2.2700     % 
UB: 126.15
branching on 3 with b.
4720   180    23         123.3500   126.1500   2.2700     % 
LB close or above UB, fathomed
4721   179    23         123.3500   126.1500   2.2700     % 
LB close or above UB, fathomed
4722   178    22         123.3500   126.1500   2.2700     % 
LB close or above UB, fathomed
4723   177    18         123.3500   126.1500   2.2700     % 
UB: 126.15
branching on CartesianIndex(6, 2) with a.
4724   178    19         123.3500   126.1500   2.2700     % 
LB close or above UB, fathomed
4725   177    19         123.3500   126.1500   2.2700     % 
LB close or above UB, fathomed
4726   176    18         123.3500   126.1500   2.2700     % 
LB close or above UB, fathomed
4727   175    14         123.3500   126.1500   2.2700     % 
UB: 126.15
branching on CartesianIndex(2, 3) with a.
4728   176    15         123.3500   126.1500   2.2700     % 
UB: 126.15
branching on 3 with b.
4729   177    16         123.3500   126.1500   2.2700     % 
UB: 126.15
branching on CartesianIndex(3, 3) with a.
4730   178    17         123.3500   126.1500   2.2700     % 
UB: 126.15
branching on CartesianIndex(4, 3) with a.
4731   179    18         123.3500   126.1500   2.2700     % 
LB close or above UB, fathomed
4732   178    18         123.3500   126.1500   2.2700     % 
LB close or above UB, fathomed
4733   177    17         123.3500   126.1500   2.2700     % 
LB close or above UB, fathomed
4734   176    16         123.3500   126.1500   2.2700     % 
LB close or above UB, fathomed
4735   175    15         123.3500   126.1500   2.2700     % 
LB close or above UB, fathomed
4736   174    14         123.3500   126.1500   2.2700     % 
LB close or above UB, fathomed
4737   173    21         123.3500   126.1500   2.2700     % 
LB close or above UB, fathomed
4738   172    21         123.3500   126.1500   2.2700     % 
LB close or above UB, fathomed
4739   171    17         123.3500   126.1500   2.2700     % 
UB: 126.15
branching on CartesianIndex(5, 2) with a.
4740   172    18         123.3500   126.1500   2.2700     % 
LB close or above UB, fathomed
4741   171    18         123.3500   126.1500   2.2700     % 
LB close or above UB, fathomed
4742   170    17         123.3500   126.1500   2.2700     % 
LB close or above UB, fathomed
4743   169    30         123.3500   126.1500   2.2700     % 
UB: 126.15
branching on CartesianIndex(2, 6) with c.
4744   170    31         123.3500   126.1500   2.2700     % 
LB close or above UB, fathomed
4745   169    31         123.3500   126.1500   2.2700     % 
UB: 126.15
branching on 1 with b.
4746   170    32         123.3500   126.1500   2.2700     % 
LB close or above UB, fathomed
4747   169    32         123.3500   126.1500   2.2700     % 
UB: 126.15
branching on CartesianIndex(1, 7) with c.
4748   170    33         123.3500   126.1500   2.2700     % 
UB: 126.15
branching on CartesianIndex(2, 7) with c.
4749   171    34         123.3500   126.1500   2.2700     % 
UB: 126.15
branching on CartesianIndex(3, 7) with c.
4750   172    35         123.3500   126.1500   2.2700     % 
UB: 126.15
branching on CartesianIndex(4, 7) with c.
4751   173    36         123.3500   126.1500   2.2700     % 
UB: 126.15
branching on CartesianIndex(5, 7) with c.
4752   174    37         123.3500   126.1500   2.2700     % 
UB: 126.15
branching on 2 with b.
4753   175    38         123.3500   126.1500   2.2700     % 
UB: 126.15
branching on 3 with b.
4754   176    39         123.3500   126.1500   2.2700     % 
UB: 126.15
branching on 1 with b.
4755   177    40         123.3500   126.1500   2.2700     % 
LB close or above UB, fathomed
4756   176    40         123.3500   126.1500   2.2700     % 
LB close or above UB, fathomed
4757   175    39         123.3500   126.1500   2.2700     % 
UB: 126.15
branching on 1 with b.
4758   176    40         123.3500   126.1500   2.2700     % 
LB close or above UB, fathomed
4759   175    40         123.3500   126.1500   2.2700     % 
LB close or above UB, fathomed
4760   174    38         123.3500   126.1500   2.2700     % 
LB close or above UB, fathomed
4761   173    37         123.3500   126.1500   2.2700     % 
LB close or above UB, fathomed
4762   172    36         123.3500   126.1500   2.2700     % 
LB close or above UB, fathomed
4763   171    35         123.3500   126.1500   2.2700     % 
LB close or above UB, fathomed
4764   170    34         123.3500   126.1500   2.2700     % 
LB close or above UB, fathomed
4765   169    33         123.3500   126.1500   2.2700     % 
LB close or above UB, fathomed
4766   168    30         123.3500   126.1500   2.2700     % 
LB close or above UB, fathomed
4767   167    16         123.3500   126.1500   2.2700     % 
UB: 126.15
branching on CartesianIndex(2, 3) with a.
4768   168    17         123.3500   126.1500   2.2700     % 
UB: 126.15
branching on CartesianIndex(3, 3) with a.
4769   169    18         123.3500   126.1500   2.2700     % 
UB: 126.15
branching on CartesianIndex(4, 3) with a.
4770   170    19         123.3500   126.1500   2.2700     % 
LB close or above UB, fathomed
4771   169    19         123.3500   126.1500   2.2700     % 
LB close or above UB, fathomed
4772   168    18         123.3500   126.1500   2.2700     % 
LB close or above UB, fathomed
4773   167    17         123.3500   126.1500   2.2700     % 
LB close or above UB, fathomed
4774   166    16         123.3500   126.1500   2.2700     % 
LB close or above UB, fathomed
4775   165    21         123.3500   126.1500   2.2700     % 
UB: 126.15
branching on 2 with b.
4776   166    21         123.3500   126.1500   2.2700     % 
LB close or above UB, fathomed
4777   165    24         123.3500   126.1500   2.2700     % 
LB close or above UB, fathomed
4778   164    24         123.3500   126.1500   2.2700     % 
LB close or above UB, fathomed
4779   163    23         123.3500   126.1500   2.2700     % 
UB: 126.15
branching on CartesianIndex(2, 4) with c.
4780   164    24         123.3500   126.1500   2.2700     % 
LB close or above UB, fathomed
4781   163    24         123.3500   126.1500   2.2700     % 
LB close or above UB, fathomed
4782   162    23         123.3500   126.1500   2.2700     % 
LB close or above UB, fathomed
4783   161    19         123.3500   126.1500   2.2700     % 
LB close or above UB, fathomed
4784   160    19         123.3500   126.1500   2.2700     % 
LB close or above UB, fathomed
4785   159    20         123.3500   126.1500   2.2700     % 
UB: 126.15
branching on CartesianIndex(4, 4) with c.
4786   160    21         123.3500   126.1500   2.2700     % 
LB close or above UB, fathomed
4787   159    21         123.3500   126.1500   2.2700     % 
LB close or above UB, fathomed
4788   158    20         123.3500   126.1500   2.2700     % 
LB close or above UB, fathomed
4789   157    13         123.3500   126.1500   2.2700     % 
LB close or above UB, fathomed
4790   156    13         123.3500   126.1500   2.2700     % 
UB: 126.15
branching on 2 with b.
4791   157    14         123.3500   126.1500   2.2700     % 
UB: 126.15
branching on 3 with b.
4792   158    15         123.3500   126.1500   2.2700     % 
UB: 126.15
branching on CartesianIndex(1, 2) with a.
4793   159    16         123.3500   126.1500   2.2700     % 
UB: 126.15
branching on CartesianIndex(2, 2) with a.
4794   160    17         123.3500   126.1500   2.2700     % 
UB: 126.15
branching on CartesianIndex(3, 2) with a.
4795   161    18         123.3500   126.1500   2.2700     % 
UB: 126.15
branching on 1 with b.
4796   162    19         123.3500   126.1500   2.2700     % 
LB close or above UB, fathomed
4797   161    19         123.3500   126.1500   2.2700     % 
LB close or above UB, fathomed
4798   160    18         123.3500   126.1500   2.2700     % 
LB close or above UB, fathomed
4799   159    17         123.3500   126.1500   2.2700     % 
LB close or above UB, fathomed
4800   158    16         123.3500   126.1500   2.2700     % 
LB close or above UB, fathomed
4801   157    15         123.3500   126.1500   2.2700     % 
LB close or above UB, fathomed
4802   156    14         123.3500   126.1500   2.2700     % 
LB close or above UB, fathomed
4803   155    16         123.3500   126.1500   2.2700     % 
UB: 126.15
branching on CartesianIndex(3, 2) with a.
4804   156    17         123.3500   126.1500   2.2700     % 
LB close or above UB, fathomed
4805   155    17         123.3500   126.1500   2.2700     % 
LB close or above UB, fathomed
4806   154    16         123.3500   126.1500   2.2700     % 
LB close or above UB, fathomed
4807   153    18         123.3500   126.1500   2.2700     % 
UB: 126.15
branching on CartesianIndex(8, 2) with a.
4808   154    19         123.3500   126.1500   2.2700     % 
LB close or above UB, fathomed
4809   153    19         123.3500   126.1500   2.2700     % 
LB close or above UB, fathomed
4810   152    18         123.3500   126.1500   2.2700     % 
LB close or above UB, fathomed
4811   151    27         123.3500   126.1500   2.2700     % 
UB: 126.15
branching on CartesianIndex(6, 3) with a.
4812   152    28         123.3500   126.1500   2.2700     % 
UB: 126.15
branching on CartesianIndex(7, 3) with a.
4813   153    29         123.3500   126.1500   2.2700     % 
LB close or above UB, fathomed
4814   152    29         123.3500   126.1500   2.2700     % 
LB close or above UB, fathomed
4815   151    28         123.3500   126.1500   2.2700     % 
LB close or above UB, fathomed
4816   150    27         123.3500   126.1500   2.2700     % 
LB close or above UB, fathomed
4817   149    25         123.3500   126.1500   2.2700     % 
LB close or above UB, fathomed
4818   148    25         123.3500   126.1500   2.2700     % 
LB close or above UB, fathomed
4819   147    23         123.3500   126.1500   2.2700     % 
UB: 126.15
branching on CartesianIndex(3, 3) with a.
4820   148    24         123.3500   126.1500   2.2700     % 
UB: 126.15
branching on 1 with b.
4821   149    25         123.3500   126.1500   2.2700     % 
UB: 126.15
branching on CartesianIndex(4, 3) with a.
4822   150    26         123.3500   126.1500   2.2700     % 
UB: 126.15
branching on CartesianIndex(5, 3) with a.
4823   151    27         123.3500   126.1500   2.2700     % 
UB: 126.15
branching on 2 with b.
4824   152    28         123.3500   126.1500   2.2700     % 
UB: 126.15
branching on CartesianIndex(6, 3) with a.
4825   153    29         123.3500   126.1500   2.2700     % 
LB close or above UB, fathomed
4826   152    29         123.3500   126.1500   2.2700     % 
LB close or above UB, fathomed
4827   151    28         123.3500   126.1500   2.2700     % 
UB: 126.15
branching on CartesianIndex(6, 3) with a.
4828   152    27         123.3500   126.1500   2.2700     % 
LB close or above UB, fathomed
4829   151    26         123.3500   126.1500   2.2700     % 
LB close or above UB, fathomed
4830   150    25         123.3500   126.1500   2.2700     % 
LB close or above UB, fathomed
4831   149    24         123.3500   126.1500   2.2700     % 
LB close or above UB, fathomed
4832   148    23         123.3500   126.1500   2.2700     % 
LB close or above UB, fathomed
4833   147    21         123.3500   126.1500   2.2700     % 
UB: 126.15
branching on CartesianIndex(8, 2) with a.
4834   148    22         123.3500   126.1500   2.2700     % 
LB close or above UB, fathomed
4835   147    22         123.3500   126.1500   2.2700     % 
UB: 126.15
branching on CartesianIndex(1, 3) with a.
4836   148    23         123.3500   126.1500   2.2700     % 
UB: 126.15
branching on CartesianIndex(2, 3) with a.
4837   149    24         123.3500   126.1500   2.2700     % 
UB: 126.15
branching on CartesianIndex(3, 3) with a.
4838   150    25         123.3500   126.1500   2.2700     % 
UB: 126.15
branching on CartesianIndex(4, 3) with a.
4839   151    26         123.3500   126.1500   2.2700     % 
UB: 126.15
branching on CartesianIndex(5, 3) with a.
4840   152    27         123.3500   126.1500   2.2700     % 
UB: 126.15
branching on CartesianIndex(6, 3) with a.
4841   153    28         123.3500   126.1500   2.2700     % 
LB close or above UB, fathomed
4842   152    28         123.3500   126.1500   2.2700     % 
LB close or above UB, fathomed
4843   151    27         123.3500   126.1500   2.2700     % 
LB close or above UB, fathomed
4844   150    26         123.3500   126.1500   2.2700     % 
LB close or above UB, fathomed
4845   149    25         123.3500   126.1500   2.2700     % 
LB close or above UB, fathomed
4846   148    24         123.3500   126.1500   2.2700     % 
LB close or above UB, fathomed
4847   147    23         123.3500   126.1500   2.2700     % 
LB close or above UB, fathomed
4848   146    21         123.3500   126.1500   2.2700     % 
LB close or above UB, fathomed
4849   145    29         123.3500   126.1500   2.2700     % 
LB close or above UB, fathomed
4850   144    29         123.3500   126.1500   2.2700     % 
LB close or above UB, fathomed
4851   143    22         123.3500   126.1500   2.2700     % 
LB close or above UB, fathomed
4852   142    22         123.3500   126.1500   2.2700     % 
UB: 126.15
branching on CartesianIndex(2, 3) with a.
4853   143    23         123.3500   126.1500   2.2700     % 
UB: 126.15
branching on 3 with b.
4854   144    24         123.3500   126.1500   2.2700     % 
LB close or above UB, fathomed
4855   143    24         123.3500   126.1500   2.2700     % 
LB close or above UB, fathomed
4856   142    23         123.3500   126.1500   2.2700     % 
LB close or above UB, fathomed
4857   141    14         123.3500   126.1500   2.2700     % 
UB: 126.15
branching on CartesianIndex(3, 2) with a.
4858   142    15         123.3500   126.1500   2.2700     % 
UB: 126.15
branching on 1 with b.
4859   143    16         123.3500   126.1500   2.2700     % 
UB: 126.15
branching on CartesianIndex(4, 2) with a.
4860   144    17         123.3500   126.1500   2.2700     % 
LB close or above UB, fathomed
4861   143    17         123.3500   126.1500   2.2700     % 
LB close or above UB, fathomed
4862   142    16         123.3500   126.1500   2.2700     % 
LB close or above UB, fathomed
4863   141    15         123.3500   126.1500   2.2700     % 
LB close or above UB, fathomed
4864   140    14         123.3500   126.1500   2.2700     % 
LB close or above UB, fathomed
4865   139    30         123.3500   126.1500   2.2700     % 
UB: 126.15
branching on CartesianIndex(8, 3) with a.
4866   140    31         123.3500   126.1500   2.2700     % 
LB close or above UB, fathomed
4867   139    31         123.3500   126.1500   2.2700     % 
UB: 126.15
branching on CartesianIndex(1, 4) with c.
4868   140    32         123.3500   126.1500   2.2700     % 
LB close or above UB, fathomed
4869   139    32         123.3500   126.1500   2.2700     % 
LB close or above UB, fathomed
4870   138    30         123.3500   126.1500   2.2700     % 
LB close or above UB, fathomed
4871   137    28         123.3500   126.1500   2.2700     % 
LB close or above UB, fathomed
4872   136    28         123.3500   126.1500   2.2700     % 
LB close or above UB, fathomed
4873   135    42         123.3500   126.1500   2.2700     % 
LB close or above UB, fathomed
4874   134    42         123.3500   126.1500   2.2700     % 
LB close or above UB, fathomed
4875   133    31         123.3500   126.1500   2.2700     % 
UB: 126.15
branching on CartesianIndex(2, 4) with c.
4876   134    32         123.3500   126.1500   2.2700     % 
LB close or above UB, fathomed
4877   133    32         123.3500   126.1500   2.2700     % 
LB close or above UB, fathomed
4878   132    31         123.3500   126.1500   2.2700     % 
LB close or above UB, fathomed
4879   131    29         123.3500   126.1500   2.2700     % 
UB: 126.15
branching on CartesianIndex(5, 5) with c.
4880   132    30         123.3500   126.1500   2.2700     % 
UB: 126.15
branching on CartesianIndex(1, 6) with c.
4881   133    31         123.3500   126.1500   2.2700     % 
UB: 126.15
branching on CartesianIndex(2, 6) with c.
4882   134    32         123.3500   126.1500   2.2700     % 
LB close or above UB, fathomed
4883   133    32         123.3500   126.1500   2.2700     % 
UB: 126.15
branching on CartesianIndex(1, 7) with c.
4884   134    33         123.3500   126.1500   2.2700     % 
LB close or above UB, fathomed
4885   133    33         123.3500   126.1500   2.2700     % 
UB: 126.15
branching on 1 with b.
4886   134    34         123.3500   126.1500   2.2700     % 
UB: 126.15
branching on 2 with b.
4887   135    35         123.3500   126.1500   2.2700     % 
LB close or above UB, fathomed
4888   134    35         123.3500   126.1500   2.2700     % 
LB close or above UB, fathomed
4889   133    34         123.3500   126.1500   2.2700     % 
LB close or above UB, fathomed
4890   132    31         123.3500   126.1500   2.2700     % 
LB close or above UB, fathomed
4891   131    30         123.3500   126.1500   2.2700     % 
LB close or above UB, fathomed
4892   130    29         123.3500   126.1500   2.2700     % 
LB close or above UB, fathomed
4893   129    28         123.3500   126.1500   2.2700     % 
UB: 126.15
branching on CartesianIndex(2, 5) with c.
4894   130    29         123.3500   126.1500   2.2700     % 
UB: 126.15
branching on CartesianIndex(3, 5) with c.
4895   131    30         123.3500   126.1500   2.2700     % 
UB: 126.15
branching on 1 with b.
4896   132    31         123.3500   126.1500   2.2700     % 
LB close or above UB, fathomed
4897   131    31         123.3500   126.1500   2.2700     % 
UB: 126.15
branching on CartesianIndex(4, 5) with c.
4898   132    32         123.3500   126.1500   2.2700     % 
UB: 126.15
branching on CartesianIndex(5, 5) with c.
4899   133    33         123.3500   126.1500   2.2700     % 
UB: 126.15
branching on CartesianIndex(1, 6) with c.
4900   134    34         123.3500   126.1500   2.2700     % 
UB: 126.15
branching on CartesianIndex(2, 6) with c.
4901   135    35         123.3500   126.1500   2.2700     % 
LB close or above UB, fathomed
4902   134    35         123.3500   126.1500   2.2700     % 
UB: 126.15
branching on CartesianIndex(1, 7) with c.
4903   135    36         123.3500   126.1500   2.2700     % 
LB close or above UB, fathomed
4904   134    36         123.3500   126.1500   2.2700     % 
UB: 126.15
branching on 2 with b.
4905   135    37         123.3500   126.1500   2.2700     % 
UB: 126.15
branching on 3 with b.
4906   136    38         123.3500   126.1500   2.2700     % 
UB: 126.15
branching on 1 with b.
4907   137    39         123.3500   126.1500   2.2700     % 
UB: 126.15
branching on 2 with b.
4908   138    40         123.3500   126.1500   2.2700     % 
UB: 126.15
branching on 3 with b.
4909   139    41         123.3500   126.1500   2.2700     % 
UB: 126.15
branching on 1 with b.
4910   140    42         123.3500   126.1500   2.2700     % 
LB close or above UB, fathomed
4911   139    42         123.3500   126.1500   2.2700     % 
UB: 126.15
branching on 2 with b.
4912   140    43         123.3500   126.1500   2.2700     % 
UB: 126.15
branching on 3 with b.
4913   141    44         123.3500   126.1500   2.2700     % 
LB close or above UB, fathomed
4914   140    44         123.3500   126.1500   2.2700     % 
LB close or above UB, fathomed
4915   139    43         123.3500   126.1500   2.2700     % 
LB close or above UB, fathomed
4916   138    41         123.3500   126.1500   2.2700     % 
LB close or above UB, fathomed
4917   137    40         123.3500   126.1500   2.2700     % 
LB close or above UB, fathomed
4918   136    39         123.3500   126.1500   2.2700     % 
UB: 126.15
branching on 2 with b.
4919   137    40         123.3500   126.1500   2.2700     % 
UB: 126.15
branching on 3 with b.
4920   138    41         123.3500   126.1500   2.2700     % 
UB: 126.15
branching on 1 with b.
4921   139    42         123.3500   126.1500   2.2700     % 
UB: 126.15
branching on 2 with b.
4922   140    43         123.3500   126.1500   2.2700     % 
UB: 126.15
branching on 3 with b.
4923   141    44         123.3500   126.1500   2.2700     % 
UB: 126.15
branching on 1 with b.
4924   141    45         123.3500   126.1500   2.2700     % 
UB: 126.15
branching on 2 with b.
4925   142    46         123.3500   126.1500   2.2700     % 
UB: 126.15
branching on 3 with b.
4926   143    47         123.3500   126.1500   2.2700     % 
LB close or above UB, fathomed
4927   142    47         123.3500   126.1500   2.2700     % 
UB: 126.15
branching on 1 with b.
4928   142    48         123.3500   126.1500   2.2700     % 
UB: 126.15
branching on 2 with b.
4929   143    49         123.3500   126.1500   2.2700     % 
UB: 126.15
branching on 3 with b.
4930   144    50         123.3500   126.1500   2.2700     % 
LB close or above UB, fathomed
4931   143    50         123.3500   126.1500   2.2700     % 
LB close or above UB, fathomed
4932   142    49         123.3500   126.1500   2.2700     % 
LB close or above UB, fathomed
4933   141    46         123.3500   126.1500   2.2700     % 
LB close or above UB, fathomed
4934   140    44         123.3500   126.1500   2.2700     % 
LB close or above UB, fathomed
4935   139    43         123.3500   126.1500   2.2700     % 
LB close or above UB, fathomed
4936   138    42         123.3500   126.1500   2.2700     % 
UB: 126.15
branching on 2 with b.
4937   139    43         123.3500   126.1500   2.2700     % 
UB: 126.15
branching on 3 with b.
4938   140    44         123.3500   126.1500   2.2700     % 
UB: 126.15
branching on 1 with b.
4939   141    45         123.3500   126.1500   2.2700     % 
UB: 126.15
branching on 2 with b.
4940   142    46         123.3500   126.1500   2.2700     % 
UB: 126.15
branching on 3 with b.
4941   143    47         123.3500   126.1500   2.2700     % 
LB close or above UB, fathomed
4942   142    47         123.3500   126.1500   2.2700     % 
UB: 126.15
branching on 1 with b.
4943   142    48         123.3500   126.1500   2.2700     % 
UB: 126.15
branching on 2 with b.
4944   143    49         123.3500   126.1500   2.2700     % 
UB: 126.15
branching on 3 with b.
4945   144    50         123.3500   126.1500   2.2700     % 
LB close or above UB, fathomed
4946   143    50         123.3500   126.1500   2.2700     % 
LB close or above UB, fathomed
4947   142    49         123.3500   126.1500   2.2700     % 
LB close or above UB, fathomed
4948   141    46         123.3500   126.1500   2.2700     % 
LB close or above UB, fathomed
4949   140    45         123.3500   126.1500   2.2700     % 
LB close or above UB, fathomed
4950   139    44         123.3500   126.1500   2.2700     % 
LB close or above UB, fathomed
4951   138    43         123.3500   126.1500   2.2700     % 
LB close or above UB, fathomed
4952   137    41         123.3500   126.1500   2.2700     % 
LB close or above UB, fathomed
4953   136    40         123.3500   126.1500   2.2700     % 
LB close or above UB, fathomed
4954   135    38         123.3500   126.1500   2.2700     % 
LB close or above UB, fathomed
4955   134    37         123.3500   126.1500   2.2700     % 
LB close or above UB, fathomed
4956   133    34         123.3500   126.1500   2.2700     % 
LB close or above UB, fathomed
4957   132    33         123.3500   126.1500   2.2700     % 
LB close or above UB, fathomed
4958   131    32         123.3500   126.1500   2.2700     % 
LB close or above UB, fathomed
4959   130    30         123.3500   126.1500   2.2700     % 
LB close or above UB, fathomed
4960   129    29         123.3500   126.1500   2.2700     % 
LB close or above UB, fathomed
4961   128    28         123.3500   126.1500   2.2700     % 
LB close or above UB, fathomed
4962   127    34         123.3500   126.1500   2.2700     % 
UB: 126.15
branching on CartesianIndex(5, 5) with c.
4963   128    34         123.3500   126.1500   2.2700     % 
UB: 126.15
branching on CartesianIndex(5, 5) with c.
4964   129    35         123.3500   126.1500   2.2700     % 
UB: 126.15
branching on CartesianIndex(1, 6) with c.
4965   130    36         123.3500   126.1500   2.2700     % 
LB close or above UB, fathomed
4966   129    36         123.3500   126.1500   2.2700     % 
UB: 126.15
branching on CartesianIndex(1, 7) with c.
4967   130    37         123.3500   126.1500   2.2700     % 
UB: 126.15
branching on CartesianIndex(2, 7) with c.
4968   131    38         123.3500   126.1500   2.2700     % 
LB close or above UB, fathomed
4969   130    38         123.3500   126.1500   2.2700     % 
UB: 126.15
branching on 3 with b.
4970   131    39         123.3500   126.1500   2.2700     % 
UB: 126.15
branching on 1 with b.
4971   132    40         123.3500   126.1500   2.2700     % 
LB close or above UB, fathomed
4972   131    40         123.3500   126.1500   2.2700     % 
UB: 126.15
branching on 2 with b.
4973   132    41         123.3500   126.1500   2.2700     % 
UB: 126.15
branching on 3 with b.
4974   133    42         123.3500   126.1500   2.2700     % 
LB close or above UB, fathomed
4975   132    42         123.3500   126.1500   2.2700     % 
LB close or above UB, fathomed
4976   131    41         123.3500   126.1500   2.2700     % 
LB close or above UB, fathomed
4977   130    39         123.3500   126.1500   2.2700     % 
LB close or above UB, fathomed
4978   129    37         123.3500   126.1500   2.2700     % 
LB close or above UB, fathomed
4979   128    35         123.3500   126.1500   2.2700     % 
LB close or above UB, fathomed
4980   127    51         123.3500   126.1500   2.2700     % 
LB close or above UB, fathomed
4981   126    51         123.3500   126.1500   2.2700     % 
LB close or above UB, fathomed
4982   125    51         123.3500   126.1500   2.2700     % 
LB close or above UB, fathomed
4983   124    51         123.3500   126.1500   2.2700     % 
LB close or above UB, fathomed
4984   123    52         123.3500   126.1500   2.2700     % 
LB close or above UB, fathomed
4985   122    52         123.3500   126.1500   2.2700     % 
UB: 126.15
branching on 2 with b.
4986   122    53         123.3500   126.1500   2.2700     % 
UB: 126.15
branching on 3 with b.
4987   123    54         123.3500   126.1500   2.2700     % 
UB: 126.15
branching on 1 with b.
4988   124    55         123.3500   126.1500   2.2700     % 
LB close or above UB, fathomed
4989   123    55         123.3500   126.1500   2.2700     % 
UB: 126.15
branching on 2 with b.
4990   123    56         123.3500   126.1500   2.2700     % 
UB: 126.15
branching on 3 with b.
4991   124    57         123.3500   126.1500   2.2700     % 
LB close or above UB, fathomed
4992   123    57         123.3500   126.1500   2.2700     % 
LB close or above UB, fathomed
4993   122    54         123.3500   126.1500   2.2700     % 
LB close or above UB, fathomed
4994   121    49         123.3500   126.1500   2.2700     % 
UB: 126.15
branching on 2 with b.
4995   122    50         123.3500   126.1500   2.2700     % 
UB: 126.15
branching on 3 with b.
4996   123    51         123.3500   126.1500   2.2700     % 
LB close or above UB, fathomed
4997   122    51         123.3500   126.1500   2.2700     % 
LB close or above UB, fathomed
4998   121    50         123.3500   126.1500   2.2700     % 
LB close or above UB, fathomed
4999   120    49         123.3500   126.1500   2.2700     % 
UB: 126.15
branching on 2 with b.
5000   121    50         123.3500   126.1500   2.2700     % 
UB: 126.15
branching on 3 with b.
5001   122    51         123.3500   126.1500   2.2700     % 
LB close or above UB, fathomed
5002   121    51         123.3500   126.1500   2.2700     % 
LB close or above UB, fathomed
5003   120    50         123.3500   126.1500   2.2700     % 
LB close or above UB, fathomed
5004   119    52         123.3500   126.1500   2.2700     % 
LB close or above UB, fathomed
5005   118    52         123.3500   126.1500   2.2700     % 
UB: 126.15
branching on 2 with b.
5006   118    53         123.3500   126.1500   2.2700     % 
UB: 126.15
branching on 3 with b.
5007   119    54         123.3500   126.1500   2.2700     % 
UB: 126.15
branching on 1 with b.
5008   120    55         123.3500   126.1500   2.2700     % 
LB close or above UB, fathomed
5009   119    55         123.3500   126.1500   2.2700     % 
UB: 126.15
branching on 2 with b.
5010   119    56         123.3500   126.1500   2.2700     % 
UB: 126.15
branching on 3 with b.
5011   120    57         123.3500   126.1500   2.2700     % 
LB close or above UB, fathomed
5012   119    57         123.3500   126.1500   2.2700     % 
LB close or above UB, fathomed
5013   118    54         123.3500   126.1500   2.2700     % 
LB close or above UB, fathomed
5014   117    52         123.3500   126.1500   2.2700     % 
LB close or above UB, fathomed
5015   116    52         123.3500   126.1500   2.2700     % 
UB: 126.15
branching on 2 with b.
5016   117    53         123.3500   126.1500   2.2700     % 
UB: 126.15
branching on 3 with b.
5017   118    54         123.3500   126.1500   2.2700     % 
UB: 126.15
branching on 1 with b.
5018   119    55         123.3500   126.1500   2.2700     % 
LB close or above UB, fathomed
5019   118    55         123.3500   126.1500   2.2700     % 
UB: 126.15
branching on 2 with b.
5020   118    56         123.3500   126.1500   2.2700     % 
UB: 126.15
branching on 3 with b.
5021   119    57         123.3500   126.1500   2.2700     % 
LB close or above UB, fathomed
5022   118    57         123.3500   126.1500   2.2700     % 
LB close or above UB, fathomed
5023   117    54         123.3500   126.1500   2.2700     % 
LB close or above UB, fathomed
5024   116    53         123.3500   126.1500   2.2700     % 
UB: 126.15
branching on 3 with b.
5025   117    54         123.3500   126.1500   2.2700     % 
UB: 126.15
branching on 1 with b.
5026   118    55         123.3500   126.1500   2.2700     % 
LB close or above UB, fathomed
5027   117    55         123.3500   126.1500   2.2700     % 
UB: 126.15
branching on 2 with b.
5028   117    56         123.3500   126.1500   2.2700     % 
UB: 126.15
branching on 3 with b.
5029   118    57         123.3500   126.1500   2.2700     % 
LB close or above UB, fathomed
5030   117    57         123.3500   126.1500   2.2700     % 
LB close or above UB, fathomed
5031   116    54         123.3500   126.1500   2.2700     % 
LB close or above UB, fathomed
5032   115    51         123.3500   126.1500   2.2700     % 
LB close or above UB, fathomed
5033   114    51         123.3500   126.1500   2.2700     % 
LB close or above UB, fathomed
5034   113    49         123.3500   126.1500   2.2700     % 
UB: 126.15
branching on 2 with b.
5035   113    50         123.3500   126.1500   2.2700     % 
UB: 126.15
branching on 3 with b.
5036   114    51         123.3500   126.1500   2.2700     % 
LB close or above UB, fathomed
5037   113    51         123.3500   126.1500   2.2700     % 
LB close or above UB, fathomed
5038   112    49         123.3500   126.1500   2.2700     % 
UB: 126.15
branching on 2 with b.
5039   112    50         123.3500   126.1500   2.2700     % 
UB: 126.15
branching on 3 with b.
5040   113    51         123.3500   126.1500   2.2700     % 
LB close or above UB, fathomed
5041   112    51         123.3500   126.1500   2.2700     % 
LB close or above UB, fathomed
5042   111    49         123.3500   126.1500   2.2700     % 
UB: 126.15
branching on 2 with b.
5043   112    50         123.3500   126.1500   2.2700     % 
LB close or above UB, fathomed
5044   111    50         123.3500   126.1500   2.2700     % 
UB: 126.15
branching on 3 with b.
5045   112    51         123.3500   126.1500   2.2700     % 
LB close or above UB, fathomed
5046   111    51         123.3500   126.1500   2.2700     % 
LB close or above UB, fathomed
5047   110    49         123.3500   126.1500   2.2700     % 
UB: 126.15
branching on 2 with b.
5048   111    50         123.3500   126.1500   2.2700     % 
LB close or above UB, fathomed
5049   110    50         123.3500   126.1500   2.2700     % 
UB: 126.15
branching on 3 with b.
5050   111    51         123.3500   126.1500   2.2700     % 
LB close or above UB, fathomed
5051   110    51         123.3500   126.1500   2.2700     % 
LB close or above UB, fathomed
5052   109    45         123.3500   126.1500   2.2700     % 
UB: 126.15
branching on 1 with b.
5053   110    46         123.3500   126.1500   2.2700     % 
UB: 126.15
branching on 2 with b.
5054   111    47         123.3500   126.1500   2.2700     % 
LB close or above UB, fathomed
5055   110    47         123.3500   126.1500   2.2700     % 
UB: 126.15
branching on 3 with b.
5056   111    48         123.3500   126.1500   2.2700     % 
LB close or above UB, fathomed
5057   110    48         123.3500   126.1500   2.2700     % 
LB close or above UB, fathomed
5058   109    46         123.3500   126.1500   2.2700     % 
UB: 126.15
branching on 2 with b.
5059   110    47         123.3500   126.1500   2.2700     % 
LB close or above UB, fathomed
5060   109    47         123.3500   126.1500   2.2700     % 
UB: 126.15
branching on 3 with b.
5061   110    48         123.3500   126.1500   2.2700     % 
UB: 126.15
branching on 1 with b.
5062   111    49         123.3500   126.1500   2.2700     % 
UB: 126.15
branching on 2 with b.
5063   112    50         123.3500   126.1500   2.2700     % 
LB close or above UB, fathomed
5064   111    50         123.3500   126.1500   2.2700     % 
UB: 126.15
branching on 3 with b.
5065   112    51         123.3500   126.1500   2.2700     % 
LB close or above UB, fathomed
5066   111    51         123.3500   126.1500   2.2700     % 
LB close or above UB, fathomed
5067   110    49         123.3500   126.1500   2.2700     % 
UB: 126.15
branching on 2 with b.
5068   111    50         123.3500   126.1500   2.2700     % 
LB close or above UB, fathomed
5069   110    50         123.3500   126.1500   2.2700     % 
UB: 126.15
branching on 3 with b.
5070   111    51         123.3500   126.1500   2.2700     % 
LB close or above UB, fathomed
5071   110    51         123.3500   126.1500   2.2700     % 
LB close or above UB, fathomed
5072   109    48         123.3500   126.1500   2.2700     % 
LB close or above UB, fathomed
5073   108    45         123.3500   126.1500   2.2700     % 
LB close or above UB, fathomed
5074   107    21         123.3500   126.1500   2.2700     % 
LB close or above UB, fathomed
5075   106    21         123.3500   126.1500   2.2700     % 
UB: 126.15
branching on 3 with b.
5076   107    22         123.3500   126.1500   2.2700     % 
LB close or above UB, fathomed
5077   106    22         123.3500   126.1500   2.2700     % 
UB: 126.15
branching on CartesianIndex(2, 4) with c.
5078   107    23         123.3500   126.1500   2.2700     % 
LB close or above UB, fathomed
5079   106    23         123.3500   126.1500   2.2700     % 
UB: 126.15
branching on CartesianIndex(1, 5) with c.
5080   107    24         123.3500   126.1500   2.2700     % 
LB close or above UB, fathomed
5081   106    24         123.3500   126.1500   2.2700     % 
LB close or above UB, fathomed
5082   105    30         123.3500   126.1500   2.2700     % 
UB: 126.15
branching on 3 with b.
5083   106    31         123.3500   126.1500   2.2700     % 
UB: 126.15
branching on CartesianIndex(1, 5) with c.
5084   107    32         123.3500   126.1500   2.2700     % 
UB: 126.15
branching on CartesianIndex(2, 5) with c.
5085   108    33         123.3500   126.1500   2.2700     % 
UB: 126.15
branching on CartesianIndex(3, 5) with c.
5086   109    34         123.3500   126.1500   2.2700     % 
UB: 126.15
branching on CartesianIndex(4, 5) with c.
5087   110    35         123.3500   126.1500   2.2700     % 
UB: 126.15
branching on CartesianIndex(5, 5) with c.
5088   111    36         123.3500   126.1500   2.2700     % 
UB: 126.15
branching on CartesianIndex(1, 6) with c.
5089   112    37         123.3500   126.1500   2.2700     % 
LB close or above UB, fathomed
5090   111    37         123.3500   126.1500   2.2700     % 
UB: 126.15
branching on CartesianIndex(1, 7) with c.
5091   112    38         123.3500   126.1500   2.2700     % 
UB: 126.15
branching on CartesianIndex(2, 7) with c.
5092   113    39         123.3500   126.1500   2.2700     % 
LB close or above UB, fathomed
5093   112    39         123.3500   126.1500   2.2700     % 
UB: 126.15
branching on 1 with b.
5094   113    40         123.3500   126.1500   2.2700     % 
UB: 126.15
branching on 2 with b.
5095   114    41         123.3500   126.1500   2.2700     % 
LB close or above UB, fathomed
5096   113    41         123.3500   126.1500   2.2700     % 
UB: 126.15
branching on 3 with b.
5097   114    42         123.3500   126.1500   2.2700     % 
LB close or above UB, fathomed
5098   113    42         123.3500   126.1500   2.2700     % 
LB close or above UB, fathomed
5099   112    40         123.3500   126.1500   2.2700     % 
LB close or above UB, fathomed
5100   111    38         123.3500   126.1500   2.2700     % 
LB close or above UB, fathomed
5101   110    36         123.3500   126.1500   2.2700     % 
LB close or above UB, fathomed
5102   109    35         123.3500   126.1500   2.2700     % 
LB close or above UB, fathomed
5103   108    34         123.3500   126.1500   2.2700     % 
LB close or above UB, fathomed
5104   107    33         123.3500   126.1500   2.2700     % 
LB close or above UB, fathomed
5105   106    32         123.3500   126.1500   2.2700     % 
LB close or above UB, fathomed
5106   105    31         123.3500   126.1500   2.2700     % 
LB close or above UB, fathomed
5107   104    30         123.3500   126.1500   2.2700     % 
UB: 126.15
branching on CartesianIndex(1, 5) with c.
5108   105    31         123.3500   126.1500   2.2700     % 
UB: 126.15
branching on CartesianIndex(2, 5) with c.
5109   106    32         123.3500   126.1500   2.2700     % 
UB: 126.15
branching on CartesianIndex(3, 5) with c.
5110   107    33         123.3500   126.1500   2.2700     % 
UB: 126.15
branching on CartesianIndex(4, 5) with c.
5111   108    34         123.3500   126.1500   2.2700     % 
UB: 126.15
branching on CartesianIndex(5, 5) with c.
5112   109    35         123.3500   126.1500   2.2700     % 
UB: 126.15
branching on CartesianIndex(1, 6) with c.
5113   110    36         123.3500   126.1500   2.2700     % 
LB close or above UB, fathomed
5114   109    36         123.3500   126.1500   2.2700     % 
UB: 126.15
branching on CartesianIndex(1, 7) with c.
5115   110    37         123.3500   126.1500   2.2700     % 
UB: 126.15
branching on 3 with b.
5116   111    38         123.3500   126.1500   2.2700     % 
UB: 126.15
branching on CartesianIndex(2, 7) with c.
5117   112    39         123.3500   126.1500   2.2700     % 
LB close or above UB, fathomed
5118   111    39         123.3500   126.1500   2.2700     % 
UB: 126.15
branching on 1 with b.
5119   112    40         123.3500   126.1500   2.2700     % 
UB: 126.15
branching on 2 with b.
5120   113    41         123.3500   126.1500   2.2700     % 
UB: 126.15
branching on 3 with b.
5121   114    42         123.3500   126.1500   2.2700     % 
LB close or above UB, fathomed
5122   113    42         123.3500   126.1500   2.2700     % 
LB close or above UB, fathomed
5123   112    41         123.3500   126.1500   2.2700     % 
LB close or above UB, fathomed
5124   111    40         123.3500   126.1500   2.2700     % 
LB close or above UB, fathomed
5125   110    38         123.3500   126.1500   2.2700     % 
LB close or above UB, fathomed
5126   109    37         123.3500   126.1500   2.2700     % 
LB close or above UB, fathomed
5127   108    35         123.3500   126.1500   2.2700     % 
LB close or above UB, fathomed
5128   107    34         123.3500   126.1500   2.2700     % 
LB close or above UB, fathomed
5129   106    33         123.3500   126.1500   2.2700     % 
LB close or above UB, fathomed
5130   105    32         123.3500   126.1500   2.2700     % 
LB close or above UB, fathomed
5131   104    31         123.3500   126.1500   2.2700     % 
LB close or above UB, fathomed
5132   103    32         123.3500   126.1500   2.2700     % 
UB: 126.15
branching on CartesianIndex(1, 6) with c.
5133   104    33         123.3500   126.1500   2.2700     % 
UB: 126.15
branching on CartesianIndex(2, 6) with c.
5134   105    34         123.3500   126.1500   2.2700     % 
LB close or above UB, fathomed
5135   104    34         123.3500   126.1500   2.2700     % 
UB: 126.15
branching on CartesianIndex(1, 7) with c.
5136   105    35         123.3500   126.1500   2.2700     % 
LB close or above UB, fathomed
5137   104    35         123.3500   126.1500   2.2700     % 
UB: 126.15
branching on 1 with b.
5138   105    36         123.3500   126.1500   2.2700     % 
UB: 126.15
branching on 2 with b.
5139   106    37         123.3500   126.1500   2.2700     % 
LB close or above UB, fathomed
5140   105    37         123.3500   126.1500   2.2700     % 
UB: 126.15
branching on 3 with b.
5141   106    38         123.3500   126.1500   2.2700     % 
UB: 126.15
branching on 1 with b.
5142   107    39         123.3500   126.1500   2.2700     % 
UB: 126.15
branching on 2 with b.
5143   108    40         123.3500   126.1500   2.2700     % 
LB close or above UB, fathomed
5144   107    40         123.3500   126.1500   2.2700     % 
UB: 126.15
branching on 3 with b.
5145   108    41         123.3500   126.1500   2.2700     % 
UB: 126.15
branching on 1 with b.
5146   109    42         123.3500   126.1500   2.2700     % 
UB: 126.15
branching on 2 with b.
5147   110    43         123.3500   126.1500   2.2700     % 
LB close or above UB, fathomed
5148   109    43         123.3500   126.1500   2.2700     % 
UB: 126.15
branching on 3 with b.
5149   110    44         123.3500   126.1500   2.2700     % 
LB close or above UB, fathomed
5150   109    44         123.3500   126.1500   2.2700     % 
LB close or above UB, fathomed
5151   108    42         123.3500   126.1500   2.2700     % 
UB: 126.15
branching on 2 with b.
5152   109    43         123.3500   126.1500   2.2700     % 
LB close or above UB, fathomed
5153   108    43         123.3500   126.1500   2.2700     % 
UB: 126.15
branching on 3 with b.
5154   109    44         123.3500   126.1500   2.2700     % 
UB: 126.15
branching on 1 with b.
5155   110    45         123.3500   126.1500   2.2700     % 
UB: 126.15
branching on 2 with b.
5156   111    46         123.3500   126.1500   2.2700     % 
LB close or above UB, fathomed
5157   110    46         123.3500   126.1500   2.2700     % 
LB close or above UB, fathomed
5158   109    45         123.3500   126.1500   2.2700     % 
UB: 126.15
branching on 2 with b.
5159   110    46         123.3500   126.1500   2.2700     % 
LB close or above UB, fathomed
5160   109    46         123.3500   126.1500   2.2700     % 
LB close or above UB, fathomed
5161   108    44         123.3500   126.1500   2.2700     % 
LB close or above UB, fathomed
5162   107    41         123.3500   126.1500   2.2700     % 
LB close or above UB, fathomed
5163   106    39         123.3500   126.1500   2.2700     % 
LB close or above UB, fathomed
5164   105    38         123.3500   126.1500   2.2700     % 
LB close or above UB, fathomed
5165   104    36         123.3500   126.1500   2.2700     % 
LB close or above UB, fathomed
5166   103    33         123.3500   126.1500   2.2700     % 
LB close or above UB, fathomed
5167   102    32         123.3500   126.1500   2.2700     % 
LB close or above UB, fathomed
5168   101    24         123.3500   126.1500   2.2700     % 
LB close or above UB, fathomed
5169   100    24         123.3500   126.1500   2.2700     % 
LB close or above UB, fathomed
5170   99     33         123.3500   126.1500   2.2700     % 
UB: 126.15
branching on CartesianIndex(2, 4) with c.
5171   100    34         123.3500   126.1500   2.2700     % 
LB close or above UB, fathomed
5172   99     34         123.3500   126.1500   2.2700     % 
LB close or above UB, fathomed
5173   98     33         123.3500   126.1500   2.2700     % 
LB close or above UB, fathomed
5174   97     42         123.3500   126.1500   2.2700     % 
LB close or above UB, fathomed
5175   96     42         123.3500   126.1500   2.2700     % 
LB close or above UB, fathomed
5176   95     42         123.3500   126.1500   2.2700     % 
LB close or above UB, fathomed
5177   94     42         123.3500   126.1500   2.2700     % 
LB close or above UB, fathomed
5178   93     31         123.3500   126.1500   2.2700     % 
UB: 126.15
branching on CartesianIndex(1, 5) with c.
5179   94     32         123.3500   126.1500   2.2700     % 
UB: 126.15
branching on CartesianIndex(2, 5) with c.
5180   95     33         123.3500   126.1500   2.2700     % 
LB close or above UB, fathomed
5181   94     33         123.3500   126.1500   2.2700     % 
LB close or above UB, fathomed
5182   93     32         123.3500   126.1500   2.2700     % 
LB close or above UB, fathomed
5183   92     31         123.3500   126.1500   2.2700     % 
LB close or above UB, fathomed
5184   91     22         123.3500   126.1500   2.2700     % 
LB close or above UB, fathomed
5185   90     22         123.3500   126.1500   2.2700     % 
UB: 126.15
branching on CartesianIndex(1, 6) with c.
5186   91     23         123.3500   126.1500   2.2700     % 
UB: 126.15
branching on CartesianIndex(2, 6) with c.
5187   92     24         123.3500   126.1500   2.2700     % 
UB: 126.15
branching on CartesianIndex(3, 6) with c.
5188   93     25         123.3500   126.1500   2.2700     % 
UB: 126.15
branching on CartesianIndex(4, 6) with c.
5189   94     26         123.3500   126.1500   2.2700     % 
LB close or above UB, fathomed
5190   93     26         123.3500   126.1500   2.2700     % 
LB close or above UB, fathomed
5191   92     25         123.3500   126.1500   2.2700     % 
LB close or above UB, fathomed
5192   91     24         123.3500   126.1500   2.2700     % 
LB close or above UB, fathomed
5193   90     23         123.3500   126.1500   2.2700     % 
LB close or above UB, fathomed
5194   89     19         123.3500   126.1500   2.2700     % 
LB close or above UB, fathomed
5195   88     19         123.3500   126.1500   2.2700     % 
LB close or above UB, fathomed
5196   87     27         123.3500   126.1500   2.2700     % 
LB close or above UB, fathomed
5197   86     27         123.3500   126.1500   2.2700     % 
LB close or above UB, fathomed
5198   85     30         123.3500   126.1500   2.2700     % 
LB close or above UB, fathomed
5199   84     30         123.3500   126.1500   2.2700     % 
UB: 126.15
branching on 1 with b.
5200   85     31         123.3500   126.1500   2.2700     % 
UB: 126.15
branching on CartesianIndex(2, 4) with c.
5201   86     32         123.3500   126.1500   2.2700     % 
LB close or above UB, fathomed
5202   85     32         123.3500   126.1500   2.2700     % 
LB close or above UB, fathomed
5203   84     31         123.3500   126.1500   2.2700     % 
LB close or above UB, fathomed
5204   83     29         123.3500   126.1500   2.2700     % 
LB close or above UB, fathomed
5205   82     29         123.3500   126.1500   2.2700     % 
LB close or above UB, fathomed
5206   81     14         123.3500   126.1500   2.2700     % 
UB: 126.15
branching on CartesianIndex(1, 3) with a.
5207   82     15         123.3500   126.1500   2.2700     % 
UB: 126.15
branching on CartesianIndex(2, 3) with a.
5208   83     16         123.3500   126.1500   2.2700     % 
UB: 126.15
branching on CartesianIndex(3, 3) with a.
5209   84     17         123.3500   126.1500   2.2700     % 
UB: 126.15
branching on CartesianIndex(4, 3) with a.
5210   85     18         123.3500   126.1500   2.2700     % 
UB: 126.15
branching on CartesianIndex(5, 3) with a.
5211   86     19         123.3500   126.1500   2.2700     % 
UB: 126.15
branching on CartesianIndex(6, 3) with a.
5212   87     20         123.3500   126.1500   2.2700     % 
UB: 126.15
branching on 2 with b.
5213   88     21         123.3500   126.1500   2.2700     % 
LB close or above UB, fathomed
5214   87     21         123.3500   126.1500   2.2700     % 
LB close or above UB, fathomed
5215   86     20         123.3500   126.1500   2.2700     % 
LB close or above UB, fathomed
5216   85     19         123.3500   126.1500   2.2700     % 
LB close or above UB, fathomed
5217   84     18         123.3500   126.1500   2.2700     % 
LB close or above UB, fathomed
5218   83     17         123.3500   126.1500   2.2700     % 
LB close or above UB, fathomed
5219   82     16         123.3500   126.1500   2.2700     % 
LB close or above UB, fathomed
5220   81     15         123.3500   126.1500   2.2700     % 
LB close or above UB, fathomed
5221   80     14         123.3500   126.1500   2.2700     % 
LB close or above UB, fathomed
5222   79     36         123.3500   126.1500   2.2700     % 
UB: 126.15
branching on 1 with b.
5223   80     37         123.3500   126.1500   2.2700     % 
UB: 126.15
branching on 2 with b.
5224   81     38         123.3500   126.1500   2.2700     % 
LB close or above UB, fathomed
5225   80     38         123.3500   126.1500   2.2700     % 
UB: 126.15
branching on 3 with b.
5226   81     39         123.3500   126.1500   2.2700     % 
UB: 126.15
branching on 1 with b.
5227   82     40         123.3500   126.1500   2.2700     % 
LB close or above UB, fathomed
5228   81     40         123.3500   126.1500   2.2700     % 
LB close or above UB, fathomed
5229   80     39         123.3500   126.1500   2.2700     % 
LB close or above UB, fathomed
5230   79     37         123.3500   126.1500   2.2700     % 
UB: 126.15
branching on 2 with b.
5231   80     38         123.3500   126.1500   2.2700     % 
LB close or above UB, fathomed
5232   79     38         123.3500   126.1500   2.2700     % 
UB: 126.15
branching on 3 with b.
5233   80     39         123.3500   126.1500   2.2700     % 
UB: 126.15
branching on 1 with b.
5234   81     40         123.3500   126.1500   2.2700     % 
UB: 126.15
branching on 2 with b.
5235   82     41         123.3500   126.1500   2.2700     % 
LB close or above UB, fathomed
5236   81     41         123.3500   126.1500   2.2700     % 
UB: 126.15
branching on 3 with b.
5237   82     42         123.3500   126.1500   2.2700     % 
LB close or above UB, fathomed
5238   81     42         123.3500   126.1500   2.2700     % 
LB close or above UB, fathomed
5239   80     40         123.3500   126.1500   2.2700     % 
UB: 126.15
branching on 2 with b.
5240   81     41         123.3500   126.1500   2.2700     % 
LB close or above UB, fathomed
5241   80     41         123.3500   126.1500   2.2700     % 
UB: 126.15
branching on 3 with b.
5242   81     42         123.3500   126.1500   2.2700     % 
LB close or above UB, fathomed
5243   80     42         123.3500   126.1500   2.2700     % 
LB close or above UB, fathomed
5244   79     39         123.3500   126.1500   2.2700     % 
LB close or above UB, fathomed
5245   78     36         123.3500   126.1500   2.2700     % 
LB close or above UB, fathomed
5246   77     29         123.3500   126.1500   2.2700     % 
LB close or above UB, fathomed
5247   76     29         123.3500   126.1500   2.2700     % 
UB: 126.15
branching on CartesianIndex(5, 5) with c.
5248   77     14         123.3500   126.1500   2.2700     % 
UB: 126.15
branching on 3 with b.
5249   78     15         123.3500   126.1500   2.2700     % 
UB: 126.15
branching on 1 with b.
5250   79     16         123.3500   126.1500   2.2700     % 
UB: 126.15
branching on 2 with b.
5251   80     17         123.3500   126.1500   2.2700     % 
LB close or above UB, fathomed
5252   79     17         123.3500   126.1500   2.2700     % 
LB close or above UB, fathomed
5253   78     16         123.3500   126.1500   2.2700     % 
LB close or above UB, fathomed
5254   77     15         123.3500   126.1500   2.2700     % 
UB: 126.15
branching on CartesianIndex(3, 2) with a.
5255   78     16         123.3500   126.1500   2.2700     % 
UB: 126.15
branching on 1 with b.
5256   79     17         123.3500   126.1500   2.2700     % 
UB: 126.15
branching on CartesianIndex(4, 2) with a.
5257   80     18         123.3500   126.1500   2.2700     % 
LB close or above UB, fathomed
5258   79     18         123.3500   126.1500   2.2700     % 
LB close or above UB, fathomed
5259   78     17         123.3500   126.1500   2.2700     % 
LB close or above UB, fathomed
5260   77     16         123.3500   126.1500   2.2700     % 
LB close or above UB, fathomed
5261   76     14         123.3500   126.1500   2.2700     % 
LB close or above UB, fathomed
5262   75     28         123.3500   126.1500   2.2700     % 
LB close or above UB, fathomed
5263   74     28         123.3500   126.1500   2.2700     % 
LB close or above UB, fathomed
5264   73     25         123.3500   126.1500   2.2700     % 
LB close or above UB, fathomed
5265   72     25         123.3500   126.1500   2.2700     % 
LB close or above UB, fathomed
5266   71     35         123.3500   126.1500   2.2700     % 
LB close or above UB, fathomed
5267   70     35         123.3500   126.1500   2.2700     % 
UB: 126.15
branching on CartesianIndex(1, 7) with c.
5268   71     36         123.3500   126.1500   2.2700     % 
UB: 126.15
branching on CartesianIndex(2, 7) with c.
5269   72     37         123.3500   126.1500   2.2700     % 
LB close or above UB, fathomed
5270   71     37         123.3500   126.1500   2.2700     % 
UB: 126.15
branching on 3 with b.
5271   72     38         123.3500   126.1500   2.2700     % 
UB: 126.15
branching on 1 with b.
5272   73     39         123.3500   126.1500   2.2700     % 
UB: 126.15
branching on 2 with b.
5273   74     40         123.3500   126.1500   2.2700     % 
LB close or above UB, fathomed
5274   73     40         123.3500   126.1500   2.2700     % 
UB: 126.15
branching on 3 with b.
5275   74     41         123.3500   126.1500   2.2700     % 
LB close or above UB, fathomed
5276   73     41         123.3500   126.1500   2.2700     % 
LB close or above UB, fathomed
5277   72     39         123.3500   126.1500   2.2700     % 
LB close or above UB, fathomed
5278   71     38         123.3500   126.1500   2.2700     % 
LB close or above UB, fathomed
5279   70     36         123.3500   126.1500   2.2700     % 
LB close or above UB, fathomed
5280   69     29         123.3500   126.1500   2.2700     % 
LB close or above UB, fathomed
5281   68     29         123.3500   126.1500   2.2700     % 
UB: 126.15
branching on CartesianIndex(1, 4) with c.
5282   69     30         123.3500   126.1500   2.2700     % 
UB: 126.15
branching on 2 with b.
5283   70     31         123.3500   126.1500   2.2700     % 
UB: 126.15
branching on CartesianIndex(2, 4) with c.
5284   71     32         123.3500   126.1500   2.2700     % 
UB: 126.15
branching on CartesianIndex(3, 4) with c.
5285   72     33         123.3500   126.1500   2.2700     % 
UB: 126.15
branching on CartesianIndex(4, 4) with c.
5286   73     34         123.3500   126.1500   2.2700     % 
UB: 126.15
branching on CartesianIndex(5, 4) with c.
5287   74     35         123.3500   126.1500   2.2700     % 
UB: 126.15
branching on 3 with b.
5288   75     36         123.3500   126.1500   2.2700     % 
UB: 126.15
branching on CartesianIndex(1, 5) with c.
5289   76     37         123.3500   126.1500   2.2700     % 
UB: 126.15
branching on CartesianIndex(2, 5) with c.
5290   77     38         123.3500   126.1500   2.2700     % 
LB close or above UB, fathomed
5291   76     38         123.3500   126.1500   2.2700     % 
LB close or above UB, fathomed
5292   75     37         123.3500   126.1500   2.2700     % 
LB close or above UB, fathomed
5293   74     36         123.3500   126.1500   2.2700     % 
LB close or above UB, fathomed
5294   73     35         123.3500   126.1500   2.2700     % 
LB close or above UB, fathomed
5295   72     34         123.3500   126.1500   2.2700     % 
LB close or above UB, fathomed
5296   71     33         123.3500   126.1500   2.2700     % 
LB close or above UB, fathomed
5297   70     32         123.3500   126.1500   2.2700     % 
LB close or above UB, fathomed
5298   69     31         123.3500   126.1500   2.2700     % 
UB: 126.15
branching on CartesianIndex(2, 4) with c.
5299   70     30         123.3500   126.1500   2.2700     % 
LB close or above UB, fathomed
5300   69     26         123.3500   126.1500   2.2700     % 
UB: 126.15
branching on CartesianIndex(2, 4) with c.
5301   70     27         123.3500   126.1500   2.2700     % 
UB: 126.15
branching on CartesianIndex(3, 4) with c.
5302   71     28         123.3500   126.1500   2.2700     % 
UB: 126.15
branching on CartesianIndex(4, 4) with c.
5303   72     29         123.3500   126.1500   2.2700     % 
UB: 126.15
branching on CartesianIndex(5, 4) with c.
5304   73     30         123.3500   126.1500   2.2700     % 
UB: 126.15
branching on CartesianIndex(1, 5) with c.
5305   74     31         123.3500   126.1500   2.2700     % 
UB: 126.15
branching on CartesianIndex(2, 5) with c.
5306   75     32         123.3500   126.1500   2.2700     % 
LB close or above UB, fathomed
5307   74     32         123.3500   126.1500   2.2700     % 
LB close or above UB, fathomed
5308   73     31         123.3500   126.1500   2.2700     % 
LB close or above UB, fathomed
5309   72     30         123.3500   126.1500   2.2700     % 
LB close or above UB, fathomed
5310   71     29         123.3500   126.1500   2.2700     % 
LB close or above UB, fathomed
5311   70     28         123.3500   126.1500   2.2700     % 
LB close or above UB, fathomed
5312   69     27         123.3500   126.1500   2.2700     % 
LB close or above UB, fathomed
5313   68     26         123.3500   126.1500   2.2700     % 
LB close or above UB, fathomed
5314   67     20         123.3500   126.1500   2.2700     % 
LB close or above UB, fathomed
5315   66     20         123.3500   126.1500   2.2700     % 
UB: 126.15
branching on CartesianIndex(1, 3) with a.
5316   67     21         123.3500   126.1500   2.2700     % 
LB close or above UB, fathomed
5317   66     21         123.3500   126.1500   2.2700     % 
LB close or above UB, fathomed
5318   65     41         123.3500   126.1500   2.2700     % 
UB: 126.15
branching on 2 with b.
5319   66     42         123.3500   126.1500   2.2700     % 
LB close or above UB, fathomed
5320   65     42         123.3500   126.1500   2.2700     % 
UB: 126.15
branching on 3 with b.
5321   66     43         123.3500   126.1500   2.2700     % 
UB: 126.15
branching on 1 with b.
5322   67     44         123.3500   126.1500   2.2700     % 
LB close or above UB, fathomed
5323   66     44         123.3500   126.1500   2.2700     % 
LB close or above UB, fathomed
5324   65     43         123.3500   126.1500   2.2700     % 
UB: 126.15
branching on 1 with b.
5325   66     44         123.3500   126.1500   2.2700     % 
LB close or above UB, fathomed
5326   65     44         123.3500   126.1500   2.2700     % 
LB close or above UB, fathomed
5327   64     41         123.3500   126.1500   2.2700     % 
LB close or above UB, fathomed
5328   63     27         123.3500   126.1500   2.2700     % 
UB: 126.15
branching on CartesianIndex(2, 4) with c.
5329   64     28         123.3500   126.1500   2.2700     % 
UB: 126.15
branching on CartesianIndex(3, 4) with c.
5330   65     29         123.3500   126.1500   2.2700     % 
UB: 126.15
branching on CartesianIndex(4, 4) with c.
5331   66     30         123.3500   126.1500   2.2700     % 
LB close or above UB, fathomed
5332   65     30         123.3500   126.1500   2.2700     % 
LB close or above UB, fathomed
5333   64     29         123.3500   126.1500   2.2700     % 
LB close or above UB, fathomed
5334   63     28         123.3500   126.1500   2.2700     % 
LB close or above UB, fathomed
5335   62     27         123.3500   126.1500   2.2700     % 
LB close or above UB, fathomed
5336   61     27         123.3500   126.1500   2.2700     % 
UB: 126.15
branching on 1 with b.
5337   62     28         123.3500   126.1500   2.2700     % 
LB close or above UB, fathomed
5338   61     28         123.3500   126.1500   2.2700     % 
LB close or above UB, fathomed
5339   60     27         123.3500   126.1500   2.2700     % 
LB close or above UB, fathomed
5340   59     41         123.3500   126.1500   2.2700     % 
UB: 126.15
branching on 1 with b.
5341   60     42         123.3500   126.1500   2.2700     % 
UB: 126.15
branching on 2 with b.
5342   61     43         123.3500   126.1500   2.2700     % 
LB close or above UB, fathomed
5343   60     43         123.3500   126.1500   2.2700     % 
UB: 126.15
branching on 3 with b.
5344   61     44         123.3500   126.1500   2.2700     % 
LB close or above UB, fathomed
5345   60     44         123.3500   126.1500   2.2700     % 
LB close or above UB, fathomed
5346   59     42         123.3500   126.1500   2.2700     % 
UB: 126.15
branching on 2 with b.
5347   60     43         123.3500   126.1500   2.2700     % 
LB close or above UB, fathomed
5348   59     43         123.3500   126.1500   2.2700     % 
UB: 126.15
branching on 3 with b.
5349   60     44         123.3500   126.1500   2.2700     % 
LB close or above UB, fathomed
5350   59     44         123.3500   126.1500   2.2700     % 
LB close or above UB, fathomed
5351   58     41         123.3500   126.1500   2.2700     % 
LB close or above UB, fathomed
5352   57     27         123.3500   126.1500   2.2700     % 
LB close or above UB, fathomed
5353   56     27         123.3500   126.1500   2.2700     % 
LB close or above UB, fathomed
5354   55     28         123.3500   126.1500   2.2700     % 
UB: 126.15
branching on CartesianIndex(2, 4) with c.
5355   56     29         123.3500   126.1500   2.2700     % 
UB: 126.15
branching on CartesianIndex(3, 4) with c.
5356   57     30         123.3500   126.1500   2.2700     % 
UB: 126.15
branching on CartesianIndex(4, 4) with c.
5357   58     31         123.3500   126.1500   2.2700     % 
UB: 126.15
branching on CartesianIndex(5, 4) with c.
5358   59     32         123.3500   126.1500   2.2700     % 
UB: 126.15
branching on CartesianIndex(1, 5) with c.
5359   60     33         123.3500   126.1500   2.2700     % 
UB: 126.15
branching on CartesianIndex(2, 5) with c.
5360   61     34         123.3500   126.1500   2.2700     % 
LB close or above UB, fathomed
5361   60     34         123.3500   126.1500   2.2700     % 
LB close or above UB, fathomed
5362   59     33         123.3500   126.1500   2.2700     % 
LB close or above UB, fathomed
5363   58     32         123.3500   126.1500   2.2700     % 
LB close or above UB, fathomed
5364   57     31         123.3500   126.1500   2.2700     % 
LB close or above UB, fathomed
5365   56     30         123.3500   126.1500   2.2700     % 
LB close or above UB, fathomed
5366   55     29         123.3500   126.1500   2.2700     % 
LB close or above UB, fathomed
5367   54     28         123.3500   126.1500   2.2700     % 
LB close or above UB, fathomed
5368   53     26         123.3500   126.1500   2.2700     % 
UB: 126.15
branching on CartesianIndex(2, 4) with c.
5369   54     27         123.3500   126.1500   2.2700     % 
UB: 126.15
branching on CartesianIndex(3, 4) with c.
5370   55     28         123.3500   126.1500   2.2700     % 
UB: 126.15
branching on CartesianIndex(4, 4) with c.
5371   56     29         123.3500   126.1500   2.2700     % 
UB: 126.15
branching on CartesianIndex(5, 4) with c.
5372   57     30         123.3500   126.1500   2.2700     % 
UB: 126.15
branching on CartesianIndex(1, 5) with c.
5373   58     31         123.3500   126.1500   2.2700     % 
UB: 126.15
branching on 2 with b.
5374   59     32         123.3500   126.1500   2.2700     % 
UB: 126.15
branching on CartesianIndex(2, 5) with c.
5375   60     33         123.3500   126.1500   2.2700     % 
LB close or above UB, fathomed
5376   59     33         123.3500   126.1500   2.2700     % 
LB close or above UB, fathomed
5377   58     32         123.3500   126.1500   2.2700     % 
LB close or above UB, fathomed
5378   57     31         123.3500   126.1500   2.2700     % 
LB close or above UB, fathomed
5379   56     30         123.3500   126.1500   2.2700     % 
LB close or above UB, fathomed
5380   55     29         123.3500   126.1500   2.2700     % 
LB close or above UB, fathomed
5381   54     28         123.3500   126.1500   2.2700     % 
LB close or above UB, fathomed
5382   53     27         123.3500   126.1500   2.2700     % 
LB close or above UB, fathomed
5383   52     26         123.3500   126.1500   2.2700     % 
LB close or above UB, fathomed
5384   51     21         123.3500   126.1500   2.2700     % 
UB: 126.15
branching on CartesianIndex(1, 3) with a.
5385   52     22         123.3500   126.1500   2.2700     % 
UB: 126.15
branching on CartesianIndex(2, 3) with a.
5386   53     23         123.3500   126.1500   2.2700     % 
UB: 126.15
branching on CartesianIndex(3, 3) with a.
5387   54     24         123.3500   126.1500   2.2700     % 
LB close or above UB, fathomed
5388   53     24         123.3500   126.1500   2.2700     % 
LB close or above UB, fathomed
5389   52     23         123.3500   126.1500   2.2700     % 
UB: 126.15
branching on CartesianIndex(1, 4) with c.
5390   53     24         123.3500   126.1500   2.2700     % 
LB close or above UB, fathomed
5391   52     24         123.3500   126.1500   2.2700     % 
UB: 126.15
branching on CartesianIndex(1, 5) with c.
5392   53     25         123.3500   126.1500   2.2700     % 
UB: 126.15
branching on CartesianIndex(2, 5) with c.
5393   54     26         123.3500   126.1500   2.2700     % 
LB close or above UB, fathomed
5394   53     26         123.3500   126.1500   2.2700     % 
UB: 126.15
branching on 2 with b.
5395   54     27         123.3500   126.1500   2.2700     % 
LB close or above UB, fathomed
5396   53     27         123.3500   126.1500   2.2700     % 
UB: 126.15
branching on 3 with b.
5397   54     28         123.3500   126.1500   2.2700     % 
UB: 126.15
branching on CartesianIndex(1, 6) with c.
5398   55     29         123.3500   126.1500   2.2700     % 
LB close or above UB, fathomed
5399   54     29         123.3500   126.1500   2.2700     % 
LB close or above UB, fathomed
5400   53     28         123.3500   126.1500   2.2700     % 
LB close or above UB, fathomed
5401   52     25         123.3500   126.1500   2.2700     % 
LB close or above UB, fathomed
5402   51     22         123.3500   126.1500   2.2700     % 
LB close or above UB, fathomed
5403   50     21         123.3500   126.1500   2.2700     % 
LB close or above UB, fathomed
5404   49     25         123.3500   126.1500   2.2700     % 
UB: 126.15
branching on CartesianIndex(2, 4) with c.
5405   50     26         123.3500   126.1500   2.2700     % 
UB: 126.15
branching on 3 with b.
5406   51     27         123.3500   126.1500   2.2700     % 
LB close or above UB, fathomed
5407   50     27         123.3500   126.1500   2.2700     % 
UB: 126.15
branching on CartesianIndex(3, 4) with c.
5408   51     28         123.3500   126.1500   2.2700     % 
UB: 126.15
branching on CartesianIndex(4, 4) with c.
5409   52     29         123.3500   126.1500   2.2700     % 
UB: 126.15
branching on CartesianIndex(5, 4) with c.
5410   53     30         123.3500   126.1500   2.2700     % 
UB: 126.15
branching on CartesianIndex(1, 5) with c.
5411   54     31         123.3500   126.1500   2.2700     % 
UB: 126.15
branching on CartesianIndex(2, 5) with c.
5412   55     32         123.3500   126.1500   2.2700     % 
LB close or above UB, fathomed
5413   54     32         123.3500   126.1500   2.2700     % 
LB close or above UB, fathomed
5414   53     31         123.3500   126.1500   2.2700     % 
LB close or above UB, fathomed
5415   52     30         123.3500   126.1500   2.2700     % 
LB close or above UB, fathomed
5416   51     29         123.3500   126.1500   2.2700     % 
LB close or above UB, fathomed
5417   50     28         123.3500   126.1500   2.2700     % 
LB close or above UB, fathomed
5418   49     26         123.3500   126.1500   2.2700     % 
LB close or above UB, fathomed
5419   48     25         123.3500   126.1500   2.2700     % 
LB close or above UB, fathomed
5420   47     25         123.3500   126.1500   2.2700     % 
UB: 126.15
branching on CartesianIndex(6, 3) with a.
5421   48     26         123.3500   126.1500   2.2700     % 
LB close or above UB, fathomed
5422   47     26         123.3500   126.1500   2.2700     % 
LB close or above UB, fathomed
5423   46     25         123.3500   126.1500   2.2700     % 
LB close or above UB, fathomed
5424   45     25         123.3500   126.1500   2.2700     % 
UB: 126.15
branching on CartesianIndex(2, 3) with a.
5425   46     26         123.3500   126.1500   2.2700     % 
LB close or above UB, fathomed
5426   45     26         123.3500   126.1500   2.2700     % 
LB close or above UB, fathomed
5427   44     25         123.3500   126.1500   2.2700     % 
LB close or above UB, fathomed
5428   43     25         123.3500   126.1500   2.2700     % 
LB close or above UB, fathomed
5429   42     25         123.3500   126.1500   2.2700     % 
UB: 126.15
branching on CartesianIndex(1, 4) with c.
5430   43     26         123.3500   126.1500   2.2700     % 
UB: 126.15
branching on CartesianIndex(2, 4) with c.
5431   44     27         123.3500   126.1500   2.2700     % 
UB: 126.15
branching on CartesianIndex(3, 4) with c.
5432   45     28         123.3500   126.1500   2.2700     % 
UB: 126.15
branching on CartesianIndex(4, 4) with c.
5433   46     29         123.3500   126.1500   2.2700     % 
UB: 126.15
branching on 1 with b.
5434   46     30         123.3500   126.1500   2.2700     % 
UB: 126.15
branching on CartesianIndex(5, 4) with c.
5435   47     31         123.3500   126.1500   2.2700     % 
UB: 126.15
branching on CartesianIndex(1, 5) with c.
5436   48     32         123.3500   126.1500   2.2700     % 
UB: 126.15
branching on CartesianIndex(2, 5) with c.
5437   49     33         123.3500   126.1500   2.2700     % 
LB close or above UB, fathomed
5438   48     33         123.3500   126.1500   2.2700     % 
LB close or above UB, fathomed
5439   47     32         123.3500   126.1500   2.2700     % 
LB close or above UB, fathomed
5440   46     31         123.3500   126.1500   2.2700     % 
LB close or above UB, fathomed
5441   45     29         123.3500   126.1500   2.2700     % 
LB close or above UB, fathomed
5442   44     28         123.3500   126.1500   2.2700     % 
LB close or above UB, fathomed
5443   43     27         123.3500   126.1500   2.2700     % 
LB close or above UB, fathomed
5444   42     26         123.3500   126.1500   2.2700     % 
LB close or above UB, fathomed
5445   41     25         123.3500   126.1500   2.2700     % 
LB close or above UB, fathomed
5446   40     25         123.3500   126.1500   2.2700     % 
UB: 126.15
branching on 3 with b.
5447   41     26         123.3500   126.1500   2.2700     % 
UB: 126.15
branching on 1 with b.
5448   42     27         123.3500   126.1500   2.2700     % 
LB close or above UB, fathomed
5449   41     27         123.3500   126.1500   2.2700     % 
LB close or above UB, fathomed
5450   40     26         123.3500   126.1500   2.2700     % 
LB close or above UB, fathomed
5451   39     16         123.3500   126.1500   2.2700     % 
UB: 126.15
branching on 3 with b.
5452   40     17         123.3500   126.1500   2.2700     % 
UB: 126.15
branching on CartesianIndex(2, 4) with c.
5453   41     18         123.3500   126.1500   2.2700     % 
LB close or above UB, fathomed
5454   40     18         123.3500   126.1500   2.2700     % 
LB close or above UB, fathomed
5455   39     17         123.3500   126.1500   2.2700     % 
LB close or above UB, fathomed
5456   38     16         123.3500   126.1500   2.2700     % 
LB close or above UB, fathomed
5457   37     22         123.3500   126.1500   2.2700     % 
UB: 126.15
branching on CartesianIndex(6, 3) with a.
5458   38     23         123.3500   126.1500   2.2700     % 
LB close or above UB, fathomed
5459   37     23         123.3500   126.1500   2.2700     % 
LB close or above UB, fathomed
5460   36     22         123.3500   126.1500   2.2700     % 
LB close or above UB, fathomed
5461   35     30         123.3500   126.1500   2.2700     % 
UB: 126.15
branching on CartesianIndex(4, 4) with c.
5462   36     31         123.3500   126.1500   2.2700     % 
LB close or above UB, fathomed
5463   35     31         123.3500   126.1500   2.2700     % 
LB close or above UB, fathomed
5464   34     30         123.3500   126.1500   2.2700     % 
LB close or above UB, fathomed
5465   33     18         123.3500   126.1500   2.2700     % 
UB: 126.15
branching on 2 with b.
5466   34     19         123.3500   126.1500   2.2700     % 
LB close or above UB, fathomed
5467   33     19         123.3500   126.1500   2.2700     % 
UB: 126.15
branching on CartesianIndex(2, 3) with a.
5468   34     20         123.3500   126.1500   2.2700     % 
UB: 126.15
branching on CartesianIndex(3, 3) with a.
5469   35     21         123.3500   126.1500   2.2700     % 
UB: 126.15
branching on 3 with b.
5470   36     22         123.3500   126.1500   2.2700     % 
LB close or above UB, fathomed
5471   35     22         123.3500   126.1500   2.2700     % 
LB close or above UB, fathomed
5472   34     21         123.3500   126.1500   2.2700     % 
LB close or above UB, fathomed
5473   33     20         123.3500   126.1500   2.2700     % 
LB close or above UB, fathomed
5474   32     18         123.3500   126.1500   2.2700     % 
LB close or above UB, fathomed
5475   31     28         123.3500   126.1500   2.2700     % 
UB: 126.15
branching on CartesianIndex(6, 3) with a.
5476   32     29         123.3500   126.1500   2.2700     % 
UB: 126.15
branching on CartesianIndex(7, 3) with a.
5477   33     30         123.3500   126.1500   2.2700     % 
LB close or above UB, fathomed
5478   32     30         123.3500   126.1500   2.2700     % 
LB close or above UB, fathomed
5479   31     29         123.3500   126.1500   2.2700     % 
LB close or above UB, fathomed
5480   30     28         123.3500   126.1500   2.2700     % 
LB close or above UB, fathomed
5481   29     26         123.3500   126.1500   2.2700     % 
UB: 126.15
branching on CartesianIndex(6, 3) with a.
5482   30     27         123.3500   126.1500   2.2700     % 
UB: 126.15
branching on 1 with b.
5483   31     28         123.3500   126.1500   2.2700     % 
UB: 126.15
branching on CartesianIndex(7, 3) with a.
5484   32     29         123.3500   126.1500   2.2700     % 
LB close or above UB, fathomed
5485   31     29         123.3500   126.1500   2.2700     % 
LB close or above UB, fathomed
5486   30     28         123.3500   126.1500   2.2700     % 
UB: 126.15
branching on CartesianIndex(7, 3) with a.
5487   31     29         123.3500   126.1500   2.2700     % 
LB close or above UB, fathomed
5488   30     29         123.3500   126.1500   2.2700     % 
LB close or above UB, fathomed
5489   29     27         123.3500   126.1500   2.2700     % 
LB close or above UB, fathomed
5490   28     26         123.3500   126.1500   2.2700     % 
LB close or above UB, fathomed
5491   27     15         123.3500   126.1500   2.2700     % 
UB: 126.15
branching on CartesianIndex(5, 2) with a.
5492   28     16         123.3500   126.1500   2.2700     % 
UB: 126.15
branching on CartesianIndex(6, 2) with a.
5493   29     17         123.3500   126.1500   2.2700     % 
UB: 126.15
branching on 1 with b.
5494   30     18         123.3500   126.1500   2.2700     % 
LB close or above UB, fathomed
5495   29     18         123.3500   126.1500   2.2700     % 
UB: 126.15
branching on CartesianIndex(7, 2) with a.
5496   30     19         123.3500   126.1500   2.2700     % 
UB: 126.15
branching on 2 with b.
5497   31     20         123.3500   126.1500   2.2700     % 
UB: 126.15
branching on CartesianIndex(8, 2) with a.
5498   32     21         123.3500   126.1500   2.2700     % 
LB close or above UB, fathomed
5499   31     21         123.3500   126.1500   2.2700     % 
UB: 126.15
branching on CartesianIndex(1, 3) with a.
5500   32     22         123.3500   126.1500   2.2700     % 
LB close or above UB, fathomed
5501   31     22         123.3500   126.1500   2.2700     % 
LB close or above UB, fathomed
5502   30     20         123.3500   126.1500   2.2700     % 
LB close or above UB, fathomed
5503   29     19         123.3500   126.1500   2.2700     % 
LB close or above UB, fathomed
5504   28     17         123.3500   126.1500   2.2700     % 
LB close or above UB, fathomed
5505   27     16         123.3500   126.1500   2.2700     % 
LB close or above UB, fathomed
5506   26     15         123.3500   126.1500   2.2700     % 
LB close or above UB, fathomed
5507   25     32         123.3500   126.1500   2.2700     % 
UB: 126.15
branching on CartesianIndex(3, 4) with c.
5508   26     33         123.3500   126.1500   2.2700     % 
UB: 126.15
branching on CartesianIndex(4, 4) with c.
5509   27     34         123.3500   126.1500   2.2700     % 
UB: 126.15
branching on CartesianIndex(5, 4) with c.
5510   28     35         123.3500   126.1500   2.2700     % 
UB: 126.15
branching on CartesianIndex(1, 5) with c.
5511   29     36         123.3500   126.1500   2.2700     % 
UB: 126.15
branching on CartesianIndex(2, 5) with c.
5512   30     37         123.3500   126.1500   2.2700     % 
LB close or above UB, fathomed
5513   29     37         123.3500   126.1500   2.2700     % 
LB close or above UB, fathomed
5514   28     36         123.3500   126.1500   2.2700     % 
LB close or above UB, fathomed
5515   27     35         123.3500   126.1500   2.2700     % 
LB close or above UB, fathomed
5516   26     34         123.3500   126.1500   2.2700     % 
LB close or above UB, fathomed
5517   25     33         123.3500   126.1500   2.2700     % 
LB close or above UB, fathomed
5518   24     32         123.3500   126.1500   2.2700     % 
LB close or above UB, fathomed
5519   23     30         123.3500   126.1500   2.2700     % 
UB: 126.15
branching on CartesianIndex(1, 6) with c.
5520   24     31         123.3500   126.1500   2.2700     % 
LB close or above UB, fathomed
5521   23     31         123.3500   126.1500   2.2700     % 
UB: 126.15
branching on CartesianIndex(1, 7) with c.
5522   24     32         123.3500   126.1500   2.2700     % 
UB: 126.15
branching on 2 with b.
5523   25     33         123.3500   126.1500   2.2700     % 
LB close or above UB, fathomed
5524   24     33         123.3500   126.1500   2.2700     % 
UB: 126.15
branching on CartesianIndex(2, 7) with c.
5525   25     34         123.3500   126.1500   2.2700     % 
LB close or above UB, fathomed
5526   24     34         123.3500   126.1500   2.2700     % 
UB: 126.15
branching on 3 with b.
5527   25     35         123.3500   126.1500   2.2700     % 
UB: 126.15
branching on 1 with b.
5528   26     36         123.3500   126.1500   2.2700     % 
LB close or above UB, fathomed
5529   25     36         123.3500   126.1500   2.2700     % 
UB: 126.15
branching on 2 with b.
5530   26     37         123.3500   126.1500   2.2700     % 
LB close or above UB, fathomed
5531   25     37         123.3500   126.1500   2.2700     % 
UB: 126.15
branching on 3 with b.
5532   26     38         123.3500   126.1500   2.2700     % 
LB close or above UB, fathomed
5533   25     38         123.3500   126.1500   2.2700     % 
LB close or above UB, fathomed
5534   24     35         123.3500   126.1500   2.2700     % 
LB close or above UB, fathomed
5535   23     32         123.3500   126.1500   2.2700     % 
LB close or above UB, fathomed
5536   22     30         123.3500   126.1500   2.2700     % 
LB close or above UB, fathomed
5537   21     35         123.3500   126.1500   2.2700     % 
UB: 126.15
branching on CartesianIndex(1, 6) with c.
5538   22     36         123.3500   126.1500   2.2700     % 
LB close or above UB, fathomed
5539   21     36         123.3500   126.1500   2.2700     % 
UB: 126.15
branching on CartesianIndex(1, 7) with c.
5540   22     37         123.3500   126.1500   2.2700     % 
UB: 126.15
branching on CartesianIndex(2, 7) with c.
5541   23     38         123.3500   126.1500   2.2700     % 
LB close or above UB, fathomed
5542   22     38         123.3500   126.1500   2.2700     % 
UB: 126.15
branching on 3 with b.
5543   23     39         123.3500   126.1500   2.2700     % 
UB: 126.15
branching on 1 with b.
5544   24     40         123.3500   126.1500   2.2700     % 
LB close or above UB, fathomed
5545   23     40         123.3500   126.1500   2.2700     % 
UB: 126.15
branching on 2 with b.
5546   24     41         123.3500   126.1500   2.2700     % 
LB close or above UB, fathomed
5547   23     41         123.3500   126.1500   2.2700     % 
UB: 126.15
branching on 3 with b.
5548   24     42         123.3500   126.1500   2.2700     % 
LB close or above UB, fathomed
5549   23     42         123.3500   126.1500   2.2700     % 
LB close or above UB, fathomed
5550   22     39         123.3500   126.1500   2.2700     % 
LB close or above UB, fathomed
5551   21     37         123.3500   126.1500   2.2700     % 
LB close or above UB, fathomed
5552   20     35         123.3500   126.1500   2.2700     % 
LB close or above UB, fathomed
5553   19     28         123.3500   126.1500   2.2700     % 
LB close or above UB, fathomed
5554   18     28         123.3500   126.1500   2.2700     % 
LB close or above UB, fathomed
5555   17     30         123.3500   126.1500   2.2700     % 
UB: 126.15
branching on 3 with b.
5556   18     31         123.3500   126.1500   2.2700     % 
UB: 126.15
branching on CartesianIndex(7, 3) with a.
5557   19     32         123.3500   126.1500   2.2700     % 
UB: 126.15
branching on CartesianIndex(8, 3) with a.
5558   20     33         123.3500   126.1500   2.2700     % 
LB close or above UB, fathomed
5559   19     33         123.3500   126.1500   2.2700     % 
UB: 126.15
branching on CartesianIndex(1, 4) with c.
5560   20     34         123.3500   126.1500   2.2700     % 
LB close or above UB, fathomed
5561   19     34         123.3500   126.1500   2.2700     % 
UB: 126.15
branching on CartesianIndex(1, 5) with c.
5562   20     35         123.3500   126.1500   2.2700     % 
UB: 126.15
branching on CartesianIndex(2, 5) with c.
5563   21     36         123.3500   126.1500   2.2700     % 
LB close or above UB, fathomed
5564   20     36         123.3500   126.1500   2.2700     % 
LB close or above UB, fathomed
5565   19     35         123.3500   126.1500   2.2700     % 
LB close or above UB, fathomed
5566   18     32         123.3500   126.1500   2.2700     % 
LB close or above UB, fathomed
5567   17     31         123.3500   126.1500   2.2700     % 
UB: 126.15
branching on CartesianIndex(7, 3) with a.
5568   18     32         123.3500   126.1500   2.2700     % 
UB: 126.15
branching on CartesianIndex(8, 3) with a.
5569   19     33         123.3500   126.1500   2.2700     % 
LB close or above UB, fathomed
5570   18     33         123.3500   126.1500   2.2700     % 
UB: 126.15
branching on CartesianIndex(1, 4) with c.
5571   19     34         123.3500   126.1500   2.2700     % 
LB close or above UB, fathomed
5572   18     34         123.3500   126.1500   2.2700     % 
UB: 126.15
branching on 1 with b.
5573   19     35         123.3500   126.1500   2.2700     % 
LB close or above UB, fathomed
5574   18     35         123.3500   126.1500   2.2700     % 
LB close or above UB, fathomed
5575   17     32         123.3500   126.1500   2.2700     % 
LB close or above UB, fathomed
5576   16     30         123.3500   126.1500   2.2700     % 
LB close or above UB, fathomed
5577   15     21         123.3500   126.1500   2.2700     % 
LB close or above UB, fathomed
5578   14     21         123.3500   126.1500   2.2700     % 
LB close or above UB, fathomed
5579   13     25         123.3500   126.1500   2.2700     % 
UB: 126.15
branching on CartesianIndex(2, 5) with c.
5580   14     26         123.3500   126.1500   2.2700     % 
LB close or above UB, fathomed
5581   13     26         123.3500   126.1500   2.2700     % 
LB close or above UB, fathomed
5582   12     25         123.3500   126.1500   2.2700     % 
LB close or above UB, fathomed
5583   11     37         123.3500   126.1500   2.2700     % 
LB close or above UB, fathomed
5584   10     37         123.3500   126.1500   2.2700     % 
UB: 126.15
branching on CartesianIndex(1, 7) with c.
5585   11     38         123.3500   126.1500   2.2700     % 
UB: 126.15
branching on CartesianIndex(2, 7) with c.
5586   12     39         123.3500   126.1500   2.2700     % 
LB close or above UB, fathomed
5587   11     39         123.3500   126.1500   2.2700     % 
UB: 126.15
branching on 2 with b.
5588   12     40         123.3500   126.1500   2.2700     % 
LB close or above UB, fathomed
5589   11     40         123.3500   126.1500   2.2700     % 
UB: 126.15
branching on 3 with b.
5590   12     41         123.3500   126.1500   2.2700     % 
LB close or above UB, fathomed
5591   11     41         123.3500   126.1500   2.2700     % 
LB close or above UB, fathomed
5592   10     38         123.3500   126.1500   2.2700     % 
LB close or above UB, fathomed
5593   9      29         123.3500   126.1500   2.2700     % 
UB: 126.15
branching on CartesianIndex(2, 4) with c.
5594   10     30         123.3500   126.1500   2.2700     % 
UB: 126.15
branching on CartesianIndex(3, 4) with c.
5595   11     31         123.3500   126.1500   2.2700     % 
UB: 126.15
branching on CartesianIndex(4, 4) with c.
5596   12     32         123.3500   126.1500   2.2700     % 
UB: 126.15
branching on CartesianIndex(5, 4) with c.
5597   13     33         123.3500   126.1500   2.2700     % 
UB: 126.15
branching on CartesianIndex(1, 5) with c.
5598   14     34         123.3500   126.1500   2.2700     % 
UB: 126.15
branching on CartesianIndex(2, 5) with c.
5599   15     35         123.3500   126.1500   2.2700     % 
LB close or above UB, fathomed
5600   14     35         123.3500   126.1500   2.2700     % 
LB close or above UB, fathomed
5601   13     34         123.3500   126.1500   2.2700     % 
LB close or above UB, fathomed
5602   12     33         123.3500   126.1500   2.2700     % 
LB close or above UB, fathomed
5603   11     32         123.3500   126.1500   2.2700     % 
LB close or above UB, fathomed
5604   10     31         123.3500   126.1500   2.2700     % 
LB close or above UB, fathomed
5605   9      30         123.3500   126.1500   2.2700     % 
LB close or above UB, fathomed
5606   8      29         123.3500   126.1500   2.2700     % 
LB close or above UB, fathomed
5607   7      23         123.3500   126.1500   2.2700     % 
UB: 126.15
branching on CartesianIndex(2, 4) with c.
5608   8      24         123.3500   126.1500   2.2700     % 
LB close or above UB, fathomed
5609   7      24         123.3500   126.1500   2.2700     % 
LB close or above UB, fathomed
5610   6      23         123.3500   126.1500   2.2700     % 
LB close or above UB, fathomed
5611   5      28         123.3500   126.1500   2.2700     % 
LB close or above UB, fathomed
5612   4      28         123.3500   126.1500   2.2700     % 
LB close or above UB, fathomed
5613   3      28         123.3500   126.1500   2.2700     % 
UB: 126.15
branching on CartesianIndex(5, 3) with a.
5614   4      29         123.3500   126.1500   2.2700     % 
UB: 126.15
branching on 1 with b.
5615   5      30         123.3500   126.1500   2.2700     % 
LB close or above UB, fathomed
5616   4      30         123.3500   126.1500   2.2700     % 
UB: 126.15
branching on CartesianIndex(6, 3) with a.
5617   5      31         123.3500   126.1500   2.2700     % 
UB: 126.15
branching on CartesianIndex(7, 3) with a.
5618   6      32         123.3500   126.1500   2.2700     % 
LB close or above UB, fathomed
5619   5      32         123.3500   126.1500   2.2700     % 
LB close or above UB, fathomed
5620   4      31         123.3500   126.1500   2.2700     % 
LB close or above UB, fathomed
5621   3      29         123.3500   126.1500   2.2700     % 
LB close or above UB, fathomed
5622   2      28         123.3500   126.1500   2.2700     % 
LB close or above UB, fathomed
5623   1      32         123.3500   126.1500   2.2700     % 
UB: 126.15
branching on CartesianIndex(1, 5) with c.
5624   2      33         123.3500   126.1500   2.2700     % 
UB: 126.15
branching on CartesianIndex(2, 5) with c.
5625   3      34         123.3500   126.1500   2.2700     % 
LB close or above UB, fathomed
5626   2      34         123.3500   126.1500   2.2700     % 
LB close or above UB, fathomed
5627   1      33         123.3500   126.1500   2.2700     % 
LB close or above UB, fathomed
5628   0      32         123.3500   126.1500   2.2700     % 
LB close or above UB, fathomed
all node solved
solved nodes:  5629
5629                                                  1.2611e+02     1.2615e+02     0.0351  % 
9×3 Matrix{Float64}:
 0.0  0.0  0.0
 0.0  0.0  0.0
 1.0  0.0  0.0
 0.0  0.0  0.0
 0.0  0.0  0.0
 0.0  0.0  0.0
 0.0  0.0  1.0
 0.0  1.0  0.0
 0.0  0.0  0.0
3-element Vector{Float64}:
 0.5982036586994208
 0.12868680707495284
 0.26624097945755376
6×7 Matrix{Float64}:
 0.0  0.0  0.0  0.0  0.0  0.0  1.0
 0.0  0.0  0.0  1.0  0.0  1.0  0.0
 0.0  0.0  0.0  0.0  0.0  0.0  0.0
 0.0  0.0  0.0  0.0  0.0  0.0  0.0
 0.0  0.0  0.0  0.0  0.0  0.0  0.0
 0.0  0.0  0.0  0.0  1.0  0.0  0.0
3-element Vector{Float64}:
 1.0
 1.0
 1.0
9×3 Matrix{Float64}:
 0.0  0.0  0.0
 0.0  0.0  0.0
 1.0  0.0  0.0
 0.0  0.0  0.0
 0.0  0.0  0.0
 0.0  0.0  0.0
 0.0  0.0  1.0
 0.0  1.0  0.0
 0.0  0.0  0.0
3-element Vector{Float64}:
 0.734375
 0.09375
 0.26589591921499156
6×7 Matrix{Float64}:
 0.0  0.0  0.0  0.0  0.0  0.0  1.0
 0.0  0.0  0.0  1.0  0.0  1.0  0.0
 0.0  0.0  0.0  0.0  0.0  0.0  0.0
 0.0  0.0  0.0  0.0  0.0  0.0  0.0
 0.0  0.0  0.0  0.0  0.0  0.0  0.0
 0.0  0.0  0.0  0.0  1.0  0.0  0.0
3-element Vector{Float64}:
 1.0
 1.0
 1.0
comparison (CRT and Glb)on prediction: Dict{Bool, Int64}(0 => 6, 1 => 48)
Dataname	 time	 objv	 lb	 gap	 train_w	 train_g	 test_w	 test_g
glass_859.glass	 569.24	 126.15	 126.106	 0.0004	 66.667	 71.154	 57.407	 57.407
