Running 6 processes.
Start training glass_465.glass with seed 1.
Any[]
(9, 210)
(9, 104)
(9, 52)
(9, 54)
dimension: 9, class: 6
cart cost: 154.14999999999998
size of X: (9, 156)
ngroups: 7
UB: 142.95
Iter	left	lev	LB	UB	gap	
0      0      1          86.5546    142.9500   65.1559    % 
UB: 142.95
branching on 1 with d.
1      1      2          86.5546    142.9500   65.1559    % 
LB close or above UB, fathomed
2      0      2          86.5546    142.9500   65.1559    % 
UB: 142.95
branching on 2 with d.
3      1      3          86.5546    142.9500   65.1559    % 
UB: 142.95
branching on 3 with d.
4      2      3          86.5546    142.9500   65.1559    % 
UB: 142.95
branching on 3 with d.
5      3      4          86.5546    142.9500   65.1559    % 
UB: 142.95
branching on CartesianIndex(1, 1) with a.
6      4      4          86.5546    142.9500   65.1559    % 
UB: 142.95
branching on CartesianIndex(1, 1) with a.
7      5      5          86.5546    142.9500   65.1559    % 
UB: 142.95
branching on CartesianIndex(2, 1) with a.
8      6      6          86.5546    142.9500   65.1559    % 
UB: 142.95
branching on CartesianIndex(3, 1) with a.
9      7      6          86.5546    142.9500   65.1559    % 
UB: 142.95
branching on 1 with b.
10     8      5          86.5546    142.9500   65.1559    % 
UB: 142.95
branching on CartesianIndex(1, 2) with a.
11     9      7          86.6386    142.9500   64.9957    % 
UB: 142.95
branching on 1 with b.
12     10     7          86.6386    142.9500   64.9957    % 
UB: 142.95
branching on CartesianIndex(1, 2) with a.
13     11     8          95.1508    142.9500   50.2353    % 
UB: 142.95
branching on CartesianIndex(2, 2) with a.
14     12     9          95.1508    142.9500   50.2353    % 
UB: 142.95
branching on CartesianIndex(3, 2) with a.
15     13     9          95.1508    142.9500   50.2353    % 
UB: 142.95
branching on CartesianIndex(1, 3) with a.
16     14     8          95.1508    142.9500   50.2353    % 
UB: 142.95
branching on CartesianIndex(1, 3) with a.
17     15     10         95.1886    142.9500   50.1756    % 
UB: 142.95
branching on 1 with b.
18     16     11         95.1886    142.9500   50.1756    % 
UB: 142.95
branching on 1 with b.
19     17     11         95.1886    142.9500   50.1756    % 
UB: 142.95
branching on CartesianIndex(4, 2) with a.
20     18     12         95.1886    142.9500   50.1756    % 
UB: 142.95
branching on 1 with b.
21     19     13         95.1886    142.9500   50.1756    % 
UB: 142.95
branching on 2 with b.
22     20     13         95.1886    142.9500   50.1756    % 
UB: 142.95
branching on CartesianIndex(5, 2) with a.
23     21     12         95.1886    142.9500   50.1756    % 
UB: 142.95
branching on CartesianIndex(1, 3) with a.
24     22     10         95.1886    142.9500   50.1756    % 
UB: 142.95
branching on CartesianIndex(1, 3) with a.
25     23     8          95.2379    142.9500   50.0979    % 
UB: 142.95
branching on CartesianIndex(4, 1) with a.
26     24     8          95.2379    142.9500   50.0979    % 
UB: 142.95
branching on 1 with b.
27     25     13         95.3500    142.9500   49.9213    % 
UB: 142.95
branching on 1 with b.
28     26     14         95.3500    142.9500   49.9213    % 
UB: 142.95
branching on CartesianIndex(2, 3) with a.
29     27     14         95.3500    142.9500   49.9213    % 
UB: 142.95
branching on 2 with b.
30     28     13         95.3500    142.9500   49.9213    % 
UB: 142.95
branching on 1 with b.
31     29     9          98.1052    142.9500   45.7109    % 
UB: 142.95
branching on 1 with b.
32     30     10         98.1052    142.9500   45.7109    % 
UB: 142.95
branching on CartesianIndex(5, 1) with a.
33     31     10         98.1052    142.9500   45.7109    % 
UB: 142.95
branching on CartesianIndex(5, 1) with a.
34     32     9          98.1052    142.9500   45.7109    % 
UB: 142.95
branching on CartesianIndex(1, 2) with a.
35     33     10         98.1122    142.9500   45.7006    % 
UB: 142.95
branching on CartesianIndex(2, 3) with a.
36     34     11         98.1122    142.9500   45.7006    % 
UB: 142.95
branching on CartesianIndex(3, 3) with a.
37     35     12         98.1122    142.9500   45.7006    % 
UB: 142.95
branching on CartesianIndex(4, 3) with a.
38     36     13         98.1122    142.9500   45.7006    % 
UB: 142.95
branching on 1 with b.
39     37     13         98.1122    142.9500   45.7006    % 
UB: 142.95
branching on CartesianIndex(1, 4) with c.
40     38     12         98.1122    142.9500   45.7006    % 
UB: 142.95
branching on 1 with b.
41     39     11         98.1122    142.9500   45.7006    % 
UB: 142.95
branching on CartesianIndex(1, 4) with c.
42     40     10         98.1122    142.9500   45.7006    % 
UB: 142.95
branching on CartesianIndex(1, 4) with c.
43     41     14         100.8412   142.9500   41.7576    % 
UB: 142.95
branching on 3 with b.
44     42     14         100.8412   142.9500   41.7576    % 
UB: 142.95
branching on CartesianIndex(5, 2) with a.
45     43     15         100.8412   142.9500   41.7576    % 
UB: 142.95
branching on CartesianIndex(5, 2) with a.
46     44     16         100.8412   142.9500   41.7576    % 
UB: 142.95
branching on CartesianIndex(6, 2) with a.
47     45     17         100.8412   142.9500   41.7576    % 
UB: 142.95
branching on 1 with b.
48     46     17         100.8412   142.9500   41.7576    % 
UB: 142.95
branching on CartesianIndex(1, 3) with a.
49     47     16         100.8412   142.9500   41.7576    % 
UB: 142.95
branching on CartesianIndex(1, 3) with a.
50     48     15         100.8412   142.9500   41.7576    % 
UB: 142.95
branching on 1 with b.
51     49     18         100.8412   142.9500   41.7576    % 
UB: 142.95
branching on CartesianIndex(7, 2) with a.
52     50     18         100.8412   142.9500   41.7576    % 
UB: 142.95
branching on CartesianIndex(7, 2) with a.
53     51     11         100.9052   142.9500   41.6676    % 
UB: 142.95
branching on 2 with b.
54     52     12         100.9052   142.9500   41.6676    % 
UB: 142.95
branching on CartesianIndex(6, 1) with a.
55     53     13         100.9052   142.9500   41.6676    % 
UB: 142.95
branching on 3 with b.
56     54     13         100.9052   142.9500   41.6676    % 
UB: 142.95
branching on 3 with b.
57     55     12         100.9052   142.9500   41.6676    % 
UB: 142.95
branching on 3 with b.
58     56     11         100.9052   142.9500   41.6676    % 
LB close or above UB, fathomed
59     55     14         103.6974   142.9500   37.8530    % 
UB: 142.95
branching on 2 with b.
60     56     15         103.6974   142.9500   37.8530    % 
UB: 142.95
branching on 3 with b.
61     57     16         103.6974   142.9500   37.8530    % 
UB: 142.95
branching on 1 with b.
62     58     17         103.6974   142.9500   37.8530    % 
UB: 142.95
branching on CartesianIndex(6, 2) with a.
63     59     18         103.6974   142.9500   37.8530    % 
UB: 142.95
branching on CartesianIndex(7, 2) with a.
64     60     19         103.6974   142.9500   37.8530    % 
UB: 142.95
branching on 2 with b.
65     61     20         103.6974   142.9500   37.8530    % 
UB: 142.95
branching on 3 with b.
66     62     20         103.6974   142.9500   37.8530    % 
UB: 142.95
branching on CartesianIndex(8, 2) with a.
67     63     19         103.6974   142.9500   37.8530    % 
UB: 142.95
branching on CartesianIndex(1, 3) with a.
68     64     18         103.6974   142.9500   37.8530    % 
UB: 142.95
branching on CartesianIndex(1, 3) with a.
69     65     17         103.6974   142.9500   37.8530    % 
LB close or above UB, fathomed
70     64     16         103.6974   142.9500   37.8530    % 
UB: 142.95
branching on CartesianIndex(6, 2) with a.
71     65     15         103.6974   142.9500   37.8530    % 
UB: 142.95
branching on CartesianIndex(6, 2) with a.
72     66     14         103.6974   142.9500   37.8530    % 
UB: 142.95
branching on CartesianIndex(1, 3) with a.
73     67     14         103.7052   142.9500   37.8426    % 
UB: 142.95
branching on CartesianIndex(7, 1) with a.
74     68     15         103.7052   142.9500   37.8426    % 
UB: 142.95
branching on CartesianIndex(8, 1) with a.
75     69     16         103.7052   142.9500   37.8426    % 
UB: 142.95
branching on CartesianIndex(1, 2) with a.
76     70     16         103.7052   142.9500   37.8426    % 
UB: 142.95
branching on CartesianIndex(1, 2) with a.
77     71     15         103.7052   142.9500   37.8426    % 
LB close or above UB, fathomed
78     70     14         103.7052   142.9500   37.8426    % 
UB: 142.95
branching on CartesianIndex(7, 1) with a.
79     71     15         103.7500   142.9500   37.7831    % 
UB: 142.95
branching on 1 with b.
80     72     16         103.7500   142.9500   37.7831    % 
UB: 142.95
branching on 2 with b.
81     73     16         103.7500   142.9500   37.7831    % 
UB: 142.95
branching on CartesianIndex(8, 1) with a.
82     74     15         103.7500   142.9500   37.7831    % 
LB close or above UB, fathomed
83     73     21         103.7500   142.9500   37.7831    % 
UB: 142.95
branching on 1 with b.
84     74     21         103.7500   142.9500   37.7831    % 
UB: 142.95
branching on CartesianIndex(8, 2) with a.
85     75     19         103.7500   142.9500   37.7831    % 
UB: 142.95
branching on CartesianIndex(8, 2) with a.
86     76     20         103.7500   142.9500   37.7831    % 
UB: 142.95
branching on CartesianIndex(1, 3) with a.
87     77     20         103.7500   142.9500   37.7831    % 
UB: 142.95
branching on CartesianIndex(1, 3) with a.
88     78     21         103.7500   142.9500   37.7831    % 
UB: 142.95
branching on 2 with b.
89     79     22         103.7500   142.9500   37.7831    % 
UB: 142.95
branching on 3 with b.
90     80     23         103.7500   142.9500   37.7831    % 
UB: 142.95
branching on CartesianIndex(2, 3) with a.
91     81     23         103.7500   142.9500   37.7831    % 
UB: 142.95
branching on CartesianIndex(2, 3) with a.
92     82     22         103.7500   142.9500   37.7831    % 
UB: 142.95
branching on CartesianIndex(2, 3) with a.
93     83     21         103.7500   142.9500   37.7831    % 
LB close or above UB, fathomed
94     82     19         103.7500   142.9500   37.7831    % 
UB: 142.95
branching on CartesianIndex(1, 3) with a.
95     83     15         103.7500   142.9500   37.7831    % 
UB: 142.95
branching on 2 with b.
96     84     16         103.7500   142.9500   37.7831    % 
UB: 142.95
branching on CartesianIndex(3, 3) with a.
97     85     17         103.7500   142.9500   37.7831    % 
UB: 142.95
branching on 3 with b.
98     86     18         103.7500   142.9500   37.7831    % 
UB: 142.95
branching on 1 with b.
99     87     19         103.7500   142.9500   37.7831    % 
UB: 142.95
branching on CartesianIndex(4, 3) with a.
100    88     19         103.7500   142.9500   37.7831    % 
UB: 142.95
branching on CartesianIndex(4, 3) with a.
101    89     18         103.7500   142.9500   37.7831    % 
LB close or above UB, fathomed
102    88     17         103.7500   142.9500   37.7831    % 
LB close or above UB, fathomed
103    87     16         103.7500   142.9500   37.7831    % 
UB: 142.95
branching on CartesianIndex(3, 3) with a.
104    88     15         103.7500   142.9500   37.7831    % 
LB close or above UB, fathomed
105    87     11         103.7500   142.9500   37.7831    % 
UB: 142.95
branching on 1 with b.
106    88     12         103.7500   142.9500   37.7831    % 
UB: 142.95
branching on CartesianIndex(2, 3) with a.
107    89     12         103.7500   142.9500   37.7831    % 
UB: 142.95
branching on CartesianIndex(2, 3) with a.
108    90     13         103.7500   142.9500   37.7831    % 
UB: 142.95
branching on 1 with b.
109    91     14         103.7500   142.9500   37.7831    % 
UB: 142.95
branching on CartesianIndex(3, 3) with a.
110    92     14         103.7500   142.9500   37.7831    % 
UB: 142.95
branching on 2 with b.
111    93     13         103.7500   142.9500   37.7831    % 
UB: 142.95
branching on CartesianIndex(1, 4) with c.
112    94     11         103.7500   142.9500   37.7831    % 
UB: 142.95
branching on 1 with b.
113    95     17         106.5052   142.9500   34.2188    % 
UB: 142.95
branching on CartesianIndex(2, 2) with a.
114    96     18         106.5052   142.9500   34.2188    % 
UB: 142.95
branching on CartesianIndex(3, 2) with a.
115    97     18         106.5052   142.9500   34.2188    % 
UB: 142.95
branching on 1 with b.
116    98     17         106.5052   142.9500   34.2188    % 
UB: 142.95
branching on CartesianIndex(1, 3) with a.
117    99     14         106.5122   142.9500   34.2100    % 
UB: 142.95
branching on CartesianIndex(5, 3) with a.
118    100    14         106.5122   142.9500   34.2100    % 
UB: 142.95
branching on CartesianIndex(5, 3) with a.
119    101    15         106.5122   142.9500   34.2100    % 
UB: 142.95
branching on 1 with b.
120    102    16         106.5122   142.9500   34.2100    % 
UB: 142.95
branching on 2 with b.
121    103    16         106.5122   142.9500   34.2100    % 
UB: 142.95
branching on 2 with b.
122    104    15         106.5122   142.9500   34.2100    % 
UB: 142.95
branching on 1 with b.
123    105    20         106.5500   142.9500   34.1624    % 
UB: 142.95
branching on 2 with b.
124    106    20         106.5500   142.9500   34.1624    % 
UB: 142.95
branching on CartesianIndex(1, 4) with c.
125    107    20         106.5500   142.9500   34.1624    % 
UB: 142.95
branching on 2 with b.
126    108    21         106.5500   142.9500   34.1624    % 
UB: 142.95
branching on CartesianIndex(2, 3) with a.
127    109    21         106.5500   142.9500   34.1624    % 
UB: 142.95
branching on CartesianIndex(2, 3) with a.
128    110    22         106.5500   142.9500   34.1624    % 
UB: 142.95
branching on CartesianIndex(3, 3) with a.
129    111    23         106.5500   142.9500   34.1624    % 
UB: 142.95
branching on 3 with b.
130    112    24         106.5500   142.9500   34.1624    % 
UB: 142.95
branching on CartesianIndex(4, 3) with a.
131    113    24         106.5500   142.9500   34.1624    % 
UB: 142.95
branching on 1 with b.
132    114    23         106.5500   142.9500   34.1624    % 
LB close or above UB, fathomed
133    113    22         106.5500   142.9500   34.1624    % 
LB close or above UB, fathomed
134    112    20         106.5500   142.9500   34.1624    % 
LB close or above UB, fathomed
135    111    24         106.5500   142.9500   34.1624    % 
UB: 142.95
branching on CartesianIndex(3, 3) with a.
136    112    25         106.5500   142.9500   34.1624    % 
UB: 142.95
branching on 1 with b.
137    113    26         106.5500   142.9500   34.1624    % 
UB: 142.95
branching on CartesianIndex(4, 3) with a.
138    114    26         106.5500   142.9500   34.1624    % 
UB: 142.95
branching on CartesianIndex(4, 3) with a.
139    115    25         106.5500   142.9500   34.1624    % 
LB close or above UB, fathomed
140    114    24         106.5500   142.9500   34.1624    % 
LB close or above UB, fathomed
141    113    22         106.5500   142.9500   34.1624    % 
UB: 142.95
branching on CartesianIndex(1, 3) with a.
142    114    22         106.5500   142.9500   34.1624    % 
UB: 142.95
branching on CartesianIndex(1, 3) with a.
143    115    23         106.5500   142.9500   34.1624    % 
UB: 142.95
branching on 1 with b.
144    116    24         106.5500   142.9500   34.1624    % 
UB: 142.95
branching on CartesianIndex(2, 3) with a.
145    117    25         106.5500   142.9500   34.1624    % 
UB: 142.95
branching on CartesianIndex(3, 3) with a.
146    118    26         106.5500   142.9500   34.1624    % 
UB: 142.95
branching on CartesianIndex(4, 3) with a.
147    119    27         106.5500   142.9500   34.1624    % 
UB: 142.95
branching on CartesianIndex(5, 3) with a.
148    120    27         106.5500   142.9500   34.1624    % 
UB: 142.95
branching on CartesianIndex(1, 4) with c.
149    121    26         106.5500   142.9500   34.1624    % 
LB close or above UB, fathomed
150    120    25         106.5500   142.9500   34.1624    % 
UB: 142.95
branching on CartesianIndex(1, 4) with c.
151    121    24         106.5500   142.9500   34.1624    % 
LB close or above UB, fathomed
152    120    23         106.5500   142.9500   34.1624    % 
LB close or above UB, fathomed
153    119    17         106.5500   142.9500   34.1624    % 
UB: 142.95
branching on 3 with b.
154    120    17         106.5500   142.9500   34.1624    % 
UB: 142.95
branching on CartesianIndex(8, 1) with a.
155    121    15         106.5500   142.9500   34.1624    % 
UB: 142.95
branching on CartesianIndex(6, 2) with a.
156    122    15         106.5500   142.9500   34.1624    % 
UB: 142.95
branching on 3 with b.
157    123    15         106.5500   142.9500   34.1624    % 
UB: 142.95
branching on CartesianIndex(2, 3) with a.
158    124    16         106.5500   142.9500   34.1624    % 
UB: 142.95
branching on 3 with b.
159    125    17         106.5500   142.9500   34.1624    % 
UB: 142.95
branching on 1 with b.
160    126    18         106.5500   142.9500   34.1624    % 
UB: 142.95
branching on CartesianIndex(3, 3) with a.
161    127    19         106.5500   142.9500   34.1624    % 
UB: 142.95
branching on CartesianIndex(4, 3) with a.
162    128    20         106.5500   142.9500   34.1624    % 
UB: 142.95
branching on CartesianIndex(5, 3) with a.
163    129    20         106.5500   142.9500   34.1624    % 
UB: 142.95
branching on CartesianIndex(1, 4) with c.
164    130    19         106.5500   142.9500   34.1624    % 
LB close or above UB, fathomed
165    129    18         106.5500   142.9500   34.1624    % 
LB close or above UB, fathomed
166    128    17         106.5500   142.9500   34.1624    % 
UB: 142.95
branching on CartesianIndex(3, 3) with a.
167    129    16         106.5500   142.9500   34.1624    % 
UB: 142.95
branching on CartesianIndex(1, 4) with c.
168    130    15         106.5500   142.9500   34.1624    % 
UB: 142.95
branching on 3 with b.
169    131    19         109.2412   142.9500   30.8573    % 
UB: 142.95
branching on 2 with b.
170    132    19         109.2412   142.9500   30.8573    % 
UB: 142.95
branching on 2 with b.
171    133    20         109.2822   142.9500   30.8081    % 
UB: 142.95
branching on CartesianIndex(1, 3) with a.
172    134    20         109.2822   142.9500   30.8081    % 
UB: 142.95
branching on CartesianIndex(1, 3) with a.
173    135    21         109.2822   142.9500   30.8081    % 
UB: 142.95
branching on CartesianIndex(2, 3) with a.
174    136    22         109.2822   142.9500   30.8081    % 
UB: 142.95
branching on CartesianIndex(3, 3) with a.
175    137    23         109.2822   142.9500   30.8081    % 
UB: 142.95
branching on CartesianIndex(4, 3) with a.
176    138    24         109.2822   142.9500   30.8081    % 
UB: 142.95
branching on 3 with b.
177    139    24         109.2822   142.9500   30.8081    % 
UB: 142.95
branching on CartesianIndex(1, 4) with c.
178    140    23         109.2822   142.9500   30.8081    % 
LB close or above UB, fathomed
179    139    22         109.2822   142.9500   30.8081    % 
LB close or above UB, fathomed
180    138    21         109.2822   142.9500   30.8081    % 
LB close or above UB, fathomed
181    137    9          109.2826   142.9500   30.8076    % 
UB: 142.95
branching on 2 with b.
182    138    10         109.2826   142.9500   30.8076    % 
UB: 142.95
branching on 3 with b.
183    139    10         109.2826   142.9500   30.8076    % 
UB: 142.95
branching on 3 with b.
184    140    9          109.2826   142.9500   30.8076    % 
LB close or above UB, fathomed
185    139    20         109.3089   142.9500   30.7761    % 
UB: 142.95
branching on 3 with b.
186    140    21         109.3089   142.9500   30.7761    % 
UB: 142.95
branching on CartesianIndex(8, 2) with a.
187    141    21         109.3089   142.9500   30.7761    % 
UB: 142.95
branching on 1 with b.
188    142    20         109.3089   142.9500   30.7761    % 
UB: 142.95
branching on CartesianIndex(8, 2) with a.
189    143    21         109.3500   142.9500   30.7270    % 
UB: 142.95
branching on CartesianIndex(6, 3) with a.
190    144    22         109.3500   142.9500   30.7270    % 
UB: 142.95
branching on CartesianIndex(7, 3) with a.
191    145    22         109.3500   142.9500   30.7270    % 
UB: 142.95
branching on CartesianIndex(1, 4) with c.
192    146    21         109.3500   142.9500   30.7270    % 
UB: 142.95
branching on CartesianIndex(1, 4) with c.
193    147    28         109.3500   142.9500   30.7270    % 
UB: 142.95
branching on CartesianIndex(6, 3) with a.
194    148    28         109.3500   142.9500   30.7270    % 
UB: 142.95
branching on 2 with b.
195    149    27         109.3500   142.9500   30.7270    % 
UB: 142.95
branching on CartesianIndex(5, 3) with a.
196    150    27         109.3500   142.9500   30.7270    % 
UB: 142.95
branching on CartesianIndex(1, 4) with c.
197    151    21         109.3500   142.9500   30.7270    % 
UB: 142.95
branching on CartesianIndex(5, 3) with a.
198    152    21         109.3500   142.9500   30.7270    % 
UB: 142.95
branching on 3 with b.
199    153    22         109.3500   142.9500   30.7270    % 
UB: 142.95
branching on CartesianIndex(5, 3) with a.
200    154    22         109.3500   142.9500   30.7270    % 
UB: 142.95
branching on CartesianIndex(5, 3) with a.
201    155    15         109.3500   142.9500   30.7270    % 
UB: 142.95
branching on 2 with b.
202    156    16         109.3500   142.9500   30.7270    % 
UB: 142.95
branching on 3 with b.
203    157    17         109.3500   142.9500   30.7270    % 
UB: 142.95
branching on CartesianIndex(4, 3) with a.
204    158    18         109.3500   142.9500   30.7270    % 
UB: 142.95
branching on CartesianIndex(5, 3) with a.
205    159    18         109.3500   142.9500   30.7270    % 
UB: 142.95
branching on CartesianIndex(1, 4) with c.
206    160    17         109.3500   142.9500   30.7270    % 
LB close or above UB, fathomed
207    159    16         109.3500   142.9500   30.7270    % 
UB: 142.95
branching on 3 with b.
208    160    15         109.3500   142.9500   30.7270    % 
LB close or above UB, fathomed
209    159    10         109.3500   142.9500   30.7270    % 
UB: 142.95
branching on CartesianIndex(2, 2) with a.
210    160    11         109.3500   142.9500   30.7270    % 
UB: 142.95
branching on 1 with b.
211    161    11         109.3500   142.9500   30.7270    % 
UB: 142.95
branching on CartesianIndex(1, 3) with a.
212    162    10         109.3500   142.9500   30.7270    % 
UB: 142.95
branching on 1 with b.
213    163    11         112.0826   142.9500   27.5398    % 
UB: 142.95
branching on CartesianIndex(4, 1) with a.
214    164    12         112.0826   142.9500   27.5398    % 
UB: 142.95
branching on CartesianIndex(5, 1) with a.
215    165    13         112.0826   142.9500   27.5398    % 
LB close or above UB, fathomed
216    164    13         112.0826   142.9500   27.5398    % 
UB: 142.95
branching on CartesianIndex(1, 2) with a.
217    165    14         112.0826   142.9500   27.5398    % 
UB: 142.95
branching on CartesianIndex(2, 2) with a.
218    166    15         112.0826   142.9500   27.5398    % 
UB: 142.95
branching on CartesianIndex(3, 2) with a.
219    167    16         112.0826   142.9500   27.5398    % 
UB: 142.95
branching on CartesianIndex(4, 2) with a.
220    168    17         112.0826   142.9500   27.5398    % 
UB: 142.95
branching on CartesianIndex(5, 2) with a.
221    169    17         112.0826   142.9500   27.5398    % 
UB: 142.95
branching on CartesianIndex(1, 3) with a.
222    170    16         112.0826   142.9500   27.5398    % 
LB close or above UB, fathomed
223    169    15         112.0826   142.9500   27.5398    % 
LB close or above UB, fathomed
224    168    14         112.0826   142.9500   27.5398    % 
LB close or above UB, fathomed
225    167    12         112.0826   142.9500   27.5398    % 
LB close or above UB, fathomed
226    166    11         112.0826   142.9500   27.5398    % 
UB: 142.95
branching on CartesianIndex(4, 1) with a.
227    167    25         112.1500   142.9500   27.4632    % 
UB: 142.95
branching on CartesianIndex(4, 3) with a.
228    168    25         112.1500   142.9500   27.4632    % 
UB: 142.95
branching on CartesianIndex(4, 3) with a.
229    169    19         112.1500   142.9500   27.4632    % 
UB: 142.95
branching on CartesianIndex(4, 2) with a.
230    170    20         112.1500   142.9500   27.4632    % 
UB: 142.95
branching on CartesianIndex(5, 2) with a.
231    171    20         112.1500   142.9500   27.4632    % 
UB: 142.95
branching on CartesianIndex(1, 3) with a.
232    172    19         112.1500   142.9500   27.4632    % 
LB close or above UB, fathomed
233    171    11         112.1500   142.9500   27.4632    % 
UB: 142.95
branching on 2 with b.
234    172    11         112.1500   142.9500   27.4632    % 
UB: 142.95
branching on CartesianIndex(1, 2) with a.
235    173    12         112.1500   142.9500   27.4632    % 
UB: 142.95
branching on CartesianIndex(4, 2) with a.
236    174    12         112.1500   142.9500   27.4632    % 
UB: 142.95
branching on 2 with b.
237    175    13         112.1500   142.9500   27.4632    % 
UB: 142.95
branching on CartesianIndex(4, 2) with a.
238    176    14         112.1500   142.9500   27.4632    % 
UB: 142.95
branching on CartesianIndex(5, 2) with a.
239    177    14         112.1500   142.9500   27.4632    % 
UB: 142.95
branching on CartesianIndex(1, 3) with a.
240    178    13         112.1500   142.9500   27.4632    % 
UB: 142.95
branching on 3 with b.
241    179    14         112.1500   142.9500   27.4632    % 
UB: 142.95
branching on 1 with b.
242    180    14         112.1500   142.9500   27.4632    % 
UB: 142.95
branching on 1 with b.
243    181    15         112.1500   142.9500   27.4632    % 
UB: 142.95
branching on 3 with b.
244    182    16         112.1500   142.9500   27.4632    % 
UB: 142.95
branching on CartesianIndex(6, 2) with a.
245    183    17         112.1500   142.9500   27.4632    % 
UB: 142.95
branching on CartesianIndex(7, 2) with a.
246    184    18         112.1500   142.9500   27.4632    % 
UB: 142.95
branching on CartesianIndex(8, 2) with a.
247    185    19         112.1500   142.9500   27.4632    % 
UB: 142.95
branching on CartesianIndex(1, 3) with a.
248    186    19         112.1500   142.9500   27.4632    % 
UB: 142.95
branching on 1 with b.
249    187    18         112.1500   142.9500   27.4632    % 
UB: 142.95
branching on CartesianIndex(1, 3) with a.
250    188    19         112.1500   142.9500   27.4632    % 
UB: 142.95
branching on CartesianIndex(2, 3) with a.
251    189    20         112.1500   142.9500   27.4632    % 
UB: 142.95
branching on CartesianIndex(3, 3) with a.
252    190    21         112.1500   142.9500   27.4632    % 
UB: 142.95
branching on CartesianIndex(4, 3) with a.
253    191    22         112.1500   142.9500   27.4632    % 
UB: 142.95
branching on CartesianIndex(5, 3) with a.
254    192    22         112.1500   142.9500   27.4632    % 
UB: 142.95
branching on CartesianIndex(1, 4) with c.
255    193    21         112.1500   142.9500   27.4632    % 
LB close or above UB, fathomed
256    192    20         112.1500   142.9500   27.4632    % 
LB close or above UB, fathomed
257    191    19         112.1500   142.9500   27.4632    % 
LB close or above UB, fathomed
258    190    17         112.1500   142.9500   27.4632    % 
UB: 142.95
branching on 1 with b.
259    191    16         112.1500   142.9500   27.4632    % 
UB: 142.95
branching on 1 with b.
260    192    15         112.1500   142.9500   27.4632    % 
UB: 142.95
branching on 3 with b.
261    193    12         112.1500   142.9500   27.4632    % 
UB: 142.95
branching on CartesianIndex(5, 1) with a.
262    194    13         112.1500   142.9500   27.4632    % 
LB close or above UB, fathomed
263    193    13         112.1500   142.9500   27.4632    % 
UB: 142.95
branching on CartesianIndex(1, 2) with a.
264    194    12         112.1500   142.9500   27.4632    % 
LB close or above UB, fathomed
265    193    12         112.1500   142.9500   27.4632    % 
LB close or above UB, fathomed
266    192    12         112.1500   142.9500   27.4632    % 
UB: 142.95
branching on 2 with b.
267    193    13         112.1500   142.9500   27.4632    % 
UB: 142.95
branching on CartesianIndex(3, 2) with a.
268    194    14         112.1500   142.9500   27.4632    % 
UB: 142.95
branching on CartesianIndex(4, 2) with a.
269    195    15         112.1500   142.9500   27.4632    % 
UB: 142.95
branching on 3 with b.
270    196    16         112.1500   142.9500   27.4632    % 
UB: 142.95
branching on 1 with b.
271    197    17         112.1500   142.9500   27.4632    % 
UB: 142.95
branching on 2 with b.
272    198    18         112.1500   142.9500   27.4632    % 
UB: 142.95
branching on CartesianIndex(5, 2) with a.
273    199    19         112.1500   142.9500   27.4632    % 
UB: 142.95
branching on 3 with b.
274    200    20         112.1500   142.9500   27.4632    % 
UB: 142.95
branching on CartesianIndex(6, 2) with a.
275    201    20         112.1500   142.9500   27.4632    % 
UB: 142.95
branching on CartesianIndex(6, 2) with a.
276    202    21         112.1500   142.9500   27.4632    % 
UB: 142.95
branching on CartesianIndex(7, 2) with a.
277    203    21         112.1500   142.9500   27.4632    % 
UB: 142.95
branching on CartesianIndex(1, 3) with a.
278    204    19         112.1500   142.9500   27.4632    % 
UB: 142.95
branching on 3 with b.
279    205    18         112.1500   142.9500   27.4632    % 
UB: 142.95
branching on CartesianIndex(5, 2) with a.
280    206    19         112.1500   142.9500   27.4632    % 
UB: 142.95
branching on CartesianIndex(6, 2) with a.
281    207    20         112.1500   142.9500   27.4632    % 
UB: 142.95
branching on CartesianIndex(7, 2) with a.
282    208    21         112.1500   142.9500   27.4632    % 
UB: 142.95
branching on CartesianIndex(8, 2) with a.
283    209    21         112.1500   142.9500   27.4632    % 
UB: 142.95
branching on CartesianIndex(1, 3) with a.
284    210    20         112.1500   142.9500   27.4632    % 
UB: 142.95
branching on 3 with b.
285    211    19         112.1500   142.9500   27.4632    % 
UB: 142.95
branching on CartesianIndex(1, 3) with a.
286    212    17         112.1500   142.9500   27.4632    % 
UB: 142.95
branching on CartesianIndex(5, 2) with a.
287    213    16         112.1500   142.9500   27.4632    % 
UB: 142.95
branching on 1 with b.
288    214    15         112.1500   142.9500   27.4632    % 
UB: 142.95
branching on CartesianIndex(1, 3) with a.
289    215    14         112.1500   142.9500   27.4632    % 
UB: 142.95
branching on CartesianIndex(1, 3) with a.
290    216    13         112.1500   142.9500   27.4632    % 
UB: 142.95
branching on CartesianIndex(3, 2) with a.
291    217    28         112.1500   142.9500   27.4632    % 
UB: 142.95
branching on CartesianIndex(6, 3) with a.
292    218    28         112.1500   142.9500   27.4632    % 
LB close or above UB, fathomed
293    217    17         112.1500   142.9500   27.4632    % 
UB: 142.95
branching on CartesianIndex(6, 3) with a.
294    218    18         112.1500   142.9500   27.4632    % 
UB: 142.95
branching on CartesianIndex(7, 3) with a.
295    219    18         112.1500   142.9500   27.4632    % 
UB: 142.95
branching on CartesianIndex(1, 4) with c.
296    220    17         112.1500   142.9500   27.4632    % 
UB: 142.95
branching on CartesianIndex(6, 3) with a.
297    221    13         112.1500   142.9500   27.4632    % 
UB: 142.95
branching on CartesianIndex(6, 1) with a.
298    222    14         112.1500   142.9500   27.4632    % 
UB: 142.95
branching on 1 with b.
299    223    14         112.1500   142.9500   27.4632    % 
UB: 142.95
branching on CartesianIndex(1, 2) with a.
300    224    13         112.1500   142.9500   27.4632    % 
UB: 142.95
branching on 1 with b.
301    225    25         114.8822   142.9500   24.4318    % 
UB: 142.95
branching on 1 with b.
302    226    25         114.8822   142.9500   24.4318    % 
UB: 142.95
branching on CartesianIndex(5, 3) with a.
303    227    21         114.8974   142.9500   24.4153    % 
UB: 142.95
branching on CartesianIndex(1, 3) with a.
304    228    21         114.8974   142.9500   24.4153    % 
UB: 142.95
branching on CartesianIndex(1, 3) with a.
305    229    22         114.9089   142.9500   24.4029    % 
UB: 142.95
branching on CartesianIndex(8, 2) with a.
306    230    22         114.9089   142.9500   24.4029    % 
UB: 142.95
branching on CartesianIndex(8, 2) with a.
307    231    23         114.9089   142.9500   24.4029    % 
UB: 142.95
branching on CartesianIndex(1, 3) with a.
308    232    23         114.9089   142.9500   24.4029    % 
UB: 142.95
branching on CartesianIndex(1, 3) with a.
309    233    17         114.9122   142.9500   24.3994    % 
UB: 142.95
branching on CartesianIndex(6, 3) with a.
310    234    18         114.9122   142.9500   24.3994    % 
UB: 142.95
branching on 3 with b.
311    235    18         114.9122   142.9500   24.3994    % 
UB: 142.95
branching on CartesianIndex(1, 4) with c.
312    236    17         114.9122   142.9500   24.3994    % 
UB: 142.95
branching on 3 with b.
313    237    17         114.9500   142.9500   24.3584    % 
UB: 142.95
branching on CartesianIndex(5, 2) with a.
314    238    18         114.9500   142.9500   24.3584    % 
UB: 142.95
branching on 2 with b.
315    239    19         114.9500   142.9500   24.3584    % 
UB: 142.95
branching on CartesianIndex(6, 2) with a.
316    240    19         114.9500   142.9500   24.3584    % 
UB: 142.95
branching on CartesianIndex(6, 2) with a.
317    241    20         114.9500   142.9500   24.3584    % 
UB: 142.95
branching on CartesianIndex(7, 2) with a.
318    242    21         114.9500   142.9500   24.3584    % 
UB: 142.95
branching on CartesianIndex(8, 2) with a.
319    243    21         114.9500   142.9500   24.3584    % 
UB: 142.95
branching on 3 with b.
320    244    20         114.9500   142.9500   24.3584    % 
LB close or above UB, fathomed
321    243    18         114.9500   142.9500   24.3584    % 
UB: 142.95
branching on 2 with b.
322    244    17         114.9500   142.9500   24.3584    % 
UB: 142.95
branching on CartesianIndex(5, 2) with a.
323    245    22         114.9500   142.9500   24.3584    % 
UB: 142.95
branching on CartesianIndex(2, 3) with a.
324    246    23         114.9500   142.9500   24.3584    % 
UB: 142.95
branching on CartesianIndex(3, 3) with a.
325    247    24         114.9500   142.9500   24.3584    % 
UB: 142.95
branching on CartesianIndex(4, 3) with a.
326    248    24         114.9500   142.9500   24.3584    % 
UB: 142.95
branching on CartesianIndex(1, 4) with c.
327    249    23         114.9500   142.9500   24.3584    % 
UB: 142.95
branching on CartesianIndex(1, 4) with c.
328    250    22         114.9500   142.9500   24.3584    % 
LB close or above UB, fathomed
329    249    14         114.9500   142.9500   24.3584    % 
UB: 142.95
branching on 1 with b.
330    250    15         114.9500   142.9500   24.3584    % 
UB: 142.95
branching on CartesianIndex(2, 2) with a.
331    251    16         114.9500   142.9500   24.3584    % 
UB: 142.95
branching on CartesianIndex(3, 2) with a.
332    252    17         114.9500   142.9500   24.3584    % 
UB: 142.95
branching on CartesianIndex(4, 2) with a.
333    253    18         114.9500   142.9500   24.3584    % 
UB: 142.95
branching on CartesianIndex(5, 2) with a.
334    254    18         114.9500   142.9500   24.3584    % 
UB: 142.95
branching on CartesianIndex(1, 3) with a.
335    255    17         114.9500   142.9500   24.3584    % 
LB close or above UB, fathomed
336    254    16         114.9500   142.9500   24.3584    % 
LB close or above UB, fathomed
337    253    15         114.9500   142.9500   24.3584    % 
LB close or above UB, fathomed
338    252    14         114.9500   142.9500   24.3584    % 
LB close or above UB, fathomed
339    251    20         114.9500   142.9500   24.3584    % 
UB: 142.95
branching on CartesianIndex(1, 3) with a.
340    252    20         114.9500   142.9500   24.3584    % 
UB: 142.95
branching on CartesianIndex(1, 3) with a.
341    253    21         114.9500   142.9500   24.3584    % 
UB: 142.95
branching on CartesianIndex(2, 3) with a.
342    254    22         114.9500   142.9500   24.3584    % 
UB: 142.95
branching on CartesianIndex(3, 3) with a.
343    255    23         114.9500   142.9500   24.3584    % 
UB: 142.95
branching on CartesianIndex(4, 3) with a.
344    256    24         114.9500   142.9500   24.3584    % 
UB: 142.95
branching on CartesianIndex(5, 3) with a.
345    257    24         114.9500   142.9500   24.3584    % 
UB: 142.95
branching on CartesianIndex(1, 4) with c.
346    258    23         114.9500   142.9500   24.3584    % 
LB close or above UB, fathomed
347    257    22         114.9500   142.9500   24.3584    % 
LB close or above UB, fathomed
348    256    21         114.9500   142.9500   24.3584    % 
LB close or above UB, fathomed
349    255    23         114.9500   142.9500   24.3584    % 
UB: 142.95
branching on 1 with b.
350    256    23         114.9500   142.9500   24.3584    % 
LB close or above UB, fathomed
351    255    29         114.9500   142.9500   24.3584    % 
UB: 142.95
branching on CartesianIndex(7, 3) with a.
352    256    30         114.9500   142.9500   24.3584    % 
UB: 142.95
branching on CartesianIndex(8, 3) with a.
353    257    30         114.9500   142.9500   24.3584    % 
UB: 142.95
branching on CartesianIndex(1, 4) with c.
354    258    29         114.9500   142.9500   24.3584    % 
LB close or above UB, fathomed
355    257    16         114.9500   142.9500   24.3584    % 
UB: 142.95
branching on CartesianIndex(1, 3) with a.
356    258    17         114.9500   142.9500   24.3584    % 
UB: 142.95
branching on CartesianIndex(2, 3) with a.
357    259    18         114.9500   142.9500   24.3584    % 
UB: 142.95
branching on CartesianIndex(3, 3) with a.
358    260    19         114.9500   142.9500   24.3584    % 
UB: 142.95
branching on CartesianIndex(4, 3) with a.
359    261    20         114.9500   142.9500   24.3584    % 
UB: 142.95
branching on CartesianIndex(5, 3) with a.
360    262    20         114.9500   142.9500   24.3584    % 
UB: 142.95
branching on CartesianIndex(1, 4) with c.
361    263    19         114.9500   142.9500   24.3584    % 
LB close or above UB, fathomed
362    262    18         114.9500   142.9500   24.3584    % 
LB close or above UB, fathomed
363    261    17         114.9500   142.9500   24.3584    % 
LB close or above UB, fathomed
364    260    16         114.9500   142.9500   24.3584    % 
LB close or above UB, fathomed
365    259    16         114.9500   142.9500   24.3584    % 
UB: 142.95
branching on 3 with b.
366    260    17         114.9500   142.9500   24.3584    % 
UB: 142.95
branching on CartesianIndex(7, 2) with a.
367    261    18         114.9500   142.9500   24.3584    % 
UB: 142.95
branching on 1 with b.
368    262    18         114.9500   142.9500   24.3584    % 
UB: 142.95
branching on 1 with b.
369    263    17         114.9500   142.9500   24.3584    % 
LB close or above UB, fathomed
370    262    16         114.9500   142.9500   24.3584    % 
UB: 142.95
branching on 3 with b.
371    263    18         114.9500   142.9500   24.3584    % 
LB close or above UB, fathomed
372    262    18         114.9500   142.9500   24.3584    % 
UB: 142.95
branching on CartesianIndex(1, 2) with a.
373    263    19         114.9500   142.9500   24.3584    % 
UB: 142.95
branching on 3 with b.
374    264    20         114.9500   142.9500   24.3584    % 
UB: 142.95
branching on 1 with b.
375    265    21         114.9500   142.9500   24.3584    % 
UB: 142.95
branching on CartesianIndex(2, 2) with a.
376    266    22         114.9500   142.9500   24.3584    % 
UB: 142.95
branching on 2 with b.
377    267    22         114.9500   142.9500   24.3584    % 
UB: 142.95
branching on CartesianIndex(1, 3) with a.
378    268    21         114.9500   142.9500   24.3584    % 
UB: 142.95
branching on CartesianIndex(2, 2) with a.
379    269    20         114.9500   142.9500   24.3584    % 
UB: 142.95
branching on CartesianIndex(2, 2) with a.
380    270    19         114.9500   142.9500   24.3584    % 
LB close or above UB, fathomed
381    269    15         114.9500   142.9500   24.3584    % 
UB: 142.95
branching on 3 with b.
382    270    16         114.9500   142.9500   24.3584    % 
UB: 142.95
branching on CartesianIndex(3, 3) with a.
383    271    17         114.9500   142.9500   24.3584    % 
UB: 142.95
branching on CartesianIndex(4, 3) with a.
384    272    18         114.9500   142.9500   24.3584    % 
UB: 142.95
branching on CartesianIndex(5, 3) with a.
385    273    18         114.9500   142.9500   24.3584    % 
UB: 142.95
branching on CartesianIndex(1, 4) with c.
386    274    17         114.9500   142.9500   24.3584    % 
LB close or above UB, fathomed
387    273    16         114.9500   142.9500   24.3584    % 
UB: 142.95
branching on CartesianIndex(3, 3) with a.
388    274    15         114.9500   142.9500   24.3584    % 
UB: 142.95
branching on CartesianIndex(3, 3) with a.
389    275    17         114.9500   142.9500   24.3584    % 
UB: 142.95
branching on CartesianIndex(4, 3) with a.
390    276    18         114.9500   142.9500   24.3584    % 
UB: 142.95
branching on CartesianIndex(5, 3) with a.
391    277    18         114.9500   142.9500   24.3584    % 
UB: 142.95
branching on CartesianIndex(1, 4) with c.
392    278    17         114.9500   142.9500   24.3584    % 
LB close or above UB, fathomed
393    277    18         114.9500   142.9500   24.3584    % 
UB: 142.95
branching on CartesianIndex(2, 3) with a.
394    278    19         114.9500   142.9500   24.3584    % 
UB: 142.95
branching on CartesianIndex(3, 3) with a.
395    279    20         114.9500   142.9500   24.3584    % 
UB: 142.95
branching on CartesianIndex(4, 3) with a.
396    280    21         114.9500   142.9500   24.3584    % 
UB: 142.95
branching on CartesianIndex(5, 3) with a.
397    281    21         114.9500   142.9500   24.3584    % 
UB: 142.95
branching on CartesianIndex(1, 4) with c.
398    282    20         114.9500   142.9500   24.3584    % 
LB close or above UB, fathomed
399    281    19         114.9500   142.9500   24.3584    % 
LB close or above UB, fathomed
400    280    18         114.9500   142.9500   24.3584    % 
LB close or above UB, fathomed
401    279    14         114.9500   142.9500   24.3584    % 
UB: 142.95
branching on 1 with b.
402    280    15         114.9500   142.9500   24.3584    % 
UB: 142.95
branching on CartesianIndex(2, 4) with c.
403    281    15         114.9500   142.9500   24.3584    % 
UB: 142.95
branching on 1 with b.
404    282    14         114.9500   142.9500   24.3584    % 
UB: 142.95
branching on 1 with b.
405    283    19         114.9500   142.9500   24.3584    % 
UB: 142.95
branching on CartesianIndex(1, 3) with a.
406    284    19         114.9500   142.9500   24.3584    % 
UB: 142.95
branching on CartesianIndex(1, 3) with a.
407    285    23         114.9500   142.9500   24.3584    % 
UB: 142.95
branching on CartesianIndex(1, 3) with a.
408    286    23         114.9500   142.9500   24.3584    % 
UB: 142.95
branching on CartesianIndex(1, 3) with a.
409    287    14         114.9500   142.9500   24.3584    % 
UB: 142.95
branching on CartesianIndex(4, 2) with a.
410    288    14         114.9500   142.9500   24.3584    % 
UB: 142.95
branching on 3 with b.
411    289    15         114.9500   142.9500   24.3584    % 
UB: 142.95
branching on CartesianIndex(1, 3) with a.
412    290    16         114.9500   142.9500   24.3584    % 
UB: 142.95
branching on CartesianIndex(2, 3) with a.
413    291    17         114.9500   142.9500   24.3584    % 
UB: 142.95
branching on CartesianIndex(3, 3) with a.
414    292    18         114.9500   142.9500   24.3584    % 
UB: 142.95
branching on 1 with b.
415    293    19         114.9500   142.9500   24.3584    % 
UB: 142.95
branching on CartesianIndex(4, 3) with a.
416    294    20         114.9500   142.9500   24.3584    % 
UB: 142.95
branching on 2 with b.
417    295    21         114.9500   142.9500   24.3584    % 
UB: 142.95
branching on CartesianIndex(5, 3) with a.
418    296    21         114.9500   142.9500   24.3584    % 
UB: 142.95
branching on CartesianIndex(5, 3) with a.
419    297    20         114.9500   142.9500   24.3584    % 
UB: 142.95
branching on CartesianIndex(1, 4) with c.
420    298    19         114.9500   142.9500   24.3584    % 
LB close or above UB, fathomed
421    297    18         114.9500   142.9500   24.3584    % 
UB: 142.95
branching on 1 with b.
422    298    17         114.9500   142.9500   24.3584    % 
UB: 142.95
branching on 1 with b.
423    299    16         114.9500   142.9500   24.3584    % 
LB close or above UB, fathomed
424    298    15         114.9500   142.9500   24.3584    % 
UB: 142.95
branching on CartesianIndex(1, 3) with a.
425    299    21         114.9500   142.9500   24.3584    % 
UB: 142.95
branching on CartesianIndex(7, 2) with a.
426    300    21         114.9500   142.9500   24.3584    % 
UB: 142.95
branching on CartesianIndex(1, 3) with a.
427    301    12         114.9500   142.9500   24.3584    % 
UB: 142.95
branching on 3 with b.
428    302    12         114.9500   142.9500   24.3584    % 
UB: 142.95
branching on 3 with b.
429    303    23         114.9500   142.9500   24.3584    % 
UB: 142.95
branching on CartesianIndex(8, 3) with a.
430    304    23         114.9500   142.9500   24.3584    % 
UB: 142.95
branching on CartesianIndex(1, 4) with c.
431    305    20         114.9500   142.9500   24.3584    % 
UB: 142.95
branching on CartesianIndex(5, 3) with a.
432    306    20         114.9500   142.9500   24.3584    % 
UB: 142.95
branching on CartesianIndex(1, 4) with c.
433    307    15         114.9500   142.9500   24.3584    % 
UB: 142.95
branching on 2 with b.
434    308    15         114.9500   142.9500   24.3584    % 
UB: 142.95
branching on CartesianIndex(4, 2) with a.
435    309    16         114.9500   142.9500   24.3584    % 
UB: 142.95
branching on CartesianIndex(5, 2) with a.
436    310    17         114.9500   142.9500   24.3584    % 
UB: 142.95
branching on CartesianIndex(6, 2) with a.
437    311    17         114.9500   142.9500   24.3584    % 
UB: 142.95
branching on CartesianIndex(1, 3) with a.
438    312    16         114.9500   142.9500   24.3584    % 
UB: 142.95
branching on CartesianIndex(1, 3) with a.
439    313    22         117.6974   142.9500   21.4555    % 
UB: 142.95
branching on 3 with b.
440    314    23         117.6974   142.9500   21.4555    % 
UB: 142.95
branching on 1 with b.
441    315    23         117.6974   142.9500   21.4555    % 
UB: 142.95
branching on CartesianIndex(2, 3) with a.
442    316    22         117.6974   142.9500   21.4555    % 
LB close or above UB, fathomed
443    315    24         117.7089   142.9500   21.4436    % 
UB: 142.95
branching on CartesianIndex(2, 3) with a.
444    316    25         117.7089   142.9500   21.4436    % 
UB: 142.95
branching on CartesianIndex(3, 3) with a.
445    317    26         117.7089   142.9500   21.4436    % 
UB: 142.95
branching on CartesianIndex(4, 3) with a.
446    318    27         117.7089   142.9500   21.4436    % 
UB: 142.95
branching on CartesianIndex(5, 3) with a.
447    319    27         117.7089   142.9500   21.4436    % 
UB: 142.95
branching on CartesianIndex(1, 4) with c.
448    320    26         117.7089   142.9500   21.4436    % 
LB close or above UB, fathomed
449    319    25         117.7089   142.9500   21.4436    % 
LB close or above UB, fathomed
450    318    24         117.7089   142.9500   21.4436    % 
LB close or above UB, fathomed
451    317    16         117.7500   142.9500   21.4013    % 
UB: 142.95
branching on CartesianIndex(2, 3) with a.
452    318    17         117.7500   142.9500   21.4013    % 
UB: 142.95
branching on CartesianIndex(3, 3) with a.
453    319    17         117.7500   142.9500   21.4013    % 
UB: 142.95
branching on CartesianIndex(1, 4) with c.
454    320    16         117.7500   142.9500   21.4013    % 
LB close or above UB, fathomed
455    319    22         117.7500   142.9500   21.4013    % 
UB: 142.95
branching on 3 with b.
456    320    23         117.7500   142.9500   21.4013    % 
UB: 142.95
branching on CartesianIndex(6, 3) with a.
457    321    23         117.7500   142.9500   21.4013    % 
UB: 142.95
branching on 1 with b.
458    322    22         117.7500   142.9500   21.4013    % 
LB close or above UB, fathomed
459    321    19         117.7500   142.9500   21.4013    % 
UB: 142.95
branching on CartesianIndex(6, 3) with a.
460    322    20         117.7500   142.9500   21.4013    % 
UB: 142.95
branching on CartesianIndex(7, 3) with a.
461    323    20         117.7500   142.9500   21.4013    % 
UB: 142.95
branching on CartesianIndex(1, 4) with c.
462    324    19         117.7500   142.9500   21.4013    % 
LB close or above UB, fathomed
463    323    22         117.7500   142.9500   21.4013    % 
UB: 142.95
branching on CartesianIndex(1, 3) with a.
464    324    23         117.7500   142.9500   21.4013    % 
UB: 142.95
branching on 3 with b.
465    325    24         117.7500   142.9500   21.4013    % 
UB: 142.95
branching on CartesianIndex(2, 3) with a.
466    326    25         117.7500   142.9500   21.4013    % 
UB: 142.95
branching on CartesianIndex(3, 3) with a.
467    327    26         117.7500   142.9500   21.4013    % 
UB: 142.95
branching on 1 with b.
468    328    27         117.7500   142.9500   21.4013    % 
UB: 142.95
branching on CartesianIndex(4, 3) with a.
469    329    27         117.7500   142.9500   21.4013    % 
UB: 142.95
branching on CartesianIndex(4, 3) with a.
470    330    26         117.7500   142.9500   21.4013    % 
UB: 142.95
branching on CartesianIndex(1, 4) with c.
471    331    25         117.7500   142.9500   21.4013    % 
LB close or above UB, fathomed
472    330    24         117.7500   142.9500   21.4013    % 
UB: 142.95
branching on CartesianIndex(2, 3) with a.
473    331    25         117.7500   142.9500   21.4013    % 
UB: 142.95
branching on CartesianIndex(3, 3) with a.
474    332    26         117.7500   142.9500   21.4013    % 
UB: 142.95
branching on 1 with b.
475    333    26         117.7500   142.9500   21.4013    % 
UB: 142.95
branching on CartesianIndex(1, 4) with c.
476    334    25         117.7500   142.9500   21.4013    % 
UB: 142.95
branching on CartesianIndex(1, 4) with c.
477    335    23         117.7500   142.9500   21.4013    % 
LB close or above UB, fathomed
478    334    22         117.7500   142.9500   21.4013    % 
LB close or above UB, fathomed
479    333    26         117.7500   142.9500   21.4013    % 
UB: 142.95
branching on CartesianIndex(5, 3) with a.
480    334    26         117.7500   142.9500   21.4013    % 
UB: 142.95
branching on CartesianIndex(1, 4) with c.
481    335    12         117.7500   142.9500   21.4013    % 
UB: 142.95
branching on 1 with b.
482    336    13         117.7500   142.9500   21.4013    % 
LB close or above UB, fathomed
483    335    13         117.7500   142.9500   21.4013    % 
UB: 142.95
branching on CartesianIndex(2, 3) with a.
484    336    12         117.7500   142.9500   21.4013    % 
LB close or above UB, fathomed
485    335    13         117.7500   142.9500   21.4013    % 
UB: 142.95
branching on CartesianIndex(6, 1) with a.
486    336    14         117.7500   142.9500   21.4013    % 
UB: 142.95
branching on CartesianIndex(7, 1) with a.
487    337    15         117.7500   142.9500   21.4013    % 
UB: 142.95
branching on CartesianIndex(8, 1) with a.
488    338    15         117.7500   142.9500   21.4013    % 
UB: 142.95
branching on CartesianIndex(1, 2) with a.
489    339    14         117.7500   142.9500   21.4013    % 
LB close or above UB, fathomed
490    338    13         117.7500   142.9500   21.4013    % 
UB: 142.95
branching on CartesianIndex(6, 1) with a.
491    339    14         117.7500   142.9500   21.4013    % 
UB: 142.95
branching on CartesianIndex(7, 1) with a.
492    340    15         117.7500   142.9500   21.4013    % 
UB: 142.95
branching on CartesianIndex(8, 1) with a.
493    341    15         117.7500   142.9500   21.4013    % 
UB: 142.95
branching on CartesianIndex(1, 2) with a.
494    342    14         117.7500   142.9500   21.4013    % 
LB close or above UB, fathomed
495    341    22         117.7500   142.9500   21.4013    % 
UB: 142.95
branching on CartesianIndex(2, 3) with a.
496    342    23         117.7500   142.9500   21.4013    % 
UB: 142.95
branching on CartesianIndex(3, 3) with a.
497    343    24         117.7500   142.9500   21.4013    % 
UB: 142.95
branching on CartesianIndex(4, 3) with a.
498    344    25         117.7500   142.9500   21.4013    % 
UB: 142.95
branching on 1 with b.
499    345    26         117.7500   142.9500   21.4013    % 
UB: 142.95
branching on CartesianIndex(5, 3) with a.
500    346    26         117.7500   142.9500   21.4013    % 
UB: 142.95
branching on CartesianIndex(5, 3) with a.
501    347    25         117.7500   142.9500   21.4013    % 
LB close or above UB, fathomed
502    346    24         117.7500   142.9500   21.4013    % 
UB: 142.95
branching on CartesianIndex(1, 4) with c.
503    347    23         117.7500   142.9500   21.4013    % 
LB close or above UB, fathomed
504    346    22         117.7500   142.9500   21.4013    % 
LB close or above UB, fathomed
505    345    24         117.7500   142.9500   21.4013    % 
UB: 142.95
branching on CartesianIndex(2, 3) with a.
506    346    25         117.7500   142.9500   21.4013    % 
UB: 142.95
branching on CartesianIndex(3, 3) with a.
507    347    26         117.7500   142.9500   21.4013    % 
UB: 142.95
branching on CartesianIndex(4, 3) with a.
508    348    27         117.7500   142.9500   21.4013    % 
UB: 142.95
branching on CartesianIndex(5, 3) with a.
509    349    27         117.7500   142.9500   21.4013    % 
UB: 142.95
branching on CartesianIndex(1, 4) with c.
510    350    26         117.7500   142.9500   21.4013    % 
LB close or above UB, fathomed
511    349    25         117.7500   142.9500   21.4013    % 
LB close or above UB, fathomed
512    348    24         117.7500   142.9500   21.4013    % 
LB close or above UB, fathomed
513    347    16         117.7500   142.9500   21.4013    % 
UB: 142.95
branching on 2 with b.
514    348    17         117.7500   142.9500   21.4013    % 
UB: 142.95
branching on CartesianIndex(2, 4) with c.
515    349    18         117.7500   142.9500   21.4013    % 
UB: 142.95
branching on CartesianIndex(3, 4) with c.
516    350    18         117.7500   142.9500   21.4013    % 
UB: 142.95
branching on 3 with b.
517    351    17         117.7500   142.9500   21.4013    % 
UB: 142.95
branching on CartesianIndex(2, 4) with c.
518    352    16         117.7500   142.9500   21.4013    % 
UB: 142.95
branching on 2 with b.
519    353    31         117.7500   142.9500   21.4013    % 
UB: 142.95
branching on 2 with b.
520    354    32         117.7500   142.9500   21.4013    % 
UB: 142.95
branching on CartesianIndex(2, 4) with c.
521    355    33         117.7500   142.9500   21.4013    % 
LB close or above UB, fathomed
522    354    33         117.7500   142.9500   21.4013    % 
UB: 142.95
branching on 3 with b.
523    355    32         117.7500   142.9500   21.4013    % 
UB: 142.95
branching on CartesianIndex(2, 4) with c.
524    356    33         117.7500   142.9500   21.4013    % 
LB close or above UB, fathomed
525    355    33         117.7500   142.9500   21.4013    % 
UB: 142.95
branching on CartesianIndex(1, 5) with c.
526    356    31         117.7500   142.9500   21.4013    % 
LB close or above UB, fathomed
527    355    24         117.7500   142.9500   21.4013    % 
UB: 142.95
branching on CartesianIndex(6, 3) with a.
528    356    24         117.7500   142.9500   21.4013    % 
UB: 142.95
branching on CartesianIndex(6, 3) with a.
529    357    25         117.7500   142.9500   21.4013    % 
UB: 142.95
branching on CartesianIndex(5, 3) with a.
530    358    25         117.7500   142.9500   21.4013    % 
UB: 142.95
branching on 1 with b.
531    359    20         117.7500   142.9500   21.4013    % 
UB: 142.95
branching on CartesianIndex(7, 2) with a.
532    360    20         117.7500   142.9500   21.4013    % 
UB: 142.95
branching on 3 with b.
533    361    18         117.7500   142.9500   21.4013    % 
UB: 142.95
branching on CartesianIndex(6, 3) with a.
534    362    19         117.7500   142.9500   21.4013    % 
UB: 142.95
branching on CartesianIndex(7, 3) with a.
535    363    19         117.7500   142.9500   21.4013    % 
UB: 142.95
branching on CartesianIndex(1, 4) with c.
536    364    18         117.7500   142.9500   21.4013    % 
LB close or above UB, fathomed
537    363    18         117.7500   142.9500   21.4013    % 
UB: 142.95
branching on CartesianIndex(7, 3) with a.
538    364    18         117.7500   142.9500   21.4013    % 
LB close or above UB, fathomed
539    363    29         117.7500   142.9500   21.4013    % 
UB: 142.95
branching on CartesianIndex(7, 3) with a.
540    364    30         117.7500   142.9500   21.4013    % 
LB close or above UB, fathomed
541    363    30         117.7500   142.9500   21.4013    % 
UB: 142.95
branching on CartesianIndex(1, 4) with c.
542    364    31         117.7500   142.9500   21.4013    % 
UB: 142.95
branching on CartesianIndex(2, 4) with c.
543    365    32         117.7500   142.9500   21.4013    % 
LB close or above UB, fathomed
544    364    32         117.7500   142.9500   21.4013    % 
UB: 142.95
branching on CartesianIndex(1, 5) with c.
545    365    31         117.7500   142.9500   21.4013    % 
LB close or above UB, fathomed
546    364    29         117.7500   142.9500   21.4013    % 
LB close or above UB, fathomed
547    363    22         117.7500   142.9500   21.4013    % 
UB: 142.95
branching on CartesianIndex(2, 3) with a.
548    364    23         117.7500   142.9500   21.4013    % 
UB: 142.95
branching on CartesianIndex(3, 3) with a.
549    365    24         117.7500   142.9500   21.4013    % 
UB: 142.95
branching on CartesianIndex(4, 3) with a.
550    366    25         117.7500   142.9500   21.4013    % 
UB: 142.95
branching on CartesianIndex(5, 3) with a.
551    367    25         117.7500   142.9500   21.4013    % 
UB: 142.95
branching on 3 with b.
552    368    24         117.7500   142.9500   21.4013    % 
UB: 142.95
branching on CartesianIndex(1, 4) with c.
553    369    23         117.7500   142.9500   21.4013    % 
UB: 142.95
branching on CartesianIndex(1, 4) with c.
554    370    22         117.7500   142.9500   21.4013    % 
LB close or above UB, fathomed
555    369    18         117.7500   142.9500   21.4013    % 
UB: 142.95
branching on CartesianIndex(1, 3) with a.
556    370    18         117.7500   142.9500   21.4013    % 
UB: 142.95
branching on 2 with b.
557    371    19         117.7500   142.9500   21.4013    % 
UB: 142.95
branching on CartesianIndex(1, 3) with a.
558    372    20         117.7500   142.9500   21.4013    % 
UB: 142.95
branching on CartesianIndex(2, 3) with a.
559    373    21         117.7500   142.9500   21.4013    % 
UB: 142.95
branching on CartesianIndex(3, 3) with a.
560    374    22         117.7500   142.9500   21.4013    % 
UB: 142.95
branching on CartesianIndex(4, 3) with a.
561    375    23         117.7500   142.9500   21.4013    % 
UB: 142.95
branching on CartesianIndex(5, 3) with a.
562    376    23         117.7500   142.9500   21.4013    % 
UB: 142.95
branching on 3 with b.
563    377    22         117.7500   142.9500   21.4013    % 
LB close or above UB, fathomed
564    376    21         117.7500   142.9500   21.4013    % 
LB close or above UB, fathomed
565    375    20         117.7500   142.9500   21.4013    % 
LB close or above UB, fathomed
566    374    19         117.7500   142.9500   21.4013    % 
UB: 142.95
branching on 3 with b.
567    375    15         117.7500   142.9500   21.4013    % 
UB: 142.95
branching on CartesianIndex(2, 3) with a.
568    376    16         117.7500   142.9500   21.4013    % 
UB: 142.95
branching on 3 with b.
569    377    17         117.7500   142.9500   21.4013    % 
UB: 142.95
branching on 1 with b.
570    378    18         117.7500   142.9500   21.4013    % 
UB: 142.95
branching on 2 with b.
571    379    18         117.7500   142.9500   21.4013    % 
UB: 142.95
branching on CartesianIndex(3, 3) with a.
572    380    19         117.7500   142.9500   21.4013    % 
UB: 142.95
branching on CartesianIndex(4, 3) with a.
573    381    20         117.7500   142.9500   21.4013    % 
UB: 142.95
branching on 2 with b.
574    382    20         117.7500   142.9500   21.4013    % 
UB: 142.95
branching on 2 with b.
575    383    19         117.7500   142.9500   21.4013    % 
LB close or above UB, fathomed
576    382    17         117.7500   142.9500   21.4013    % 
LB close or above UB, fathomed
577    381    16         117.7500   142.9500   21.4013    % 
LB close or above UB, fathomed
578    380    15         117.7500   142.9500   21.4013    % 
LB close or above UB, fathomed
579    379    26         117.7500   142.9500   21.4013    % 
UB: 142.95
branching on CartesianIndex(5, 3) with a.
580    380    26         117.7500   142.9500   21.4013    % 
UB: 142.95
branching on CartesianIndex(1, 4) with c.
581    381    19         117.7500   142.9500   21.4013    % 
UB: 142.95
branching on CartesianIndex(6, 3) with a.
582    382    20         117.7500   142.9500   21.4013    % 
UB: 142.95
branching on CartesianIndex(7, 3) with a.
583    383    20         117.7500   142.9500   21.4013    % 
LB close or above UB, fathomed
584    382    19         117.7500   142.9500   21.4013    % 
LB close or above UB, fathomed
585    381    13         117.7500   142.9500   21.4013    % 
UB: 142.95
branching on 1 with b.
586    382    14         117.7500   142.9500   21.4013    % 
UB: 142.95
branching on 2 with b.
587    383    14         117.7500   142.9500   21.4013    % 
UB: 142.95
branching on CartesianIndex(3, 3) with a.
588    384    15         117.7500   142.9500   21.4013    % 
UB: 142.95
branching on CartesianIndex(4, 3) with a.
589    385    16         117.7500   142.9500   21.4013    % 
UB: 142.95
branching on CartesianIndex(5, 3) with a.
590    386    16         117.7500   142.9500   21.4013    % 
UB: 142.95
branching on CartesianIndex(1, 4) with c.
591    387    15         117.7500   142.9500   21.4013    % 
LB close or above UB, fathomed
592    386    13         117.7500   142.9500   21.4013    % 
LB close or above UB, fathomed
593    385    22         117.7500   142.9500   21.4013    % 
UB: 142.95
branching on CartesianIndex(8, 2) with a.
594    386    23         117.7500   142.9500   21.4013    % 
UB: 142.95
branching on CartesianIndex(1, 3) with a.
595    387    23         117.7500   142.9500   21.4013    % 
UB: 142.95
branching on CartesianIndex(1, 3) with a.
596    388    22         117.7500   142.9500   21.4013    % 
LB close or above UB, fathomed
597    387    15         117.7500   142.9500   21.4013    % 
UB: 142.95
branching on CartesianIndex(2, 3) with a.
598    388    16         117.7500   142.9500   21.4013    % 
UB: 142.95
branching on CartesianIndex(3, 3) with a.
599    389    17         117.7500   142.9500   21.4013    % 
UB: 142.95
branching on 2 with b.
600    390    18         117.7500   142.9500   21.4013    % 
UB: 142.95
branching on CartesianIndex(4, 3) with a.
601    391    18         117.7500   142.9500   21.4013    % 
UB: 142.95
branching on 3 with b.
602    392    17         117.7500   142.9500   21.4013    % 
LB close or above UB, fathomed
603    391    16         117.7500   142.9500   21.4013    % 
LB close or above UB, fathomed
604    390    15         117.7500   142.9500   21.4013    % 
LB close or above UB, fathomed
605    389    19         117.7500   142.9500   21.4013    % 
UB: 142.95
branching on CartesianIndex(2, 3) with a.
606    390    20         117.7500   142.9500   21.4013    % 
UB: 142.95
branching on CartesianIndex(3, 3) with a.
607    391    21         117.7500   142.9500   21.4013    % 
UB: 142.95
branching on CartesianIndex(4, 3) with a.
608    392    22         117.7500   142.9500   21.4013    % 
UB: 142.95
branching on CartesianIndex(5, 3) with a.
609    393    22         117.7500   142.9500   21.4013    % 
UB: 142.95
branching on CartesianIndex(1, 4) with c.
610    394    21         117.7500   142.9500   21.4013    % 
LB close or above UB, fathomed
611    393    20         117.7500   142.9500   21.4013    % 
LB close or above UB, fathomed
612    392    19         117.7500   142.9500   21.4013    % 
LB close or above UB, fathomed
613    391    20         117.7500   142.9500   21.4013    % 
UB: 142.95
branching on CartesianIndex(2, 3) with a.
614    392    21         117.7500   142.9500   21.4013    % 
UB: 142.95
branching on CartesianIndex(3, 3) with a.
615    393    22         117.7500   142.9500   21.4013    % 
UB: 142.95
branching on 2 with b.
616    394    23         117.7500   142.9500   21.4013    % 
UB: 142.95
branching on CartesianIndex(4, 3) with a.
617    395    23         117.7500   142.9500   21.4013    % 
UB: 142.95
branching on 3 with b.
618    396    24         117.7500   142.9500   21.4013    % 
UB: 142.95
branching on CartesianIndex(4, 3) with a.
619    397    24         117.7500   142.9500   21.4013    % 
UB: 142.95
branching on 1 with b.
620    398    22         117.7500   142.9500   21.4013    % 
LB close or above UB, fathomed
621    397    21         117.7500   142.9500   21.4013    % 
LB close or above UB, fathomed
622    396    20         117.7500   142.9500   21.4013    % 
LB close or above UB, fathomed
623    395    9          117.7500   142.9500   21.4013    % 
UB: 142.95
branching on 1 with b.
624    396    10         117.7500   142.9500   21.4013    % 
UB: 142.95
branching on CartesianIndex(2, 3) with a.
625    397    10         117.7500   142.9500   21.4013    % 
UB: 142.95
branching on 1 with b.
626    398    11         117.7500   142.9500   21.4013    % 
UB: 142.95
branching on 2 with b.
627    399    11         117.7500   142.9500   21.4013    % 
UB: 142.95
branching on CartesianIndex(2, 3) with a.
628    400    9          117.7500   142.9500   21.4013    % 
LB close or above UB, fathomed
629    399    21         117.7500   142.9500   21.4013    % 
UB: 142.95
branching on 2 with b.
630    400    21         117.7500   142.9500   21.4013    % 
UB: 142.95
branching on CartesianIndex(1, 5) with c.
631    401    14         117.7500   142.9500   21.4013    % 
UB: 142.95
branching on 2 with b.
632    402    14         117.7500   142.9500   21.4013    % 
UB: 142.95
branching on CartesianIndex(6, 1) with a.
633    403    21         117.7500   142.9500   21.4013    % 
UB: 142.95
branching on CartesianIndex(6, 2) with a.
634    404    22         117.7500   142.9500   21.4013    % 
UB: 142.95
branching on 1 with b.
635    405    22         117.7500   142.9500   21.4013    % 
UB: 142.95
branching on CartesianIndex(1, 3) with a.
636    406    21         117.7500   142.9500   21.4013    % 
UB: 142.95
branching on CartesianIndex(1, 3) with a.
637    407    16         117.7500   142.9500   21.4013    % 
UB: 142.95
branching on CartesianIndex(2, 3) with a.
638    408    17         117.7500   142.9500   21.4013    % 
UB: 142.95
branching on CartesianIndex(3, 3) with a.
639    409    18         117.7500   142.9500   21.4013    % 
UB: 142.95
branching on CartesianIndex(4, 3) with a.
640    410    19         117.7500   142.9500   21.4013    % 
UB: 142.95
branching on CartesianIndex(5, 3) with a.
641    411    19         117.7500   142.9500   21.4013    % 
UB: 142.95
branching on CartesianIndex(1, 4) with c.
642    412    18         117.7500   142.9500   21.4013    % 
LB close or above UB, fathomed
643    411    17         117.7500   142.9500   21.4013    % 
LB close or above UB, fathomed
644    410    16         117.7500   142.9500   21.4013    % 
LB close or above UB, fathomed
645    409    7          120.4660   142.9500   18.6642    % 
UB: 142.95
branching on 1 with b.
646    410    8          120.4660   142.9500   18.6642    % 
LB close or above UB, fathomed
647    409    8          120.4660   142.9500   18.6642    % 
UB: 142.95
branching on CartesianIndex(1, 2) with a.
648    410    9          120.4660   142.9500   18.6642    % 
UB: 142.95
branching on 2 with b.
649    411    10         120.4660   142.9500   18.6642    % 
UB: 142.95
branching on 3 with b.
650    412    11         120.4660   142.9500   18.6642    % 
UB: 142.95
branching on CartesianIndex(2, 2) with a.
651    413    12         120.4660   142.9500   18.6642    % 
UB: 142.95
branching on CartesianIndex(3, 2) with a.
652    414    13         120.4660   142.9500   18.6642    % 
UB: 142.95
branching on CartesianIndex(4, 2) with a.
653    415    13         120.4660   142.9500   18.6642    % 
UB: 142.95
branching on CartesianIndex(1, 3) with a.
654    416    12         120.4660   142.9500   18.6642    % 
UB: 142.95
branching on CartesianIndex(1, 3) with a.
655    417    11         120.4660   142.9500   18.6642    % 
UB: 142.95
branching on CartesianIndex(2, 2) with a.
656    418    10         120.4660   142.9500   18.6642    % 
UB: 142.95
branching on 3 with b.
657    419    9          120.4660   142.9500   18.6642    % 
UB: 142.95
branching on CartesianIndex(1, 3) with a.
658    420    7          120.4660   142.9500   18.6642    % 
UB: 142.95
branching on 1 with b.
659    421    26         120.4822   142.9500   18.6482    % 
UB: 142.95
branching on 1 with b.
660    422    26         120.4822   142.9500   18.6482    % 
LB close or above UB, fathomed
661    421    18         120.4826   142.9500   18.6478    % 
UB: 142.95
branching on CartesianIndex(6, 2) with a.
662    422    18         120.4826   142.9500   18.6478    % 
UB: 142.95
branching on CartesianIndex(1, 3) with a.
663    423    24         120.5500   142.9500   18.5815    % 
UB: 142.95
branching on 2 with b.
664    424    25         120.5500   142.9500   18.5815    % 
UB: 142.95
branching on CartesianIndex(2, 3) with a.
665    425    26         120.5500   142.9500   18.5815    % 
UB: 142.95
branching on CartesianIndex(3, 3) with a.
666    426    27         120.5500   142.9500   18.5815    % 
UB: 142.95
branching on CartesianIndex(4, 3) with a.
667    427    28         120.5500   142.9500   18.5815    % 
UB: 142.95
branching on CartesianIndex(5, 3) with a.
668    428    29         120.5500   142.9500   18.5815    % 
UB: 142.95
branching on CartesianIndex(6, 3) with a.
669    429    30         120.5500   142.9500   18.5815    % 
UB: 142.95
branching on CartesianIndex(7, 3) with a.
670    430    30         120.5500   142.9500   18.5815    % 
UB: 142.95
branching on CartesianIndex(1, 4) with c.
671    431    29         120.5500   142.9500   18.5815    % 
LB close or above UB, fathomed
672    430    28         120.5500   142.9500   18.5815    % 
LB close or above UB, fathomed
673    429    27         120.5500   142.9500   18.5815    % 
LB close or above UB, fathomed
674    428    26         120.5500   142.9500   18.5815    % 
LB close or above UB, fathomed
675    427    25         120.5500   142.9500   18.5815    % 
UB: 142.95
branching on 3 with b.
676    428    24         120.5500   142.9500   18.5815    % 
LB close or above UB, fathomed
677    427    26         120.5500   142.9500   18.5815    % 
UB: 142.95
branching on CartesianIndex(1, 4) with c.
678    428    26         120.5500   142.9500   18.5815    % 
UB: 142.95
branching on 2 with b.
679    429    27         120.5500   142.9500   18.5815    % 
UB: 142.95
branching on CartesianIndex(6, 3) with a.
680    430    27         120.5500   142.9500   18.5815    % 
LB close or above UB, fathomed
681    429    28         120.5500   142.9500   18.5815    % 
UB: 142.95
branching on CartesianIndex(5, 3) with a.
682    430    29         120.5500   142.9500   18.5815    % 
UB: 142.95
branching on CartesianIndex(6, 3) with a.
683    431    30         120.5500   142.9500   18.5815    % 
UB: 142.95
branching on CartesianIndex(7, 3) with a.
684    432    30         120.5500   142.9500   18.5815    % 
UB: 142.95
branching on CartesianIndex(1, 4) with c.
685    433    29         120.5500   142.9500   18.5815    % 
LB close or above UB, fathomed
686    432    28         120.5500   142.9500   18.5815    % 
LB close or above UB, fathomed
687    431    24         120.5500   142.9500   18.5815    % 
UB: 142.95
branching on CartesianIndex(7, 3) with a.
688    432    24         120.5500   142.9500   18.5815    % 
UB: 142.95
branching on CartesianIndex(1, 4) with c.
689    433    18         120.5500   142.9500   18.5815    % 
UB: 142.95
branching on CartesianIndex(4, 3) with a.
690    434    18         120.5500   142.9500   18.5815    % 
UB: 142.95
branching on CartesianIndex(1, 4) with c.
691    435    28         120.5500   142.9500   18.5815    % 
UB: 142.95
branching on CartesianIndex(6, 3) with a.
692    436    28         120.5500   142.9500   18.5815    % 
LB close or above UB, fathomed
693    435    24         120.5500   142.9500   18.5815    % 
UB: 142.95
branching on 2 with b.
694    436    24         120.5500   142.9500   18.5815    % 
LB close or above UB, fathomed
695    435    22         120.5500   142.9500   18.5815    % 
UB: 142.95
branching on CartesianIndex(6, 3) with a.
696    436    23         120.5500   142.9500   18.5815    % 
UB: 142.95
branching on CartesianIndex(7, 3) with a.
697    437    23         120.5500   142.9500   18.5815    % 
UB: 142.95
branching on CartesianIndex(1, 4) with c.
698    438    22         120.5500   142.9500   18.5815    % 
LB close or above UB, fathomed
699    437    15         120.5500   142.9500   18.5815    % 
UB: 142.95
branching on 3 with b.
700    438    16         120.5500   142.9500   18.5815    % 
UB: 142.95
branching on CartesianIndex(5, 2) with a.
701    439    17         120.5500   142.9500   18.5815    % 
UB: 142.95
branching on CartesianIndex(6, 2) with a.
702    440    17         120.5500   142.9500   18.5815    % 
UB: 142.95
branching on CartesianIndex(1, 3) with a.
703    441    16         120.5500   142.9500   18.5815    % 
UB: 142.95
branching on 1 with b.
704    442    15         120.5500   142.9500   18.5815    % 
LB close or above UB, fathomed
705    441    21         120.5500   142.9500   18.5815    % 
UB: 142.95
branching on CartesianIndex(6, 3) with a.
706    442    22         120.5500   142.9500   18.5815    % 
UB: 142.95
branching on CartesianIndex(7, 3) with a.
707    443    22         120.5500   142.9500   18.5815    % 
LB close or above UB, fathomed
708    442    21         120.5500   142.9500   18.5815    % 
LB close or above UB, fathomed
709    441    19         120.5500   142.9500   18.5815    % 
UB: 142.95
branching on CartesianIndex(8, 3) with a.
710    442    19         120.5500   142.9500   18.5815    % 
UB: 142.95
branching on CartesianIndex(1, 4) with c.
711    443    21         120.5500   142.9500   18.5815    % 
UB: 142.95
branching on CartesianIndex(2, 4) with c.
712    444    22         120.5500   142.9500   18.5815    % 
LB close or above UB, fathomed
713    443    22         120.5500   142.9500   18.5815    % 
UB: 142.95
branching on CartesianIndex(1, 5) with c.
714    444    21         120.5500   142.9500   18.5815    % 
LB close or above UB, fathomed
715    443    25         120.5500   142.9500   18.5815    % 
UB: 142.95
branching on CartesianIndex(8, 3) with a.
716    444    26         120.5500   142.9500   18.5815    % 
LB close or above UB, fathomed
717    443    26         120.5500   142.9500   18.5815    % 
UB: 142.95
branching on 1 with b.
718    444    27         120.5500   142.9500   18.5815    % 
UB: 142.95
branching on CartesianIndex(1, 4) with c.
719    445    27         120.5500   142.9500   18.5815    % 
UB: 142.95
branching on CartesianIndex(1, 4) with c.
720    446    25         120.5500   142.9500   18.5815    % 
LB close or above UB, fathomed
721    445    23         120.5500   142.9500   18.5815    % 
UB: 142.95
branching on CartesianIndex(7, 2) with a.
722    446    24         120.5500   142.9500   18.5815    % 
UB: 142.95
branching on CartesianIndex(8, 2) with a.
723    447    24         120.5500   142.9500   18.5815    % 
UB: 142.95
branching on 2 with b.
724    448    23         120.5500   142.9500   18.5815    % 
LB close or above UB, fathomed
725    447    25         120.5500   142.9500   18.5815    % 
UB: 142.95
branching on 2 with b.
726    448    26         120.5500   142.9500   18.5815    % 
UB: 142.95
branching on CartesianIndex(4, 3) with a.
727    449    26         120.5500   142.9500   18.5815    % 
UB: 142.95
branching on 3 with b.
728    450    25         120.5500   142.9500   18.5815    % 
LB close or above UB, fathomed
729    449    27         120.5500   142.9500   18.5815    % 
UB: 142.95
branching on CartesianIndex(6, 3) with a.
730    450    27         120.5500   142.9500   18.5815    % 
LB close or above UB, fathomed
731    449    16         120.5500   142.9500   18.5815    % 
UB: 142.95
branching on 1 with b.
732    450    17         120.5500   142.9500   18.5815    % 
UB: 142.95
branching on CartesianIndex(2, 2) with a.
733    451    17         120.5500   142.9500   18.5815    % 
LB close or above UB, fathomed
734    450    16         120.5500   142.9500   18.5815    % 
LB close or above UB, fathomed
735    449    14         120.5500   142.9500   18.5815    % 
UB: 142.95
branching on CartesianIndex(3, 3) with a.
736    450    15         120.5500   142.9500   18.5815    % 
UB: 142.95
branching on CartesianIndex(4, 3) with a.
737    451    16         120.5500   142.9500   18.5815    % 
UB: 142.95
branching on CartesianIndex(5, 3) with a.
738    452    17         120.5500   142.9500   18.5815    % 
UB: 142.95
branching on CartesianIndex(6, 3) with a.
739    453    18         120.5500   142.9500   18.5815    % 
UB: 142.95
branching on 2 with b.
740    454    19         120.5500   142.9500   18.5815    % 
UB: 142.95
branching on CartesianIndex(7, 3) with a.
741    455    20         120.5500   142.9500   18.5815    % 
UB: 142.95
branching on 3 with b.
742    456    20         120.5500   142.9500   18.5815    % 
UB: 142.95
branching on CartesianIndex(1, 4) with c.
743    457    19         120.5500   142.9500   18.5815    % 
UB: 142.95
branching on 3 with b.
744    458    18         120.5500   142.9500   18.5815    % 
UB: 142.95
branching on CartesianIndex(1, 4) with c.
745    459    17         120.5500   142.9500   18.5815    % 
UB: 142.95
branching on 2 with b.
746    460    16         120.5500   142.9500   18.5815    % 
UB: 142.95
branching on 2 with b.
747    461    15         120.5500   142.9500   18.5815    % 
UB: 142.95
branching on CartesianIndex(1, 4) with c.
748    462    14         120.5500   142.9500   18.5815    % 
UB: 142.95
branching on CartesianIndex(1, 4) with c.
749    463    18         120.5500   142.9500   18.5815    % 
UB: 142.95
branching on CartesianIndex(2, 3) with a.
750    464    19         120.5500   142.9500   18.5815    % 
UB: 142.95
branching on CartesianIndex(3, 3) with a.
751    465    20         120.5500   142.9500   18.5815    % 
UB: 142.95
branching on CartesianIndex(4, 3) with a.
752    466    21         120.5500   142.9500   18.5815    % 
UB: 142.95
branching on CartesianIndex(5, 3) with a.
753    467    21         120.5500   142.9500   18.5815    % 
UB: 142.95
branching on CartesianIndex(1, 4) with c.
754    468    20         120.5500   142.9500   18.5815    % 
LB close or above UB, fathomed
755    467    19         120.5500   142.9500   18.5815    % 
LB close or above UB, fathomed
756    466    18         120.5500   142.9500   18.5815    % 
LB close or above UB, fathomed
757    465    22         120.5500   142.9500   18.5815    % 
UB: 142.95
branching on CartesianIndex(6, 3) with a.
758    466    23         120.5500   142.9500   18.5815    % 
UB: 142.95
branching on 1 with b.
759    467    23         120.5500   142.9500   18.5815    % 
LB close or above UB, fathomed
760    466    22         120.5500   142.9500   18.5815    % 
LB close or above UB, fathomed
761    465    19         120.5500   142.9500   18.5815    % 
UB: 142.95
branching on 3 with b.
762    466    20         120.5500   142.9500   18.5815    % 
UB: 142.95
branching on 1 with b.
763    467    21         120.5500   142.9500   18.5815    % 
UB: 142.95
branching on 2 with b.
764    468    21         120.5500   142.9500   18.5815    % 
UB: 142.95
branching on CartesianIndex(6, 3) with a.
765    469    22         120.5500   142.9500   18.5815    % 
UB: 142.95
branching on CartesianIndex(7, 3) with a.
766    470    22         120.5500   142.9500   18.5815    % 
LB close or above UB, fathomed
767    469    20         120.5500   142.9500   18.5815    % 
LB close or above UB, fathomed
768    468    19         120.5500   142.9500   18.5815    % 
LB close or above UB, fathomed
769    467    23         120.5500   142.9500   18.5815    % 
UB: 142.95
branching on CartesianIndex(3, 2) with a.
770    468    23         120.5500   142.9500   18.5815    % 
UB: 142.95
branching on CartesianIndex(3, 2) with a.
771    469    22         120.5500   142.9500   18.5815    % 
UB: 142.95
branching on CartesianIndex(1, 3) with a.
772    470    23         120.5500   142.9500   18.5815    % 
UB: 142.95
branching on CartesianIndex(2, 3) with a.
773    471    24         120.5500   142.9500   18.5815    % 
UB: 142.95
branching on CartesianIndex(3, 3) with a.
774    472    25         120.5500   142.9500   18.5815    % 
UB: 142.95
branching on 3 with b.
775    473    25         120.5500   142.9500   18.5815    % 
UB: 142.95
branching on 3 with b.
776    474    24         120.5500   142.9500   18.5815    % 
UB: 142.95
branching on CartesianIndex(1, 4) with c.
777    475    23         120.5500   142.9500   18.5815    % 
LB close or above UB, fathomed
778    474    22         120.5500   142.9500   18.5815    % 
LB close or above UB, fathomed
779    473    22         120.5500   142.9500   18.5815    % 
UB: 142.95
branching on CartesianIndex(8, 2) with a.
780    474    23         120.5500   142.9500   18.5815    % 
UB: 142.95
branching on 1 with b.
781    475    23         120.5500   142.9500   18.5815    % 
UB: 142.95
branching on CartesianIndex(1, 3) with a.
782    476    22         120.5500   142.9500   18.5815    % 
UB: 142.95
branching on CartesianIndex(1, 3) with a.
783    477    20         120.5500   142.9500   18.5815    % 
UB: 142.95
branching on CartesianIndex(2, 3) with a.
784    478    21         120.5500   142.9500   18.5815    % 
UB: 142.95
branching on CartesianIndex(3, 3) with a.
785    479    22         120.5500   142.9500   18.5815    % 
UB: 142.95
branching on CartesianIndex(4, 3) with a.
786    480    23         120.5500   142.9500   18.5815    % 
UB: 142.95
branching on CartesianIndex(5, 3) with a.
787    481    23         120.5500   142.9500   18.5815    % 
UB: 142.95
branching on 1 with b.
788    482    22         120.5500   142.9500   18.5815    % 
LB close or above UB, fathomed
789    481    21         120.5500   142.9500   18.5815    % 
LB close or above UB, fathomed
790    480    20         120.5500   142.9500   18.5815    % 
LB close or above UB, fathomed
791    479    11         120.5500   142.9500   18.5815    % 
LB close or above UB, fathomed
792    478    11         120.5500   142.9500   18.5815    % 
UB: 142.95
branching on 2 with b.
793    479    12         120.5500   142.9500   18.5815    % 
UB: 142.95
branching on 3 with b.
794    480    12         120.5500   142.9500   18.5815    % 
UB: 142.95
branching on 3 with b.
795    481    18         120.5500   142.9500   18.5815    % 
UB: 142.95
branching on CartesianIndex(8, 1) with a.
796    482    19         120.5500   142.9500   18.5815    % 
LB close or above UB, fathomed
797    481    19         120.5500   142.9500   18.5815    % 
UB: 142.95
branching on CartesianIndex(1, 2) with a.
798    482    20         120.5500   142.9500   18.5815    % 
UB: 142.95
branching on CartesianIndex(2, 2) with a.
799    483    21         120.5500   142.9500   18.5815    % 
UB: 142.95
branching on CartesianIndex(3, 2) with a.
800    484    22         120.5500   142.9500   18.5815    % 
UB: 142.95
branching on CartesianIndex(4, 2) with a.
801    485    23         120.5500   142.9500   18.5815    % 
UB: 142.95
branching on CartesianIndex(5, 2) with a.
802    486    24         120.5500   142.9500   18.5815    % 
UB: 142.95
branching on CartesianIndex(6, 2) with a.
803    487    25         120.5500   142.9500   18.5815    % 
UB: 142.95
branching on CartesianIndex(7, 2) with a.
804    488    25         120.5500   142.9500   18.5815    % 
UB: 142.95
branching on 1 with b.
805    489    24         120.5500   142.9500   18.5815    % 
LB close or above UB, fathomed
806    488    23         120.5500   142.9500   18.5815    % 
LB close or above UB, fathomed
807    487    22         120.5500   142.9500   18.5815    % 
LB close or above UB, fathomed
808    486    21         120.5500   142.9500   18.5815    % 
LB close or above UB, fathomed
809    485    20         120.5500   142.9500   18.5815    % 
LB close or above UB, fathomed
810    484    18         120.5500   142.9500   18.5815    % 
UB: 142.95
branching on CartesianIndex(8, 1) with a.
811    485    24         120.5500   142.9500   18.5815    % 
UB: 142.95
branching on CartesianIndex(3, 3) with a.
812    486    25         120.5500   142.9500   18.5815    % 
UB: 142.95
branching on CartesianIndex(4, 3) with a.
813    487    26         120.5500   142.9500   18.5815    % 
UB: 142.95
branching on CartesianIndex(5, 3) with a.
814    488    27         120.5500   142.9500   18.5815    % 
UB: 142.95
branching on CartesianIndex(6, 3) with a.
815    489    28         120.5500   142.9500   18.5815    % 
UB: 142.95
branching on CartesianIndex(7, 3) with a.
816    490    28         120.5500   142.9500   18.5815    % 
UB: 142.95
branching on CartesianIndex(1, 4) with c.
817    491    27         120.5500   142.9500   18.5815    % 
LB close or above UB, fathomed
818    490    26         120.5500   142.9500   18.5815    % 
LB close or above UB, fathomed
819    489    25         120.5500   142.9500   18.5815    % 
LB close or above UB, fathomed
820    488    24         120.5500   142.9500   18.5815    % 
LB close or above UB, fathomed
821    487    14         120.5500   142.9500   18.5815    % 
UB: 142.95
branching on CartesianIndex(1, 2) with a.
822    488    15         120.5500   142.9500   18.5815    % 
UB: 142.95
branching on CartesianIndex(2, 2) with a.
823    489    16         120.5500   142.9500   18.5815    % 
UB: 142.95
branching on CartesianIndex(3, 2) with a.
824    490    17         120.5500   142.9500   18.5815    % 
UB: 142.95
branching on CartesianIndex(4, 2) with a.
825    491    18         120.5500   142.9500   18.5815    % 
UB: 142.95
branching on 1 with b.
826    492    19         120.5500   142.9500   18.5815    % 
UB: 142.95
branching on CartesianIndex(5, 2) with a.
827    493    20         120.5500   142.9500   18.5815    % 
UB: 142.95
branching on CartesianIndex(6, 2) with a.
828    494    21         120.5500   142.9500   18.5815    % 
UB: 142.95
branching on CartesianIndex(7, 2) with a.
829    495    22         120.5500   142.9500   18.5815    % 
UB: 142.95
branching on CartesianIndex(8, 2) with a.
830    496    23         120.5500   142.9500   18.5815    % 
UB: 142.95
branching on CartesianIndex(1, 3) with a.
831    497    23         120.5500   142.9500   18.5815    % 
UB: 142.95
branching on CartesianIndex(1, 3) with a.
832    498    24         120.5500   142.9500   18.5815    % 
UB: 142.95
branching on CartesianIndex(2, 3) with a.
833    499    25         120.5500   142.9500   18.5815    % 
UB: 142.95
branching on 2 with b.
834    500    26         120.5500   142.9500   18.5815    % 
UB: 142.95
branching on CartesianIndex(3, 3) with a.
835    501    27         120.5500   142.9500   18.5815    % 
UB: 142.95
branching on CartesianIndex(4, 3) with a.
836    502    28         120.5500   142.9500   18.5815    % 
UB: 142.95
branching on CartesianIndex(5, 3) with a.
837    503    28         120.5500   142.9500   18.5815    % 
UB: 142.95
branching on CartesianIndex(1, 4) with c.
838    504    27         120.5500   142.9500   18.5815    % 
LB close or above UB, fathomed
839    503    26         120.5500   142.9500   18.5815    % 
UB: 142.95
branching on 3 with b.
840    504    25         120.5500   142.9500   18.5815    % 
UB: 142.95
branching on CartesianIndex(1, 4) with c.
841    505    24         120.5500   142.9500   18.5815    % 
LB close or above UB, fathomed
842    504    22         120.5500   142.9500   18.5815    % 
UB: 142.95
branching on 2 with b.
843    505    21         120.5500   142.9500   18.5815    % 
UB: 142.95
branching on CartesianIndex(1, 3) with a.
844    506    20         120.5500   142.9500   18.5815    % 
UB: 142.95
branching on CartesianIndex(1, 3) with a.
845    507    19         120.5500   142.9500   18.5815    % 
LB close or above UB, fathomed
846    506    18         120.5500   142.9500   18.5815    % 
UB: 142.95
branching on 1 with b.
847    507    17         120.5500   142.9500   18.5815    % 
UB: 142.95
branching on CartesianIndex(1, 3) with a.
848    508    16         120.5500   142.9500   18.5815    % 
UB: 142.95
branching on 1 with b.
849    509    15         120.5500   142.9500   18.5815    % 
UB: 142.95
branching on CartesianIndex(1, 3) with a.
850    510    14         120.5500   142.9500   18.5815    % 
UB: 142.95
branching on CartesianIndex(1, 2) with a.
851    511    20         120.5500   142.9500   18.5815    % 
UB: 142.95
branching on CartesianIndex(2, 4) with c.
852    512    21         120.5500   142.9500   18.5815    % 
UB: 142.95
branching on 3 with b.
853    513    21         120.5500   142.9500   18.5815    % 
UB: 142.95
branching on 3 with b.
854    514    20         120.5500   142.9500   18.5815    % 
LB close or above UB, fathomed
855    513    18         120.5500   142.9500   18.5815    % 
UB: 142.95
branching on CartesianIndex(7, 2) with a.
856    514    19         120.5500   142.9500   18.5815    % 
UB: 142.95
branching on CartesianIndex(8, 2) with a.
857    515    19         120.5500   142.9500   18.5815    % 
UB: 142.95
branching on 1 with b.
858    516    20         120.5500   142.9500   18.5815    % 
UB: 142.95
branching on CartesianIndex(1, 3) with a.
859    517    21         120.5500   142.9500   18.5815    % 
UB: 142.95
branching on CartesianIndex(2, 3) with a.
860    518    22         120.5500   142.9500   18.5815    % 
UB: 142.95
branching on CartesianIndex(3, 3) with a.
861    519    23         120.5500   142.9500   18.5815    % 
UB: 142.95
branching on CartesianIndex(4, 3) with a.
862    520    24         120.5500   142.9500   18.5815    % 
UB: 142.95
branching on CartesianIndex(5, 3) with a.
863    521    25         120.5500   142.9500   18.5815    % 
UB: 142.95
branching on CartesianIndex(6, 3) with a.
864    522    26         120.5500   142.9500   18.5815    % 
UB: 142.95
branching on CartesianIndex(7, 3) with a.
865    523    27         120.5500   142.9500   18.5815    % 
UB: 142.95
branching on CartesianIndex(8, 3) with a.
866    524    28         120.5500   142.9500   18.5815    % 
LB close or above UB, fathomed
867    523    28         120.5500   142.9500   18.5815    % 
UB: 142.95
branching on 2 with b.
868    524    29         120.5500   142.9500   18.5815    % 
UB: 142.95
branching on 3 with b.
869    525    30         120.5500   142.9500   18.5815    % 
UB: 142.95
branching on CartesianIndex(1, 4) with c.
870    526    30         120.5500   142.9500   18.5815    % 
UB: 142.95
branching on CartesianIndex(1, 4) with c.
871    527    29         120.5500   142.9500   18.5815    % 
UB: 142.95
branching on CartesianIndex(1, 4) with c.
872    528    27         120.5500   142.9500   18.5815    % 
LB close or above UB, fathomed
873    527    26         120.5500   142.9500   18.5815    % 
UB: 142.95
branching on CartesianIndex(1, 4) with c.
874    528    25         120.5500   142.9500   18.5815    % 
LB close or above UB, fathomed
875    527    24         120.5500   142.9500   18.5815    % 
UB: 142.95
branching on 2 with b.
876    528    23         120.5500   142.9500   18.5815    % 
UB: 142.95
branching on CartesianIndex(1, 4) with c.
877    529    22         120.5500   142.9500   18.5815    % 
UB: 142.95
branching on CartesianIndex(1, 4) with c.
878    530    21         120.5500   142.9500   18.5815    % 
LB close or above UB, fathomed
879    529    20         120.5500   142.9500   18.5815    % 
LB close or above UB, fathomed
880    528    18         120.5500   142.9500   18.5815    % 
LB close or above UB, fathomed
881    527    24         120.5500   142.9500   18.5815    % 
UB: 142.95
branching on CartesianIndex(8, 3) with a.
882    528    25         120.5500   142.9500   18.5815    % 
LB close or above UB, fathomed
883    527    25         120.5500   142.9500   18.5815    % 
UB: 142.95
branching on CartesianIndex(1, 4) with c.
884    528    26         120.5500   142.9500   18.5815    % 
UB: 142.95
branching on CartesianIndex(2, 4) with c.
885    529    27         120.5500   142.9500   18.5815    % 
UB: 142.95
branching on CartesianIndex(3, 4) with c.
886    530    27         120.5500   142.9500   18.5815    % 
UB: 142.95
branching on CartesianIndex(1, 5) with c.
887    531    26         120.5500   142.9500   18.5815    % 
LB close or above UB, fathomed
888    530    24         120.5500   142.9500   18.5815    % 
LB close or above UB, fathomed
889    529    31         120.5500   142.9500   18.5815    % 
UB: 142.95
branching on CartesianIndex(8, 3) with a.
890    530    32         120.5500   142.9500   18.5815    % 
LB close or above UB, fathomed
891    529    32         120.5500   142.9500   18.5815    % 
UB: 142.95
branching on 2 with b.
892    530    33         120.5500   142.9500   18.5815    % 
UB: 142.95
branching on CartesianIndex(1, 4) with c.
893    531    33         120.5500   142.9500   18.5815    % 
UB: 142.95
branching on 3 with b.
894    532    31         120.5500   142.9500   18.5815    % 
LB close or above UB, fathomed
895    531    26         120.5500   142.9500   18.5815    % 
UB: 142.95
branching on CartesianIndex(2, 3) with a.
896    532    26         120.5500   142.9500   18.5815    % 
UB: 142.95
branching on CartesianIndex(2, 3) with a.
897    533    14         120.5500   142.9500   18.5815    % 
UB: 142.95
branching on CartesianIndex(5, 2) with a.
898    534    15         120.5500   142.9500   18.5815    % 
UB: 142.95
branching on CartesianIndex(6, 2) with a.
899    535    16         120.5500   142.9500   18.5815    % 
UB: 142.95
branching on CartesianIndex(7, 2) with a.
900    536    16         120.5500   142.9500   18.5815    % 
UB: 142.95
branching on CartesianIndex(1, 3) with a.
901    537    15         120.5500   142.9500   18.5815    % 
UB: 142.95
branching on CartesianIndex(1, 3) with a.
902    538    14         120.5500   142.9500   18.5815    % 
UB: 142.95
branching on CartesianIndex(1, 3) with a.
903    539    20         120.5500   142.9500   18.5815    % 
UB: 142.95
branching on CartesianIndex(6, 3) with a.
904    540    21         120.5500   142.9500   18.5815    % 
UB: 142.95
branching on 1 with b.
905    541    21         120.5500   142.9500   18.5815    % 
LB close or above UB, fathomed
906    540    20         120.5500   142.9500   18.5815    % 
LB close or above UB, fathomed
907    539    15         120.5500   142.9500   18.5815    % 
UB: 142.95
branching on CartesianIndex(6, 1) with a.
908    540    16         120.5500   142.9500   18.5815    % 
UB: 142.95
branching on 3 with b.
909    541    16         120.5500   142.9500   18.5815    % 
UB: 142.95
branching on CartesianIndex(1, 2) with a.
910    542    15         120.5500   142.9500   18.5815    % 
UB: 142.95
branching on CartesianIndex(6, 1) with a.
911    543    12         120.5500   142.9500   18.5815    % 
UB: 142.95
branching on CartesianIndex(2, 3) with a.
912    544    12         120.5500   142.9500   18.5815    % 
UB: 142.95
branching on 3 with b.
913    545    23         120.5500   142.9500   18.5815    % 
UB: 142.95
branching on CartesianIndex(6, 3) with a.
914    546    23         120.5500   142.9500   18.5815    % 
LB close or above UB, fathomed
915    545    19         120.5500   142.9500   18.5815    % 
UB: 142.95
branching on CartesianIndex(4, 3) with a.
916    546    20         120.5500   142.9500   18.5815    % 
UB: 142.95
branching on CartesianIndex(5, 3) with a.
917    547    20         120.5500   142.9500   18.5815    % 
UB: 142.95
branching on CartesianIndex(1, 4) with c.
918    548    19         120.5500   142.9500   18.5815    % 
LB close or above UB, fathomed
919    547    26         120.5500   142.9500   18.5815    % 
UB: 142.95
branching on 3 with b.
920    548    27         120.5500   142.9500   18.5815    % 
UB: 142.95
branching on CartesianIndex(6, 3) with a.
921    549    28         120.5500   142.9500   18.5815    % 
UB: 142.95
branching on CartesianIndex(7, 3) with a.
922    550    29         120.5500   142.9500   18.5815    % 
UB: 142.95
branching on CartesianIndex(8, 3) with a.
923    551    30         120.5500   142.9500   18.5815    % 
LB close or above UB, fathomed
924    550    30         120.5500   142.9500   18.5815    % 
UB: 142.95
branching on CartesianIndex(1, 4) with c.
925    551    31         120.5500   142.9500   18.5815    % 
UB: 142.95
branching on CartesianIndex(2, 4) with c.
926    552    31         120.5500   142.9500   18.5815    % 
UB: 140.15
branching on CartesianIndex(1, 5) with c.
927    553    32         120.5500   140.1500   16.2588    % 
UB: 140.15
branching on CartesianIndex(2, 5) with c.
928    520    33         120.5500   140.1500   16.2588    % 
LB close or above UB, fathomed
929    519    33         120.5500   140.1500   16.2588    % 
UB: 140.15
branching on CartesianIndex(1, 6) with c.
930    520    32         120.5500   140.1500   16.2588    % 
LB close or above UB, fathomed
931    519    29         120.5500   140.1500   16.2588    % 
LB close or above UB, fathomed
932    518    28         120.5500   140.1500   16.2588    % 
UB: 140.15
branching on 1 with b.
933    519    27         120.5500   140.1500   16.2588    % 
UB: 140.15
branching on CartesianIndex(6, 3) with a.
934    520    26         120.5500   140.1500   16.2588    % 
LB close or above UB, fathomed
935    519    21         120.5500   140.1500   16.2588    % 
UB: 140.15
branching on CartesianIndex(1, 3) with a.
936    520    22         120.5500   140.1500   16.2588    % 
UB: 140.15
branching on CartesianIndex(2, 3) with a.
937    521    23         120.5500   140.1500   16.2588    % 
UB: 140.15
branching on 1 with b.
938    522    24         120.5500   140.1500   16.2588    % 
UB: 140.15
branching on CartesianIndex(3, 3) with a.
939    523    24         120.5500   140.1500   16.2588    % 
UB: 140.15
branching on 2 with b.
940    524    23         120.5500   140.1500   16.2588    % 
UB: 140.15
branching on 1 with b.
941    525    22         120.5500   140.1500   16.2588    % 
LB close or above UB, fathomed
942    524    21         120.5500   140.1500   16.2588    % 
UB: 140.15
branching on CartesianIndex(1, 3) with a.
943    525    18         120.5500   140.1500   16.2588    % 
UB: 140.15
branching on 2 with b.
944    526    19         120.5500   140.1500   16.2588    % 
UB: 140.15
branching on CartesianIndex(7, 2) with a.
945    527    20         120.5500   140.1500   16.2588    % 
UB: 140.15
branching on CartesianIndex(8, 2) with a.
946    528    20         120.5500   140.1500   16.2588    % 
UB: 140.15
branching on CartesianIndex(1, 3) with a.
947    529    21         120.5500   140.1500   16.2588    % 
UB: 140.15
branching on CartesianIndex(2, 3) with a.
948    530    22         120.5500   140.1500   16.2588    % 
UB: 140.15
branching on CartesianIndex(3, 3) with a.
949    531    23         120.5500   140.1500   16.2588    % 
UB: 140.15
branching on CartesianIndex(4, 3) with a.
950    532    24         120.5500   140.1500   16.2588    % 
UB: 140.15
branching on CartesianIndex(5, 3) with a.
951    533    24         120.5500   140.1500   16.2588    % 
UB: 140.15
branching on CartesianIndex(1, 4) with c.
952    534    23         120.5500   140.1500   16.2588    % 
LB close or above UB, fathomed
953    533    22         120.5500   140.1500   16.2588    % 
LB close or above UB, fathomed
954    532    21         120.5500   140.1500   16.2588    % 
LB close or above UB, fathomed
955    531    19         120.5500   140.1500   16.2588    % 
UB: 140.15
branching on CartesianIndex(7, 2) with a.
956    532    18         120.5500   140.1500   16.2588    % 
LB close or above UB, fathomed
957    531    21         120.5500   140.1500   16.2588    % 
UB: 140.15
branching on 2 with b.
958    532    22         120.5500   140.1500   16.2588    % 
UB: 140.15
branching on 3 with b.
959    533    22         120.5500   140.1500   16.2588    % 
UB: 140.15
branching on CartesianIndex(6, 3) with a.
960    534    23         120.5500   140.1500   16.2588    % 
UB: 140.15
branching on 3 with b.
961    535    23         120.5500   140.1500   16.2588    % 
LB close or above UB, fathomed
962    534    21         120.5500   140.1500   16.2588    % 
LB close or above UB, fathomed
963    533    20         120.5500   140.1500   16.2588    % 
UB: 140.15
branching on 2 with b.
964    534    21         120.5500   140.1500   16.2588    % 
UB: 140.15
branching on CartesianIndex(2, 3) with a.
965    535    22         120.5500   140.1500   16.2588    % 
UB: 140.15
branching on CartesianIndex(3, 3) with a.
966    536    23         120.5500   140.1500   16.2588    % 
UB: 140.15
branching on CartesianIndex(4, 3) with a.
967    537    24         120.5500   140.1500   16.2588    % 
UB: 140.15
branching on CartesianIndex(5, 3) with a.
968    538    24         120.5500   140.1500   16.2588    % 
UB: 140.15
branching on CartesianIndex(1, 4) with c.
969    539    23         120.5500   140.1500   16.2588    % 
LB close or above UB, fathomed
970    538    22         120.5500   140.1500   16.2588    % 
LB close or above UB, fathomed
971    537    21         120.5500   140.1500   16.2588    % 
LB close or above UB, fathomed
972    536    20         120.5500   140.1500   16.2588    % 
LB close or above UB, fathomed
973    535    20         120.5500   140.1500   16.2588    % 
UB: 140.15
branching on CartesianIndex(2, 3) with a.
974    536    21         120.5500   140.1500   16.2588    % 
UB: 140.15
branching on CartesianIndex(3, 3) with a.
975    537    22         120.5500   140.1500   16.2588    % 
UB: 140.15
branching on 2 with b.
976    538    23         120.5500   140.1500   16.2588    % 
UB: 140.15
branching on CartesianIndex(4, 3) with a.
977    539    24         120.5500   140.1500   16.2588    % 
UB: 140.15
branching on CartesianIndex(5, 3) with a.
978    540    24         120.5500   140.1500   16.2588    % 
UB: 140.15
branching on CartesianIndex(1, 4) with c.
979    541    23         120.5500   140.1500   16.2588    % 
UB: 140.15
branching on CartesianIndex(4, 3) with a.
980    542    22         120.5500   140.1500   16.2588    % 
LB close or above UB, fathomed
981    541    21         120.5500   140.1500   16.2588    % 
LB close or above UB, fathomed
982    540    20         120.5500   140.1500   16.2588    % 
LB close or above UB, fathomed
983    539    21         120.5500   140.1500   16.2588    % 
UB: 140.15
branching on CartesianIndex(3, 2) with a.
984    540    21         120.5500   140.1500   16.2588    % 
LB close or above UB, fathomed
985    539    15         120.5500   140.1500   16.2588    % 
UB: 140.15
branching on CartesianIndex(2, 2) with a.
986    540    16         120.5500   140.1500   16.2588    % 
UB: 140.15
branching on CartesianIndex(3, 2) with a.
987    541    17         120.5500   140.1500   16.2588    % 
UB: 140.15
branching on CartesianIndex(4, 2) with a.
988    542    18         120.5500   140.1500   16.2588    % 
UB: 140.15
branching on CartesianIndex(5, 2) with a.
989    543    18         120.5500   140.1500   16.2588    % 
UB: 140.15
branching on 1 with b.
990    544    17         120.5500   140.1500   16.2588    % 
UB: 140.15
branching on CartesianIndex(1, 3) with a.
991    545    16         120.5500   140.1500   16.2588    % 
UB: 140.15
branching on CartesianIndex(1, 3) with a.
992    546    15         120.5500   140.1500   16.2588    % 
LB close or above UB, fathomed
993    545    23         120.5500   140.1500   16.2588    % 
UB: 140.15
branching on CartesianIndex(6, 3) with a.
994    546    24         120.5500   140.1500   16.2588    % 
UB: 140.15
branching on CartesianIndex(7, 3) with a.
995    547    24         120.5500   140.1500   16.2588    % 
LB close or above UB, fathomed
996    546    23         120.5500   140.1500   16.2588    % 
LB close or above UB, fathomed
997    545    27         120.5500   140.1500   16.2588    % 
UB: 140.15
branching on CartesianIndex(5, 3) with a.
998    546    27         120.5500   140.1500   16.2588    % 
UB: 140.15
branching on CartesianIndex(1, 4) with c.
999    547    23         120.5500   140.1500   16.2588    % 
UB: 140.15
branching on 3 with b.
1000   548    24         120.5500   140.1500   16.2588    % 
UB: 140.15
branching on CartesianIndex(3, 3) with a.
1001   549    24         120.5500   140.1500   16.2588    % 
UB: 140.15
branching on CartesianIndex(3, 3) with a.
1002   550    23         120.5500   140.1500   16.2588    % 
LB close or above UB, fathomed
1003   549    21         120.5500   140.1500   16.2588    % 
UB: 140.15
branching on CartesianIndex(2, 3) with a.
1004   550    22         120.5500   140.1500   16.2588    % 
UB: 140.15
branching on CartesianIndex(3, 3) with a.
1005   551    23         120.5500   140.1500   16.2588    % 
UB: 140.15
branching on CartesianIndex(4, 3) with a.
1006   552    24         120.5500   140.1500   16.2588    % 
UB: 140.15
branching on CartesianIndex(5, 3) with a.
1007   553    24         120.5500   140.1500   16.2588    % 
UB: 140.15
branching on 2 with b.
1008   554    23         120.5500   140.1500   16.2588    % 
LB close or above UB, fathomed
1009   553    22         120.5500   140.1500   16.2588    % 
LB close or above UB, fathomed
1010   552    21         120.5500   140.1500   16.2588    % 
LB close or above UB, fathomed
1011   551    17         120.5500   140.1500   16.2588    % 
UB: 140.15
branching on 1 with b.
1012   552    18         120.5500   140.1500   16.2588    % 
UB: 140.15
branching on CartesianIndex(2, 3) with a.
1013   553    18         120.5500   140.1500   16.2588    % 
UB: 140.15
branching on CartesianIndex(2, 3) with a.
1014   554    17         120.5500   140.1500   16.2588    % 
LB close or above UB, fathomed
1015   553    31         120.5500   140.1500   16.2588    % 
LB close or above UB, fathomed
1016   552    31         120.5500   140.1500   16.2588    % 
UB: 140.15
branching on CartesianIndex(1, 5) with c.
1017   553    32         120.5500   140.1500   16.2588    % 
UB: 140.15
branching on CartesianIndex(2, 5) with c.
1018   554    33         120.5500   140.1500   16.2588    % 
LB close or above UB, fathomed
1019   553    33         120.5500   140.1500   16.2588    % 
UB: 140.15
branching on 1 with b.
1020   554    32         120.5500   140.1500   16.2588    % 
LB close or above UB, fathomed
1021   553    27         120.6144   140.1500   16.1967    % 
UB: 140.15
branching on CartesianIndex(3, 3) with a.
1022   554    28         120.6144   140.1500   16.1967    % 
UB: 140.15
branching on CartesianIndex(4, 3) with a.
1023   555    29         120.6144   140.1500   16.1967    % 
UB: 140.15
branching on CartesianIndex(5, 3) with a.
1024   556    30         120.6144   140.1500   16.1967    % 
UB: 140.15
branching on CartesianIndex(6, 3) with a.
1025   557    30         120.6144   140.1500   16.1967    % 
LB close or above UB, fathomed
1026   556    29         120.6144   140.1500   16.1967    % 
LB close or above UB, fathomed
1027   555    28         120.6144   140.1500   16.1967    % 
LB close or above UB, fathomed
1028   554    27         120.6144   140.1500   16.1967    % 
LB close or above UB, fathomed
1029   553    19         121.3330   140.1500   15.5085    % 
UB: 140.15
branching on CartesianIndex(5, 3) with a.
1030   554    19         121.3330   140.1500   15.5085    % 
LB close or above UB, fathomed
1031   553    20         121.9500   140.1500   14.9241    % 
UB: 140.15
branching on CartesianIndex(6, 3) with a.
1032   554    20         121.9500   140.1500   14.9241    % 
LB close or above UB, fathomed
1033   553    27         123.2822   140.1500   13.6822    % 
UB: 140.15
branching on CartesianIndex(6, 3) with a.
1034   554    28         123.2822   140.1500   13.6822    % 
UB: 140.15
branching on CartesianIndex(7, 3) with a.
1035   555    29         123.2822   140.1500   13.6822    % 
LB close or above UB, fathomed
1036   554    29         123.2822   140.1500   13.6822    % 
UB: 140.15
branching on CartesianIndex(1, 4) with c.
1037   555    28         123.2822   140.1500   13.6822    % 
LB close or above UB, fathomed
1038   554    27         123.2822   140.1500   13.6822    % 
UB: 140.15
branching on CartesianIndex(6, 3) with a.
1039   555    24         123.2974   140.1500   13.6682    % 
UB: 140.15
branching on CartesianIndex(3, 3) with a.
1040   556    25         123.2974   140.1500   13.6682    % 
UB: 140.15
branching on CartesianIndex(4, 3) with a.
1041   557    26         123.2974   140.1500   13.6682    % 
UB: 140.15
branching on CartesianIndex(5, 3) with a.
1042   558    26         123.2974   140.1500   13.6682    % 
LB close or above UB, fathomed
1043   557    25         123.2974   140.1500   13.6682    % 
LB close or above UB, fathomed
1044   556    24         123.2974   140.1500   13.6682    % 
LB close or above UB, fathomed
1045   555    19         123.3122   140.1500   13.6546    % 
UB: 140.15
branching on CartesianIndex(7, 3) with a.
1046   556    20         123.3122   140.1500   13.6546    % 
UB: 140.15
branching on CartesianIndex(8, 3) with a.
1047   557    20         123.3122   140.1500   13.6546    % 
UB: 140.15
branching on CartesianIndex(1, 4) with c.
1048   558    19         123.3122   140.1500   13.6546    % 
LB close or above UB, fathomed
1049   557    17         123.3500   140.1500   13.6198    % 
UB: 140.15
branching on CartesianIndex(2, 3) with a.
1050   558    18         123.3500   140.1500   13.6198    % 
UB: 140.15
branching on CartesianIndex(3, 3) with a.
1051   559    19         123.3500   140.1500   13.6198    % 
UB: 140.15
branching on CartesianIndex(4, 3) with a.
1052   560    20         123.3500   140.1500   13.6198    % 
UB: 140.15
branching on CartesianIndex(5, 3) with a.
1053   561    20         123.3500   140.1500   13.6198    % 
UB: 140.15
branching on 2 with b.
1054   562    19         123.3500   140.1500   13.6198    % 
LB close or above UB, fathomed
1055   561    18         123.3500   140.1500   13.6198    % 
LB close or above UB, fathomed
1056   560    17         123.3500   140.1500   13.6198    % 
LB close or above UB, fathomed
1057   559    24         123.3500   140.1500   13.6198    % 
UB: 140.15
branching on CartesianIndex(4, 2) with a.
1058   560    25         123.3500   140.1500   13.6198    % 
UB: 140.15
branching on CartesianIndex(5, 2) with a.
1059   561    25         123.3500   140.1500   13.6198    % 
UB: 140.15
branching on CartesianIndex(1, 3) with a.
1060   562    24         123.3500   140.1500   13.6198    % 
LB close or above UB, fathomed
1061   561    27         123.3500   140.1500   13.6198    % 
UB: 140.15
branching on CartesianIndex(4, 3) with a.
1062   562    27         123.3500   140.1500   13.6198    % 
UB: 140.15
branching on CartesianIndex(4, 3) with a.
1063   563    21         123.3500   140.1500   13.6198    % 
UB: 140.15
branching on CartesianIndex(8, 3) with a.
1064   564    21         123.3500   140.1500   13.6198    % 
UB: 140.15
branching on 1 with b.
1065   565    28         123.3500   140.1500   13.6198    % 
UB: 140.15
branching on CartesianIndex(7, 3) with a.
1066   566    29         123.3500   140.1500   13.6198    % 
LB close or above UB, fathomed
1067   565    29         123.3500   140.1500   13.6198    % 
UB: 140.15
branching on CartesianIndex(1, 4) with c.
1068   566    28         123.3500   140.1500   13.6198    % 
LB close or above UB, fathomed
1069   565    19         123.3500   140.1500   13.6198    % 
UB: 140.15
branching on CartesianIndex(3, 3) with a.
1070   566    20         123.3500   140.1500   13.6198    % 
UB: 140.15
branching on CartesianIndex(4, 3) with a.
1071   567    21         123.3500   140.1500   13.6198    % 
UB: 140.15
branching on CartesianIndex(5, 3) with a.
1072   568    21         123.3500   140.1500   13.6198    % 
UB: 140.15
branching on CartesianIndex(1, 4) with c.
1073   569    20         123.3500   140.1500   13.6198    % 
LB close or above UB, fathomed
1074   568    19         123.3500   140.1500   13.6198    % 
LB close or above UB, fathomed
1075   567    25         123.3500   140.1500   13.6198    % 
UB: 140.15
branching on 2 with b.
1076   568    26         123.3500   140.1500   13.6198    % 
UB: 140.15
branching on CartesianIndex(6, 3) with a.
1077   569    26         123.3500   140.1500   13.6198    % 
UB: 140.15
branching on CartesianIndex(6, 3) with a.
1078   570    25         123.3500   140.1500   13.6198    % 
LB close or above UB, fathomed
1079   569    25         123.3500   140.1500   13.6198    % 
UB: 140.15
branching on CartesianIndex(4, 3) with a.
1080   570    26         123.3500   140.1500   13.6198    % 
UB: 140.15
branching on CartesianIndex(5, 3) with a.
1081   571    26         123.3500   140.1500   13.6198    % 
UB: 140.15
branching on 1 with b.
1082   572    25         123.3500   140.1500   13.6198    % 
LB close or above UB, fathomed
1083   571    28         123.3500   140.1500   13.6198    % 
UB: 140.15
branching on CartesianIndex(6, 3) with a.
1084   572    28         123.3500   140.1500   13.6198    % 
LB close or above UB, fathomed
1085   571    17         123.3500   140.1500   13.6198    % 
UB: 140.15
branching on 1 with b.
1086   572    18         123.3500   140.1500   13.6198    % 
UB: 140.15
branching on CartesianIndex(2, 3) with a.
1087   573    19         123.3500   140.1500   13.6198    % 
UB: 140.15
branching on CartesianIndex(3, 3) with a.
1088   574    20         123.3500   140.1500   13.6198    % 
UB: 140.15
branching on CartesianIndex(4, 3) with a.
1089   575    21         123.3500   140.1500   13.6198    % 
UB: 140.15
branching on 2 with b.
1090   576    21         123.3500   140.1500   13.6198    % 
UB: 140.15
branching on 2 with b.
1091   577    20         123.3500   140.1500   13.6198    % 
LB close or above UB, fathomed
1092   576    19         123.3500   140.1500   13.6198    % 
LB close or above UB, fathomed
1093   575    18         123.3500   140.1500   13.6198    % 
LB close or above UB, fathomed
1094   574    17         123.3500   140.1500   13.6198    % 
LB close or above UB, fathomed
1095   573    18         123.3500   140.1500   13.6198    % 
UB: 140.15
branching on CartesianIndex(2, 3) with a.
1096   574    19         123.3500   140.1500   13.6198    % 
UB: 140.15
branching on CartesianIndex(3, 3) with a.
1097   575    19         123.3500   140.1500   13.6198    % 
LB close or above UB, fathomed
1098   574    18         123.3500   140.1500   13.6198    % 
LB close or above UB, fathomed
1099   573    34         123.3500   140.1500   13.6198    % 
UB: 140.15
branching on CartesianIndex(2, 6) with c.
1100   574    35         123.3500   140.1500   13.6198    % 
LB close or above UB, fathomed
1101   573    35         123.3500   140.1500   13.6198    % 
UB: 140.15
branching on CartesianIndex(1, 7) with c.
1102   574    36         123.3500   140.1500   13.6198    % 
UB: 140.15
branching on CartesianIndex(2, 7) with c.
1103   575    37         123.3500   140.1500   13.6198    % 
UB: 140.15
branching on 1 with b.
1104   576    38         123.3500   140.1500   13.6198    % 
UB: 140.15
branching on CartesianIndex(3, 7) with c.
1105   577    38         123.3500   140.1500   13.6198    % 
UB: 140.15
branching on CartesianIndex(3, 7) with c.
1106   578    37         123.3500   140.1500   13.6198    % 
LB close or above UB, fathomed
1107   577    36         123.3500   140.1500   13.6198    % 
LB close or above UB, fathomed
1108   576    34         123.3500   140.1500   13.6198    % 
LB close or above UB, fathomed
1109   575    21         123.3500   140.1500   13.6198    % 
UB: 140.15
branching on CartesianIndex(6, 3) with a.
1110   576    22         123.3500   140.1500   13.6198    % 
UB: 140.15
branching on CartesianIndex(7, 3) with a.
1111   577    22         123.3500   140.1500   13.6198    % 
LB close or above UB, fathomed
1112   576    21         123.3500   140.1500   13.6198    % 
LB close or above UB, fathomed
1113   575    24         123.3500   140.1500   13.6198    % 
UB: 140.15
branching on CartesianIndex(7, 3) with a.
1114   576    24         123.3500   140.1500   13.6198    % 
LB close or above UB, fathomed
1115   575    17         123.3500   140.1500   13.6198    % 
UB: 140.15
branching on CartesianIndex(8, 2) with a.
1116   576    17         123.3500   140.1500   13.6198    % 
UB: 140.15
branching on 1 with b.
1117   577    28         123.3500   140.1500   13.6198    % 
LB close or above UB, fathomed
1118   576    28         123.3500   140.1500   13.6198    % 
UB: 140.15
branching on CartesianIndex(1, 6) with c.
1119   577    29         123.3500   140.1500   13.6198    % 
UB: 140.15
branching on CartesianIndex(2, 6) with c.
1120   578    30         123.3500   140.1500   13.6198    % 
LB close or above UB, fathomed
1121   577    30         123.3500   140.1500   13.6198    % 
UB: 140.15
branching on CartesianIndex(1, 7) with c.
1122   578    31         123.3500   140.1500   13.6198    % 
UB: 140.15
branching on CartesianIndex(2, 7) with c.
1123   579    32         123.3500   140.1500   13.6198    % 
UB: 140.15
branching on 3 with b.
1124   580    33         123.3500   140.1500   13.6198    % 
UB: 140.15
branching on CartesianIndex(3, 7) with c.
1125   581    34         123.3500   140.1500   13.6198    % 
UB: 140.15
branching on 1 with b.
1126   582    35         123.3500   140.1500   13.6198    % 
UB: 140.15
branching on CartesianIndex(4, 7) with c.
1127   583    35         123.3500   140.1500   13.6198    % 
UB: 140.15
branching on CartesianIndex(4, 7) with c.
1128   584    34         123.3500   140.1500   13.6198    % 
LB close or above UB, fathomed
1129   583    33         123.3500   140.1500   13.6198    % 
LB close or above UB, fathomed
1130   582    32         123.3500   140.1500   13.6198    % 
LB close or above UB, fathomed
1131   581    31         123.3500   140.1500   13.6198    % 
LB close or above UB, fathomed
1132   580    29         123.3500   140.1500   13.6198    % 
LB close or above UB, fathomed
1133   579    22         123.3500   140.1500   13.6198    % 
UB: 140.15
branching on CartesianIndex(1, 5) with c.
1134   580    23         123.3500   140.1500   13.6198    % 
UB: 140.15
branching on 1 with b.
1135   581    24         123.3500   140.1500   13.6198    % 
UB: 140.15
branching on CartesianIndex(2, 5) with c.
1136   582    24         123.3500   140.1500   13.6198    % 
UB: 140.15
branching on CartesianIndex(2, 5) with c.
1137   583    25         123.3500   140.1500   13.6198    % 
UB: 140.15
branching on CartesianIndex(3, 5) with c.
1138   584    26         123.3500   140.1500   13.6198    % 
UB: 140.15
branching on CartesianIndex(4, 5) with c.
1139   585    27         123.3500   140.1500   13.6198    % 
UB: 140.15
branching on CartesianIndex(5, 5) with c.
1140   586    28         123.3500   140.1500   13.6198    % 
UB: 140.15
branching on CartesianIndex(1, 6) with c.
1141   587    29         123.3500   140.1500   13.6198    % 
UB: 140.15
branching on CartesianIndex(2, 6) with c.
1142   588    30         123.3500   140.1500   13.6198    % 
LB close or above UB, fathomed
1143   587    30         123.3500   140.1500   13.6198    % 
UB: 140.15
branching on CartesianIndex(1, 7) with c.
1144   588    31         123.3500   140.1500   13.6198    % 
LB close or above UB, fathomed
1145   587    31         123.3500   140.1500   13.6198    % 
UB: 140.15
branching on 2 with b.
1146   588    32         123.3500   140.1500   13.6198    % 
LB close or above UB, fathomed
1147   587    32         123.3500   140.1500   13.6198    % 
UB: 140.15
branching on 3 with b.
1148   588    33         123.3500   140.1500   13.6198    % 
LB close or above UB, fathomed
1149   587    33         123.3500   140.1500   13.6198    % 
UB: 140.15
branching on 1 with b.
1150   588    34         123.3500   140.1500   13.6198    % 
UB: 140.15
branching on 2 with b.
1151   589    34         123.3500   140.1500   13.6198    % 
UB: 140.15
branching on 2 with b.
1152   590    29         123.3500   140.1500   13.6198    % 
LB close or above UB, fathomed
1153   589    28         123.3500   140.1500   13.6198    % 
LB close or above UB, fathomed
1154   588    27         123.3500   140.1500   13.6198    % 
LB close or above UB, fathomed
1155   587    26         123.3500   140.1500   13.6198    % 
LB close or above UB, fathomed
1156   586    25         123.3500   140.1500   13.6198    % 
LB close or above UB, fathomed
1157   585    23         123.3500   140.1500   13.6198    % 
LB close or above UB, fathomed
1158   584    22         123.3500   140.1500   13.6198    % 
LB close or above UB, fathomed
1159   583    15         123.3500   140.1500   13.6198    % 
UB: 140.15
branching on CartesianIndex(2, 2) with a.
1160   584    16         123.3500   140.1500   13.6198    % 
UB: 140.15
branching on CartesianIndex(3, 2) with a.
1161   585    17         123.3500   140.1500   13.6198    % 
UB: 140.15
branching on CartesianIndex(4, 2) with a.
1162   586    18         123.3500   140.1500   13.6198    % 
UB: 140.15
branching on CartesianIndex(5, 2) with a.
1163   587    18         123.3500   140.1500   13.6198    % 
UB: 140.15
branching on CartesianIndex(1, 3) with a.
1164   588    17         123.3500   140.1500   13.6198    % 
UB: 140.15
branching on CartesianIndex(1, 3) with a.
1165   589    16         123.3500   140.1500   13.6198    % 
UB: 140.15
branching on CartesianIndex(1, 3) with a.
1166   590    15         123.3500   140.1500   13.6198    % 
LB close or above UB, fathomed
1167   589    18         123.3500   140.1500   13.6198    % 
UB: 140.15
branching on 1 with b.
1168   590    19         123.3500   140.1500   13.6198    % 
UB: 140.15
branching on 2 with b.
1169   591    20         123.3500   140.1500   13.6198    % 
UB: 140.15
branching on CartesianIndex(2, 3) with a.
1170   592    20         123.3500   140.1500   13.6198    % 
UB: 140.15
branching on CartesianIndex(2, 3) with a.
1171   593    21         123.3500   140.1500   13.6198    % 
UB: 140.15
branching on CartesianIndex(3, 3) with a.
1172   594    21         123.3500   140.1500   13.6198    % 
LB close or above UB, fathomed
1173   593    19         123.3500   140.1500   13.6198    % 
LB close or above UB, fathomed
1174   592    18         123.3500   140.1500   13.6198    % 
LB close or above UB, fathomed
1175   591    19         123.3500   140.1500   13.6198    % 
UB: 140.15
branching on 2 with b.
1176   592    20         123.3500   140.1500   13.6198    % 
UB: 140.15
branching on CartesianIndex(1, 3) with a.
1177   593    20         123.3500   140.1500   13.6198    % 
UB: 140.15
branching on 3 with b.
1178   594    21         123.3500   140.1500   13.6198    % 
UB: 140.15
branching on 1 with b.
1179   595    21         123.3500   140.1500   13.6198    % 
UB: 140.15
branching on CartesianIndex(1, 3) with a.
1180   596    19         123.3500   140.1500   13.6198    % 
LB close or above UB, fathomed
1181   595    13         123.3500   140.1500   13.6198    % 
UB: 140.15
branching on CartesianIndex(1, 3) with a.
1182   596    14         123.3500   140.1500   13.6198    % 
UB: 140.15
branching on CartesianIndex(2, 3) with a.
1183   597    15         123.3500   140.1500   13.6198    % 
UB: 140.15
branching on 1 with b.
1184   598    16         123.3500   140.1500   13.6198    % 
UB: 140.15
branching on CartesianIndex(3, 3) with a.
1185   599    17         123.3500   140.1500   13.6198    % 
UB: 140.15
branching on 2 with b.
1186   600    18         123.3500   140.1500   13.6198    % 
UB: 140.15
branching on CartesianIndex(4, 3) with a.
1187   601    19         123.3500   140.1500   13.6198    % 
UB: 140.15
branching on CartesianIndex(5, 3) with a.
1188   602    20         123.3500   140.1500   13.6198    % 
UB: 140.15
branching on 3 with b.
1189   603    21         123.3500   140.1500   13.6198    % 
UB: 140.15
branching on CartesianIndex(6, 3) with a.
1190   604    22         123.3500   140.1500   13.6198    % 
UB: 140.15
branching on 1 with b.
1191   605    23         123.3500   140.1500   13.6198    % 
UB: 140.15
branching on CartesianIndex(7, 3) with a.
1192   606    23         123.3500   140.1500   13.6198    % 
UB: 140.15
branching on CartesianIndex(7, 3) with a.
1193   607    22         123.3500   140.1500   13.6198    % 
UB: 140.15
branching on CartesianIndex(1, 4) with c.
1194   608    21         123.3500   140.1500   13.6198    % 
UB: 140.15
branching on CartesianIndex(6, 3) with a.
1195   609    20         123.3500   140.1500   13.6198    % 
LB close or above UB, fathomed
1196   608    19         123.3500   140.1500   13.6198    % 
UB: 140.15
branching on CartesianIndex(1, 4) with c.
1197   609    18         123.3500   140.1500   13.6198    % 
UB: 140.15
branching on CartesianIndex(4, 3) with a.
1198   610    17         123.3500   140.1500   13.6198    % 
UB: 140.15
branching on CartesianIndex(1, 4) with c.
1199   611    16         123.3500   140.1500   13.6198    % 
UB: 140.15
branching on 2 with b.
1200   612    15         123.3500   140.1500   13.6198    % 
UB: 140.15
branching on CartesianIndex(1, 4) with c.
1201   613    14         123.3500   140.1500   13.6198    % 
LB close or above UB, fathomed
1202   612    13         123.3500   140.1500   13.6198    % 
UB: 140.15
branching on CartesianIndex(1, 3) with a.
1203   613    26         123.3500   140.1500   13.6198    % 
UB: 140.15
branching on CartesianIndex(4, 3) with a.
1204   614    27         123.3500   140.1500   13.6198    % 
UB: 140.15
branching on CartesianIndex(5, 3) with a.
1205   615    27         123.3500   140.1500   13.6198    % 
UB: 140.15
branching on CartesianIndex(1, 4) with c.
1206   616    26         123.3500   140.1500   13.6198    % 
LB close or above UB, fathomed
1207   615    17         123.3500   140.1500   13.6198    % 
UB: 140.15
branching on 3 with b.
1208   616    18         123.3500   140.1500   13.6198    % 
UB: 140.15
branching on CartesianIndex(1, 4) with c.
1209   617    18         123.3500   140.1500   13.6198    % 
UB: 140.15
branching on CartesianIndex(1, 4) with c.
1210   618    17         123.3500   140.1500   13.6198    % 
UB: 140.15
branching on CartesianIndex(1, 4) with c.
1211   619    21         123.3500   140.1500   13.6198    % 
UB: 140.15
branching on CartesianIndex(8, 3) with a.
1212   620    22         123.3500   140.1500   13.6198    % 
LB close or above UB, fathomed
1213   619    22         123.3500   140.1500   13.6198    % 
UB: 140.15
branching on 1 with b.
1214   620    23         123.3500   140.1500   13.6198    % 
UB: 140.15
branching on CartesianIndex(1, 4) with c.
1215   621    24         123.3500   140.1500   13.6198    % 
UB: 140.15
branching on CartesianIndex(2, 4) with c.
1216   622    24         123.3500   140.1500   13.6198    % 
UB: 140.15
branching on CartesianIndex(1, 5) with c.
1217   623    23         123.3500   140.1500   13.6198    % 
UB: 140.15
branching on CartesianIndex(1, 4) with c.
1218   624    21         123.3500   140.1500   13.6198    % 
LB close or above UB, fathomed
1219   623    18         123.3500   140.1500   13.6198    % 
UB: 140.15
branching on CartesianIndex(3, 2) with a.
1220   624    19         123.3500   140.1500   13.6198    % 
UB: 140.15
branching on CartesianIndex(4, 2) with a.
1221   625    20         123.3500   140.1500   13.6198    % 
UB: 140.15
branching on 2 with b.
1222   626    20         123.3500   140.1500   13.6198    % 
UB: 140.15
branching on 2 with b.
1223   627    19         123.3500   140.1500   13.6198    % 
UB: 140.15
branching on CartesianIndex(1, 3) with a.
1224   628    18         123.3500   140.1500   13.6198    % 
UB: 140.15
branching on CartesianIndex(1, 3) with a.
1225   629    27         123.3500   140.1500   13.6198    % 
UB: 140.15
branching on CartesianIndex(4, 3) with a.
1226   630    27         123.3500   140.1500   13.6198    % 
LB close or above UB, fathomed
1227   629    27         123.3500   140.1500   13.6198    % 
UB: 140.15
branching on CartesianIndex(5, 3) with a.
1228   630    27         123.3500   140.1500   13.6198    % 
UB: 140.15
branching on CartesianIndex(1, 4) with c.
1229   631    23         123.3500   140.1500   13.6198    % 
UB: 140.15
branching on CartesianIndex(2, 5) with c.
1230   632    24         123.3500   140.1500   13.6198    % 
UB: 140.15
branching on 2 with b.
1231   633    25         123.3500   140.1500   13.6198    % 
LB close or above UB, fathomed
1232   632    25         123.3500   140.1500   13.6198    % 
UB: 140.15
branching on CartesianIndex(3, 5) with c.
1233   633    26         123.3500   140.1500   13.6198    % 
UB: 140.15
branching on 3 with b.
1234   634    27         123.3500   140.1500   13.6198    % 
LB close or above UB, fathomed
1235   633    27         123.3500   140.1500   13.6198    % 
UB: 140.15
branching on CartesianIndex(4, 5) with c.
1236   634    26         123.3500   140.1500   13.6198    % 
LB close or above UB, fathomed
1237   633    24         123.3500   140.1500   13.6198    % 
LB close or above UB, fathomed
1238   632    23         123.3500   140.1500   13.6198    % 
LB close or above UB, fathomed
1239   631    17         123.3500   140.1500   13.6198    % 
UB: 140.15
branching on CartesianIndex(5, 2) with a.
1240   632    18         123.3500   140.1500   13.6198    % 
UB: 140.15
branching on CartesianIndex(6, 2) with a.
1241   633    19         123.3500   140.1500   13.6198    % 
UB: 140.15
branching on 2 with b.
1242   634    20         123.3500   140.1500   13.6198    % 
UB: 140.15
branching on CartesianIndex(7, 2) with a.
1243   635    21         123.3500   140.1500   13.6198    % 
LB close or above UB, fathomed
1244   634    21         123.3500   140.1500   13.6198    % 
UB: 140.15
branching on CartesianIndex(1, 3) with a.
1245   635    22         123.3500   140.1500   13.6198    % 
UB: 140.15
branching on CartesianIndex(2, 3) with a.
1246   636    23         123.3500   140.1500   13.6198    % 
UB: 140.15
branching on CartesianIndex(3, 3) with a.
1247   637    24         123.3500   140.1500   13.6198    % 
UB: 140.15
branching on 3 with b.
1248   638    24         123.3500   140.1500   13.6198    % 
UB: 140.15
branching on CartesianIndex(1, 4) with c.
1249   639    23         123.3500   140.1500   13.6198    % 
UB: 140.15
branching on CartesianIndex(1, 4) with c.
1250   640    22         123.3500   140.1500   13.6198    % 
LB close or above UB, fathomed
1251   639    20         123.3500   140.1500   13.6198    % 
UB: 140.15
branching on CartesianIndex(7, 2) with a.
1252   640    19         123.3500   140.1500   13.6198    % 
LB close or above UB, fathomed
1253   639    18         123.3500   140.1500   13.6198    % 
UB: 140.15
branching on CartesianIndex(1, 3) with a.
1254   640    17         123.3500   140.1500   13.6198    % 
LB close or above UB, fathomed
1255   639    18         123.3500   140.1500   13.6198    % 
UB: 140.15
branching on 1 with b.
1256   640    19         123.3500   140.1500   13.6198    % 
UB: 140.15
branching on CartesianIndex(2, 3) with a.
1257   641    20         123.3500   140.1500   13.6198    % 
UB: 140.15
branching on CartesianIndex(3, 3) with a.
1258   642    21         123.3500   140.1500   13.6198    % 
UB: 140.15
branching on CartesianIndex(4, 3) with a.
1259   643    22         123.3500   140.1500   13.6198    % 
UB: 140.15
branching on CartesianIndex(5, 3) with a.
1260   644    23         123.3500   140.1500   13.6198    % 
UB: 140.15
branching on 2 with b.
1261   645    24         123.3500   140.1500   13.6198    % 
UB: 140.15
branching on CartesianIndex(6, 3) with a.
1262   646    25         123.3500   140.1500   13.6198    % 
UB: 140.15
branching on CartesianIndex(7, 3) with a.
1263   647    26         123.3500   140.1500   13.6198    % 
UB: 140.15
branching on CartesianIndex(8, 3) with a.
1264   648    27         123.3500   140.1500   13.6198    % 
LB close or above UB, fathomed
1265   647    27         123.3500   140.1500   13.6198    % 
UB: 140.15
branching on CartesianIndex(1, 4) with c.
1266   648    28         123.3500   140.1500   13.6198    % 
LB close or above UB, fathomed
1267   647    28         123.3500   140.1500   13.6198    % 
UB: 140.15
branching on CartesianIndex(1, 5) with c.
1268   648    26         123.3500   140.1500   13.6198    % 
LB close or above UB, fathomed
1269   647    25         123.3500   140.1500   13.6198    % 
UB: 140.15
branching on CartesianIndex(1, 4) with c.
1270   648    24         123.3500   140.1500   13.6198    % 
UB: 140.15
branching on 3 with b.
1271   649    23         123.3500   140.1500   13.6198    % 
LB close or above UB, fathomed
1272   648    22         123.3500   140.1500   13.6198    % 
UB: 140.15
branching on CartesianIndex(1, 4) with c.
1273   649    21         123.3500   140.1500   13.6198    % 
UB: 140.15
branching on CartesianIndex(1, 4) with c.
1274   650    20         123.3500   140.1500   13.6198    % 
UB: 140.15
branching on CartesianIndex(1, 4) with c.
1275   651    19         123.3500   140.1500   13.6198    % 
LB close or above UB, fathomed
1276   650    18         123.3500   140.1500   13.6198    % 
LB close or above UB, fathomed
1277   649    25         123.3500   140.1500   13.6198    % 
LB close or above UB, fathomed
1278   648    25         123.3500   140.1500   13.6198    % 
UB: 140.15
branching on CartesianIndex(2, 4) with c.
1279   649    26         123.3500   140.1500   13.6198    % 
LB close or above UB, fathomed
1280   648    26         123.3500   140.1500   13.6198    % 
UB: 140.15
branching on CartesianIndex(1, 5) with c.
1281   649    19         123.3500   140.1500   13.6198    % 
UB: 140.15
branching on CartesianIndex(5, 3) with a.
1282   650    19         123.3500   140.1500   13.6198    % 
UB: 140.15
branching on CartesianIndex(1, 4) with c.
1283   651    28         123.3500   140.1500   13.6198    % 
UB: 140.15
branching on CartesianIndex(7, 3) with a.
1284   652    29         123.3500   140.1500   13.6198    % 
LB close or above UB, fathomed
1285   651    29         123.3500   140.1500   13.6198    % 
UB: 140.15
branching on CartesianIndex(1, 4) with c.
1286   652    30         123.3500   140.1500   13.6198    % 
UB: 140.15
branching on CartesianIndex(2, 4) with c.
1287   653    31         123.3500   140.1500   13.6198    % 
UB: 140.15
branching on CartesianIndex(3, 4) with c.
1288   654    32         123.3500   140.1500   13.6198    % 
UB: 140.15
branching on CartesianIndex(4, 4) with c.
1289   655    33         123.3500   140.1500   13.6198    % 
UB: 140.15
branching on CartesianIndex(5, 4) with c.
1290   656    34         123.3500   140.1500   13.6198    % 
UB: 140.15
branching on CartesianIndex(1, 5) with c.
1291   657    35         123.3500   140.1500   13.6198    % 
UB: 140.15
branching on CartesianIndex(2, 5) with c.
1292   658    36         123.3500   140.1500   13.6198    % 
LB close or above UB, fathomed
1293   657    36         123.3500   140.1500   13.6198    % 
UB: 140.15
branching on CartesianIndex(1, 6) with c.
1294   658    35         123.3500   140.1500   13.6198    % 
LB close or above UB, fathomed
1295   657    34         123.3500   140.1500   13.6198    % 
LB close or above UB, fathomed
1296   656    33         123.3500   140.1500   13.6198    % 
LB close or above UB, fathomed
1297   655    32         123.3500   140.1500   13.6198    % 
LB close or above UB, fathomed
1298   654    31         123.3500   140.1500   13.6198    % 
LB close or above UB, fathomed
1299   653    30         123.3500   140.1500   13.6198    % 
LB close or above UB, fathomed
1300   652    28         123.3500   140.1500   13.6198    % 
LB close or above UB, fathomed
1301   651    19         123.3500   140.1500   13.6198    % 
UB: 140.15
branching on CartesianIndex(7, 2) with a.
1302   652    19         123.3500   140.1500   13.6198    % 
LB close or above UB, fathomed
1303   651    11         123.3500   140.1500   13.6198    % 
UB: 140.15
branching on CartesianIndex(2, 2) with a.
1304   652    12         123.3500   140.1500   13.6198    % 
UB: 140.15
branching on CartesianIndex(3, 2) with a.
1305   653    13         123.3500   140.1500   13.6198    % 
UB: 140.15
branching on CartesianIndex(4, 2) with a.
1306   654    13         123.3500   140.1500   13.6198    % 
UB: 140.15
branching on CartesianIndex(1, 3) with a.
1307   655    12         123.3500   140.1500   13.6198    % 
LB close or above UB, fathomed
1308   654    11         123.3500   140.1500   13.6198    % 
UB: 140.15
branching on CartesianIndex(2, 2) with a.
1309   655    12         123.3500   140.1500   13.6198    % 
UB: 140.15
branching on CartesianIndex(3, 2) with a.
1310   656    13         123.3500   140.1500   13.6198    % 
UB: 140.15
branching on CartesianIndex(4, 2) with a.
1311   657    14         123.3500   140.1500   13.6198    % 
UB: 140.15
branching on CartesianIndex(5, 2) with a.
1312   658    14         123.3500   140.1500   13.6198    % 
UB: 140.15
branching on CartesianIndex(1, 3) with a.
1313   659    13         123.3500   140.1500   13.6198    % 
LB close or above UB, fathomed
1314   658    12         123.3500   140.1500   13.6198    % 
LB close or above UB, fathomed
1315   657    22         123.3500   140.1500   13.6198    % 
UB: 140.15
branching on CartesianIndex(2, 4) with c.
1316   658    22         123.3500   140.1500   13.6198    % 
UB: 140.15
branching on CartesianIndex(2, 4) with c.
1317   659    11         123.3500   140.1500   13.6198    % 
UB: 140.15
branching on CartesianIndex(3, 3) with a.
1318   660    12         123.3500   140.1500   13.6198    % 
UB: 140.15
branching on 1 with b.
1319   661    13         123.3500   140.1500   13.6198    % 
UB: 140.15
branching on 2 with b.
1320   662    13         123.3500   140.1500   13.6198    % 
UB: 140.15
branching on CartesianIndex(4, 3) with a.
1321   663    14         123.3500   140.1500   13.6198    % 
UB: 140.15
branching on 2 with b.
1322   664    14         123.3500   140.1500   13.6198    % 
UB: 140.15
branching on CartesianIndex(1, 4) with c.
1323   665    12         123.3500   140.1500   13.6198    % 
LB close or above UB, fathomed
1324   664    11         123.3500   140.1500   13.6198    % 
LB close or above UB, fathomed
1325   663    21         123.3500   140.1500   13.6198    % 
LB close or above UB, fathomed
1326   662    21         123.3500   140.1500   13.6198    % 
UB: 140.15
branching on 1 with b.
1327   663    22         123.3500   140.1500   13.6198    % 
UB: 140.15
branching on 2 with b.
1328   664    22         123.3500   140.1500   13.6198    % 
UB: 140.15
branching on CartesianIndex(1, 4) with c.
1329   665    23         123.3500   140.1500   13.6198    % 
UB: 140.15
branching on CartesianIndex(2, 4) with c.
1330   666    24         123.3500   140.1500   13.6198    % 
UB: 140.15
branching on CartesianIndex(3, 4) with c.
1331   667    25         123.3500   140.1500   13.6198    % 
UB: 140.15
branching on CartesianIndex(4, 4) with c.
1332   668    26         123.3500   140.1500   13.6198    % 
UB: 140.15
branching on CartesianIndex(5, 4) with c.
1333   669    27         123.3500   140.1500   13.6198    % 
UB: 140.15
branching on CartesianIndex(1, 5) with c.
1334   670    28         123.3500   140.1500   13.6198    % 
UB: 140.15
branching on 2 with b.
1335   671    29         123.3500   140.1500   13.6198    % 
UB: 140.15
branching on 3 with b.
1336   672    29         123.3500   140.1500   13.6198    % 
UB: 140.15
branching on CartesianIndex(2, 5) with c.
1337   673    28         123.3500   140.1500   13.6198    % 
LB close or above UB, fathomed
1338   672    27         123.3500   140.1500   13.6198    % 
LB close or above UB, fathomed
1339   671    26         123.3500   140.1500   13.6198    % 
LB close or above UB, fathomed
1340   670    25         123.3500   140.1500   13.6198    % 
LB close or above UB, fathomed
1341   669    24         123.3500   140.1500   13.6198    % 
LB close or above UB, fathomed
1342   668    23         123.3500   140.1500   13.6198    % 
LB close or above UB, fathomed
1343   667    26         123.3500   140.1500   13.6198    % 
LB close or above UB, fathomed
1344   666    26         123.3500   140.1500   13.6198    % 
UB: 140.15
branching on CartesianIndex(1, 4) with c.
1345   667    27         123.3500   140.1500   13.6198    % 
UB: 140.15
branching on CartesianIndex(2, 4) with c.
1346   668    27         123.3500   140.1500   13.6198    % 
UB: 140.15
branching on CartesianIndex(1, 5) with c.
1347   669    33         123.3500   140.1500   13.6198    % 
UB: 140.15
branching on CartesianIndex(2, 5) with c.
1348   670    34         123.3500   140.1500   13.6198    % 
UB: 140.15
branching on CartesianIndex(3, 5) with c.
1349   671    35         123.3500   140.1500   13.6198    % 
UB: 140.15
branching on CartesianIndex(4, 5) with c.
1350   672    36         123.3500   140.1500   13.6198    % 
UB: 140.15
branching on CartesianIndex(5, 5) with c.
1351   673    37         123.3500   140.1500   13.6198    % 
UB: 140.15
branching on 2 with b.
1352   674    38         123.3500   140.1500   13.6198    % 
UB: 140.15
branching on 3 with b.
1353   675    39         123.3500   140.1500   13.6198    % 
UB: 140.15
branching on CartesianIndex(1, 6) with c.
1354   676    40         123.3500   140.1500   13.6198    % 
UB: 140.15
branching on CartesianIndex(2, 6) with c.
1355   677    40         123.3500   140.1500   13.6198    % 
LB close or above UB, fathomed
1356   676    39         123.3500   140.1500   13.6198    % 
LB close or above UB, fathomed
1357   675    38         123.3500   140.1500   13.6198    % 
UB: 140.15
branching on CartesianIndex(1, 6) with c.
1358   676    39         123.3500   140.1500   13.6198    % 
UB: 140.15
branching on CartesianIndex(2, 6) with c.
1359   677    39         123.3500   140.1500   13.6198    % 
LB close or above UB, fathomed
1360   676    37         123.3500   140.1500   13.6198    % 
LB close or above UB, fathomed
1361   675    36         123.3500   140.1500   13.6198    % 
LB close or above UB, fathomed
1362   674    35         123.3500   140.1500   13.6198    % 
LB close or above UB, fathomed
1363   673    34         123.3500   140.1500   13.6198    % 
LB close or above UB, fathomed
1364   672    33         123.3500   140.1500   13.6198    % 
LB close or above UB, fathomed
1365   671    34         123.3500   140.1500   13.6198    % 
UB: 140.15
branching on 3 with b.
1366   672    35         123.3500   140.1500   13.6198    % 
UB: 140.15
branching on CartesianIndex(2, 5) with c.
1367   673    36         123.3500   140.1500   13.6198    % 
UB: 140.15
branching on CartesianIndex(3, 5) with c.
1368   674    37         123.3500   140.1500   13.6198    % 
UB: 140.15
branching on CartesianIndex(4, 5) with c.
1369   675    38         123.3500   140.1500   13.6198    % 
UB: 140.15
branching on CartesianIndex(5, 5) with c.
1370   676    39         123.3500   140.1500   13.6198    % 
UB: 140.15
branching on CartesianIndex(1, 6) with c.
1371   677    40         123.3500   140.1500   13.6198    % 
UB: 140.15
branching on CartesianIndex(2, 6) with c.
1372   678    40         123.3500   140.1500   13.6198    % 
LB close or above UB, fathomed
1373   677    39         123.3500   140.1500   13.6198    % 
LB close or above UB, fathomed
1374   676    38         123.3500   140.1500   13.6198    % 
LB close or above UB, fathomed
1375   675    37         123.3500   140.1500   13.6198    % 
LB close or above UB, fathomed
1376   674    36         123.3500   140.1500   13.6198    % 
LB close or above UB, fathomed
1377   673    35         123.3500   140.1500   13.6198    % 
LB close or above UB, fathomed
1378   672    34         123.3500   140.1500   13.6198    % 
LB close or above UB, fathomed
1379   671    34         123.3500   140.1500   13.6198    % 
UB: 140.15
branching on CartesianIndex(1, 5) with c.
1380   672    35         123.3500   140.1500   13.6198    % 
UB: 140.15
branching on CartesianIndex(2, 5) with c.
1381   673    36         123.3500   140.1500   13.6198    % 
UB: 140.15
branching on CartesianIndex(3, 5) with c.
1382   674    37         123.3500   140.1500   13.6198    % 
UB: 140.15
branching on CartesianIndex(4, 5) with c.
1383   675    38         123.3500   140.1500   13.6198    % 
UB: 140.15
branching on CartesianIndex(5, 5) with c.
1384   676    39         123.3500   140.1500   13.6198    % 
UB: 140.15
branching on CartesianIndex(1, 6) with c.
1385   677    40         123.3500   140.1500   13.6198    % 
UB: 140.15
branching on CartesianIndex(2, 6) with c.
1386   678    40         123.3500   140.1500   13.6198    % 
LB close or above UB, fathomed
1387   677    39         123.3500   140.1500   13.6198    % 
LB close or above UB, fathomed
1388   676    38         123.3500   140.1500   13.6198    % 
LB close or above UB, fathomed
1389   675    37         123.3500   140.1500   13.6198    % 
LB close or above UB, fathomed
1390   674    36         123.3500   140.1500   13.6198    % 
LB close or above UB, fathomed
1391   673    35         123.3500   140.1500   13.6198    % 
LB close or above UB, fathomed
1392   672    34         123.3500   140.1500   13.6198    % 
LB close or above UB, fathomed
1393   671    18         123.3500   140.1500   13.6198    % 
UB: 140.15
branching on CartesianIndex(3, 4) with c.
1394   672    18         123.3500   140.1500   13.6198    % 
UB: 140.15
branching on 3 with b.
1395   673    28         123.3500   140.1500   13.6198    % 
UB: 140.15
branching on CartesianIndex(6, 3) with a.
1396   674    28         123.3500   140.1500   13.6198    % 
LB close or above UB, fathomed
1397   673    16         123.3500   140.1500   13.6198    % 
UB: 140.15
branching on CartesianIndex(2, 2) with a.
1398   674    17         123.3500   140.1500   13.6198    % 
UB: 140.15
branching on CartesianIndex(3, 2) with a.
1399   675    18         123.3500   140.1500   13.6198    % 
UB: 140.15
branching on CartesianIndex(4, 2) with a.
1400   676    19         123.3500   140.1500   13.6198    % 
UB: 140.15
branching on CartesianIndex(5, 2) with a.
1401   677    19         123.3500   140.1500   13.6198    % 
UB: 140.15
branching on CartesianIndex(1, 3) with a.
1402   678    18         123.3500   140.1500   13.6198    % 
LB close or above UB, fathomed
1403   677    17         123.3500   140.1500   13.6198    % 
LB close or above UB, fathomed
1404   676    16         123.3500   140.1500   13.6198    % 
LB close or above UB, fathomed
1405   675    16         123.3500   140.1500   13.6198    % 
UB: 140.15
branching on CartesianIndex(4, 2) with a.
1406   676    17         123.3500   140.1500   13.6198    % 
UB: 140.15
branching on CartesianIndex(5, 2) with a.
1407   677    18         123.3500   140.1500   13.6198    % 
UB: 140.15
branching on CartesianIndex(6, 2) with a.
1408   677    19         123.3500   140.1500   13.6198    % 
UB: 140.15
branching on CartesianIndex(7, 2) with a.
1409   678    20         123.3500   140.1500   13.6198    % 
UB: 140.15
branching on CartesianIndex(8, 2) with a.
1410   679    20         123.3500   140.1500   13.6198    % 
UB: 140.15
branching on CartesianIndex(1, 3) with a.
1411   680    21         123.3500   140.1500   13.6198    % 
UB: 140.15
branching on CartesianIndex(2, 3) with a.
1412   681    22         123.3500   140.1500   13.6198    % 
UB: 140.15
branching on CartesianIndex(3, 3) with a.
1413   682    23         123.3500   140.1500   13.6198    % 
UB: 140.15
branching on CartesianIndex(4, 3) with a.
1414   683    24         123.3500   140.1500   13.6198    % 
UB: 140.15
branching on CartesianIndex(5, 3) with a.
1415   684    24         123.3500   140.1500   13.6198    % 
UB: 140.15
branching on CartesianIndex(1, 4) with c.
1416   685    23         123.3500   140.1500   13.6198    % 
LB close or above UB, fathomed
1417   684    22         123.3500   140.1500   13.6198    % 
LB close or above UB, fathomed
1418   683    21         123.3500   140.1500   13.6198    % 
LB close or above UB, fathomed
1419   682    18         123.3500   140.1500   13.6198    % 
UB: 140.15
branching on CartesianIndex(1, 3) with a.
1420   683    17         123.3500   140.1500   13.6198    % 
UB: 140.15
branching on CartesianIndex(1, 3) with a.
1421   684    16         123.3500   140.1500   13.6198    % 
UB: 140.15
branching on CartesianIndex(4, 2) with a.
1422   685    13         123.3500   140.1500   13.6198    % 
UB: 140.15
branching on CartesianIndex(6, 1) with a.
1423   686    14         123.3500   140.1500   13.6198    % 
UB: 140.15
branching on CartesianIndex(7, 1) with a.
1424   687    15         123.3500   140.1500   13.6198    % 
LB close or above UB, fathomed
1425   686    15         123.3500   140.1500   13.6198    % 
UB: 140.15
branching on CartesianIndex(1, 2) with a.
1426   687    14         123.3500   140.1500   13.6198    % 
LB close or above UB, fathomed
1427   686    13         123.3500   140.1500   13.6198    % 
UB: 140.15
branching on CartesianIndex(6, 1) with a.
1428   687    14         123.3500   140.1500   13.6198    % 
UB: 140.15
branching on CartesianIndex(7, 1) with a.
1429   688    15         123.3500   140.1500   13.6198    % 
LB close or above UB, fathomed
1430   687    15         123.3500   140.1500   13.6198    % 
UB: 140.15
branching on 1 with b.
1431   688    14         123.3500   140.1500   13.6198    % 
LB close or above UB, fathomed
1432   687    18         123.3500   140.1500   13.6198    % 
UB: 140.15
branching on CartesianIndex(1, 4) with c.
1433   688    19         123.3500   140.1500   13.6198    % 
UB: 140.15
branching on CartesianIndex(2, 4) with c.
1434   689    19         123.3500   140.1500   13.6198    % 
UB: 140.15
branching on CartesianIndex(1, 5) with c.
1435   690    18         123.3500   140.1500   13.6198    % 
LB close or above UB, fathomed
1436   689    19         123.3500   140.1500   13.6198    % 
UB: 140.15
branching on 2 with b.
1437   690    20         123.3500   140.1500   13.6198    % 
UB: 140.15
branching on 3 with b.
1438   691    20         123.3500   140.1500   13.6198    % 
UB: 140.15
branching on 3 with b.
1439   692    19         123.3500   140.1500   13.6198    % 
LB close or above UB, fathomed
1440   691    16         123.3500   140.1500   13.6198    % 
UB: 140.15
branching on 1 with b.
1441   692    16         123.3500   140.1500   13.6198    % 
UB: 140.15
branching on 1 with b.
1442   693    25         123.3500   140.1500   13.6198    % 
UB: 140.15
branching on CartesianIndex(6, 3) with a.
1443   694    26         123.3500   140.1500   13.6198    % 
UB: 140.15
branching on 2 with b.
1444   695    26         123.3500   140.1500   13.6198    % 
LB close or above UB, fathomed
1445   694    25         123.3500   140.1500   13.6198    % 
LB close or above UB, fathomed
1446   693    19         123.3500   140.1500   13.6198    % 
UB: 140.15
branching on CartesianIndex(6, 2) with a.
1447   694    19         123.3500   140.1500   13.6198    % 
LB close or above UB, fathomed
1448   693    22         123.3500   140.1500   13.6198    % 
UB: 140.15
branching on CartesianIndex(1, 3) with a.
1449   694    23         123.3500   140.1500   13.6198    % 
UB: 140.15
branching on CartesianIndex(2, 3) with a.
1450   695    24         123.3500   140.1500   13.6198    % 
UB: 140.15
branching on CartesianIndex(3, 3) with a.
1451   696    25         123.3500   140.1500   13.6198    % 
UB: 140.15
branching on CartesianIndex(4, 3) with a.
1452   697    25         123.3500   140.1500   13.6198    % 
UB: 140.15
branching on CartesianIndex(1, 4) with c.
1453   698    24         123.3500   140.1500   13.6198    % 
UB: 140.15
branching on CartesianIndex(1, 4) with c.
1454   699    23         123.3500   140.1500   13.6198    % 
LB close or above UB, fathomed
1455   698    22         123.3500   140.1500   13.6198    % 
LB close or above UB, fathomed
1456   697    15         123.3500   140.1500   13.6198    % 
UB: 140.15
branching on 2 with b.
1457   698    15         123.3500   140.1500   13.6198    % 
UB: 140.15
branching on CartesianIndex(7, 1) with a.
1458   699    16         123.3500   140.1500   13.6198    % 
UB: 140.15
branching on CartesianIndex(2, 3) with a.
1459   700    17         123.3500   140.1500   13.6198    % 
UB: 140.15
branching on CartesianIndex(3, 3) with a.
1460   701    18         123.3500   140.1500   13.6198    % 
UB: 140.15
branching on 3 with b.
1461   702    19         123.3500   140.1500   13.6198    % 
UB: 140.15
branching on CartesianIndex(4, 3) with a.
1462   703    20         123.3500   140.1500   13.6198    % 
UB: 140.15
branching on 1 with b.
1463   704    20         123.3500   140.1500   13.6198    % 
UB: 140.15
branching on 1 with b.
1464   705    19         123.3500   140.1500   13.6198    % 
UB: 140.15
branching on CartesianIndex(4, 3) with a.
1465   706    18         123.3500   140.1500   13.6198    % 
UB: 140.15
branching on CartesianIndex(1, 4) with c.
1466   707    17         123.3500   140.1500   13.6198    % 
UB: 140.15
branching on CartesianIndex(1, 4) with c.
1467   708    16         123.3500   140.1500   13.6198    % 
LB close or above UB, fathomed
1468   707    23         123.3500   140.1500   13.6198    % 
UB: 140.15
branching on 1 with b.
1469   708    24         123.3500   140.1500   13.6198    % 
UB: 140.15
branching on CartesianIndex(2, 4) with c.
1470   709    24         123.3500   140.1500   13.6198    % 
UB: 140.15
branching on CartesianIndex(2, 4) with c.
1471   710    23         123.3500   140.1500   13.6198    % 
LB close or above UB, fathomed
1472   709    18         123.3500   140.1500   13.6198    % 
UB: 140.15
branching on 1 with b.
1473   710    19         123.3500   140.1500   13.6198    % 
UB: 140.15
branching on 2 with b.
1474   711    20         123.3500   140.1500   13.6198    % 
LB close or above UB, fathomed
1475   710    20         123.3500   140.1500   13.6198    % 
UB: 140.15
branching on 3 with b.
1476   711    19         123.3500   140.1500   13.6198    % 
LB close or above UB, fathomed
1477   710    18         123.3500   140.1500   13.6198    % 
LB close or above UB, fathomed
1478   709    19         123.3500   140.1500   13.6198    % 
UB: 140.15
branching on 1 with b.
1479   710    20         123.3500   140.1500   13.6198    % 
UB: 140.15
branching on CartesianIndex(2, 4) with c.
1480   711    20         123.3500   140.1500   13.6198    % 
UB: 140.15
branching on CartesianIndex(2, 4) with c.
1481   712    19         123.3500   140.1500   13.6198    % 
LB close or above UB, fathomed
1482   711    28         123.3500   140.1500   13.6198    % 
UB: 140.15
branching on CartesianIndex(2, 4) with c.
1483   712    29         123.3500   140.1500   13.6198    % 
LB close or above UB, fathomed
1484   711    29         123.3500   140.1500   13.6198    % 
UB: 140.15
branching on CartesianIndex(1, 5) with c.
1485   712    28         123.3500   140.1500   13.6198    % 
LB close or above UB, fathomed
1486   711    21         123.3500   140.1500   13.6198    % 
UB: 140.15
branching on CartesianIndex(1, 3) with a.
1487   712    22         123.3500   140.1500   13.6198    % 
UB: 140.15
branching on CartesianIndex(2, 3) with a.
1488   713    23         123.3500   140.1500   13.6198    % 
UB: 140.15
branching on 3 with b.
1489   714    24         123.3500   140.1500   13.6198    % 
LB close or above UB, fathomed
1490   713    24         123.3500   140.1500   13.6198    % 
UB: 140.15
branching on CartesianIndex(3, 3) with a.
1491   714    23         123.3500   140.1500   13.6198    % 
LB close or above UB, fathomed
1492   713    22         123.3500   140.1500   13.6198    % 
LB close or above UB, fathomed
1493   712    21         123.3500   140.1500   13.6198    % 
UB: 140.15
branching on CartesianIndex(1, 3) with a.
1494   713    25         123.3500   140.1500   13.6198    % 
UB: 140.15
branching on CartesianIndex(2, 4) with c.
1495   714    26         123.3500   140.1500   13.6198    % 
UB: 140.15
branching on CartesianIndex(3, 4) with c.
1496   715    27         123.3500   140.1500   13.6198    % 
UB: 140.15
branching on CartesianIndex(4, 4) with c.
1497   716    28         123.3500   140.1500   13.6198    % 
UB: 140.15
branching on CartesianIndex(5, 4) with c.
1498   717    29         123.3500   140.1500   13.6198    % 
UB: 140.15
branching on CartesianIndex(1, 5) with c.
1499   718    30         123.3500   140.1500   13.6198    % 
UB: 140.15
branching on 3 with b.
1500   719    31         123.3500   140.1500   13.6198    % 
LB close or above UB, fathomed
1501   718    31         123.3500   140.1500   13.6198    % 
UB: 140.15
branching on CartesianIndex(2, 5) with c.
1502   719    32         123.3500   140.1500   13.6198    % 
UB: 140.15
branching on CartesianIndex(3, 5) with c.
1503   720    32         123.3500   140.1500   13.6198    % 
UB: 140.15
branching on CartesianIndex(1, 6) with c.
1504   721    30         123.3500   140.1500   13.6198    % 
LB close or above UB, fathomed
1505   720    29         123.3500   140.1500   13.6198    % 
LB close or above UB, fathomed
1506   719    28         123.3500   140.1500   13.6198    % 
LB close or above UB, fathomed
1507   718    27         123.3500   140.1500   13.6198    % 
LB close or above UB, fathomed
1508   717    26         123.3500   140.1500   13.6198    % 
LB close or above UB, fathomed
1509   716    25         123.3500   140.1500   13.6198    % 
LB close or above UB, fathomed
1510   715    21         123.3500   140.1500   13.6198    % 
UB: 140.15
branching on CartesianIndex(2, 4) with c.
1511   716    21         123.3500   140.1500   13.6198    % 
LB close or above UB, fathomed
1512   715    25         123.3500   140.1500   13.6198    % 
UB: 140.15
branching on CartesianIndex(5, 3) with a.
1513   716    26         123.3500   140.1500   13.6198    % 
UB: 140.15
branching on 1 with b.
1514   717    27         123.3500   140.1500   13.6198    % 
UB: 140.15
branching on CartesianIndex(6, 3) with a.
1515   718    27         123.3500   140.1500   13.6198    % 
UB: 140.15
branching on CartesianIndex(6, 3) with a.
1516   719    26         123.3500   140.1500   13.6198    % 
LB close or above UB, fathomed
1517   718    25         123.3500   140.1500   13.6198    % 
LB close or above UB, fathomed
1518   717    15         123.3500   140.1500   13.6198    % 
UB: 140.15
branching on 1 with b.
1519   718    16         123.3500   140.1500   13.6198    % 
UB: 140.15
branching on CartesianIndex(6, 3) with a.
1520   719    16         123.3500   140.1500   13.6198    % 
UB: 140.15
branching on 2 with b.
1521   720    15         123.3500   140.1500   13.6198    % 
LB close or above UB, fathomed
1522   719    17         123.3500   140.1500   13.6198    % 
UB: 140.15
branching on CartesianIndex(7, 2) with a.
1523   720    18         123.3500   140.1500   13.6198    % 
UB: 140.15
branching on CartesianIndex(8, 2) with a.
1524   721    19         123.3500   140.1500   13.6198    % 
LB close or above UB, fathomed
1525   720    19         123.3500   140.1500   13.6198    % 
UB: 140.15
branching on CartesianIndex(1, 3) with a.
1526   721    20         123.3500   140.1500   13.6198    % 
UB: 140.15
branching on CartesianIndex(2, 3) with a.
1527   722    20         123.3500   140.1500   13.6198    % 
LB close or above UB, fathomed
1528   721    18         123.3500   140.1500   13.6198    % 
LB close or above UB, fathomed
1529   720    17         123.3500   140.1500   13.6198    % 
UB: 140.15
branching on CartesianIndex(1, 3) with a.
1530   721    17         123.3500   140.1500   13.6198    % 
UB: 140.15
branching on CartesianIndex(6, 3) with a.
1531   722    18         123.3500   140.1500   13.6198    % 
UB: 140.15
branching on CartesianIndex(7, 3) with a.
1532   723    18         123.3500   140.1500   13.6198    % 
LB close or above UB, fathomed
1533   722    17         123.3500   140.1500   13.6198    % 
UB: 140.15
branching on 3 with b.
1534   723    28         123.3500   140.1500   13.6198    % 
UB: 140.15
branching on 1 with b.
1535   724    29         123.3500   140.1500   13.6198    % 
UB: 140.15
branching on CartesianIndex(5, 5) with c.
1536   725    29         123.3500   140.1500   13.6198    % 
UB: 140.15
branching on CartesianIndex(5, 5) with c.
1537   726    28         123.3500   140.1500   13.6198    % 
LB close or above UB, fathomed
1538   725    34         123.3500   140.1500   13.6198    % 
UB: 140.15
branching on 2 with b.
1539   726    34         123.3500   140.1500   13.6198    % 
UB: 140.15
branching on CartesianIndex(1, 6) with c.
1540   727    19         123.3500   140.1500   13.6198    % 
UB: 140.15
branching on 2 with b.
1541   728    20         123.3500   140.1500   13.6198    % 
LB close or above UB, fathomed
1542   727    20         123.3500   140.1500   13.6198    % 
UB: 140.15
branching on 3 with b.
1543   728    21         123.3500   140.1500   13.6198    % 
LB close or above UB, fathomed
1544   727    21         123.3500   140.1500   13.6198    % 
UB: 140.15
branching on CartesianIndex(3, 3) with a.
1545   728    19         123.3500   140.1500   13.6198    % 
LB close or above UB, fathomed
1546   727    25         123.3500   140.1500   13.6198    % 
UB: 140.15
branching on 3 with b.
1547   728    26         123.3500   140.1500   13.6198    % 
UB: 140.15
branching on CartesianIndex(6, 3) with a.
1548   729    26         123.3500   140.1500   13.6198    % 
UB: 140.15
branching on CartesianIndex(6, 3) with a.
1549   730    25         123.3500   140.1500   13.6198    % 
LB close or above UB, fathomed
1550   729    25         123.3500   140.1500   13.6198    % 
UB: 140.15
branching on CartesianIndex(7, 3) with a.
1551   730    26         123.3500   140.1500   13.6198    % 
LB close or above UB, fathomed
1552   729    26         123.3500   140.1500   13.6198    % 
UB: 140.15
branching on CartesianIndex(1, 4) with c.
1553   730    27         123.3500   140.1500   13.6198    % 
UB: 140.15
branching on CartesianIndex(2, 4) with c.
1554   731    28         123.3500   140.1500   13.6198    % 
LB close or above UB, fathomed
1555   730    28         123.3500   140.1500   13.6198    % 
UB: 140.15
branching on CartesianIndex(1, 5) with c.
1556   731    27         123.3500   140.1500   13.6198    % 
LB close or above UB, fathomed
1557   730    25         123.3500   140.1500   13.6198    % 
LB close or above UB, fathomed
1558   729    27         123.3500   140.1500   13.6198    % 
UB: 140.15
branching on CartesianIndex(6, 3) with a.
1559   730    28         123.3500   140.1500   13.6198    % 
UB: 140.15
branching on 2 with b.
1560   731    29         123.3500   140.1500   13.6198    % 
UB: 140.15
branching on CartesianIndex(7, 3) with a.
1561   732    30         123.3500   140.1500   13.6198    % 
UB: 140.15
branching on CartesianIndex(8, 3) with a.
1562   733    31         123.3500   140.1500   13.6198    % 
LB close or above UB, fathomed
1563   732    31         123.3500   140.1500   13.6198    % 
UB: 140.15
branching on CartesianIndex(1, 4) with c.
1564   733    32         123.3500   140.1500   13.6198    % 
UB: 140.15
branching on CartesianIndex(2, 4) with c.
1565   734    32         123.3500   140.1500   13.6198    % 
UB: 140.15
branching on CartesianIndex(1, 5) with c.
1566   735    30         123.3500   140.1500   13.6198    % 
LB close or above UB, fathomed
1567   734    29         123.3500   140.1500   13.6198    % 
LB close or above UB, fathomed
1568   733    28         123.3500   140.1500   13.6198    % 
UB: 140.15
branching on CartesianIndex(1, 4) with c.
1569   734    27         123.3500   140.1500   13.6198    % 
LB close or above UB, fathomed
1570   733    27         123.3500   140.1500   13.6198    % 
UB: 140.15
branching on CartesianIndex(2, 4) with c.
1571   734    28         123.3500   140.1500   13.6198    % 
UB: 140.15
branching on CartesianIndex(3, 4) with c.
1572   735    29         123.3500   140.1500   13.6198    % 
UB: 140.15
branching on CartesianIndex(4, 4) with c.
1573   736    30         123.3500   140.1500   13.6198    % 
UB: 140.15
branching on CartesianIndex(5, 4) with c.
1574   737    31         123.3500   140.1500   13.6198    % 
UB: 140.15
branching on 2 with b.
1575   738    32         123.3500   140.1500   13.6198    % 
UB: 140.15
branching on CartesianIndex(1, 5) with c.
1576   739    32         123.3500   140.1500   13.6198    % 
UB: 140.15
branching on CartesianIndex(1, 5) with c.
1577   740    31         123.3500   140.1500   13.6198    % 
LB close or above UB, fathomed
1578   739    30         123.3500   140.1500   13.6198    % 
LB close or above UB, fathomed
1579   738    29         123.3500   140.1500   13.6198    % 
LB close or above UB, fathomed
1580   737    28         123.3500   140.1500   13.6198    % 
LB close or above UB, fathomed
1581   736    27         123.3500   140.1500   13.6198    % 
LB close or above UB, fathomed
1582   735    22         123.3500   140.1500   13.6198    % 
UB: 140.15
branching on CartesianIndex(8, 2) with a.
1583   736    23         123.3500   140.1500   13.6198    % 
UB: 140.15
branching on CartesianIndex(1, 3) with a.
1584   737    23         123.3500   140.1500   13.6198    % 
UB: 140.15
branching on CartesianIndex(1, 3) with a.
1585   738    22         123.3500   140.1500   13.6198    % 
UB: 140.15
branching on CartesianIndex(1, 3) with a.
1586   739    16         123.3500   140.1500   13.6198    % 
UB: 140.15
branching on 1 with b.
1587   740    17         123.3500   140.1500   13.6198    % 
UB: 140.15
branching on CartesianIndex(1, 3) with a.
1588   741    17         123.3500   140.1500   13.6198    % 
UB: 140.15
branching on CartesianIndex(1, 3) with a.
1589   742    18         123.3500   140.1500   13.6198    % 
UB: 140.15
branching on CartesianIndex(2, 3) with a.
1590   743    19         123.3500   140.1500   13.6198    % 
UB: 140.15
branching on CartesianIndex(3, 3) with a.
1591   744    20         123.3500   140.1500   13.6198    % 
UB: 140.15
branching on CartesianIndex(4, 3) with a.
1592   745    21         123.3500   140.1500   13.6198    % 
UB: 140.15
branching on CartesianIndex(5, 3) with a.
1593   746    21         123.3500   140.1500   13.6198    % 
UB: 140.15
branching on CartesianIndex(1, 4) with c.
1594   747    20         123.3500   140.1500   13.6198    % 
LB close or above UB, fathomed
1595   746    19         123.3500   140.1500   13.6198    % 
LB close or above UB, fathomed
1596   745    18         123.3500   140.1500   13.6198    % 
LB close or above UB, fathomed
1597   744    16         123.3500   140.1500   13.6198    % 
LB close or above UB, fathomed
1598   743    23         123.3500   140.1500   13.6198    % 
UB: 140.15
branching on 1 with b.
1599   744    24         123.3500   140.1500   13.6198    % 
UB: 140.15
branching on CartesianIndex(6, 3) with a.
1600   745    24         123.3500   140.1500   13.6198    % 
UB: 140.15
branching on CartesianIndex(6, 3) with a.
1601   746    23         123.3500   140.1500   13.6198    % 
LB close or above UB, fathomed
1602   745    30         126.0822   140.1500   11.1576    % 
UB: 140.15
branching on 2 with b.
1603   746    31         126.0822   140.1500   11.1576    % 
UB: 140.15
branching on CartesianIndex(2, 4) with c.
1604   747    31         126.0822   140.1500   11.1576    % 
UB: 140.15
branching on CartesianIndex(2, 4) with c.
1605   748    30         126.0822   140.1500   11.1576    % 
LB close or above UB, fathomed
1606   747    27         126.0974   140.1500   11.1442    % 
UB: 140.15
branching on CartesianIndex(6, 3) with a.
1607   748    27         126.0974   140.1500   11.1442    % 
LB close or above UB, fathomed
1608   747    19         126.1052   140.1500   11.1373    % 
UB: 140.15
branching on 2 with b.
1609   748    20         126.1052   140.1500   11.1373    % 
LB close or above UB, fathomed
1610   747    20         126.1052   140.1500   11.1373    % 
UB: 140.15
branching on CartesianIndex(1, 3) with a.
1611   748    21         126.1052   140.1500   11.1373    % 
UB: 140.15
branching on 3 with b.
1612   749    22         126.1052   140.1500   11.1373    % 
UB: 140.15
branching on 1 with b.
1613   750    22         126.1052   140.1500   11.1373    % 
UB: 140.15
branching on CartesianIndex(2, 3) with a.
1614   751    23         126.1052   140.1500   11.1373    % 
UB: 140.15
branching on CartesianIndex(3, 3) with a.
1615   752    24         126.1052   140.1500   11.1373    % 
UB: 140.15
branching on CartesianIndex(4, 3) with a.
1616   753    25         126.1052   140.1500   11.1373    % 
LB close or above UB, fathomed
1617   752    25         126.1052   140.1500   11.1373    % 
UB: 140.15
branching on 1 with b.
1618   753    24         126.1052   140.1500   11.1373    % 
UB: 140.15
branching on CartesianIndex(1, 4) with c.
1619   754    23         126.1052   140.1500   11.1373    % 
UB: 140.15
branching on CartesianIndex(1, 4) with c.
1620   755    21         126.1052   140.1500   11.1373    % 
LB close or above UB, fathomed
1621   754    19         126.1052   140.1500   11.1373    % 
LB close or above UB, fathomed
1622   753    28         126.1089   140.1500   11.1341    % 
UB: 140.15
branching on 2 with b.
1623   754    29         126.1089   140.1500   11.1341    % 
UB: 140.15
branching on CartesianIndex(2, 4) with c.
1624   755    30         126.1089   140.1500   11.1341    % 
UB: 140.15
branching on CartesianIndex(3, 4) with c.
1625   756    30         126.1089   140.1500   11.1341    % 
UB: 140.15
branching on CartesianIndex(1, 5) with c.
1626   757    29         126.1089   140.1500   11.1341    % 
UB: 140.15
branching on CartesianIndex(2, 4) with c.
1627   758    28         126.1089   140.1500   11.1341    % 
LB close or above UB, fathomed
1628   757    21         126.1122   140.1500   11.1312    % 
UB: 140.15
branching on CartesianIndex(2, 4) with c.
1629   758    22         126.1122   140.1500   11.1312    % 
LB close or above UB, fathomed
1630   757    22         126.1122   140.1500   11.1312    % 
UB: 140.15
branching on CartesianIndex(1, 5) with c.
1631   758    21         126.1122   140.1500   11.1312    % 
LB close or above UB, fathomed
1632   757    29         126.1500   140.1500   11.0979    % 
UB: 140.15
branching on CartesianIndex(7, 3) with a.
1633   758    30         126.1500   140.1500   11.0979    % 
LB close or above UB, fathomed
1634   757    30         126.1500   140.1500   11.0979    % 
UB: 140.15
branching on CartesianIndex(1, 4) with c.
1635   758    29         126.1500   140.1500   11.0979    % 
LB close or above UB, fathomed
1636   757    41         126.1500   140.1500   11.0979    % 
LB close or above UB, fathomed
1637   756    41         126.1500   140.1500   11.0979    % 
UB: 140.15
branching on CartesianIndex(1, 7) with c.
1638   757    42         126.1500   140.1500   11.0979    % 
LB close or above UB, fathomed
1639   756    42         126.1500   140.1500   11.0979    % 
UB: 140.15
branching on 1 with b.
1640   757    43         126.1500   140.1500   11.0979    % 
UB: 140.15
branching on 2 with b.
1641   758    43         126.1500   140.1500   11.0979    % 
LB close or above UB, fathomed
1642   757    29         126.1500   140.1500   11.0979    % 
UB: 140.15
branching on CartesianIndex(7, 3) with a.
1643   758    30         126.1500   140.1500   11.0979    % 
LB close or above UB, fathomed
1644   757    30         126.1500   140.1500   11.0979    % 
UB: 140.15
branching on CartesianIndex(1, 4) with c.
1645   758    31         126.1500   140.1500   11.0979    % 
UB: 140.15
branching on CartesianIndex(2, 4) with c.
1646   759    32         126.1500   140.1500   11.0979    % 
UB: 140.15
branching on CartesianIndex(3, 4) with c.
1647   760    32         126.1500   140.1500   11.0979    % 
UB: 140.15
branching on CartesianIndex(1, 5) with c.
1648   761    31         126.1500   140.1500   11.0979    % 
LB close or above UB, fathomed
1649   760    29         126.1500   140.1500   11.0979    % 
LB close or above UB, fathomed
1650   759    27         126.1500   140.1500   11.0979    % 
UB: 140.15
branching on 3 with b.
1651   760    27         126.1500   140.1500   11.0979    % 
LB close or above UB, fathomed
1652   759    22         126.1500   140.1500   11.0979    % 
UB: 140.15
branching on CartesianIndex(1, 4) with c.
1653   760    23         126.1500   140.1500   11.0979    % 
UB: 140.15
branching on CartesianIndex(2, 4) with c.
1654   761    24         126.1500   140.1500   11.0979    % 
UB: 140.15
branching on 2 with b.
1655   762    25         126.1500   140.1500   11.0979    % 
UB: 140.15
branching on CartesianIndex(3, 4) with c.
1656   763    25         126.1500   140.1500   11.0979    % 
UB: 140.15
branching on 3 with b.
1657   764    24         126.1500   140.1500   11.0979    % 
LB close or above UB, fathomed
1658   763    23         126.1500   140.1500   11.0979    % 
LB close or above UB, fathomed
1659   762    22         126.1500   140.1500   11.0979    % 
LB close or above UB, fathomed
1660   761    28         126.1500   140.1500   11.0979    % 
UB: 140.15
branching on CartesianIndex(5, 3) with a.
1661   762    28         126.1500   140.1500   11.0979    % 
UB: 140.15
branching on CartesianIndex(1, 4) with c.
1662   763    25         126.1500   140.1500   11.0979    % 
UB: 140.15
branching on CartesianIndex(3, 3) with a.
1663   764    26         126.1500   140.1500   11.0979    % 
UB: 140.15
branching on 3 with b.
1664   765    26         126.1500   140.1500   11.0979    % 
UB: 140.15
branching on 3 with b.
1665   766    25         126.1500   140.1500   11.0979    % 
LB close or above UB, fathomed
1666   765    23         126.1500   140.1500   11.0979    % 
LB close or above UB, fathomed
1667   764    23         126.1500   140.1500   11.0979    % 
UB: 140.15
branching on CartesianIndex(1, 4) with c.
1668   765    24         126.1500   140.1500   11.0979    % 
UB: 140.15
branching on CartesianIndex(2, 4) with c.
1669   766    25         126.1500   140.1500   11.0979    % 
UB: 140.15
branching on 1 with b.
1670   767    25         126.1500   140.1500   11.0979    % 
UB: 140.15
branching on CartesianIndex(1, 5) with c.
1671   768    24         126.1500   140.1500   11.0979    % 
LB close or above UB, fathomed
1672   767    44         126.1500   140.1500   11.0979    % 
UB: 140.15
branching on 3 with b.
1673   768    45         126.1500   140.1500   11.0979    % 
UB: 140.15
branching on 1 with b.
1674   769    46         126.1500   140.1500   11.0979    % 
UB: 140.15
branching on 2 with b.
1675   769    46         126.1500   140.1500   11.0979    % 
UB: 140.15
branching on 2 with b.
1676   769    45         126.1500   140.1500   11.0979    % 
LB close or above UB, fathomed
1677   768    44         126.1500   140.1500   11.0979    % 
UB: 140.15
branching on 3 with b.
1678   769    33         126.1500   140.1500   11.0979    % 
UB: 140.15
branching on CartesianIndex(3, 4) with c.
1679   770    33         126.1500   140.1500   11.0979    % 
UB: 140.15
branching on 3 with b.
1680   771    21         126.1500   140.1500   11.0979    % 
UB: 140.15
branching on CartesianIndex(1, 4) with c.
1681   772    21         126.1500   140.1500   11.0979    % 
UB: 140.15
branching on CartesianIndex(1, 4) with c.
1682   773    27         126.1500   140.1500   11.0979    % 
UB: 140.15
branching on 3 with b.
1683   774    28         126.1500   140.1500   11.0979    % 
LB close or above UB, fathomed
1684   773    28         126.1500   140.1500   11.0979    % 
UB: 140.15
branching on CartesianIndex(2, 5) with c.
1685   774    29         126.1500   140.1500   11.0979    % 
UB: 140.15
branching on CartesianIndex(3, 5) with c.
1686   775    30         126.1500   140.1500   11.0979    % 
UB: 140.15
branching on CartesianIndex(4, 5) with c.
1687   776    31         126.1500   140.1500   11.0979    % 
UB: 140.15
branching on CartesianIndex(5, 5) with c.
1688   777    32         126.1500   140.1500   11.0979    % 
UB: 140.15
branching on CartesianIndex(1, 6) with c.
1689   778    33         126.1500   140.1500   11.0979    % 
UB: 140.15
branching on CartesianIndex(2, 6) with c.
1690   779    33         126.1500   140.1500   11.0979    % 
LB close or above UB, fathomed
1691   778    32         126.1500   140.1500   11.0979    % 
LB close or above UB, fathomed
1692   777    31         126.1500   140.1500   11.0979    % 
LB close or above UB, fathomed
1693   776    30         126.1500   140.1500   11.0979    % 
LB close or above UB, fathomed
1694   775    29         126.1500   140.1500   11.0979    % 
LB close or above UB, fathomed
1695   774    27         126.1500   140.1500   11.0979    % 
LB close or above UB, fathomed
1696   773    19         126.1500   140.1500   11.0979    % 
UB: 140.15
branching on CartesianIndex(2, 4) with c.
1697   774    19         126.1500   140.1500   11.0979    % 
UB: 140.15
branching on CartesianIndex(1, 5) with c.
1698   775    22         126.1500   140.1500   11.0979    % 
UB: 140.15
branching on CartesianIndex(2, 3) with a.
1699   776    23         126.1500   140.1500   11.0979    % 
UB: 140.15
branching on CartesianIndex(3, 3) with a.
1700   777    24         126.1500   140.1500   11.0979    % 
UB: 140.15
branching on CartesianIndex(4, 3) with a.
1701   778    25         126.1500   140.1500   11.0979    % 
UB: 140.15
branching on CartesianIndex(5, 3) with a.
1702   779    25         126.1500   140.1500   11.0979    % 
UB: 140.15
branching on CartesianIndex(1, 4) with c.
1703   780    24         126.1500   140.1500   11.0979    % 
LB close or above UB, fathomed
1704   779    23         126.1500   140.1500   11.0979    % 
UB: 140.15
branching on CartesianIndex(1, 4) with c.
1705   780    22         126.1500   140.1500   11.0979    % 
UB: 140.15
branching on 1 with b.
1706   781    24         126.1500   140.1500   11.0979    % 
UB: 140.15
branching on CartesianIndex(1, 3) with a.
1707   782    24         126.1500   140.1500   11.0979    % 
UB: 140.15
branching on CartesianIndex(1, 3) with a.
1708   783    24         126.1500   140.1500   11.0979    % 
UB: 140.15
branching on 2 with b.
1709   784    24         126.1500   140.1500   11.0979    % 
UB: 140.15
branching on 2 with b.
1710   785    25         126.1500   140.1500   11.0979    % 
UB: 140.15
branching on CartesianIndex(7, 3) with a.
1711   786    26         126.1500   140.1500   11.0979    % 
LB close or above UB, fathomed
1712   785    26         126.1500   140.1500   11.0979    % 
UB: 140.15
branching on CartesianIndex(1, 4) with c.
1713   786    27         126.1500   140.1500   11.0979    % 
UB: 140.15
branching on CartesianIndex(2, 4) with c.
1714   787    28         126.1500   140.1500   11.0979    % 
UB: 140.15
branching on CartesianIndex(3, 4) with c.
1715   788    28         126.1500   140.1500   11.0979    % 
LB close or above UB, fathomed
1716   787    27         126.1500   140.1500   11.0979    % 
LB close or above UB, fathomed
1717   786    25         126.1500   140.1500   11.0979    % 
LB close or above UB, fathomed
1718   785    28         126.1500   140.1500   11.0979    % 
UB: 140.15
branching on CartesianIndex(2, 4) with c.
1719   786    28         126.1500   140.1500   11.0979    % 
LB close or above UB, fathomed
1720   785    29         126.1500   140.1500   11.0979    % 
UB: 140.15
branching on CartesianIndex(7, 3) with a.
1721   786    30         126.1500   140.1500   11.0979    % 
LB close or above UB, fathomed
1722   785    30         126.1500   140.1500   11.0979    % 
UB: 140.15
branching on CartesianIndex(1, 4) with c.
1723   786    29         126.1500   140.1500   11.0979    % 
LB close or above UB, fathomed
1724   785    27         126.1500   140.1500   11.0979    % 
UB: 140.15
branching on CartesianIndex(2, 4) with c.
1725   786    27         126.1500   140.1500   11.0979    % 
LB close or above UB, fathomed
1726   785    28         126.1500   140.1500   11.0979    % 
UB: 140.15
branching on CartesianIndex(5, 3) with a.
1727   786    29         126.1500   140.1500   11.0979    % 
UB: 140.15
branching on CartesianIndex(6, 3) with a.
1728   787    30         126.1500   140.1500   11.0979    % 
UB: 140.15
branching on CartesianIndex(7, 3) with a.
1729   788    31         126.1500   140.1500   11.0979    % 
UB: 140.15
branching on 2 with b.
1730   789    32         126.1500   140.1500   11.0979    % 
UB: 140.15
branching on CartesianIndex(8, 3) with a.
1731   790    32         126.1500   140.1500   11.0979    % 
UB: 140.15
branching on CartesianIndex(8, 3) with a.
1732   791    31         126.1500   140.1500   11.0979    % 
LB close or above UB, fathomed
1733   790    30         126.1500   140.1500   11.0979    % 
UB: 140.15
branching on CartesianIndex(1, 4) with c.
1734   791    29         126.1500   140.1500   11.0979    % 
LB close or above UB, fathomed
1735   790    28         126.1500   140.1500   11.0979    % 
LB close or above UB, fathomed
1736   789    24         126.1500   140.1500   11.0979    % 
UB: 140.15
branching on 2 with b.
1737   790    25         126.1500   140.1500   11.0979    % 
LB close or above UB, fathomed
1738   789    25         126.1500   140.1500   11.0979    % 
UB: 140.15
branching on 3 with b.
1739   790    26         126.1500   140.1500   11.0979    % 
UB: 140.15
branching on CartesianIndex(2, 3) with a.
1740   791    27         126.1500   140.1500   11.0979    % 
UB: 140.15
branching on CartesianIndex(3, 3) with a.
1741   792    28         126.1500   140.1500   11.0979    % 
UB: 140.15
branching on CartesianIndex(4, 3) with a.
1742   793    29         126.1500   140.1500   11.0979    % 
UB: 140.15
branching on CartesianIndex(5, 3) with a.
1743   794    29         126.1500   140.1500   11.0979    % 
UB: 140.15
branching on CartesianIndex(1, 4) with c.
1744   795    28         126.1500   140.1500   11.0979    % 
LB close or above UB, fathomed
1745   794    27         126.1500   140.1500   11.0979    % 
LB close or above UB, fathomed
1746   793    26         126.1500   140.1500   11.0979    % 
LB close or above UB, fathomed
1747   792    24         126.1500   140.1500   11.0979    % 
LB close or above UB, fathomed
1748   791    22         126.1500   140.1500   11.0979    % 
UB: 140.15
branching on CartesianIndex(3, 2) with a.
1749   792    22         126.1500   140.1500   11.0979    % 
LB close or above UB, fathomed
1750   791    17         126.1500   140.1500   11.0979    % 
LB close or above UB, fathomed
1751   790    17         126.1500   140.1500   11.0979    % 
UB: 140.15
branching on CartesianIndex(1, 2) with a.
1752   791    29         126.1500   140.1500   11.0979    % 
LB close or above UB, fathomed
1753   790    29         126.1500   140.1500   11.0979    % 
UB: 140.15
branching on CartesianIndex(1, 5) with c.
1754   791    33         126.1500   140.1500   11.0979    % 
UB: 140.15
branching on CartesianIndex(2, 5) with c.
1755   792    34         126.1500   140.1500   11.0979    % 
LB close or above UB, fathomed
1756   791    34         126.1500   140.1500   11.0979    % 
UB: 140.15
branching on CartesianIndex(1, 6) with c.
1757   792    33         126.1500   140.1500   11.0979    % 
LB close or above UB, fathomed
1758   791    22         126.1500   140.1500   11.0979    % 
UB: 140.15
branching on CartesianIndex(4, 3) with a.
1759   792    23         126.1500   140.1500   11.0979    % 
UB: 140.15
branching on CartesianIndex(5, 3) with a.
1760   793    23         126.1500   140.1500   11.0979    % 
UB: 140.15
branching on 1 with b.
1761   794    22         126.1500   140.1500   11.0979    % 
LB close or above UB, fathomed
1762   793    21         126.1500   140.1500   11.0979    % 
UB: 140.15
branching on CartesianIndex(2, 3) with a.
1763   794    21         126.1500   140.1500   11.0979    % 
UB: 140.15
branching on CartesianIndex(2, 3) with a.
1764   795    22         126.1500   140.1500   11.0979    % 
UB: 140.15
branching on CartesianIndex(3, 3) with a.
1765   796    23         126.1500   140.1500   11.0979    % 
UB: 140.15
branching on 1 with b.
1766   797    24         126.1500   140.1500   11.0979    % 
UB: 140.15
branching on CartesianIndex(4, 3) with a.
1767   798    24         126.1500   140.1500   11.0979    % 
UB: 140.15
branching on CartesianIndex(4, 3) with a.
1768   799    23         126.1500   140.1500   11.0979    % 
UB: 140.15
branching on CartesianIndex(1, 4) with c.
1769   800    22         126.1500   140.1500   11.0979    % 
UB: 140.15
branching on CartesianIndex(1, 4) with c.
1770   801    23         126.1500   140.1500   11.0979    % 
LB close or above UB, fathomed
1771   800    23         126.1500   140.1500   11.0979    % 
UB: 140.15
branching on CartesianIndex(1, 5) with c.
1772   801    25         126.1500   140.1500   11.0979    % 
UB: 140.15
branching on CartesianIndex(3, 4) with c.
1773   802    26         126.1500   140.1500   11.0979    % 
UB: 140.15
branching on CartesianIndex(4, 4) with c.
1774   803    27         126.1500   140.1500   11.0979    % 
UB: 140.15
branching on 2 with b.
1775   804    28         126.1500   140.1500   11.0979    % 
LB close or above UB, fathomed
1776   803    28         126.1500   140.1500   11.0979    % 
UB: 140.15
branching on CartesianIndex(5, 4) with c.
1777   804    29         126.1500   140.1500   11.0979    % 
UB: 140.15
branching on 3 with b.
1778   805    30         126.1500   140.1500   11.0979    % 
LB close or above UB, fathomed
1779   804    30         126.1500   140.1500   11.0979    % 
UB: 140.15
branching on CartesianIndex(1, 5) with c.
1780   805    31         126.1500   140.1500   11.0979    % 
UB: 140.15
branching on CartesianIndex(2, 5) with c.
1781   806    32         126.1500   140.1500   11.0979    % 
UB: 140.15
branching on CartesianIndex(3, 5) with c.
1782   807    32         126.1500   140.1500   11.0979    % 
UB: 140.15
branching on 1 with b.
1783   808    31         126.1500   140.1500   11.0979    % 
LB close or above UB, fathomed
1784   807    29         126.1500   140.1500   11.0979    % 
LB close or above UB, fathomed
1785   806    27         126.1500   140.1500   11.0979    % 
LB close or above UB, fathomed
1786   805    26         126.1500   140.1500   11.0979    % 
LB close or above UB, fathomed
1787   804    25         126.1500   140.1500   11.0979    % 
LB close or above UB, fathomed
1788   803    21         126.1500   140.1500   11.0979    % 
UB: 140.15
branching on CartesianIndex(5, 3) with a.
1789   804    22         126.1500   140.1500   11.0979    % 
UB: 140.15
branching on CartesianIndex(6, 3) with a.
1790   805    23         126.1500   140.1500   11.0979    % 
UB: 140.15
branching on CartesianIndex(7, 3) with a.
1791   806    24         126.1500   140.1500   11.0979    % 
UB: 140.15
branching on CartesianIndex(8, 3) with a.
1792   807    25         126.1500   140.1500   11.0979    % 
LB close or above UB, fathomed
1793   806    25         126.1500   140.1500   11.0979    % 
UB: 140.15
branching on 2 with b.
1794   807    26         126.1500   140.1500   11.0979    % 
UB: 140.15
branching on CartesianIndex(1, 4) with c.
1795   808    26         126.1500   140.1500   11.0979    % 
UB: 140.15
branching on CartesianIndex(1, 4) with c.
1796   809    24         126.1500   140.1500   11.0979    % 
LB close or above UB, fathomed
1797   808    23         126.1500   140.1500   11.0979    % 
UB: 140.15
branching on CartesianIndex(1, 4) with c.
1798   809    22         126.1500   140.1500   11.0979    % 
LB close or above UB, fathomed
1799   808    21         126.1500   140.1500   11.0979    % 
UB: 140.15
branching on CartesianIndex(5, 3) with a.
1800   809    26         126.1500   140.1500   11.0979    % 
UB: 140.15
branching on 1 with b.
1801   810    26         126.1500   140.1500   11.0979    % 
UB: 140.15
branching on 1 with b.
1802   811    20         126.1500   140.1500   11.0979    % 
UB: 140.15
branching on CartesianIndex(7, 2) with a.
1803   812    20         126.1500   140.1500   11.0979    % 
LB close or above UB, fathomed
1804   811    17         126.1500   140.1500   11.0979    % 
UB: 140.15
branching on CartesianIndex(3, 4) with c.
1805   812    17         126.1500   140.1500   11.0979    % 
UB: 140.15
branching on CartesianIndex(3, 4) with c.
1806   813    18         126.1500   140.1500   11.0979    % 
UB: 140.15
branching on 2 with b.
1807   814    19         126.1500   140.1500   11.0979    % 
UB: 140.15
branching on CartesianIndex(4, 4) with c.
1808   815    20         126.1500   140.1500   11.0979    % 
LB close or above UB, fathomed
1809   814    20         126.1500   140.1500   11.0979    % 
UB: 140.15
branching on CartesianIndex(1, 5) with c.
1810   815    21         126.1500   140.1500   11.0979    % 
UB: 140.15
branching on 3 with b.
1811   816    22         126.1500   140.1500   11.0979    % 
UB: 140.15
branching on CartesianIndex(2, 5) with c.
1812   817    23         126.1500   140.1500   11.0979    % 
UB: 140.15
branching on 1 with b.
1813   818    24         126.1500   140.1500   11.0979    % 
UB: 140.15
branching on 2 with b.
1814   819    24         126.1500   140.1500   11.0979    % 
UB: 140.15
branching on 2 with b.
1815   820    23         126.1500   140.1500   11.0979    % 
LB close or above UB, fathomed
1816   819    22         126.1500   140.1500   11.0979    % 
LB close or above UB, fathomed
1817   818    21         126.1500   140.1500   11.0979    % 
LB close or above UB, fathomed
1818   817    19         126.1500   140.1500   11.0979    % 
UB: 140.15
branching on CartesianIndex(4, 4) with c.
1819   818    18         126.1500   140.1500   11.0979    % 
LB close or above UB, fathomed
1820   817    21         126.1500   140.1500   11.0979    % 
UB: 140.15
branching on CartesianIndex(1, 4) with c.
1821   818    21         126.1500   140.1500   11.0979    % 
UB: 140.15
branching on CartesianIndex(1, 4) with c.
1822   819    20         126.1500   140.1500   11.0979    % 
LB close or above UB, fathomed
1823   818    20         126.1500   140.1500   11.0979    % 
UB: 140.15
branching on CartesianIndex(1, 5) with c.
1824   819    16         126.1500   140.1500   11.0979    % 
UB: 140.15
branching on CartesianIndex(1, 2) with a.
1825   820    17         126.1500   140.1500   11.0979    % 
UB: 140.15
branching on 2 with b.
1826   821    18         126.1500   140.1500   11.0979    % 
UB: 140.15
branching on CartesianIndex(2, 2) with a.
1827   822    18         126.1500   140.1500   11.0979    % 
UB: 140.15
branching on CartesianIndex(2, 2) with a.
1828   823    17         126.1500   140.1500   11.0979    % 
LB close or above UB, fathomed
1829   822    16         126.1500   140.1500   11.0979    % 
LB close or above UB, fathomed
1830   821    41         126.1500   140.1500   11.0979    % 
LB close or above UB, fathomed
1831   820    41         126.1500   140.1500   11.0979    % 
UB: 140.15
branching on CartesianIndex(1, 7) with c.
1832   821    42         126.1500   140.1500   11.0979    % 
LB close or above UB, fathomed
1833   820    42         126.1500   140.1500   11.0979    % 
UB: 140.15
branching on 1 with b.
1834   821    43         126.1500   140.1500   11.0979    % 
UB: 140.15
branching on 2 with b.
1835   822    44         126.1500   140.1500   11.0979    % 
UB: 140.15
branching on 3 with b.
1836   823    44         126.1500   140.1500   11.0979    % 
UB: 140.15
branching on 3 with b.
1837   824    45         126.1500   140.1500   11.0979    % 
UB: 140.15
branching on 1 with b.
1838   825    46         126.1500   140.1500   11.0979    % 
UB: 140.15
branching on 2 with b.
1839   826    46         126.1500   140.1500   11.0979    % 
UB: 140.15
branching on 2 with b.
1840   827    45         126.1500   140.1500   11.0979    % 
LB close or above UB, fathomed
1841   826    43         126.1500   140.1500   11.0979    % 
LB close or above UB, fathomed
1842   825    40         126.1500   140.1500   11.0979    % 
LB close or above UB, fathomed
1843   824    40         126.1500   140.1500   11.0979    % 
UB: 140.15
branching on CartesianIndex(1, 7) with c.
1844   825    41         126.1500   140.1500   11.0979    % 
LB close or above UB, fathomed
1845   824    41         126.1500   140.1500   11.0979    % 
UB: 140.15
branching on 3 with b.
1846   825    42         126.1500   140.1500   11.0979    % 
UB: 140.15
branching on 1 with b.
1847   826    43         126.1500   140.1500   11.0979    % 
UB: 140.15
branching on 2 with b.
1848   827    43         126.1500   140.1500   11.0979    % 
UB: 140.15
branching on 2 with b.
1849   828    44         126.1500   140.1500   11.0979    % 
UB: 140.14999999999998
branching on 3 with b.
1850   829    45         126.1500   140.1500   11.0979    % 
UB: 140.14999999999998
branching on 1 with b.
1851   829    46         126.1500   140.1500   11.0979    % 
UB: 140.14999999999998
branching on 2 with b.
1852   829    47         126.1500   140.1500   11.0979    % 
UB: 140.14999999999998
branching on 3 with b.
1853   830    48         126.1500   140.1500   11.0979    % 
UB: 140.14999999999998
branching on 1 with b.
1854   830    48         126.1500   140.1500   11.0979    % 
LB close or above UB, fathomed
1855   829    45         126.1500   140.1500   11.0979    % 
LB close or above UB, fathomed
1856   828    44         126.1500   140.1500   11.0979    % 
UB: 140.14999999999998
branching on 3 with b.
1857   829    42         126.1500   140.1500   11.0979    % 
LB close or above UB, fathomed
1858   828    41         126.1500   140.1500   11.0979    % 
LB close or above UB, fathomed
1859   827    41         126.1500   140.1500   11.0979    % 
UB: 140.14999999999998
branching on CartesianIndex(1, 7) with c.
1860   828    42         126.1500   140.1500   11.0979    % 
LB close or above UB, fathomed
1861   827    42         126.1500   140.1500   11.0979    % 
UB: 140.14999999999998
branching on 1 with b.
1862   828    43         126.1500   140.1500   11.0979    % 
UB: 140.14999999999998
branching on 2 with b.
1863   829    43         126.1500   140.1500   11.0979    % 
UB: 140.14999999999998
branching on 2 with b.
1864   830    44         126.1500   140.1500   11.0979    % 
UB: 140.14999999999998
branching on 3 with b.
1865   831    44         126.1500   140.1500   11.0979    % 
UB: 140.14999999999998
branching on 3 with b.
1866   832    45         126.1500   140.1500   11.0979    % 
UB: 140.14999999999998
branching on 1 with b.
1867   832    46         126.1500   140.1500   11.0979    % 
UB: 140.14999999999998
branching on 2 with b.
1868   833    47         126.1500   140.1500   11.0979    % 
UB: 140.14999999999998
branching on 3 with b.
1869   834    47         126.1500   140.1500   11.0979    % 
UB: 140.14999999999998
branching on 3 with b.
1870   835    48         126.1500   140.1500   11.0979    % 
UB: 140.14999999999998
branching on 1 with b.
1871   835    48         126.1500   140.1500   11.0979    % 
LB close or above UB, fathomed
1872   834    45         126.1500   140.1500   11.0979    % 
LB close or above UB, fathomed
1873   833    15         126.1500   140.1500   11.0979    % 
UB: 140.14999999999998
branching on CartesianIndex(6, 2) with a.
1874   834    16         126.1500   140.1500   11.0979    % 
UB: 140.14999999999998
branching on CartesianIndex(7, 2) with a.
1875   835    16         126.1500   140.1500   11.0979    % 
UB: 140.14999999999998
branching on CartesianIndex(1, 3) with a.
1876   836    15         126.1500   140.1500   11.0979    % 
LB close or above UB, fathomed
1877   835    14         126.1500   140.1500   11.0979    % 
UB: 140.14999999999998
branching on CartesianIndex(5, 2) with a.
1878   836    15         126.1500   140.1500   11.0979    % 
UB: 140.14999999999998
branching on 1 with b.
1879   837    15         126.1500   140.1500   11.0979    % 
UB: 140.14999999999998
branching on CartesianIndex(1, 3) with a.
1880   838    16         126.1500   140.1500   11.0979    % 
UB: 140.14999999999998
branching on CartesianIndex(2, 3) with a.
1881   839    17         126.1500   140.1500   11.0979    % 
UB: 140.14999999999998
branching on CartesianIndex(3, 3) with a.
1882   840    18         126.1500   140.1500   11.0979    % 
UB: 140.14999999999998
branching on 1 with b.
1883   841    19         126.1500   140.1500   11.0979    % 
UB: 140.14999999999998
branching on CartesianIndex(4, 3) with a.
1884   842    19         126.1500   140.1500   11.0979    % 
UB: 140.14999999999998
branching on 2 with b.
1885   843    20         126.1500   140.1500   11.0979    % 
UB: 140.14999999999998
branching on CartesianIndex(4, 3) with a.
1886   844    21         126.1500   140.1500   11.0979    % 
UB: 140.14999999999998
branching on 3 with b.
1887   845    22         126.1500   140.1500   11.0979    % 
UB: 140.14999999999998
branching on 1 with b.
1888   846    23         126.1500   140.1500   11.0979    % 
UB: 140.14999999999998
branching on CartesianIndex(5, 3) with a.
1889   847    23         126.1500   140.1500   11.0979    % 
LB close or above UB, fathomed
1890   846    22         126.1500   140.1500   11.0979    % 
UB: 140.14999999999998
branching on CartesianIndex(5, 3) with a.
1891   847    21         126.1500   140.1500   11.0979    % 
UB: 140.14999999999998
branching on 3 with b.
1892   848    20         126.1500   140.1500   11.0979    % 
LB close or above UB, fathomed
1893   847    18         126.1500   140.1500   11.0979    % 
UB: 140.14999999999998
branching on CartesianIndex(1, 4) with c.
1894   848    17         126.1500   140.1500   11.0979    % 
LB close or above UB, fathomed
1895   847    16         126.1500   140.1500   11.0979    % 
LB close or above UB, fathomed
1896   846    14         126.1500   140.1500   11.0979    % 
LB close or above UB, fathomed
1897   845    20         126.1500   140.1500   11.0979    % 
UB: 140.14999999999998
branching on CartesianIndex(8, 2) with a.
1898   846    20         126.1500   140.1500   11.0979    % 
LB close or above UB, fathomed
1899   845    37         126.1500   140.1500   11.0979    % 
UB: 140.14999999999998
branching on CartesianIndex(2, 6) with c.
1900   846    38         126.1500   140.1500   11.0979    % 
LB close or above UB, fathomed
1901   845    38         126.1500   140.1500   11.0979    % 
UB: 140.14999999999998
branching on 2 with b.
1902   846    39         126.1500   140.1500   11.0979    % 
UB: 140.14999999999998
branching on CartesianIndex(1, 7) with c.
1903   847    39         126.1500   140.1500   11.0979    % 
UB: 140.14999999999998
branching on CartesianIndex(1, 7) with c.
1904   848    37         126.1500   140.1500   11.0979    % 
LB close or above UB, fathomed
1905   847    20         126.1500   140.1500   11.0979    % 
LB close or above UB, fathomed
1906   846    20         126.1500   140.1500   11.0979    % 
UB: 140.14999999999998
branching on 1 with b.
1907   847    19         126.1500   140.1500   11.0979    % 
UB: 140.14999999999998
branching on CartesianIndex(2, 3) with a.
1908   848    20         126.1500   140.1500   11.0979    % 
UB: 140.14999999999998
branching on 2 with b.
1909   849    21         126.1500   140.1500   11.0979    % 
UB: 140.14999999999998
branching on CartesianIndex(3, 3) with a.
1910   850    22         126.1500   140.1500   11.0979    % 
UB: 140.14999999999998
branching on 3 with b.
1911   851    22         126.1500   140.1500   11.0979    % 
UB: 140.14999999999998
branching on CartesianIndex(1, 4) with c.
1912   852    21         126.1500   140.1500   11.0979    % 
LB close or above UB, fathomed
1913   851    20         126.1500   140.1500   11.0979    % 
LB close or above UB, fathomed
1914   850    19         126.1500   140.1500   11.0979    % 
LB close or above UB, fathomed
1915   849    28         126.1500   140.1500   11.0979    % 
UB: 140.14999999999998
branching on 3 with b.
1916   850    28         126.1500   140.1500   11.0979    % 
LB close or above UB, fathomed
1917   849    21         126.1500   140.1500   11.0979    % 
UB: 140.14999999999998
branching on CartesianIndex(5, 2) with a.
1918   850    22         126.1500   140.1500   11.0979    % 
UB: 140.14999999999998
branching on CartesianIndex(6, 2) with a.
1919   851    23         126.1500   140.1500   11.0979    % 
UB: 140.14999999999998
branching on 3 with b.
1920   852    23         126.1500   140.1500   11.0979    % 
UB: 140.14999999999998
branching on CartesianIndex(1, 3) with a.
1921   853    22         126.1500   140.1500   11.0979    % 
LB close or above UB, fathomed
1922   852    21         126.1500   140.1500   11.0979    % 
UB: 140.14999999999998
branching on CartesianIndex(5, 2) with a.
1923   853    14         126.1500   140.1500   11.0979    % 
UB: 140.14999999999998
branching on CartesianIndex(2, 3) with a.
1924   854    15         126.1500   140.1500   11.0979    % 
UB: 140.14999999999998
branching on CartesianIndex(3, 3) with a.
1925   855    16         126.1500   140.1500   11.0979    % 
UB: 140.14999999999998
branching on CartesianIndex(4, 3) with a.
1926   856    17         126.1500   140.1500   11.0979    % 
UB: 140.14999999999998
branching on CartesianIndex(5, 3) with a.
1927   857    17         126.1500   140.1500   11.0979    % 
UB: 140.14999999999998
branching on CartesianIndex(1, 4) with c.
1928   858    16         126.1500   140.1500   11.0979    % 
UB: 140.14999999999998
branching on CartesianIndex(1, 4) with c.
1929   859    15         126.1500   140.1500   11.0979    % 
UB: 140.14999999999998
branching on CartesianIndex(1, 4) with c.
1930   860    14         126.1500   140.1500   11.0979    % 
LB close or above UB, fathomed
1931   859    24         126.1500   140.1500   11.0979    % 
UB: 140.14999999999998
branching on CartesianIndex(8, 3) with a.
1932   860    25         126.1500   140.1500   11.0979    % 
LB close or above UB, fathomed
1933   859    25         126.1500   140.1500   11.0979    % 
UB: 140.14999999999998
branching on CartesianIndex(1, 4) with c.
1934   860    26         126.1500   140.1500   11.0979    % 
LB close or above UB, fathomed
1935   859    26         126.1500   140.1500   11.0979    % 
UB: 140.14999999999998
branching on CartesianIndex(1, 5) with c.
1936   860    24         126.1500   140.1500   11.0979    % 
LB close or above UB, fathomed
1937   859    22         126.1500   140.1500   11.0979    % 
UB: 140.14999999999998
branching on CartesianIndex(4, 3) with a.
1938   860    23         126.1500   140.1500   11.0979    % 
UB: 140.14999999999998
branching on CartesianIndex(5, 3) with a.
1939   861    23         126.1500   140.1500   11.0979    % 
UB: 140.14999999999998
branching on CartesianIndex(1, 4) with c.
1940   862    22         126.1500   140.1500   11.0979    % 
LB close or above UB, fathomed
1941   861    21         126.1500   140.1500   11.0979    % 
UB: 140.14999999999998
branching on CartesianIndex(3, 3) with a.
1942   862    22         126.1500   140.1500   11.0979    % 
UB: 140.14999999999998
branching on 3 with b.
1943   863    23         126.1500   140.1500   11.0979    % 
LB close or above UB, fathomed
1944   862    23         126.1500   140.1500   11.0979    % 
UB: 140.14999999999998
branching on CartesianIndex(4, 3) with a.
1945   863    22         126.1500   140.1500   11.0979    % 
LB close or above UB, fathomed
1946   862    21         126.1500   140.1500   11.0979    % 
LB close or above UB, fathomed
1947   861    19         126.1500   140.1500   11.0979    % 
UB: 140.14999999999998
branching on CartesianIndex(2, 3) with a.
1948   862    19         126.1500   140.1500   11.0979    % 
LB close or above UB, fathomed
1949   861    19         126.1500   140.1500   11.0979    % 
UB: 140.14999999999998
branching on CartesianIndex(6, 2) with a.
1950   862    20         126.1500   140.1500   11.0979    % 
UB: 140.14999999999998
branching on CartesianIndex(7, 2) with a.
1951   863    21         126.1500   140.1500   11.0979    % 
UB: 140.14999999999998
branching on CartesianIndex(8, 2) with a.
1952   864    22         126.1500   140.1500   11.0979    % 
UB: 140.14999999999998
branching on CartesianIndex(1, 3) with a.
1953   865    22         126.1500   140.1500   11.0979    % 
UB: 140.14999999999998
branching on 1 with b.
1954   866    21         126.1500   140.1500   11.0979    % 
LB close or above UB, fathomed
1955   865    20         126.1500   140.1500   11.0979    % 
LB close or above UB, fathomed
1956   864    19         126.1500   140.1500   11.0979    % 
LB close or above UB, fathomed
1957   863    20         126.1500   140.1500   11.0979    % 
UB: 140.14999999999998
branching on CartesianIndex(4, 3) with a.
1958   864    21         126.1500   140.1500   11.0979    % 
UB: 140.14999999999998
branching on CartesianIndex(5, 3) with a.
1959   865    21         126.1500   140.1500   11.0979    % 
UB: 140.14999999999998
branching on CartesianIndex(1, 4) with c.
1960   866    20         126.1500   140.1500   11.0979    % 
LB close or above UB, fathomed
1961   865    27         126.1500   140.1500   11.0979    % 
UB: 140.14999999999998
branching on CartesianIndex(6, 3) with a.
1962   866    27         126.1500   140.1500   11.0979    % 
LB close or above UB, fathomed
1963   865    27         126.1500   140.1500   11.0979    % 
UB: 140.14999999999998
branching on 3 with b.
1964   866    27         126.1500   140.1500   11.0979    % 
LB close or above UB, fathomed
1965   865    30         126.1500   140.1500   11.0979    % 
UB: 140.14999999999998
branching on CartesianIndex(2, 4) with c.
1966   866    31         126.1500   140.1500   11.0979    % 
UB: 140.14999999999998
branching on 2 with b.
1967   867    32         126.1500   140.1500   11.0979    % 
UB: 140.14999999999998
branching on CartesianIndex(3, 4) with c.
1968   868    32         126.1500   140.1500   11.0979    % 
UB: 140.14999999999998
branching on CartesianIndex(3, 4) with c.
1969   869    31         126.1500   140.1500   11.0979    % 
LB close or above UB, fathomed
1970   868    30         126.1500   140.1500   11.0979    % 
LB close or above UB, fathomed
1971   867    28         126.1500   140.1500   11.0979    % 
UB: 140.14999999999998
branching on CartesianIndex(2, 4) with c.
1972   868    29         126.1500   140.1500   11.0979    % 
UB: 140.14999999999998
branching on CartesianIndex(3, 4) with c.
1973   869    29         126.1500   140.1500   11.0979    % 
UB: 140.14999999999998
branching on 2 with b.
1974   870    28         126.1500   140.1500   11.0979    % 
LB close or above UB, fathomed
1975   869    19         126.1500   140.1500   11.0979    % 
UB: 140.14999999999998
branching on CartesianIndex(6, 2) with a.
1976   870    19         126.1500   140.1500   11.0979    % 
UB: 140.14999999999998
branching on CartesianIndex(1, 3) with a.
1977   871    22         126.1500   140.1500   11.0979    % 
UB: 140.14999999999998
branching on CartesianIndex(4, 2) with a.
1978   872    23         126.1500   140.1500   11.0979    % 
UB: 140.14999999999998
branching on CartesianIndex(5, 2) with a.
1979   873    23         126.1500   140.1500   11.0979    % 
UB: 140.14999999999998
branching on CartesianIndex(1, 3) with a.
1980   874    22         126.1500   140.1500   11.0979    % 
LB close or above UB, fathomed
1981   873    13         126.1500   140.1500   11.0979    % 
UB: 140.14999999999998
branching on CartesianIndex(2, 3) with a.
1982   874    14         126.1500   140.1500   11.0979    % 
UB: 140.14999999999998
branching on 1 with b.
1983   875    15         126.1500   140.1500   11.0979    % 
UB: 140.14999999999998
branching on 2 with b.
1984   876    15         126.1500   140.1500   11.0979    % 
UB: 140.14999999999998
branching on CartesianIndex(3, 3) with a.
1985   877    14         126.1500   140.1500   11.0979    % 
LB close or above UB, fathomed
1986   876    13         126.1500   140.1500   11.0979    % 
LB close or above UB, fathomed
1987   875    13         126.1500   140.1500   11.0979    % 
UB: 140.14999999999998
branching on CartesianIndex(3, 3) with a.
1988   876    14         126.1500   140.1500   11.0979    % 
UB: 140.14999999999998
branching on CartesianIndex(4, 3) with a.
1989   877    15         126.1500   140.1500   11.0979    % 
UB: 140.14999999999998
branching on 3 with b.
1990   878    15         126.1500   140.1500   11.0979    % 
LB close or above UB, fathomed
1991   877    14         126.1500   140.1500   11.0979    % 
LB close or above UB, fathomed
1992   876    13         126.1500   140.1500   11.0979    % 
LB close or above UB, fathomed
1993   875    16         126.1500   140.1500   11.0979    % 
LB close or above UB, fathomed
1994   874    16         126.1500   140.1500   11.0979    % 
UB: 140.14999999999998
branching on CartesianIndex(1, 2) with a.
1995   875    17         126.1500   140.1500   11.0979    % 
UB: 140.14999999999998
branching on 3 with b.
1996   876    17         126.1500   140.1500   11.0979    % 
LB close or above UB, fathomed
1997   875    27         126.1500   140.1500   11.0979    % 
UB: 140.14999999999998
branching on CartesianIndex(3, 3) with a.
1998   875    28         126.1500   140.1500   11.0979    % 
UB: 140.14999999999998
branching on CartesianIndex(4, 3) with a.
1999   876    29         126.1500   140.1500   11.0979    % 
UB: 140.14999999999998
branching on CartesianIndex(5, 3) with a.
2000   877    29         126.1500   140.1500   11.0979    % 
LB close or above UB, fathomed
2001   876    27         126.1500   140.1500   11.0979    % 
LB close or above UB, fathomed
2002   875    26         126.1500   140.1500   11.0979    % 
UB: 140.14999999999998
branching on CartesianIndex(8, 2) with a.
2003   876    26         126.1500   140.1500   11.0979    % 
LB close or above UB, fathomed
2004   875    24         126.1500   140.1500   11.0979    % 
UB: 140.14999999999998
branching on CartesianIndex(2, 3) with a.
2005   876    25         126.1500   140.1500   11.0979    % 
UB: 140.14999999999998
branching on CartesianIndex(3, 3) with a.
2006   877    26         126.1500   140.1500   11.0979    % 
UB: 140.14999999999998
branching on CartesianIndex(4, 3) with a.
2007   878    26         126.1500   140.1500   11.0979    % 
UB: 140.14999999999998
branching on CartesianIndex(1, 4) with c.
2008   879    25         126.1500   140.1500   11.0979    % 
UB: 140.14999999999998
branching on CartesianIndex(1, 4) with c.
2009   880    24         126.1500   140.1500   11.0979    % 
LB close or above UB, fathomed
2010   879    15         126.1500   140.1500   11.0979    % 
LB close or above UB, fathomed
2011   878    15         126.1500   140.1500   11.0979    % 
UB: 140.14999999999998
branching on 2 with b.
2012   879    28         126.1500   140.1500   11.0979    % 
UB: 140.14999999999998
branching on CartesianIndex(7, 3) with a.
2013   880    29         126.1500   140.1500   11.0979    % 
LB close or above UB, fathomed
2014   879    29         126.1500   140.1500   11.0979    % 
UB: 140.14999999999998
branching on CartesianIndex(1, 4) with c.
2015   880    30         126.1500   140.1500   11.0979    % 
UB: 140.14999999999998
branching on CartesianIndex(2, 4) with c.
2016   881    31         126.1500   140.1500   11.0979    % 
UB: 140.14999999999998
branching on 2 with b.
2017   882    32         126.1500   140.1500   11.0979    % 
UB: 140.14999999999998
branching on CartesianIndex(3, 4) with c.
2018   883    32         126.1500   140.1500   11.0979    % 
UB: 140.14999999999998
branching on CartesianIndex(3, 4) with c.
2019   884    31         126.1500   140.1500   11.0979    % 
LB close or above UB, fathomed
2020   883    30         126.1500   140.1500   11.0979    % 
LB close or above UB, fathomed
2021   882    28         126.1500   140.1500   11.0979    % 
LB close or above UB, fathomed
2022   881    17         126.1500   140.1500   11.0979    % 
UB: 140.14999999999998
branching on 2 with b.
2023   882    18         126.1500   140.1500   11.0979    % 
UB: 140.14999999999998
branching on 3 with b.
2024   883    19         126.1500   140.1500   11.0979    % 
UB: 140.14999999999998
branching on CartesianIndex(6, 3) with a.
2025   884    20         126.1500   140.1500   11.0979    % 
UB: 140.14999999999998
branching on CartesianIndex(7, 3) with a.
2026   885    20         126.1500   140.1500   11.0979    % 
LB close or above UB, fathomed
2027   884    19         126.1500   140.1500   11.0979    % 
LB close or above UB, fathomed
2028   883    18         126.1500   140.1500   11.0979    % 
LB close or above UB, fathomed
2029   882    17         126.1500   140.1500   11.0979    % 
LB close or above UB, fathomed
2030   881    15         126.1500   140.1500   11.0979    % 
UB: 140.14999999999998
branching on CartesianIndex(3, 3) with a.
2031   882    16         126.1500   140.1500   11.0979    % 
UB: 140.14999999999998
branching on 3 with b.
2032   883    16         126.1500   140.1500   11.0979    % 
LB close or above UB, fathomed
2033   882    15         126.1500   140.1500   11.0979    % 
LB close or above UB, fathomed
2034   881    21         126.1500   140.1500   11.0979    % 
UB: 140.14999999999998
branching on CartesianIndex(5, 3) with a.
2035   882    21         126.1500   140.1500   11.0979    % 
UB: 140.14999999999998
branching on CartesianIndex(5, 3) with a.
2036   883    22         126.1500   140.1500   11.0979    % 
UB: 140.14999999999998
branching on CartesianIndex(6, 3) with a.
2037   884    23         126.1500   140.1500   11.0979    % 
UB: 140.14999999999998
branching on CartesianIndex(7, 3) with a.
2038   885    23         126.1500   140.1500   11.0979    % 
LB close or above UB, fathomed
2039   884    22         126.1500   140.1500   11.0979    % 
LB close or above UB, fathomed
2040   883    19         126.1500   140.1500   11.0979    % 
UB: 140.14999999999998
branching on CartesianIndex(3, 3) with a.
2041   884    19         126.1500   140.1500   11.0979    % 
UB: 140.14999999999998
branching on CartesianIndex(3, 3) with a.
2042   885    20         126.1500   140.1500   11.0979    % 
UB: 140.14999999999998
branching on CartesianIndex(4, 3) with a.
2043   886    21         126.1500   140.1500   11.0979    % 
UB: 140.14999999999998
branching on CartesianIndex(5, 3) with a.
2044   887    21         126.1500   140.1500   11.0979    % 
UB: 140.14999999999998
branching on CartesianIndex(1, 4) with c.
2045   888    20         126.1500   140.1500   11.0979    % 
LB close or above UB, fathomed
2046   887    24         126.1500   140.1500   11.0979    % 
UB: 140.14999999999998
branching on CartesianIndex(6, 3) with a.
2047   888    25         126.1500   140.1500   11.0979    % 
UB: 140.14999999999998
branching on CartesianIndex(7, 3) with a.
2048   889    25         126.1500   140.1500   11.0979    % 
LB close or above UB, fathomed
2049   888    24         126.1500   140.1500   11.0979    % 
LB close or above UB, fathomed
2050   887    25         126.1500   140.1500   11.0979    % 
LB close or above UB, fathomed
2051   886    25         126.1500   140.1500   11.0979    % 
UB: 140.14999999999998
branching on CartesianIndex(1, 5) with c.
2052   887    26         126.1500   140.1500   11.0979    % 
UB: 140.14999999999998
branching on 3 with b.
2053   888    27         126.1500   140.1500   11.0979    % 
UB: 140.14999999999998
branching on CartesianIndex(2, 5) with c.
2054   889    27         126.1500   140.1500   11.0979    % 
UB: 140.14999999999998
branching on CartesianIndex(2, 5) with c.
2055   890    26         126.1500   140.1500   11.0979    % 
LB close or above UB, fathomed
2056   889    19         126.1500   140.1500   11.0979    % 
LB close or above UB, fathomed
2057   888    19         126.1500   140.1500   11.0979    % 
UB: 140.14999999999998
branching on 3 with b.
2058   889    20         126.1500   140.1500   11.0979    % 
UB: 140.14999999999998
branching on 1 with b.
2059   890    21         126.1500   140.1500   11.0979    % 
UB: 140.14999999999998
branching on CartesianIndex(1, 4) with c.
2060   891    21         126.1500   140.1500   11.0979    % 
UB: 140.14999999999998
branching on 2 with b.
2061   892    22         126.1500   140.1500   11.0979    % 
UB: 140.14999999999998
branching on CartesianIndex(1, 4) with c.
2062   893    23         126.1500   140.1500   11.0979    % 
UB: 140.14999999999998
branching on CartesianIndex(2, 4) with c.
2063   894    24         126.1500   140.1500   11.0979    % 
LB close or above UB, fathomed
2064   893    24         126.1500   140.1500   11.0979    % 
UB: 140.14999999999998
branching on 3 with b.
2065   894    23         126.1500   140.1500   11.0979    % 
LB close or above UB, fathomed
2066   893    22         126.1500   140.1500   11.0979    % 
LB close or above UB, fathomed
2067   892    20         126.1500   140.1500   11.0979    % 
LB close or above UB, fathomed
2068   891    21         126.1500   140.1500   11.0979    % 
UB: 140.14999999999998
branching on CartesianIndex(8, 2) with a.
2069   892    22         126.1500   140.1500   11.0979    % 
UB: 140.14999999999998
branching on CartesianIndex(1, 3) with a.
2070   893    22         126.1500   140.1500   11.0979    % 
UB: 140.14999999999998
branching on 3 with b.
2071   894    21         126.1500   140.1500   11.0979    % 
UB: 140.14999999999998
branching on CartesianIndex(1, 3) with a.
2072   895    26         126.1500   140.1500   11.0979    % 
UB: 140.14999999999998
branching on CartesianIndex(6, 3) with a.
2073   896    26         126.1500   140.1500   11.0979    % 
LB close or above UB, fathomed
2074   895    19         126.1500   140.1500   11.0979    % 
UB: 140.14999999999998
branching on CartesianIndex(1, 5) with c.
2075   896    20         126.1500   140.1500   11.0979    % 
UB: 140.14999999999998
branching on 1 with b.
2076   897    21         126.1500   140.1500   11.0979    % 
UB: 140.14999999999998
branching on CartesianIndex(2, 5) with c.
2077   898    21         126.1500   140.1500   11.0979    % 
UB: 140.14999999999998
branching on CartesianIndex(2, 5) with c.
2078   899    22         126.1500   140.1500   11.0979    % 
UB: 140.14999999999998
branching on 2 with b.
2079   900    23         126.1500   140.1500   11.0979    % 
LB close or above UB, fathomed
2080   899    23         126.1500   140.1500   11.0979    % 
UB: 140.14999999999998
branching on CartesianIndex(3, 5) with c.
2081   900    24         126.1500   140.1500   11.0979    % 
UB: 140.14999999999998
branching on CartesianIndex(4, 5) with c.
2082   901    25         126.1500   140.1500   11.0979    % 
UB: 140.14999999999998
branching on CartesianIndex(5, 5) with c.
2083   902    26         126.1500   140.1500   11.0979    % 
UB: 140.14999999999998
branching on 3 with b.
2084   903    27         126.1500   140.1500   11.0979    % 
LB close or above UB, fathomed
2085   902    27         126.1500   140.1500   11.0979    % 
UB: 140.14999999999998
branching on CartesianIndex(1, 6) with c.
2086   903    28         126.1500   140.1500   11.0979    % 
LB close or above UB, fathomed
2087   902    28         126.1500   140.1500   11.0979    % 
UB: 140.14999999999998
branching on CartesianIndex(1, 7) with c.
2088   903    29         126.1500   140.1500   11.0979    % 
UB: 140.14999999999998
branching on CartesianIndex(2, 7) with c.
2089   904    30         126.1500   140.1500   11.0979    % 
LB close or above UB, fathomed
2090   903    30         126.1500   140.1500   11.0979    % 
UB: 140.14999999999998
branching on 1 with b.
2091   904    31         126.1500   140.1500   11.0979    % 
UB: 140.14999999999998
branching on 2 with b.
2092   905    31         126.1500   140.1500   11.0979    % 
UB: 140.14999999999998
branching on 2 with b.
2093   906    29         126.1500   140.1500   11.0979    % 
LB close or above UB, fathomed
2094   905    26         126.1500   140.1500   11.0979    % 
LB close or above UB, fathomed
2095   904    25         126.1500   140.1500   11.0979    % 
LB close or above UB, fathomed
2096   903    24         126.1500   140.1500   11.0979    % 
LB close or above UB, fathomed
2097   902    22         126.1500   140.1500   11.0979    % 
LB close or above UB, fathomed
2098   901    20         126.1500   140.1500   11.0979    % 
LB close or above UB, fathomed
2099   900    19         126.1500   140.1500   11.0979    % 
LB close or above UB, fathomed
2100   899    28         126.1500   140.1500   11.0979    % 
UB: 140.14999999999998
branching on CartesianIndex(2, 4) with c.
2101   900    29         126.1500   140.1500   11.0979    % 
UB: 140.14999999999998
branching on CartesianIndex(3, 4) with c.
2102   901    29         126.1500   140.1500   11.0979    % 
UB: 140.14999999999998
branching on CartesianIndex(1, 5) with c.
2103   902    28         126.1500   140.1500   11.0979    % 
LB close or above UB, fathomed
2104   901    25         126.1500   140.1500   11.0979    % 
UB: 140.14999999999998
branching on CartesianIndex(2, 4) with c.
2105   902    25         126.1500   140.1500   11.0979    % 
LB close or above UB, fathomed
2106   901    27         126.1500   140.1500   11.0979    % 
UB: 140.14999999999998
branching on CartesianIndex(6, 3) with a.
2107   902    28         126.1500   140.1500   11.0979    % 
UB: 140.14999999999998
branching on CartesianIndex(7, 3) with a.
2108   903    29         126.1500   140.1500   11.0979    % 
UB: 140.14999999999998
branching on CartesianIndex(8, 3) with a.
2109   904    30         126.1500   140.1500   11.0979    % 
LB close or above UB, fathomed
2110   903    30         126.1500   140.1500   11.0979    % 
UB: 140.14999999999998
branching on CartesianIndex(1, 4) with c.
2111   904    31         126.1500   140.1500   11.0979    % 
UB: 140.14999999999998
branching on CartesianIndex(2, 4) with c.
2112   905    31         126.1500   140.1500   11.0979    % 
LB close or above UB, fathomed
2113   904    29         126.1500   140.1500   11.0979    % 
LB close or above UB, fathomed
2114   903    28         126.1500   140.1500   11.0979    % 
UB: 140.14999999999998
branching on CartesianIndex(1, 4) with c.
2115   904    27         126.1500   140.1500   11.0979    % 
LB close or above UB, fathomed
2116   903    26         126.1500   140.1500   11.0979    % 
LB close or above UB, fathomed
2117   902    26         126.1500   140.1500   11.0979    % 
UB: 140.14999999999998
branching on CartesianIndex(1, 5) with c.
2118   903    27         126.1500   140.1500   11.0979    % 
LB close or above UB, fathomed
2119   902    27         126.1500   140.1500   11.0979    % 
UB: 140.14999999999998
branching on CartesianIndex(1, 5) with c.
2120   903    27         126.1500   140.1500   11.0979    % 
LB close or above UB, fathomed
2121   902    27         126.1500   140.1500   11.0979    % 
UB: 140.14999999999998
branching on CartesianIndex(1, 5) with c.
2122   903    19         126.1500   140.1500   11.0979    % 
UB: 140.14999999999998
branching on CartesianIndex(8, 2) with a.
2123   904    20         126.1500   140.1500   11.0979    % 
UB: 140.14999999999998
branching on CartesianIndex(1, 3) with a.
2124   905    20         126.1500   140.1500   11.0979    % 
UB: 140.14999999999998
branching on CartesianIndex(1, 3) with a.
2125   906    19         126.1500   140.1500   11.0979    % 
UB: 140.14999999999998
branching on CartesianIndex(8, 2) with a.
2126   907    21         126.1500   140.1500   11.0979    % 
UB: 140.14999999999998
branching on 2 with b.
2127   908    22         126.1500   140.1500   11.0979    % 
UB: 140.14999999999998
branching on 3 with b.
2128   909    23         126.1500   140.1500   11.0979    % 
LB close or above UB, fathomed
2129   908    23         126.1500   140.1500   11.0979    % 
UB: 140.14999999999998
branching on CartesianIndex(2, 3) with a.
2130   909    24         126.1500   140.1500   11.0979    % 
UB: 140.14999999999998
branching on 1 with b.
2131   910    25         126.1500   140.1500   11.0979    % 
UB: 140.14999999999998
branching on CartesianIndex(3, 3) with a.
2132   911    25         126.1500   140.1500   11.0979    % 
UB: 140.14999999999998
branching on CartesianIndex(3, 3) with a.
2133   912    24         126.1500   140.1500   11.0979    % 
LB close or above UB, fathomed
2134   911    22         126.1500   140.1500   11.0979    % 
LB close or above UB, fathomed
2135   910    21         126.1500   140.1500   11.0979    % 
LB close or above UB, fathomed
2136   909    19         126.1500   140.1500   11.0979    % 
UB: 140.14999999999998
branching on CartesianIndex(2, 3) with a.
2137   910    20         126.1500   140.1500   11.0979    % 
UB: 140.14999999999998
branching on 2 with b.
2138   911    21         126.1500   140.1500   11.0979    % 
LB close or above UB, fathomed
2139   910    21         126.1500   140.1500   11.0979    % 
UB: 140.14999999999998
branching on 3 with b.
2140   911    20         126.1500   140.1500   11.0979    % 
UB: 140.14999999999998
branching on CartesianIndex(1, 4) with c.
2141   912    19         126.1500   140.1500   11.0979    % 
LB close or above UB, fathomed
2142   911    24         126.1500   140.1500   11.0979    % 
UB: 140.14999999999998
branching on 1 with b.
2143   912    24         126.1500   140.1500   11.0979    % 
LB close or above UB, fathomed
2144   911    26         126.1500   140.1500   11.0979    % 
UB: 140.14999999999998
branching on CartesianIndex(5, 3) with a.
2145   912    27         126.1500   140.1500   11.0979    % 
UB: 140.14999999999998
branching on CartesianIndex(6, 3) with a.
2146   913    28         126.1500   140.1500   11.0979    % 
LB close or above UB, fathomed
2147   912    28         126.1500   140.1500   11.0979    % 
LB close or above UB, fathomed
2148   911    27         126.1500   140.1500   11.0979    % 
LB close or above UB, fathomed
2149   910    26         126.1500   140.1500   11.0979    % 
UB: 140.14999999999998
branching on CartesianIndex(5, 3) with a.
2150   911    27         126.1500   140.1500   11.0979    % 
UB: 140.14999999999998
branching on CartesianIndex(6, 3) with a.
2151   912    28         126.1500   140.1500   11.0979    % 
LB close or above UB, fathomed
2152   911    28         126.1500   140.1500   11.0979    % 
LB close or above UB, fathomed
2153   910    27         126.1500   140.1500   11.0979    % 
LB close or above UB, fathomed
2154   909    15         126.1500   140.1500   11.0979    % 
UB: 140.14999999999998
branching on 3 with b.
2155   910    16         126.1500   140.1500   11.0979    % 
UB: 140.14999999999998
branching on CartesianIndex(2, 3) with a.
2156   911    17         126.1500   140.1500   11.0979    % 
UB: 140.14999999999998
branching on CartesianIndex(3, 3) with a.
2157   912    18         126.1500   140.1500   11.0979    % 
UB: 140.14999999999998
branching on 1 with b.
2158   913    19         126.1500   140.1500   11.0979    % 
UB: 140.14999999999998
branching on CartesianIndex(4, 3) with a.
2159   914    20         126.1500   140.1500   11.0979    % 
UB: 140.14999999999998
branching on CartesianIndex(5, 3) with a.
2160   915    21         126.1500   140.1500   11.0979    % 
UB: 140.14999999999998
branching on CartesianIndex(6, 3) with a.
2161   916    22         126.1500   140.1500   11.0979    % 
UB: 140.14999999999998
branching on CartesianIndex(7, 3) with a.
2162   917    23         126.1500   140.1500   11.0979    % 
UB: 140.14999999999998
branching on CartesianIndex(8, 3) with a.
2163   918    24         126.1500   140.1500   11.0979    % 
LB close or above UB, fathomed
2164   917    24         126.1500   140.1500   11.0979    % 
UB: 140.14999999999998
branching on 2 with b.
2165   918    25         126.1500   140.1500   11.0979    % 
UB: 140.14999999999998
branching on CartesianIndex(1, 4) with c.
2166   919    26         126.1500   140.1500   11.0979    % 
UB: 140.14999999999998
branching on CartesianIndex(2, 4) with c.
2167   920    27         126.1500   140.1500   11.0979    % 
UB: 140.14999999999998
branching on CartesianIndex(3, 4) with c.
2168   921    27         126.1500   140.1500   11.0979    % 
UB: 140.14999999999998
branching on 3 with b.
2169   922    26         126.1500   140.1500   11.0979    % 
LB close or above UB, fathomed
2170   921    25         126.1500   140.1500   11.0979    % 
UB: 140.14999999999998
branching on CartesianIndex(1, 4) with c.
2171   922    26         126.1500   140.1500   11.0979    % 
UB: 140.14999999999998
branching on CartesianIndex(2, 4) with c.
2172   923    27         126.1500   140.1500   11.0979    % 
UB: 140.14999999999998
branching on CartesianIndex(3, 4) with c.
2173   924    27         126.1500   140.1500   11.0979    % 
UB: 140.14999999999998
branching on CartesianIndex(1, 5) with c.
2174   925    26         126.1500   140.1500   11.0979    % 
LB close or above UB, fathomed
2175   924    23         126.1500   140.1500   11.0979    % 
LB close or above UB, fathomed
2176   923    22         126.1500   140.1500   11.0979    % 
UB: 140.14999999999998
branching on 2 with b.
2177   924    21         126.1500   140.1500   11.0979    % 
LB close or above UB, fathomed
2178   923    20         126.1500   140.1500   11.0979    % 
UB: 140.14999999999998
branching on CartesianIndex(1, 4) with c.
2179   924    19         126.1500   140.1500   11.0979    % 
LB close or above UB, fathomed
2180   923    18         126.1500   140.1500   11.0979    % 
UB: 140.14999999999998
branching on 1 with b.
2181   924    17         126.1500   140.1500   11.0979    % 
UB: 140.14999999999998
branching on CartesianIndex(1, 4) with c.
2182   925    16         126.1500   140.1500   11.0979    % 
UB: 140.14999999999998
branching on CartesianIndex(2, 3) with a.
2183   926    15         126.1500   140.1500   11.0979    % 
LB close or above UB, fathomed
2184   925    18         126.1500   140.1500   11.0979    % 
UB: 140.14999999999998
branching on 2 with b.
2185   926    19         126.1500   140.1500   11.0979    % 
UB: 140.14999999999998
branching on CartesianIndex(6, 2) with a.
2186   927    19         126.1500   140.1500   11.0979    % 
UB: 140.14999999999998
branching on CartesianIndex(6, 2) with a.
2187   928    18         126.1500   140.1500   11.0979    % 
LB close or above UB, fathomed
2188   927    20         126.1500   140.1500   11.0979    % 
UB: 140.14999999999998
branching on 3 with b.
2189   928    21         126.1500   140.1500   11.0979    % 
UB: 140.14999999999998
branching on CartesianIndex(2, 3) with a.
2190   929    21         126.1500   140.1500   11.0979    % 
UB: 140.14999999999998
branching on CartesianIndex(2, 3) with a.
2191   930    22         126.1500   140.1500   11.0979    % 
UB: 140.14999999999998
branching on 1 with b.
2192   931    23         126.1500   140.1500   11.0979    % 
UB: 140.14999999999998
branching on 2 with b.
2193   932    23         126.1500   140.1500   11.0979    % 
UB: 140.14999999999998
branching on CartesianIndex(3, 3) with a.
2194   933    22         126.1500   140.1500   11.0979    % 
UB: 140.14999999999998
branching on 1 with b.
2195   934    20         126.1500   140.1500   11.0979    % 
LB close or above UB, fathomed
2196   933    13         126.1500   140.1500   11.0979    % 
UB: 140.14999999999998
branching on 2 with b.
2197   934    14         126.1500   140.1500   11.0979    % 
UB: 140.14999999999998
branching on 3 with b.
2198   935    15         126.1500   140.1500   11.0979    % 
UB: 140.14999999999998
branching on CartesianIndex(5, 2) with a.
2199   936    16         126.1500   140.1500   11.0979    % 
UB: 140.14999999999998
branching on CartesianIndex(6, 2) with a.
2200   937    17         126.1500   140.1500   11.0979    % 
UB: 140.14999999999998
branching on CartesianIndex(7, 2) with a.
2201   938    18         126.1500   140.1500   11.0979    % 
UB: 140.14999999999998
branching on CartesianIndex(8, 2) with a.
2202   939    19         126.1500   140.1500   11.0979    % 
UB: 140.14999999999998
branching on 1 with b.
2203   939    19         126.1500   140.1500   11.0979    % 
UB: 140.14999999999998
branching on 1 with b.
2204   939    18         126.1500   140.1500   11.0979    % 
UB: 140.14999999999998
branching on 1 with b.
2205   939    19         126.1500   140.1500   11.0979    % 
UB: 140.14999999999998
branching on 2 with b.
2206   940    20         126.1500   140.1500   11.0979    % 
LB close or above UB, fathomed
2207   939    20         126.1500   140.1500   11.0979    % 
UB: 140.14999999999998
branching on CartesianIndex(1, 3) with a.
2208   940    21         126.1500   140.1500   11.0979    % 
UB: 140.14999999999998
branching on CartesianIndex(2, 3) with a.
2209   941    22         126.1500   140.1500   11.0979    % 
UB: 140.14999999999998
branching on CartesianIndex(3, 3) with a.
2210   942    23         126.1500   140.1500   11.0979    % 
UB: 140.14999999999998
branching on CartesianIndex(4, 3) with a.
2211   943    24         126.1500   140.1500   11.0979    % 
UB: 140.14999999999998
branching on CartesianIndex(5, 3) with a.
2212   944    24         126.1500   140.1500   11.0979    % 
UB: 140.14999999999998
branching on 3 with b.
2213   945    23         126.1500   140.1500   11.0979    % 
LB close or above UB, fathomed
2214   944    22         126.1500   140.1500   11.0979    % 
LB close or above UB, fathomed
2215   943    21         126.1500   140.1500   11.0979    % 
LB close or above UB, fathomed
2216   942    17         126.1500   140.1500   11.0979    % 
UB: 140.14999999999998
branching on CartesianIndex(1, 3) with a.
2217   943    16         126.1500   140.1500   11.0979    % 
LB close or above UB, fathomed
2218   942    15         126.1500   140.1500   11.0979    % 
LB close or above UB, fathomed
2219   941    14         126.1500   140.1500   11.0979    % 
UB: 140.14999999999998
branching on CartesianIndex(5, 2) with a.
2220   942    15         126.1500   140.1500   11.0979    % 
UB: 140.14999999999998
branching on 3 with b.
2221   943    16         126.1500   140.1500   11.0979    % 
UB: 140.14999999999998
branching on CartesianIndex(6, 2) with a.
2222   944    17         126.1500   140.1500   11.0979    % 
UB: 140.14999999999998
branching on CartesianIndex(7, 2) with a.
2223   945    18         126.1500   140.1500   11.0979    % 
LB close or above UB, fathomed
2224   944    18         126.1500   140.1500   11.0979    % 
UB: 140.14999999999998
branching on CartesianIndex(1, 3) with a.
2225   945    19         126.1500   140.1500   11.0979    % 
UB: 140.14999999999998
branching on CartesianIndex(2, 3) with a.
2226   946    20         126.1500   140.1500   11.0979    % 
UB: 140.14999999999998
branching on CartesianIndex(3, 3) with a.
2227   947    21         126.1500   140.1500   11.0979    % 
UB: 140.14999999999998
branching on CartesianIndex(4, 3) with a.
2228   948    22         126.1500   140.1500   11.0979    % 
UB: 140.14999999999998
branching on CartesianIndex(5, 3) with a.
2229   949    22         126.1500   140.1500   11.0979    % 
UB: 140.14999999999998
branching on CartesianIndex(1, 4) with c.
2230   950    21         126.1500   140.1500   11.0979    % 
LB close or above UB, fathomed
2231   949    20         126.1500   140.1500   11.0979    % 
LB close or above UB, fathomed
2232   948    19         126.1500   140.1500   11.0979    % 
LB close or above UB, fathomed
2233   947    17         126.1500   140.1500   11.0979    % 
LB close or above UB, fathomed
2234   946    16         126.1500   140.1500   11.0979    % 
LB close or above UB, fathomed
2235   945    15         126.1500   140.1500   11.0979    % 
UB: 140.14999999999998
branching on CartesianIndex(1, 3) with a.
2236   946    13         126.1500   140.1500   11.0979    % 
UB: 140.14999999999998
branching on 2 with b.
2237   947    14         126.1500   140.1500   11.0979    % 
UB: 140.14999999999998
branching on CartesianIndex(1, 3) with a.
2238   948    15         126.1500   140.1500   11.0979    % 
UB: 140.14999999999998
branching on 3 with b.
2239   949    16         126.1500   140.1500   11.0979    % 
UB: 140.14999999999998
branching on CartesianIndex(2, 3) with a.
2240   950    17         126.1500   140.1500   11.0979    % 
UB: 140.14999999999998
branching on CartesianIndex(3, 3) with a.
2241   951    18         126.1500   140.1500   11.0979    % 
UB: 140.14999999999998
branching on CartesianIndex(4, 3) with a.
2242   952    19         126.1500   140.1500   11.0979    % 
UB: 140.14999999999998
branching on CartesianIndex(5, 3) with a.
2243   953    19         126.1500   140.1500   11.0979    % 
UB: 140.14999999999998
branching on CartesianIndex(1, 4) with c.
2244   954    18         126.1500   140.1500   11.0979    % 
LB close or above UB, fathomed
2245   953    17         126.1500   140.1500   11.0979    % 
LB close or above UB, fathomed
2246   952    16         126.1500   140.1500   11.0979    % 
LB close or above UB, fathomed
2247   951    15         126.1500   140.1500   11.0979    % 
LB close or above UB, fathomed
2248   950    14         126.1500   140.1500   11.0979    % 
UB: 140.14999999999998
branching on 3 with b.
2249   951    21         126.1500   140.1500   11.0979    % 
UB: 140.14999999999998
branching on 1 with b.
2250   952    22         126.1500   140.1500   11.0979    % 
UB: 140.14999999999998
branching on 2 with b.
2251   953    23         126.1500   140.1500   11.0979    % 
LB close or above UB, fathomed
2252   952    23         126.1500   140.1500   11.0979    % 
UB: 140.14999999999998
branching on 3 with b.
2253   953    24         126.1500   140.1500   11.0979    % 
UB: 140.14999999999998
branching on CartesianIndex(2, 3) with a.
2254   954    25         126.1500   140.1500   11.0979    % 
UB: 140.14999999999998
branching on 1 with b.
2255   955    26         126.1500   140.1500   11.0979    % 
UB: 140.14999999999998
branching on CartesianIndex(3, 3) with a.
2256   956    27         126.1500   140.1500   11.0979    % 
UB: 140.14999999999998
branching on CartesianIndex(4, 3) with a.
2257   957    28         126.1500   140.1500   11.0979    % 
UB: 140.14999999999998
branching on CartesianIndex(5, 3) with a.
2258   958    29         126.1500   140.1500   11.0979    % 
UB: 140.14999999999998
branching on CartesianIndex(6, 3) with a.
2259   959    30         126.1500   140.1500   11.0979    % 
UB: 140.14999999999998
branching on CartesianIndex(7, 3) with a.
2260   960    30         126.1500   140.1500   11.0979    % 
UB: 140.14999999999998
branching on CartesianIndex(1, 4) with c.
2261   961    29         126.1500   140.1500   11.0979    % 
LB close or above UB, fathomed
2262   960    28         126.1500   140.1500   11.0979    % 
LB close or above UB, fathomed
2263   959    27         126.1500   140.1500   11.0979    % 
LB close or above UB, fathomed
2264   958    26         126.1500   140.1500   11.0979    % 
LB close or above UB, fathomed
2265   957    25         126.1500   140.1500   11.0979    % 
LB close or above UB, fathomed
2266   956    24         126.1500   140.1500   11.0979    % 
UB: 140.14999999999998
branching on CartesianIndex(2, 3) with a.
2267   957    25         126.1500   140.1500   11.0979    % 
UB: 140.14999999999998
branching on CartesianIndex(3, 3) with a.
2268   958    26         126.1500   140.1500   11.0979    % 
UB: 140.14999999999998
branching on CartesianIndex(4, 3) with a.
2269   959    27         126.1500   140.1500   11.0979    % 
UB: 140.14999999999998
branching on CartesianIndex(5, 3) with a.
2270   960    27         126.1500   140.1500   11.0979    % 
UB: 140.14999999999998
branching on CartesianIndex(1, 4) with c.
2271   961    26         126.1500   140.1500   11.0979    % 
UB: 140.14999999999998
branching on 1 with b.
2272   962    25         126.1500   140.1500   11.0979    % 
UB: 140.14999999999998
branching on CartesianIndex(1, 4) with c.
2273   963    22         126.1500   140.1500   11.0979    % 
LB close or above UB, fathomed
2274   962    21         126.1500   140.1500   11.0979    % 
LB close or above UB, fathomed
2275   961    22         126.1500   140.1500   11.0979    % 
LB close or above UB, fathomed
2276   960    22         126.1500   140.1500   11.0979    % 
UB: 140.14999999999998
branching on CartesianIndex(1, 3) with a.
2277   961    28         126.1500   140.1500   11.0979    % 
UB: 140.14999999999998
branching on CartesianIndex(2, 4) with c.
2278   962    29         126.1500   140.1500   11.0979    % 
LB close or above UB, fathomed
2279   961    29         126.1500   140.1500   11.0979    % 
UB: 140.14999999999998
branching on CartesianIndex(1, 5) with c.
2280   962    28         126.1500   140.1500   11.0979    % 
LB close or above UB, fathomed
2281   961    30         126.1500   140.1500   11.0979    % 
UB: 140.14999999999998
branching on CartesianIndex(3, 4) with c.
2282   962    30         126.1500   140.1500   11.0979    % 
UB: 140.14999999999998
branching on 3 with b.
2283   963    29         126.1500   140.1500   11.0979    % 
UB: 140.14999999999998
branching on CartesianIndex(2, 5) with c.
2284   964    30         126.1500   140.1500   11.0979    % 
UB: 140.14999999999998
branching on CartesianIndex(3, 5) with c.
2285   965    31         126.1500   140.1500   11.0979    % 
UB: 140.14999999999998
branching on CartesianIndex(4, 5) with c.
2286   966    32         126.1500   140.1500   11.0979    % 
UB: 140.14999999999998
branching on CartesianIndex(5, 5) with c.
2287   967    33         126.1500   140.1500   11.0979    % 
UB: 140.14999999999998
branching on 2 with b.
2288   968    34         126.1500   140.1500   11.0979    % 
LB close or above UB, fathomed
2289   967    34         126.1500   140.1500   11.0979    % 
UB: 140.14999999999998
branching on CartesianIndex(1, 6) with c.
2290   968    33         126.1500   140.1500   11.0979    % 
LB close or above UB, fathomed
2291   967    32         126.1500   140.1500   11.0979    % 
LB close or above UB, fathomed
2292   966    31         126.1500   140.1500   11.0979    % 
LB close or above UB, fathomed
2293   965    30         126.1500   140.1500   11.0979    % 
LB close or above UB, fathomed
2294   964    29         126.1500   140.1500   11.0979    % 
LB close or above UB, fathomed
2295   963    25         126.1500   140.1500   11.0979    % 
UB: 140.14999999999998
branching on CartesianIndex(4, 3) with a.
2296   964    26         126.1500   140.1500   11.0979    % 
UB: 140.14999999999998
branching on CartesianIndex(5, 3) with a.
2297   965    26         126.1500   140.1500   11.0979    % 
UB: 140.14999999999998
branching on CartesianIndex(1, 4) with c.
2298   966    25         126.1500   140.1500   11.0979    % 
LB close or above UB, fathomed
2299   965    31         126.1500   140.1500   11.0979    % 
UB: 140.14999999999998
branching on CartesianIndex(7, 3) with a.
2300   966    31         126.1500   140.1500   11.0979    % 
UB: 140.14999999999998
branching on CartesianIndex(1, 4) with c.
2301   967    25         126.1500   140.1500   11.0979    % 
UB: 140.14999999999998
branching on 1 with b.
2302   968    25         126.1500   140.1500   11.0979    % 
LB close or above UB, fathomed
2303   967    33         126.1500   140.1500   11.0979    % 
UB: 140.14999999999998
branching on CartesianIndex(2, 5) with c.
2304   968    34         126.1500   140.1500   11.0979    % 
LB close or above UB, fathomed
2305   967    34         126.1500   140.1500   11.0979    % 
UB: 140.14999999999998
branching on 3 with b.
2306   968    33         126.1500   140.1500   11.0979    % 
LB close or above UB, fathomed
2307   967    24         126.1500   140.1500   11.0979    % 
LB close or above UB, fathomed
2308   966    24         126.1500   140.1500   11.0979    % 
UB: 140.14999999999998
branching on CartesianIndex(1, 5) with c.
2309   967    25         126.1500   140.1500   11.0979    % 
UB: 140.14999999999998
branching on CartesianIndex(2, 5) with c.
2310   968    26         126.1500   140.1500   11.0979    % 
LB close or above UB, fathomed
2311   967    26         126.1500   140.1500   11.0979    % 
UB: 140.14999999999998
branching on 2 with b.
2312   968    25         126.1500   140.1500   11.0979    % 
LB close or above UB, fathomed
2313   967    21         127.5857   140.1500   9.8477     % 
UB: 140.14999999999998
branching on 3 with b.
2314   968    21         127.5857   140.1500   9.8477     % 
LB close or above UB, fathomed
2315   967    32         128.8822   140.1500   8.7427     % 
UB: 140.14999999999998
branching on CartesianIndex(3, 4) with c.
2316   968    33         128.8822   140.1500   8.7427     % 
UB: 140.14999999999998
branching on CartesianIndex(4, 4) with c.
2317   969    34         128.8822   140.1500   8.7427     % 
UB: 140.14999999999998
branching on 3 with b.
2318   970    35         128.8822   140.1500   8.7427     % 
UB: 140.14999999999998
branching on CartesianIndex(5, 4) with c.
2319   971    36         128.8822   140.1500   8.7427     % 
UB: 140.14999999999998
branching on CartesianIndex(1, 5) with c.
2320   972    37         128.8822   140.1500   8.7427     % 
UB: 140.14999999999998
branching on CartesianIndex(2, 5) with c.
2321   973    38         128.8822   140.1500   8.7427     % 
LB close or above UB, fathomed
2322   972    38         128.8822   140.1500   8.7427     % 
UB: 140.14999999999998
branching on CartesianIndex(1, 6) with c.
2323   973    37         128.8822   140.1500   8.7427     % 
LB close or above UB, fathomed
2324   972    36         128.8822   140.1500   8.7427     % 
LB close or above UB, fathomed
2325   971    35         128.8822   140.1500   8.7427     % 
LB close or above UB, fathomed
2326   970    34         128.8822   140.1500   8.7427     % 
LB close or above UB, fathomed
2327   969    33         128.8822   140.1500   8.7427     % 
LB close or above UB, fathomed
2328   968    32         128.8822   140.1500   8.7427     % 
LB close or above UB, fathomed
2329   967    26         128.9052   140.1500   8.7233     % 
UB: 140.14999999999998
branching on CartesianIndex(1, 4) with c.
2330   968    27         128.9052   140.1500   8.7233     % 
LB close or above UB, fathomed
2331   967    27         128.9052   140.1500   8.7233     % 
UB: 140.14999999999998
branching on CartesianIndex(1, 5) with c.
2332   968    26         128.9052   140.1500   8.7233     % 
LB close or above UB, fathomed
2333   967    23         128.9122   140.1500   8.7174     % 
UB: 140.14999999999998
branching on CartesianIndex(2, 5) with c.
2334   968    24         128.9122   140.1500   8.7174     % 
UB: 140.14999999999998
branching on CartesianIndex(3, 5) with c.
2335   969    25         128.9122   140.1500   8.7174     % 
UB: 140.14999999999998
branching on 1 with b.
2336   970    26         128.9122   140.1500   8.7174     % 
UB: 140.14999999999998
branching on CartesianIndex(4, 5) with c.
2337   971    27         128.9122   140.1500   8.7174     % 
UB: 140.14999999999998
branching on 2 with b.
2338   972    28         128.9122   140.1500   8.7174     % 
LB close or above UB, fathomed
2339   971    28         128.9122   140.1500   8.7174     % 
UB: 140.14999999999998
branching on 3 with b.
2340   972    29         128.9122   140.1500   8.7174     % 
LB close or above UB, fathomed
2341   971    29         128.9122   140.1500   8.7174     % 
UB: 140.14999999999998
branching on 1 with b.
2342   972    30         128.9122   140.1500   8.7174     % 
UB: 140.14999999999998
branching on CartesianIndex(5, 5) with c.
2343   973    31         128.9122   140.1500   8.7174     % 
UB: 140.14999999999998
branching on CartesianIndex(1, 6) with c.
2344   974    32         128.9122   140.1500   8.7174     % 
UB: 140.14999999999998
branching on CartesianIndex(2, 6) with c.
2345   975    32         128.9122   140.1500   8.7174     % 
LB close or above UB, fathomed
2346   974    31         128.9122   140.1500   8.7174     % 
LB close or above UB, fathomed
2347   973    30         128.9122   140.1500   8.7174     % 
LB close or above UB, fathomed
2348   972    27         128.9122   140.1500   8.7174     % 
LB close or above UB, fathomed
2349   971    26         128.9122   140.1500   8.7174     % 
LB close or above UB, fathomed
2350   970    25         128.9122   140.1500   8.7174     % 
LB close or above UB, fathomed
2351   969    24         128.9122   140.1500   8.7174     % 
LB close or above UB, fathomed
2352   968    23         128.9122   140.1500   8.7174     % 
LB close or above UB, fathomed
2353   967    21         128.9500   140.1500   8.6855     % 
UB: 140.14999999999998
branching on CartesianIndex(1, 3) with a.
2354   968    21         128.9500   140.1500   8.6855     % 
UB: 140.14999999999998
branching on CartesianIndex(1, 3) with a.
2355   969    32         128.9500   140.1500   8.6855     % 
UB: 140.14999999999998
branching on CartesianIndex(2, 4) with c.
2356   970    32         128.9500   140.1500   8.6855     % 
LB close or above UB, fathomed
2357   969    23         128.9500   140.1500   8.6855     % 
UB: 140.14999999999998
branching on CartesianIndex(2, 3) with a.
2358   970    24         128.9500   140.1500   8.6855     % 
UB: 140.14999999999998
branching on CartesianIndex(3, 3) with a.
2359   971    25         128.9500   140.1500   8.6855     % 
UB: 140.14999999999998
branching on CartesianIndex(4, 3) with a.
2360   972    26         128.9500   140.1500   8.6855     % 
UB: 140.14999999999998
branching on CartesianIndex(5, 3) with a.
2361   973    27         128.9500   140.1500   8.6855     % 
UB: 140.14999999999998
branching on CartesianIndex(6, 3) with a.
2362   974    28         128.9500   140.1500   8.6855     % 
LB close or above UB, fathomed
2363   973    28         128.9500   140.1500   8.6855     % 
LB close or above UB, fathomed
2364   972    27         128.9500   140.1500   8.6855     % 
LB close or above UB, fathomed
2365   971    26         128.9500   140.1500   8.6855     % 
LB close or above UB, fathomed
2366   970    25         128.9500   140.1500   8.6855     % 
LB close or above UB, fathomed
2367   969    24         128.9500   140.1500   8.6855     % 
LB close or above UB, fathomed
2368   968    23         128.9500   140.1500   8.6855     % 
LB close or above UB, fathomed
2369   967    28         128.9500   140.1500   8.6855     % 
LB close or above UB, fathomed
2370   966    28         128.9500   140.1500   8.6855     % 
UB: 140.14999999999998
branching on CartesianIndex(1, 5) with c.
2371   967    29         128.9500   140.1500   8.6855     % 
UB: 140.14999999999998
branching on CartesianIndex(2, 5) with c.
2372   968    30         128.9500   140.1500   8.6855     % 
LB close or above UB, fathomed
2373   967    30         128.9500   140.1500   8.6855     % 
UB: 140.14999999999998
branching on CartesianIndex(1, 6) with c.
2374   968    31         128.9500   140.1500   8.6855     % 
UB: 140.14999999999998
branching on CartesianIndex(2, 6) with c.
2375   969    31         128.9500   140.1500   8.6855     % 
LB close or above UB, fathomed
2376   968    29         128.9500   140.1500   8.6855     % 
LB close or above UB, fathomed
2377   967    16         128.9500   140.1500   8.6855     % 
UB: 140.14999999999998
branching on CartesianIndex(2, 3) with a.
2378   968    17         128.9500   140.1500   8.6855     % 
UB: 140.14999999999998
branching on 3 with b.
2379   969    18         128.9500   140.1500   8.6855     % 
UB: 140.14999999999998
branching on CartesianIndex(3, 3) with a.
2380   970    19         128.9500   140.1500   8.6855     % 
UB: 140.14999999999998
branching on CartesianIndex(4, 3) with a.
2381   971    20         128.9500   140.1500   8.6855     % 
UB: 140.14999999999998
branching on CartesianIndex(5, 3) with a.
2382   972    20         128.9500   140.1500   8.6855     % 
UB: 140.14999999999998
branching on 1 with b.
2383   972    19         128.9500   140.1500   8.6855     % 
LB close or above UB, fathomed
2384   971    18         128.9500   140.1500   8.6855     % 
LB close or above UB, fathomed
2385   970    17         128.9500   140.1500   8.6855     % 
LB close or above UB, fathomed
2386   969    16         128.9500   140.1500   8.6855     % 
LB close or above UB, fathomed
2387   968    18         128.9500   140.1500   8.6855     % 
UB: 140.14999999999998
branching on CartesianIndex(2, 3) with a.
2388   969    19         128.9500   140.1500   8.6855     % 
UB: 140.14999999999998
branching on CartesianIndex(3, 3) with a.
2389   970    20         128.9500   140.1500   8.6855     % 
UB: 140.14999999999998
branching on CartesianIndex(4, 3) with a.
2390   971    21         128.9500   140.1500   8.6855     % 
UB: 140.14999999999998
branching on 1 with b.
2391   971    21         128.9500   140.1500   8.6855     % 
UB: 140.14999999999998
branching on CartesianIndex(1, 4) with c.
2392   972    20         128.9500   140.1500   8.6855     % 
LB close or above UB, fathomed
2393   971    19         128.9500   140.1500   8.6855     % 
LB close or above UB, fathomed
2394   970    18         128.9500   140.1500   8.6855     % 
LB close or above UB, fathomed
2395   969    20         128.9500   140.1500   8.6855     % 
UB: 140.14999999999998
branching on CartesianIndex(1, 3) with a.
2396   970    21         128.9500   140.1500   8.6855     % 
UB: 140.14999999999998
branching on CartesianIndex(2, 3) with a.
2397   971    22         128.9500   140.1500   8.6855     % 
UB: 140.14999999999998
branching on CartesianIndex(3, 3) with a.
2398   972    23         128.9500   140.1500   8.6855     % 
UB: 140.14999999999998
branching on 2 with b.
2399   973    24         128.9500   140.1500   8.6855     % 
UB: 140.14999999999998
branching on CartesianIndex(4, 3) with a.
2400   974    25         128.9500   140.1500   8.6855     % 
UB: 140.14999999999998
branching on CartesianIndex(5, 3) with a.
2401   975    25         128.9500   140.1500   8.6855     % 
UB: 140.14999999999998
branching on CartesianIndex(1, 4) with c.
2402   976    24         128.9500   140.1500   8.6855     % 
LB close or above UB, fathomed
2403   975    23         128.9500   140.1500   8.6855     % 
LB close or above UB, fathomed
2404   974    22         128.9500   140.1500   8.6855     % 
LB close or above UB, fathomed
2405   973    21         128.9500   140.1500   8.6855     % 
LB close or above UB, fathomed
2406   972    20         128.9500   140.1500   8.6855     % 
UB: 140.14999999999998
branching on CartesianIndex(1, 3) with a.
2407   973    21         128.9500   140.1500   8.6855     % 
UB: 140.14999999999998
branching on CartesianIndex(2, 3) with a.
2408   974    22         128.9500   140.1500   8.6855     % 
UB: 140.14999999999998
branching on CartesianIndex(3, 3) with a.
2409   975    23         128.9500   140.1500   8.6855     % 
UB: 140.14999999999998
branching on CartesianIndex(4, 3) with a.
2410   976    24         128.9500   140.1500   8.6855     % 
LB close or above UB, fathomed
2411   975    24         128.9500   140.1500   8.6855     % 
UB: 140.14999999999998
branching on CartesianIndex(1, 4) with c.
2412   976    23         128.9500   140.1500   8.6855     % 
LB close or above UB, fathomed
2413   975    22         128.9500   140.1500   8.6855     % 
LB close or above UB, fathomed
2414   974    21         128.9500   140.1500   8.6855     % 
LB close or above UB, fathomed
2415   973    22         128.9500   140.1500   8.6855     % 
UB: 140.14999999999998
branching on CartesianIndex(3, 3) with a.
2416   974    23         128.9500   140.1500   8.6855     % 
UB: 140.14999999999998
branching on 1 with b.
2417   975    24         128.9500   140.1500   8.6855     % 
UB: 140.14999999999998
branching on CartesianIndex(4, 3) with a.
2418   976    24         128.9500   140.1500   8.6855     % 
UB: 140.14999999999998
branching on CartesianIndex(4, 3) with a.
2419   977    23         128.9500   140.1500   8.6855     % 
UB: 140.14999999999998
branching on CartesianIndex(1, 4) with c.
2420   978    22         128.9500   140.1500   8.6855     % 
LB close or above UB, fathomed
2421   977    20         128.9500   140.1500   8.6855     % 
UB: 140.14999999999998
branching on CartesianIndex(7, 2) with a.
2422   978    21         128.9500   140.1500   8.6855     % 
LB close or above UB, fathomed
2423   977    21         128.9500   140.1500   8.6855     % 
UB: 140.14999999999998
branching on CartesianIndex(1, 3) with a.
2424   978    20         128.9500   140.1500   8.6855     % 
LB close or above UB, fathomed
2425   977    26         128.9500   140.1500   8.6855     % 
UB: 140.14999999999998
branching on CartesianIndex(4, 3) with a.
2426   978    27         128.9500   140.1500   8.6855     % 
LB close or above UB, fathomed
2427   977    27         128.9500   140.1500   8.6855     % 
UB: 140.14999999999998
branching on CartesianIndex(1, 4) with c.
2428   978    26         128.9500   140.1500   8.6855     % 
LB close or above UB, fathomed
2429   977    20         128.9500   140.1500   8.6855     % 
UB: 140.14999999999998
branching on 2 with b.
2430   978    20         128.9500   140.1500   8.6855     % 
UB: 140.14999999999998
branching on CartesianIndex(1, 3) with a.
2431   979    32         128.9500   140.1500   8.6855     % 
LB close or above UB, fathomed
2432   978    32         128.9500   140.1500   8.6855     % 
UB: 140.14999999999998
branching on 2 with b.
2433   979    27         128.9500   140.1500   8.6855     % 
UB: 140.14999999999998
branching on CartesianIndex(7, 3) with a.
2434   980    28         128.9500   140.1500   8.6855     % 
UB: 140.14999999999998
branching on CartesianIndex(8, 3) with a.
2435   981    28         128.9500   140.1500   8.6855     % 
UB: 140.14999999999998
branching on CartesianIndex(1, 4) with c.
2436   982    27         128.9500   140.1500   8.6855     % 
LB close or above UB, fathomed
2437   981    25         128.9500   140.1500   8.6855     % 
LB close or above UB, fathomed
2438   980    25         128.9500   140.1500   8.6855     % 
UB: 140.14999999999998
branching on CartesianIndex(1, 5) with c.
2439   981    26         128.9500   140.1500   8.6855     % 
UB: 140.14999999999998
branching on CartesianIndex(2, 5) with c.
2440   982    27         128.9500   140.1500   8.6855     % 
UB: 140.14999999999998
branching on CartesianIndex(3, 5) with c.
2441   983    28         128.9500   140.1500   8.6855     % 
UB: 140.14999999999998
branching on CartesianIndex(4, 5) with c.
2442   984    29         128.9500   140.1500   8.6855     % 
UB: 140.14999999999998
branching on CartesianIndex(5, 5) with c.
2443   985    30         128.9500   140.1500   8.6855     % 
UB: 140.14999999999998
branching on CartesianIndex(1, 6) with c.
2444   986    31         128.9500   140.1500   8.6855     % 
UB: 140.14999999999998
branching on CartesianIndex(2, 6) with c.
2445   987    32         128.9500   140.1500   8.6855     % 
LB close or above UB, fathomed
2446   986    32         128.9500   140.1500   8.6855     % 
UB: 140.14999999999998
branching on CartesianIndex(1, 7) with c.
2447   987    33         128.9500   140.1500   8.6855     % 
LB close or above UB, fathomed
2448   986    33         128.9500   140.1500   8.6855     % 
UB: 140.14999999999998
branching on 1 with b.
2449   987    34         128.9500   140.1500   8.6855     % 
UB: 140.14999999999998
branching on 2 with b.
2450   988    34         128.9500   140.1500   8.6855     % 
UB: 140.14999999999998
branching on 2 with b.
2451   989    31         128.9500   140.1500   8.6855     % 
LB close or above UB, fathomed
2452   988    30         128.9500   140.1500   8.6855     % 
LB close or above UB, fathomed
2453   987    29         128.9500   140.1500   8.6855     % 
LB close or above UB, fathomed
2454   986    28         128.9500   140.1500   8.6855     % 
LB close or above UB, fathomed
2455   985    27         128.9500   140.1500   8.6855     % 
LB close or above UB, fathomed
2456   984    26         128.9500   140.1500   8.6855     % 
LB close or above UB, fathomed
2457   983    28         128.9500   140.1500   8.6855     % 
LB close or above UB, fathomed
2458   982    28         128.9500   140.1500   8.6855     % 
UB: 140.14999999999998
branching on CartesianIndex(1, 6) with c.
2459   983    17         128.9500   140.1500   8.6855     % 
UB: 140.14999999999998
branching on CartesianIndex(4, 3) with a.
2460   984    18         128.9500   140.1500   8.6855     % 
UB: 140.14999999999998
branching on CartesianIndex(5, 3) with a.
2461   985    18         128.9500   140.1500   8.6855     % 
UB: 140.14999999999998
branching on CartesianIndex(1, 4) with c.
2462   986    17         128.9500   140.1500   8.6855     % 
LB close or above UB, fathomed
2463   985    27         128.9500   140.1500   8.6855     % 
LB close or above UB, fathomed
2464   984    27         128.9500   140.1500   8.6855     % 
UB: 140.14999999999998
branching on CartesianIndex(1, 3) with a.
2465   985    18         128.9500   140.1500   8.6855     % 
UB: 140.14999999999998
branching on CartesianIndex(2, 2) with a.
2466   986    19         128.9500   140.1500   8.6855     % 
UB: 140.14999999999998
branching on CartesianIndex(3, 2) with a.
2467   987    20         128.9500   140.1500   8.6855     % 
UB: 140.14999999999998
branching on 1 with b.
2468   988    21         128.9500   140.1500   8.6855     % 
LB close or above UB, fathomed
2469   987    21         128.9500   140.1500   8.6855     % 
UB: 140.14999999999998
branching on CartesianIndex(4, 2) with a.
2470   988    20         128.9500   140.1500   8.6855     % 
UB: 140.14999999999998
branching on CartesianIndex(1, 3) with a.
2471   989    19         128.9500   140.1500   8.6855     % 
UB: 140.14999999999998
branching on CartesianIndex(1, 3) with a.
2472   990    18         128.9500   140.1500   8.6855     % 
LB close or above UB, fathomed
2473   989    16         128.9500   140.1500   8.6855     % 
UB: 140.14999999999998
branching on CartesianIndex(4, 3) with a.
2474   990    17         128.9500   140.1500   8.6855     % 
UB: 140.14999999999998
branching on CartesianIndex(5, 3) with a.
2475   991    17         128.9500   140.1500   8.6855     % 
LB close or above UB, fathomed
2476   990    16         128.9500   140.1500   8.6855     % 
LB close or above UB, fathomed
2477   989    16         128.9500   140.1500   8.6855     % 
UB: 140.14999999999998
branching on CartesianIndex(3, 3) with a.
2478   990    17         128.9500   140.1500   8.6855     % 
UB: 140.14999999999998
branching on CartesianIndex(4, 3) with a.
2479   991    18         128.9500   140.1500   8.6855     % 
UB: 140.14999999999998
branching on CartesianIndex(5, 3) with a.
2480   992    18         128.9500   140.1500   8.6855     % 
LB close or above UB, fathomed
2481   991    17         128.9500   140.1500   8.6855     % 
LB close or above UB, fathomed
2482   990    16         128.9500   140.1500   8.6855     % 
LB close or above UB, fathomed
2483   989    20         128.9500   140.1500   8.6855     % 
UB: 140.14999999999998
branching on CartesianIndex(7, 2) with a.
2484   990    21         128.9500   140.1500   8.6855     % 
UB: 140.14999999999998
branching on CartesianIndex(8, 2) with a.
2485   991    21         128.9500   140.1500   8.6855     % 
UB: 140.14999999999998
branching on 1 with b.
2486   992    20         128.9500   140.1500   8.6855     % 
LB close or above UB, fathomed
2487   991    33         128.9500   140.1500   8.6855     % 
UB: 140.14999999999998
branching on CartesianIndex(4, 4) with c.
2488   992    34         128.9500   140.1500   8.6855     % 
UB: 140.14999999999998
branching on CartesianIndex(5, 4) with c.
2489   993    35         128.9500   140.1500   8.6855     % 
UB: 140.14999999999998
branching on 3 with b.
2490   994    36         128.9500   140.1500   8.6855     % 
UB: 140.14999999999998
branching on 1 with b.
2491   994    37         128.9500   140.1500   8.6855     % 
UB: 140.14999999999998
branching on CartesianIndex(1, 5) with c.
2492   995    36         128.9500   140.1500   8.6855     % 
LB close or above UB, fathomed
2493   994    35         128.9500   140.1500   8.6855     % 
LB close or above UB, fathomed
2494   993    34         128.9500   140.1500   8.6855     % 
LB close or above UB, fathomed
2495   992    33         128.9500   140.1500   8.6855     % 
LB close or above UB, fathomed
2496   991    23         128.9500   140.1500   8.6855     % 
UB: 140.14999999999998
branching on CartesianIndex(1, 3) with a.
2497   992    24         128.9500   140.1500   8.6855     % 
UB: 140.14999999999998
branching on CartesianIndex(2, 3) with a.
2498   993    24         128.9500   140.1500   8.6855     % 
LB close or above UB, fathomed
2499   992    23         128.9500   140.1500   8.6855     % 
LB close or above UB, fathomed
2500   991    24         128.9500   140.1500   8.6855     % 
UB: 140.14999999999998
branching on CartesianIndex(5, 3) with a.
2501   992    24         128.9500   140.1500   8.6855     % 
UB: 140.14999999999998
branching on CartesianIndex(1, 4) with c.
2502   993    21         128.9500   140.1500   8.6855     % 
UB: 140.14999999999998
branching on CartesianIndex(1, 4) with c.
2503   994    21         128.9500   140.1500   8.6855     % 
LB close or above UB, fathomed
2504   993    40         128.9500   140.1500   8.6855     % 
LB close or above UB, fathomed
2505   992    40         128.9500   140.1500   8.6855     % 
UB: 140.14999999999998
branching on 3 with b.
2506   993    41         128.9500   140.1500   8.6855     % 
UB: 140.14999999999998
branching on 1 with b.
2507   994    42         128.9500   140.1500   8.6855     % 
UB: 140.14999999999998
branching on 2 with b.
2508   995    43         128.9500   140.1500   8.6855     % 
UB: 140.14999999999998
branching on 3 with b.
2509   996    44         128.9500   140.1500   8.6855     % 
UB: 140.14999999999998
branching on 1 with b.
2510   997    45         128.9500   140.1500   8.6855     % 
UB: 140.14999999999998
branching on 2 with b.
2511   998    45         128.9500   140.1500   8.6855     % 
UB: 140.14999999999998
branching on 2 with b.
2512   999    44         128.9500   140.1500   8.6855     % 
LB close or above UB, fathomed
2513   998    43         128.9500   140.1500   8.6855     % 
UB: 140.14999999999998
branching on 3 with b.
2514   999    42         128.9500   140.1500   8.6855     % 
UB: 140.14999999999998
branching on 2 with b.
2515   1000   41         128.9500   140.1500   8.6855     % 
LB close or above UB, fathomed
2516   999    40         128.9500   140.1500   8.6855     % 
LB close or above UB, fathomed
2517   998    40         128.9500   140.1500   8.6855     % 
UB: 140.14999999999998
branching on 3 with b.
2518   999    41         128.9500   140.1500   8.6855     % 
UB: 140.14999999999998
branching on 1 with b.
2519   1000   42         128.9500   140.1500   8.6855     % 
UB: 140.14999999999998
branching on 2 with b.
2520   1001   43         128.9500   140.1500   8.6855     % 
LB close or above UB, fathomed
2521   1000   43         128.9500   140.1500   8.6855     % 
UB: 140.14999999999998
branching on 3 with b.
2522   1001   44         128.9500   140.1500   8.6855     % 
UB: 140.14999999999998
branching on 1 with b.
2523   1002   45         128.9500   140.1500   8.6855     % 
UB: 140.14999999999998
branching on 2 with b.
2524   1003   45         128.9500   140.1500   8.6855     % 
UB: 140.14999999999998
branching on 2 with b.
2525   1004   44         128.9500   140.1500   8.6855     % 
LB close or above UB, fathomed
2526   1003   42         128.9500   140.1500   8.6855     % 
UB: 140.14999999999998
branching on 2 with b.
2527   1004   41         128.9500   140.1500   8.6855     % 
LB close or above UB, fathomed
2528   1003   24         128.9500   140.1500   8.6855     % 
UB: 140.14999999999998
branching on CartesianIndex(6, 3) with a.
2529   1004   25         128.9500   140.1500   8.6855     % 
UB: 140.14999999999998
branching on CartesianIndex(7, 3) with a.
2530   1005   26         128.9500   140.1500   8.6855     % 
UB: 140.14999999999998
branching on CartesianIndex(8, 3) with a.
2531   1006   27         128.9500   140.1500   8.6855     % 
LB close or above UB, fathomed
2532   1005   27         128.9500   140.1500   8.6855     % 
UB: 140.14999999999998
branching on CartesianIndex(1, 4) with c.
2533   1006   26         128.9500   140.1500   8.6855     % 
LB close or above UB, fathomed
2534   1005   25         128.9500   140.1500   8.6855     % 
LB close or above UB, fathomed
2535   1004   24         128.9500   140.1500   8.6855     % 
LB close or above UB, fathomed
2536   1003   49         128.9500   140.1500   8.6855     % 
UB: 140.14999999999998
branching on 2 with b.
2537   1004   50         128.9500   140.1500   8.6855     % 
UB: 140.14999999999998
branching on 3 with b.
2538   1005   50         128.9500   140.1500   8.6855     % 
UB: 140.14999999999998
branching on 3 with b.
2539   1006   51         128.9500   140.1500   8.6855     % 
LB close or above UB, fathomed
2540   1005   51         128.9500   140.1500   8.6855     % 
UB: 140.14999999999998
branching on 1 with b.
2541   1005   52         128.9500   140.1500   8.6855     % 
UB: 140.14999999999998
branching on 2 with b.
2542   1005   53         128.9500   140.1500   8.6855     % 
UB: 140.14999999999998
branching on 3 with b.
2543   1006   54         128.9500   140.1500   8.6855     % 
LB close or above UB, fathomed
2544   1005   54         128.9500   140.1500   8.6855     % 
UB: 140.14999999999998
branching on 1 with b.
2545   1006   48         128.9500   140.1500   8.6855     % 
UB: 140.14999999999998
branching on 1 with b.
2546   1006   48         128.9500   140.1500   8.6855     % 
LB close or above UB, fathomed
2547   1005   49         128.9500   140.1500   8.6855     % 
UB: 140.14999999999998
branching on 2 with b.
2548   1005   50         128.9500   140.1500   8.6855     % 
UB: 140.14999999999998
branching on 3 with b.
2549   1006   51         128.9500   140.1500   8.6855     % 
LB close or above UB, fathomed
2550   1005   51         128.9500   140.1500   8.6855     % 
UB: 140.14999999999998
branching on 1 with b.
2551   1005   52         128.9500   140.1500   8.6855     % 
UB: 140.14999999999998
branching on 2 with b.
2552   1006   53         128.9500   140.1500   8.6855     % 
UB: 140.14999999999998
branching on 3 with b.
2553   1007   54         128.9500   140.1500   8.6855     % 
LB close or above UB, fathomed
2554   1006   54         128.9500   140.1500   8.6855     % 
UB: 140.14999999999998
branching on 1 with b.
2555   1007   53         128.9500   140.1500   8.6855     % 
UB: 140.14999999999998
branching on 3 with b.
2556   1008   47         128.9500   140.1500   8.6855     % 
UB: 140.14999999999998
branching on 3 with b.
2557   1009   47         128.9500   140.1500   8.6855     % 
UB: 140.14999999999998
branching on 3 with b.
2558   1010   48         128.9500   140.1500   8.6855     % 
UB: 140.14999999999998
branching on 1 with b.
2559   1011   48         128.9500   140.1500   8.6855     % 
LB close or above UB, fathomed
2560   1010   47         128.9500   140.1500   8.6855     % 
UB: 140.14999999999998
branching on 3 with b.
2561   1011   47         128.9500   140.1500   8.6855     % 
UB: 140.14999999999998
branching on 3 with b.
2562   1012   48         128.9500   140.1500   8.6855     % 
UB: 140.14999999999998
branching on 1 with b.
2563   1012   48         128.9500   140.1500   8.6855     % 
LB close or above UB, fathomed
2564   1011   19         128.9500   140.1500   8.6855     % 
UB: 140.14999999999998
branching on CartesianIndex(3, 2) with a.
2565   1012   20         128.9500   140.1500   8.6855     % 
UB: 140.14999999999998
branching on CartesianIndex(4, 2) with a.
2566   1013   20         128.9500   140.1500   8.6855     % 
UB: 140.14999999999998
branching on CartesianIndex(1, 3) with a.
2567   1014   19         128.9500   140.1500   8.6855     % 
UB: 140.14999999999998
branching on CartesianIndex(1, 3) with a.
2568   1015   21         128.9500   140.1500   8.6855     % 
UB: 140.14999999999998
branching on CartesianIndex(8, 2) with a.
2569   1016   21         128.9500   140.1500   8.6855     % 
LB close or above UB, fathomed
2570   1015   24         128.9500   140.1500   8.6855     % 
UB: 140.14999999999998
branching on CartesianIndex(6, 3) with a.
2571   1016   24         128.9500   140.1500   8.6855     % 
LB close or above UB, fathomed
2572   1015   23         128.9500   140.1500   8.6855     % 
UB: 140.14999999999998
branching on CartesianIndex(4, 2) with a.
2573   1016   24         128.9500   140.1500   8.6855     % 
LB close or above UB, fathomed
2574   1015   24         128.9500   140.1500   8.6855     % 
LB close or above UB, fathomed
2575   1014   23         128.9500   140.1500   8.6855     % 
LB close or above UB, fathomed
2576   1013   31         128.9500   140.1500   8.6855     % 
UB: 140.14999999999998
branching on CartesianIndex(2, 4) with c.
2577   1014   32         128.9500   140.1500   8.6855     % 
UB: 140.14999999999998
branching on CartesianIndex(3, 4) with c.
2578   1015   32         128.9500   140.1500   8.6855     % 
UB: 140.14999999999998
branching on CartesianIndex(1, 5) with c.
2579   1016   31         128.9500   140.1500   8.6855     % 
LB close or above UB, fathomed
2580   1015   26         128.9500   140.1500   8.6855     % 
UB: 140.14999999999998
branching on CartesianIndex(2, 4) with c.
2581   1016   26         128.9500   140.1500   8.6855     % 
LB close or above UB, fathomed
2582   1015   34         128.9500   140.1500   8.6855     % 
LB close or above UB, fathomed
2583   1014   34         128.9500   140.1500   8.6855     % 
UB: 140.14999999999998
branching on CartesianIndex(1, 7) with c.
2584   1015   35         128.9500   140.1500   8.6855     % 
LB close or above UB, fathomed
2585   1014   35         128.9500   140.1500   8.6855     % 
UB: 140.14999999999998
branching on 1 with b.
2586   1015   36         128.9500   140.1500   8.6855     % 
UB: 140.14999999999998
branching on 2 with b.
2587   1016   37         128.9500   140.1500   8.6855     % 
LB close or above UB, fathomed
2588   1015   37         128.9500   140.1500   8.6855     % 
UB: 140.14999999999998
branching on 3 with b.
2589   1016   36         128.9500   140.1500   8.6855     % 
LB close or above UB, fathomed
2590   1015   22         128.9500   140.1500   8.6855     % 
UB: 140.14999999999998
branching on 1 with b.
2591   1016   22         128.9500   140.1500   8.6855     % 
UB: 140.14999999999998
branching on CartesianIndex(1, 5) with c.
2592   1017   47         128.9500   140.1500   8.6855     % 
UB: 140.14999999999998
branching on 3 with b.
2593   1018   48         128.9500   140.1500   8.6855     % 
UB: 140.14999999999998
branching on 1 with b.
2594   1019   48         128.9500   140.1500   8.6855     % 
LB close or above UB, fathomed
2595   1018   47         128.9500   140.1500   8.6855     % 
UB: 140.14999999999998
branching on 3 with b.
2596   1019   48         128.9500   140.1500   8.6855     % 
UB: 140.14999999999998
branching on 1 with b.
2597   1019   48         128.9500   140.1500   8.6855     % 
LB close or above UB, fathomed
2598   1018   27         128.9500   140.1500   8.6855     % 
UB: 140.14999999999998
branching on CartesianIndex(4, 3) with a.
2599   1019   28         128.9500   140.1500   8.6855     % 
UB: 140.14999999999998
branching on CartesianIndex(5, 3) with a.
2600   1020   28         128.9500   140.1500   8.6855     % 
UB: 140.14999999999998
branching on CartesianIndex(1, 4) with c.
2601   1021   27         128.9500   140.1500   8.6855     % 
LB close or above UB, fathomed
2602   1020   26         128.9500   140.1500   8.6855     % 
UB: 140.14999999999998
branching on CartesianIndex(4, 4) with c.
2603   1021   27         128.9500   140.1500   8.6855     % 
UB: 140.14999999999998
branching on CartesianIndex(5, 4) with c.
2604   1022   28         128.9500   140.1500   8.6855     % 
UB: 140.14999999999998
branching on CartesianIndex(1, 5) with c.
2605   1023   28         128.9500   140.1500   8.6855     % 
LB close or above UB, fathomed
2606   1022   27         128.9500   140.1500   8.6855     % 
LB close or above UB, fathomed
2607   1021   26         128.9500   140.1500   8.6855     % 
LB close or above UB, fathomed
2608   1020   31         128.9500   140.1500   8.6855     % 
UB: 140.14999999999998
branching on CartesianIndex(2, 4) with c.
2609   1021   32         128.9500   140.1500   8.6855     % 
UB: 140.14999999999998
branching on CartesianIndex(3, 4) with c.
2610   1022   32         128.9500   140.1500   8.6855     % 
UB: 140.14999999999998
branching on CartesianIndex(1, 5) with c.
2611   1023   31         128.9500   140.1500   8.6855     % 
LB close or above UB, fathomed
2612   1022   23         128.9500   140.1500   8.6855     % 
UB: 140.14999999999998
branching on CartesianIndex(2, 3) with a.
2613   1023   24         128.9500   140.1500   8.6855     % 
UB: 140.14999999999998
branching on 2 with b.
2614   1024   25         128.9500   140.1500   8.6855     % 
UB: 140.14999999999998
branching on 3 with b.
2615   1025   25         128.9500   140.1500   8.6855     % 
UB: 140.14999999999998
branching on CartesianIndex(3, 3) with a.
2616   1026   24         128.9500   140.1500   8.6855     % 
LB close or above UB, fathomed
2617   1025   23         128.9500   140.1500   8.6855     % 
LB close or above UB, fathomed
2618   1024   25         128.9500   140.1500   8.6855     % 
LB close or above UB, fathomed
2619   1023   25         128.9500   140.1500   8.6855     % 
LB close or above UB, fathomed
2620   1022   24         128.9500   140.1500   8.6855     % 
UB: 140.14999999999998
branching on 1 with b.
2621   1023   25         128.9500   140.1500   8.6855     % 
UB: 140.14999999999998
branching on CartesianIndex(2, 3) with a.
2622   1024   25         128.9500   140.1500   8.6855     % 
UB: 140.14999999999998
branching on CartesianIndex(2, 3) with a.
2623   1025   24         128.9500   140.1500   8.6855     % 
LB close or above UB, fathomed
2624   1024   24         128.9500   140.1500   8.6855     % 
UB: 140.14999999999998
branching on CartesianIndex(2, 3) with a.
2625   1025   25         128.9500   140.1500   8.6855     % 
UB: 140.14999999999998
branching on CartesianIndex(3, 3) with a.
2626   1026   26         128.9500   140.1500   8.6855     % 
UB: 140.14999999999998
branching on CartesianIndex(4, 3) with a.
2627   1027   27         128.9500   140.1500   8.6855     % 
UB: 140.14999999999998
branching on 1 with b.
2628   1028   28         128.9500   140.1500   8.6855     % 
UB: 140.14999999999998
branching on CartesianIndex(5, 3) with a.
2629   1029   28         128.9500   140.1500   8.6855     % 
UB: 140.14999999999998
branching on CartesianIndex(5, 3) with a.
2630   1030   27         128.9500   140.1500   8.6855     % 
LB close or above UB, fathomed
2631   1029   26         128.9500   140.1500   8.6855     % 
UB: 140.14999999999998
branching on CartesianIndex(1, 4) with c.
2632   1030   25         128.9500   140.1500   8.6855     % 
LB close or above UB, fathomed
2633   1029   24         128.9500   140.1500   8.6855     % 
LB close or above UB, fathomed
2634   1028   18         128.9500   140.1500   8.6855     % 
UB: 140.14999999999998
branching on 1 with b.
2635   1029   19         128.9500   140.1500   8.6855     % 
LB close or above UB, fathomed
2636   1028   19         128.9500   140.1500   8.6855     % 
UB: 140.14999999999998
branching on CartesianIndex(6, 3) with a.
2637   1029   20         128.9500   140.1500   8.6855     % 
UB: 140.14999999999998
branching on CartesianIndex(7, 3) with a.
2638   1030   20         128.9500   140.1500   8.6855     % 
LB close or above UB, fathomed
2639   1029   18         128.9500   140.1500   8.6855     % 
LB close or above UB, fathomed
2640   1028   21         128.9500   140.1500   8.6855     % 
UB: 140.14999999999998
branching on CartesianIndex(3, 3) with a.
2641   1029   22         128.9500   140.1500   8.6855     % 
LB close or above UB, fathomed
2642   1028   22         128.9500   140.1500   8.6855     % 
UB: 140.14999999999998
branching on CartesianIndex(1, 4) with c.
2643   1029   21         128.9500   140.1500   8.6855     % 
LB close or above UB, fathomed
2644   1028   28         128.9500   140.1500   8.6855     % 
LB close or above UB, fathomed
2645   1027   28         128.9500   140.1500   8.6855     % 
LB close or above UB, fathomed
2646   1026   22         128.9500   140.1500   8.6855     % 
LB close or above UB, fathomed
2647   1025   22         128.9500   140.1500   8.6855     % 
UB: 140.14999999999998
branching on CartesianIndex(1, 5) with c.
2648   1026   22         128.9500   140.1500   8.6855     % 
UB: 140.14999999999998
branching on 3 with b.
2649   1027   23         128.9500   140.1500   8.6855     % 
LB close or above UB, fathomed
2650   1026   23         128.9500   140.1500   8.6855     % 
UB: 140.14999999999998
branching on 1 with b.
2651   1027   22         128.9500   140.1500   8.6855     % 
LB close or above UB, fathomed
2652   1026   25         128.9500   140.1500   8.6855     % 
UB: 140.14999999999998
branching on CartesianIndex(4, 3) with a.
2653   1027   26         128.9500   140.1500   8.6855     % 
UB: 140.14999999999998
branching on CartesianIndex(5, 3) with a.
2654   1028   26         128.9500   140.1500   8.6855     % 
UB: 140.14999999999998
branching on CartesianIndex(1, 4) with c.
2655   1029   25         128.9500   140.1500   8.6855     % 
LB close or above UB, fathomed
2656   1028   21         128.9500   140.1500   8.6855     % 
UB: 140.14999999999998
branching on CartesianIndex(3, 4) with c.
2657   1029   22         128.9500   140.1500   8.6855     % 
UB: 140.14999999999998
branching on 2 with b.
2658   1030   23         128.9500   140.1500   8.6855     % 
UB: 140.14999999999998
branching on CartesianIndex(4, 4) with c.
2659   1031   24         128.9500   140.1500   8.6855     % 
UB: 140.14999999999998
branching on 3 with b.
2660   1032   24         128.9500   140.1500   8.6855     % 
LB close or above UB, fathomed
2661   1031   23         128.9500   140.1500   8.6855     % 
UB: 140.14999999999998
branching on CartesianIndex(4, 4) with c.
2662   1032   22         128.9500   140.1500   8.6855     % 
LB close or above UB, fathomed
2663   1031   21         128.9500   140.1500   8.6855     % 
LB close or above UB, fathomed
2664   1030   20         128.9500   140.1500   8.6855     % 
UB: 140.14999999999998
branching on 1 with b.
2665   1031   21         128.9500   140.1500   8.6855     % 
UB: 140.14999999999998
branching on CartesianIndex(5, 3) with a.
2666   1032   21         128.9500   140.1500   8.6855     % 
UB: 140.14999999999998
branching on CartesianIndex(5, 3) with a.
2667   1033   20         128.9500   140.1500   8.6855     % 
UB: 140.14999999999998
branching on CartesianIndex(1, 4) with c.
2668   1034   16         128.9500   140.1500   8.6855     % 
UB: 140.14999999999998
branching on CartesianIndex(8, 1) with a.
2669   1035   16         128.9500   140.1500   8.6855     % 
LB close or above UB, fathomed
2670   1034   16         128.9500   140.1500   8.6855     % 
UB: 140.14999999999998
branching on CartesianIndex(7, 1) with a.
2671   1035   16         128.9500   140.1500   8.6855     % 
UB: 140.14999999999998
branching on 3 with b.
2672   1036   16         128.9500   140.1500   8.6855     % 
UB: 140.14999999999998
branching on CartesianIndex(2, 2) with a.
2673   1037   17         128.9500   140.1500   8.6855     % 
UB: 140.14999999999998
branching on CartesianIndex(3, 2) with a.
2674   1038   18         128.9500   140.1500   8.6855     % 
UB: 140.14999999999998
branching on CartesianIndex(4, 2) with a.
2675   1039   18         128.9500   140.1500   8.6855     % 
UB: 140.14999999999998
branching on 1 with b.
2676   1040   17         128.9500   140.1500   8.6855     % 
LB close or above UB, fathomed
2677   1039   16         128.9500   140.1500   8.6855     % 
LB close or above UB, fathomed
2678   1038   19         128.9500   140.1500   8.6855     % 
UB: 140.14999999999998
branching on CartesianIndex(2, 3) with a.
2679   1039   20         128.9500   140.1500   8.6855     % 
UB: 140.14999999999998
branching on CartesianIndex(3, 3) with a.
2680   1040   21         128.9500   140.1500   8.6855     % 
UB: 140.14999999999998
branching on 3 with b.
2681   1041   22         128.9500   140.1500   8.6855     % 
LB close or above UB, fathomed
2682   1040   22         128.9500   140.1500   8.6855     % 
UB: 140.14999999999998
branching on CartesianIndex(4, 3) with a.
2683   1041   23         128.9500   140.1500   8.6855     % 
LB close or above UB, fathomed
2684   1040   23         128.9500   140.1500   8.6855     % 
UB: 140.14999999999998
branching on CartesianIndex(1, 4) with c.
2685   1041   21         128.9500   140.1500   8.6855     % 
LB close or above UB, fathomed
2686   1040   20         128.9500   140.1500   8.6855     % 
LB close or above UB, fathomed
2687   1039   19         128.9500   140.1500   8.6855     % 
LB close or above UB, fathomed
2688   1038   25         128.9500   140.1500   8.6855     % 
UB: 140.14999999999998
branching on CartesianIndex(2, 4) with c.
2689   1039   26         128.9500   140.1500   8.6855     % 
UB: 140.14999999999998
branching on 3 with b.
2690   1040   27         128.9500   140.1500   8.6855     % 
LB close or above UB, fathomed
2691   1039   27         128.9500   140.1500   8.6855     % 
UB: 140.14999999999998
branching on CartesianIndex(3, 4) with c.
2692   1040   28         128.9500   140.1500   8.6855     % 
UB: 140.14999999999998
branching on CartesianIndex(4, 4) with c.
2693   1041   29         128.9500   140.1500   8.6855     % 
UB: 140.14999999999998
branching on CartesianIndex(5, 4) with c.
2694   1042   29         128.9500   140.1500   8.6855     % 
LB close or above UB, fathomed
2695   1041   28         128.9500   140.1500   8.6855     % 
LB close or above UB, fathomed
2696   1040   26         128.9500   140.1500   8.6855     % 
LB close or above UB, fathomed
2697   1039   25         128.9500   140.1500   8.6855     % 
LB close or above UB, fathomed
2698   1038   20         128.9500   140.1500   8.6855     % 
UB: 140.14999999999998
branching on CartesianIndex(2, 3) with a.
2699   1039   21         128.9500   140.1500   8.6855     % 
UB: 140.14999999999998
branching on CartesianIndex(3, 3) with a.
2700   1040   22         128.9500   140.1500   8.6855     % 
UB: 140.14999999999998
branching on CartesianIndex(4, 3) with a.
2701   1041   23         128.9500   140.1500   8.6855     % 
UB: 140.14999999999998
branching on CartesianIndex(5, 3) with a.
2702   1042   24         128.9500   140.1500   8.6855     % 
UB: 140.14999999999998
branching on CartesianIndex(6, 3) with a.
2703   1043   25         128.9500   140.1500   8.6855     % 
UB: 140.14999999999998
branching on CartesianIndex(7, 3) with a.
2704   1044   25         128.9500   140.1500   8.6855     % 
LB close or above UB, fathomed
2705   1043   24         128.9500   140.1500   8.6855     % 
LB close or above UB, fathomed
2706   1042   23         128.9500   140.1500   8.6855     % 
LB close or above UB, fathomed
2707   1041   22         128.9500   140.1500   8.6855     % 
LB close or above UB, fathomed
2708   1040   21         128.9500   140.1500   8.6855     % 
LB close or above UB, fathomed
2709   1039   20         128.9500   140.1500   8.6855     % 
LB close or above UB, fathomed
2710   1038   20         128.9500   140.1500   8.6855     % 
UB: 140.14999999999998
branching on CartesianIndex(6, 2) with a.
2711   1039   21         128.9500   140.1500   8.6855     % 
UB: 140.14999999999998
branching on 1 with b.
2712   1040   21         128.9500   140.1500   8.6855     % 
UB: 140.14999999999998
branching on CartesianIndex(1, 3) with a.
2713   1041   20         128.9500   140.1500   8.6855     % 
LB close or above UB, fathomed
2714   1040   30         128.9500   140.1500   8.6855     % 
LB close or above UB, fathomed
2715   1039   30         128.9500   140.1500   8.6855     % 
UB: 140.14999999999998
branching on CartesianIndex(2, 5) with c.
2716   1040   31         128.9500   140.1500   8.6855     % 
LB close or above UB, fathomed
2717   1039   31         128.9500   140.1500   8.6855     % 
UB: 140.14999999999998
branching on CartesianIndex(1, 6) with c.
2718   1040   15         128.9500   140.1500   8.6855     % 
UB: 140.14999999999998
branching on 2 with b.
2719   1041   16         128.9500   140.1500   8.6855     % 
UB: 140.14999999999998
branching on CartesianIndex(2, 4) with c.
2720   1042   16         128.9500   140.1500   8.6855     % 
UB: 140.14999999999998
branching on CartesianIndex(2, 4) with c.
2721   1043   15         128.9500   140.1500   8.6855     % 
LB close or above UB, fathomed
2722   1042   23         128.9500   140.1500   8.6855     % 
LB close or above UB, fathomed
2723   1041   23         128.9500   140.1500   8.6855     % 
UB: 140.14999999999998
branching on CartesianIndex(1, 5) with c.
2724   1042   12         128.9500   140.1500   8.6855     % 
UB: 140.14999999999998
branching on 1 with b.
2725   1043   13         128.9500   140.1500   8.6855     % 
LB close or above UB, fathomed
2726   1042   13         128.9500   140.1500   8.6855     % 
UB: 140.14999999999998
branching on CartesianIndex(3, 2) with a.
2727   1043   14         128.9500   140.1500   8.6855     % 
UB: 140.14999999999998
branching on CartesianIndex(4, 2) with a.
2728   1044   14         128.9500   140.1500   8.6855     % 
UB: 140.14999999999998
branching on CartesianIndex(1, 3) with a.
2729   1045   12         128.9500   140.1500   8.6855     % 
LB close or above UB, fathomed
2730   1044   14         128.9500   140.1500   8.6855     % 
UB: 140.14999999999998
branching on CartesianIndex(2, 3) with a.
2731   1045   15         128.9500   140.1500   8.6855     % 
UB: 140.14999999999998
branching on CartesianIndex(3, 3) with a.
2732   1046   16         128.9500   140.1500   8.6855     % 
UB: 140.14999999999998
branching on CartesianIndex(4, 3) with a.
2733   1047   17         128.9500   140.1500   8.6855     % 
UB: 140.14999999999998
branching on CartesianIndex(5, 3) with a.
2734   1048   18         128.9500   140.1500   8.6855     % 
UB: 140.14999999999998
branching on CartesianIndex(6, 3) with a.
2735   1049   18         128.9500   140.1500   8.6855     % 
LB close or above UB, fathomed
2736   1048   17         128.9500   140.1500   8.6855     % 
UB: 140.14999999999998
branching on CartesianIndex(1, 4) with c.
2737   1049   16         128.9500   140.1500   8.6855     % 
LB close or above UB, fathomed
2738   1048   15         128.9500   140.1500   8.6855     % 
LB close or above UB, fathomed
2739   1047   14         128.9500   140.1500   8.6855     % 
LB close or above UB, fathomed
2740   1046   29         128.9500   140.1500   8.6855     % 
UB: 140.14999999999998
branching on CartesianIndex(2, 5) with c.
2741   1047   30         128.9500   140.1500   8.6855     % 
UB: 140.14999999999998
branching on CartesianIndex(3, 5) with c.
2742   1048   30         128.9500   140.1500   8.6855     % 
UB: 140.14999999999998
branching on CartesianIndex(1, 6) with c.
2743   1049   29         128.9500   140.1500   8.6855     % 
LB close or above UB, fathomed
2744   1048   28         128.9500   140.1500   8.6855     % 
LB close or above UB, fathomed
2745   1047   28         128.9500   140.1500   8.6855     % 
UB: 140.14999999999998
branching on CartesianIndex(1, 4) with c.
2746   1048   29         128.9500   140.1500   8.6855     % 
LB close or above UB, fathomed
2747   1047   29         128.9500   140.1500   8.6855     % 
LB close or above UB, fathomed
2748   1046   16         128.9500   140.1500   8.6855     % 
LB close or above UB, fathomed
2749   1045   16         128.9500   140.1500   8.6855     % 
UB: 140.14999999999998
branching on CartesianIndex(1, 5) with c.
2750   1046   36         128.9500   140.1500   8.6855     % 
UB: 140.14999999999998
branching on CartesianIndex(5, 7) with c.
2751   1047   36         128.9500   140.1500   8.6855     % 
LB close or above UB, fathomed
2752   1046   25         128.9500   140.1500   8.6855     % 
LB close or above UB, fathomed
2753   1045   25         128.9500   140.1500   8.6855     % 
UB: 140.14999999999998
branching on 2 with b.
2754   1046   23         128.9500   140.1500   8.6855     % 
LB close or above UB, fathomed
2755   1045   23         128.9500   140.1500   8.6855     % 
UB: 140.14999999999998
branching on 1 with b.
2756   1046   39         128.9500   140.1500   8.6855     % 
UB: 140.14999999999998
branching on CartesianIndex(4, 7) with c.
2757   1047   40         128.9500   140.1500   8.6855     % 
UB: 140.14999999999998
branching on CartesianIndex(5, 7) with c.
2758   1048   40         128.9500   140.1500   8.6855     % 
LB close or above UB, fathomed
2759   1047   39         128.9500   140.1500   8.6855     % 
LB close or above UB, fathomed
2760   1046   22         128.9500   140.1500   8.6855     % 
UB: 140.14999999999998
branching on CartesianIndex(6, 3) with a.
2761   1047   23         128.9500   140.1500   8.6855     % 
UB: 140.14999999999998
branching on CartesianIndex(7, 3) with a.
2762   1048   23         128.9500   140.1500   8.6855     % 
LB close or above UB, fathomed
2763   1047   22         128.9500   140.1500   8.6855     % 
LB close or above UB, fathomed
2764   1046   25         128.9500   140.1500   8.6855     % 
LB close or above UB, fathomed
2765   1045   25         128.9500   140.1500   8.6855     % 
UB: 140.14999999999998
branching on 1 with b.
2766   1046   19         128.9500   140.1500   8.6855     % 
UB: 140.14999999999998
branching on CartesianIndex(1, 3) with a.
2767   1047   20         128.9500   140.1500   8.6855     % 
UB: 140.14999999999998
branching on CartesianIndex(2, 3) with a.
2768   1048   21         128.9500   140.1500   8.6855     % 
UB: 140.14999999999998
branching on CartesianIndex(3, 3) with a.
2769   1049   22         128.9500   140.1500   8.6855     % 
UB: 140.14999999999998
branching on 2 with b.
2770   1050   23         128.9500   140.1500   8.6855     % 
UB: 140.14999999999998
branching on CartesianIndex(4, 3) with a.
2771   1051   24         128.9500   140.1500   8.6855     % 
UB: 140.14999999999998
branching on 3 with b.
2772   1052   24         128.9500   140.1500   8.6855     % 
UB: 140.14999999999998
branching on CartesianIndex(1, 4) with c.
2773   1053   23         128.9500   140.1500   8.6855     % 
LB close or above UB, fathomed
2774   1052   22         128.9500   140.1500   8.6855     % 
LB close or above UB, fathomed
2775   1051   21         128.9500   140.1500   8.6855     % 
LB close or above UB, fathomed
2776   1050   20         128.9500   140.1500   8.6855     % 
LB close or above UB, fathomed
2777   1049   19         128.9500   140.1500   8.6855     % 
LB close or above UB, fathomed
2778   1048   25         128.9500   140.1500   8.6855     % 
UB: 140.14999999999998
branching on 3 with b.
2779   1049   26         128.9500   140.1500   8.6855     % 
LB close or above UB, fathomed
2780   1048   26         128.9500   140.1500   8.6855     % 
UB: 140.14999999999998
branching on CartesianIndex(6, 3) with a.
2781   1049   25         128.9500   140.1500   8.6855     % 
LB close or above UB, fathomed
2782   1048   24         128.9500   140.1500   8.6855     % 
LB close or above UB, fathomed
2783   1047   24         128.9500   140.1500   8.6855     % 
UB: 140.14999999999998
branching on CartesianIndex(7, 3) with a.
2784   1048   25         128.9500   140.1500   8.6855     % 
LB close or above UB, fathomed
2785   1047   25         128.9500   140.1500   8.6855     % 
UB: 140.14999999999998
branching on CartesianIndex(1, 4) with c.
2786   1048   25         128.9500   140.1500   8.6855     % 
UB: 140.14999999999998
branching on CartesianIndex(6, 3) with a.
2787   1049   26         128.9500   140.1500   8.6855     % 
UB: 140.14999999999998
branching on CartesianIndex(7, 3) with a.
2788   1050   26         128.9500   140.1500   8.6855     % 
LB close or above UB, fathomed
2789   1049   25         128.9500   140.1500   8.6855     % 
LB close or above UB, fathomed
2790   1048   25         128.9500   140.1500   8.6855     % 
UB: 140.14999999999998
branching on CartesianIndex(4, 3) with a.
2791   1049   25         128.9500   140.1500   8.6855     % 
LB close or above UB, fathomed
2792   1048   29         128.9500   140.1500   8.6855     % 
LB close or above UB, fathomed
2793   1047   29         128.9500   140.1500   8.6855     % 
UB: 140.14999999999998
branching on 2 with b.
2794   1048   15         128.9500   140.1500   8.6855     % 
UB: 140.14999999999998
branching on CartesianIndex(2, 3) with a.
2795   1049   16         128.9500   140.1500   8.6855     % 
UB: 140.14999999999998
branching on CartesianIndex(3, 3) with a.
2796   1050   17         128.9500   140.1500   8.6855     % 
UB: 140.14999999999998
branching on CartesianIndex(4, 3) with a.
2797   1051   18         128.9500   140.1500   8.6855     % 
UB: 140.14999999999998
branching on CartesianIndex(5, 3) with a.
2798   1052   19         128.9500   140.1500   8.6855     % 
UB: 140.14999999999998
branching on 1 with b.
2799   1053   20         128.9500   140.1500   8.6855     % 
LB close or above UB, fathomed
2800   1052   20         128.9500   140.1500   8.6855     % 
UB: 140.14999999999998
branching on CartesianIndex(6, 3) with a.
2801   1053   21         128.9500   140.1500   8.6855     % 
UB: 140.14999999999998
branching on 2 with b.
2802   1054   22         128.9500   140.1500   8.6855     % 
LB close or above UB, fathomed
2803   1053   22         128.9500   140.1500   8.6855     % 
UB: 140.14999999999998
branching on CartesianIndex(7, 3) with a.
2804   1054   23         128.9500   140.1500   8.6855     % 
UB: 140.14999999999998
branching on CartesianIndex(8, 3) with a.
2805   1055   24         128.9500   140.1500   8.6855     % 
LB close or above UB, fathomed
2806   1054   24         128.9500   140.1500   8.6855     % 
UB: 140.14999999999998
branching on 3 with b.
2807   1055   25         128.9500   140.1500   8.6855     % 
UB: 140.14999999999998
branching on CartesianIndex(1, 4) with c.
2808   1056   26         128.9500   140.1500   8.6855     % 
LB close or above UB, fathomed
2809   1055   26         128.9500   140.1500   8.6855     % 
UB: 140.14999999999998
branching on CartesianIndex(1, 5) with c.
2810   1056   25         128.9500   140.1500   8.6855     % 
LB close or above UB, fathomed
2811   1055   23         128.9500   140.1500   8.6855     % 
UB: 140.14999999999998
branching on CartesianIndex(1, 4) with c.
2812   1056   21         128.9500   140.1500   8.6855     % 
LB close or above UB, fathomed
2813   1055   19         128.9500   140.1500   8.6855     % 
LB close or above UB, fathomed
2814   1054   18         128.9500   140.1500   8.6855     % 
UB: 140.14999999999998
branching on 1 with b.
2815   1055   17         128.9500   140.1500   8.6855     % 
UB: 140.14999999999998
branching on 1 with b.
2816   1056   16         128.9500   140.1500   8.6855     % 
LB close or above UB, fathomed
2817   1055   15         128.9500   140.1500   8.6855     % 
LB close or above UB, fathomed
2818   1054   17         128.9500   140.1500   8.6855     % 
UB: 140.14999999999998
branching on CartesianIndex(2, 3) with a.
2819   1055   18         128.9500   140.1500   8.6855     % 
UB: 140.14999999999998
branching on CartesianIndex(3, 3) with a.
2820   1056   19         128.9500   140.1500   8.6855     % 
UB: 140.14999999999998
branching on CartesianIndex(4, 3) with a.
2821   1057   20         128.9500   140.1500   8.6855     % 
UB: 140.14999999999998
branching on CartesianIndex(5, 3) with a.
2822   1058   20         128.9500   140.1500   8.6855     % 
UB: 140.14999999999998
branching on CartesianIndex(1, 4) with c.
2823   1059   19         128.9500   140.1500   8.6855     % 
LB close or above UB, fathomed
2824   1058   18         128.9500   140.1500   8.6855     % 
LB close or above UB, fathomed
2825   1057   17         128.9500   140.1500   8.6855     % 
LB close or above UB, fathomed
2826   1056   17         128.9500   140.1500   8.6855     % 
UB: 140.14999999999998
branching on CartesianIndex(1, 3) with a.
2827   1057   18         128.9500   140.1500   8.6855     % 
UB: 140.14999999999998
branching on 2 with b.
2828   1058   19         128.9500   140.1500   8.6855     % 
LB close or above UB, fathomed
2829   1057   19         128.9500   140.1500   8.6855     % 
UB: 140.14999999999998
branching on CartesianIndex(2, 3) with a.
2830   1058   20         128.9500   140.1500   8.6855     % 
UB: 140.14999999999998
branching on CartesianIndex(3, 3) with a.
2831   1059   21         128.9500   140.1500   8.6855     % 
UB: 140.14999999999998
branching on 3 with b.
2832   1060   22         128.9500   140.1500   8.6855     % 
LB close or above UB, fathomed
2833   1059   22         128.9500   140.1500   8.6855     % 
UB: 140.14999999999998
branching on CartesianIndex(4, 3) with a.
2834   1060   21         128.9500   140.1500   8.6855     % 
LB close or above UB, fathomed
2835   1059   20         128.9500   140.1500   8.6855     % 
LB close or above UB, fathomed
2836   1058   18         128.9500   140.1500   8.6855     % 
LB close or above UB, fathomed
2837   1057   17         128.9500   140.1500   8.6855     % 
LB close or above UB, fathomed
2838   1056   29         128.9500   140.1500   8.6855     % 
UB: 140.14999999999998
branching on CartesianIndex(2, 4) with c.
2839   1057   29         128.9500   140.1500   8.6855     % 
LB close or above UB, fathomed
2840   1056   29         128.9500   140.1500   8.6855     % 
UB: 140.14999999999998
branching on CartesianIndex(6, 3) with a.
2841   1057   30         128.9500   140.1500   8.6855     % 
UB: 140.14999999999998
branching on CartesianIndex(7, 3) with a.
2842   1058   30         128.9500   140.1500   8.6855     % 
LB close or above UB, fathomed
2843   1057   29         128.9500   140.1500   8.6855     % 
LB close or above UB, fathomed
2844   1056   24         128.9500   140.1500   8.6855     % 
UB: 140.14999999999998
branching on CartesianIndex(2, 3) with a.
2845   1057   25         128.9500   140.1500   8.6855     % 
UB: 140.14999999999998
branching on 2 with b.
2846   1058   26         128.9500   140.1500   8.6855     % 
UB: 140.14999999999998
branching on CartesianIndex(3, 3) with a.
2847   1059   26         128.9500   140.1500   8.6855     % 
UB: 140.14999999999998
branching on 3 with b.
2848   1060   27         128.9500   140.1500   8.6855     % 
LB close or above UB, fathomed
2849   1059   27         128.9500   140.1500   8.6855     % 
UB: 140.14999999999998
branching on CartesianIndex(3, 3) with a.
2850   1060   28         128.9500   140.1500   8.6855     % 
UB: 140.14999999999998
branching on CartesianIndex(4, 3) with a.
2851   1061   29         128.9500   140.1500   8.6855     % 
UB: 140.14999999999998
branching on CartesianIndex(5, 3) with a.
2852   1062   29         128.9500   140.1500   8.6855     % 
UB: 140.14999999999998
branching on CartesianIndex(1, 4) with c.
2853   1063   28         128.9500   140.1500   8.6855     % 
LB close or above UB, fathomed
2854   1062   25         128.9500   140.1500   8.6855     % 
LB close or above UB, fathomed
2855   1061   24         128.9500   140.1500   8.6855     % 
LB close or above UB, fathomed
2856   1060   13         128.9500   140.1500   8.6855     % 
UB: 140.14999999999998
branching on CartesianIndex(1, 3) with a.
2857   1061   14         128.9500   140.1500   8.6855     % 
UB: 140.14999999999998
branching on 1 with b.
2858   1062   15         128.9500   140.1500   8.6855     % 
UB: 140.14999999999998
branching on CartesianIndex(2, 3) with a.
2859   1063   16         128.9500   140.1500   8.6855     % 
UB: 140.14999999999998
branching on 2 with b.
2860   1064   17         128.9500   140.1500   8.6855     % 
LB close or above UB, fathomed
2861   1063   17         128.9500   140.1500   8.6855     % 
UB: 140.14999999999998
branching on CartesianIndex(3, 3) with a.
2862   1064   18         128.9500   140.1500   8.6855     % 
UB: 140.14999999999998
branching on CartesianIndex(4, 3) with a.
2863   1065   19         128.9500   140.1500   8.6855     % 
UB: 140.14999999999998
branching on CartesianIndex(5, 3) with a.
2864   1066   20         128.9500   140.1500   8.6855     % 
UB: 140.14999999999998
branching on 3 with b.
2865   1067   21         128.9500   140.1500   8.6855     % 
UB: 140.14999999999998
branching on CartesianIndex(6, 3) with a.
2866   1068   22         128.9500   140.1500   8.6855     % 
UB: 140.14999999999998
branching on CartesianIndex(7, 3) with a.
2867   1069   23         128.9500   140.1500   8.6855     % 
UB: 140.14999999999998
branching on CartesianIndex(8, 3) with a.
2868   1070   24         128.9500   140.1500   8.6855     % 
LB close or above UB, fathomed
2869   1069   24         128.9500   140.1500   8.6855     % 
UB: 140.14999999999998
branching on CartesianIndex(1, 4) with c.
2870   1070   25         128.9500   140.1500   8.6855     % 
LB close or above UB, fathomed
2871   1069   25         128.9500   140.1500   8.6855     % 
UB: 140.14999999999998
branching on CartesianIndex(1, 5) with c.
2872   1070   23         128.9500   140.1500   8.6855     % 
LB close or above UB, fathomed
2873   1069   22         128.9500   140.1500   8.6855     % 
UB: 140.14999999999998
branching on CartesianIndex(1, 4) with c.
2874   1070   21         128.9500   140.1500   8.6855     % 
UB: 140.14999999999998
branching on CartesianIndex(6, 3) with a.
2875   1071   20         128.9500   140.1500   8.6855     % 
LB close or above UB, fathomed
2876   1070   19         128.9500   140.1500   8.6855     % 
UB: 140.14999999999998
branching on 3 with b.
2877   1071   18         128.9500   140.1500   8.6855     % 
UB: 140.14999999999998
branching on CartesianIndex(1, 4) with c.
2878   1072   16         128.9500   140.1500   8.6855     % 
UB: 140.14999999999998
branching on CartesianIndex(1, 4) with c.
2879   1073   15         128.9500   140.1500   8.6855     % 
LB close or above UB, fathomed
2880   1072   14         128.9500   140.1500   8.6855     % 
LB close or above UB, fathomed
2881   1071   13         128.9500   140.1500   8.6855     % 
UB: 140.14999999999998
branching on CartesianIndex(1, 3) with a.
2882   1072   24         128.9500   140.1500   8.6855     % 
UB: 140.14999999999998
branching on 2 with b.
2883   1073   24         128.9500   140.1500   8.6855     % 
UB: 140.14999999999998
branching on CartesianIndex(1, 4) with c.
2884   1074   24         128.9500   140.1500   8.6855     % 
UB: 140.14999999999998
branching on CartesianIndex(6, 3) with a.
2885   1075   25         128.9500   140.1500   8.6855     % 
UB: 140.14999999999998
branching on CartesianIndex(7, 3) with a.
2886   1076   25         128.9500   140.1500   8.6855     % 
LB close or above UB, fathomed
2887   1075   24         128.9500   140.1500   8.6855     % 
LB close or above UB, fathomed
2888   1074   23         128.9500   140.1500   8.6855     % 
LB close or above UB, fathomed
2889   1073   23         128.9500   140.1500   8.6855     % 
UB: 140.14999999999998
branching on CartesianIndex(1, 4) with c.
2890   1074   24         128.9500   140.1500   8.6855     % 
UB: 140.14999999999998
branching on CartesianIndex(2, 4) with c.
2891   1075   25         128.9500   140.1500   8.6855     % 
LB close or above UB, fathomed
2892   1074   25         128.9500   140.1500   8.6855     % 
UB: 140.14999999999998
branching on 2 with b.
2893   1075   24         128.9500   140.1500   8.6855     % 
LB close or above UB, fathomed
2894   1074   22         128.9500   140.1500   8.6855     % 
UB: 140.14999999999998
branching on CartesianIndex(6, 3) with a.
2895   1075   23         128.9500   140.1500   8.6855     % 
UB: 140.14999999999998
branching on CartesianIndex(7, 3) with a.
2896   1076   23         128.9500   140.1500   8.6855     % 
LB close or above UB, fathomed
2897   1075   22         128.9500   140.1500   8.6855     % 
LB close or above UB, fathomed
2898   1074   22         128.9500   140.1500   8.6855     % 
UB: 140.14999999999998
branching on CartesianIndex(6, 3) with a.
2899   1075   23         128.9500   140.1500   8.6855     % 
UB: 140.14999999999998
branching on CartesianIndex(7, 3) with a.
2900   1076   23         128.9500   140.1500   8.6855     % 
LB close or above UB, fathomed
2901   1075   22         128.9500   140.1500   8.6855     % 
LB close or above UB, fathomed
2902   1074   16         128.9500   140.1500   8.6855     % 
LB close or above UB, fathomed
2903   1073   16         128.9500   140.1500   8.6855     % 
UB: 140.14999999999998
branching on 2 with b.
2904   1074   18         128.9500   140.1500   8.6855     % 
UB: 140.14999999999998
branching on CartesianIndex(1, 4) with c.
2905   1075   19         128.9500   140.1500   8.6855     % 
LB close or above UB, fathomed
2906   1074   19         128.9500   140.1500   8.6855     % 
LB close or above UB, fathomed
2907   1073   18         128.9500   140.1500   8.6855     % 
LB close or above UB, fathomed
2908   1072   25         128.9500   140.1500   8.6855     % 
UB: 140.14999999999998
branching on CartesianIndex(1, 3) with a.
2909   1073   25         128.9500   140.1500   8.6855     % 
UB: 140.14999999999998
branching on CartesianIndex(1, 3) with a.
2910   1074   26         128.9500   140.1500   8.6855     % 
UB: 140.14999999999998
branching on CartesianIndex(2, 3) with a.
2911   1075   27         128.9500   140.1500   8.6855     % 
UB: 140.14999999999998
branching on CartesianIndex(3, 3) with a.
2912   1076   28         128.9500   140.1500   8.6855     % 
UB: 140.14999999999998
branching on 3 with b.
2913   1077   29         128.9500   140.1500   8.6855     % 
UB: 140.14999999999998
branching on CartesianIndex(4, 3) with a.
2914   1078   29         128.9500   140.1500   8.6855     % 
UB: 140.14999999999998
branching on CartesianIndex(4, 3) with a.
2915   1079   30         128.9500   140.1500   8.6855     % 
LB close or above UB, fathomed
2916   1078   30         128.9500   140.1500   8.6855     % 
UB: 140.14999999999998
branching on CartesianIndex(1, 4) with c.
2917   1079   28         128.9500   140.1500   8.6855     % 
LB close or above UB, fathomed
2918   1078   27         128.9500   140.1500   8.6855     % 
UB: 140.14999999999998
branching on 3 with b.
2919   1079   26         128.9500   140.1500   8.6855     % 
LB close or above UB, fathomed
2920   1078   25         128.9500   140.1500   8.6855     % 
UB: 140.14999999999998
branching on CartesianIndex(1, 3) with a.
2921   1079   25         128.9500   140.1500   8.6855     % 
UB: 140.14999999999998
branching on CartesianIndex(1, 3) with a.
2922   1080   28         128.9500   140.1500   8.6855     % 
UB: 140.14999999999998
branching on CartesianIndex(2, 4) with c.
2923   1081   28         128.9500   140.1500   8.6855     % 
UB: 140.14999999999998
branching on CartesianIndex(1, 5) with c.
2924   1082   24         128.9500   140.1500   8.6855     % 
UB: 140.14999999999998
branching on CartesianIndex(2, 4) with c.
2925   1083   25         128.9500   140.1500   8.6855     % 
LB close or above UB, fathomed
2926   1082   25         128.9500   140.1500   8.6855     % 
UB: 140.14999999999998
branching on CartesianIndex(1, 5) with c.
2927   1083   24         128.9500   140.1500   8.6855     % 
LB close or above UB, fathomed
2928   1082   25         128.9500   140.1500   8.6855     % 
UB: 140.14999999999998
branching on CartesianIndex(2, 4) with c.
2929   1083   25         128.9500   140.1500   8.6855     % 
UB: 140.14999999999998
branching on CartesianIndex(1, 5) with c.
2930   1084   31         128.9500   140.1500   8.6855     % 
LB close or above UB, fathomed
2931   1083   31         128.9500   140.1500   8.6855     % 
UB: 140.14999999999998
branching on CartesianIndex(1, 5) with c.
2932   1084   27         128.9500   140.1500   8.6855     % 
UB: 140.14999999999998
branching on CartesianIndex(1, 4) with c.
2933   1085   28         128.9500   140.1500   8.6855     % 
UB: 140.14999999999998
branching on CartesianIndex(2, 4) with c.
2934   1086   28         128.9500   140.1500   8.6855     % 
LB close or above UB, fathomed
2935   1085   27         128.9500   140.1500   8.6855     % 
LB close or above UB, fathomed
2936   1084   31         128.9500   140.1500   8.6855     % 
UB: 140.14999999999998
branching on CartesianIndex(2, 4) with c.
2937   1085   31         128.9500   140.1500   8.6855     % 
LB close or above UB, fathomed
2938   1084   31         128.9500   140.1500   8.6855     % 
UB: 140.14999999999998
branching on CartesianIndex(8, 3) with a.
2939   1085   31         128.9500   140.1500   8.6855     % 
LB close or above UB, fathomed
2940   1084   23         128.9500   140.1500   8.6855     % 
UB: 140.14999999999998
branching on 1 with b.
2941   1085   24         128.9500   140.1500   8.6855     % 
UB: 140.14999999999998
branching on CartesianIndex(2, 3) with a.
2942   1086   25         128.9500   140.1500   8.6855     % 
UB: 140.14999999999998
branching on CartesianIndex(3, 3) with a.
2943   1087   26         128.9500   140.1500   8.6855     % 
UB: 140.14999999999998
branching on CartesianIndex(4, 3) with a.
2944   1088   27         128.9500   140.1500   8.6855     % 
UB: 140.14999999999998
branching on 2 with b.
2945   1089   27         128.9500   140.1500   8.6855     % 
UB: 140.14999999999998
branching on CartesianIndex(1, 4) with c.
2946   1090   28         128.9500   140.1500   8.6855     % 
UB: 140.14999999999998
branching on 2 with b.
2947   1091   28         128.9500   140.1500   8.6855     % 
UB: 140.14999999999998
branching on CartesianIndex(1, 5) with c.
2948   1092   26         128.9500   140.1500   8.6855     % 
LB close or above UB, fathomed
2949   1091   25         128.9500   140.1500   8.6855     % 
UB: 140.14999999999998
branching on CartesianIndex(1, 4) with c.
2950   1092   24         128.9500   140.1500   8.6855     % 
LB close or above UB, fathomed
2951   1091   23         128.9500   140.1500   8.6855     % 
LB close or above UB, fathomed
2952   1090   17         128.9500   140.1500   8.6855     % 
UB: 140.14999999999998
branching on 2 with b.
2953   1091   18         128.9500   140.1500   8.6855     % 
UB: 140.14999999999998
branching on 3 with b.
2954   1092   19         128.9500   140.1500   8.6855     % 
UB: 140.14999999999998
branching on 1 with b.
2955   1093   20         128.9500   140.1500   8.6855     % 
UB: 140.14999999999998
branching on CartesianIndex(2, 4) with c.
2956   1094   20         128.9500   140.1500   8.6855     % 
UB: 140.14999999999998
branching on 2 with b.
2957   1095   19         128.9500   140.1500   8.6855     % 
LB close or above UB, fathomed
2958   1094   18         128.9500   140.1500   8.6855     % 
LB close or above UB, fathomed
2959   1093   17         128.9500   140.1500   8.6855     % 
LB close or above UB, fathomed
2960   1092   19         128.9500   140.1500   8.6855     % 
UB: 140.14999999999998
branching on CartesianIndex(2, 3) with a.
2961   1093   20         128.9500   140.1500   8.6855     % 
UB: 140.14999999999998
branching on 2 with b.
2962   1094   21         128.9500   140.1500   8.6855     % 
UB: 140.14999999999998
branching on CartesianIndex(3, 3) with a.
2963   1095   22         128.9500   140.1500   8.6855     % 
UB: 140.14999999999998
branching on CartesianIndex(4, 3) with a.
2964   1096   23         128.9500   140.1500   8.6855     % 
UB: 140.14999999999998
branching on 3 with b.
2965   1097   23         128.9500   140.1500   8.6855     % 
UB: 140.14999999999998
branching on CartesianIndex(1, 4) with c.
2966   1098   22         128.9500   140.1500   8.6855     % 
LB close or above UB, fathomed
2967   1097   21         128.9500   140.1500   8.6855     % 
LB close or above UB, fathomed
2968   1096   20         128.9500   140.1500   8.6855     % 
LB close or above UB, fathomed
2969   1095   19         128.9500   140.1500   8.6855     % 
LB close or above UB, fathomed
2970   1094   20         128.9500   140.1500   8.6855     % 
LB close or above UB, fathomed
2971   1093   20         128.9500   140.1500   8.6855     % 
UB: 140.14999999999998
branching on CartesianIndex(1, 4) with c.
2972   1094   24         128.9500   140.1500   8.6855     % 
UB: 140.14999999999998
branching on CartesianIndex(6, 3) with a.
2973   1095   24         128.9500   140.1500   8.6855     % 
UB: 140.14999999999998
branching on CartesianIndex(6, 3) with a.
2974   1096   24         128.9500   140.1500   8.6855     % 
UB: 140.14999999999998
branching on CartesianIndex(1, 4) with c.
2975   1097   24         128.9500   140.1500   8.6855     % 
UB: 140.14999999999998
branching on CartesianIndex(1, 4) with c.
2976   1098   22         128.9500   140.1500   8.6855     % 
UB: 140.14999999999998
branching on 1 with b.
2977   1099   23         128.9500   140.1500   8.6855     % 
UB: 140.14999999999998
branching on CartesianIndex(2, 4) with c.
2978   1100   23         128.9500   140.1500   8.6855     % 
UB: 140.14999999999998
branching on CartesianIndex(2, 4) with c.
2979   1101   22         128.9500   140.1500   8.6855     % 
LB close or above UB, fathomed
2980   1100   19         128.9500   140.1500   8.6855     % 
UB: 140.14999999999998
branching on CartesianIndex(2, 4) with c.
2981   1101   20         128.9500   140.1500   8.6855     % 
LB close or above UB, fathomed
2982   1100   20         128.9500   140.1500   8.6855     % 
UB: 140.14999999999998
branching on 3 with b.
2983   1101   19         128.9500   140.1500   8.6855     % 
LB close or above UB, fathomed
2984   1100   23         128.9500   140.1500   8.6855     % 
UB: 140.14999999999998
branching on CartesianIndex(2, 3) with a.
2985   1101   24         128.9500   140.1500   8.6855     % 
UB: 140.14999999999998
branching on CartesianIndex(3, 3) with a.
2986   1102   25         128.9500   140.1500   8.6855     % 
UB: 140.14999999999998
branching on 2 with b.
2987   1103   25         128.9500   140.1500   8.6855     % 
LB close or above UB, fathomed
2988   1102   24         128.9500   140.1500   8.6855     % 
LB close or above UB, fathomed
2989   1101   23         128.9500   140.1500   8.6855     % 
LB close or above UB, fathomed
2990   1100   21         128.9500   140.1500   8.6855     % 
UB: 140.14999999999998
branching on CartesianIndex(2, 4) with c.
2991   1101   22         128.9500   140.1500   8.6855     % 
UB: 140.14999999999998
branching on CartesianIndex(3, 4) with c.
2992   1102   22         128.9500   140.1500   8.6855     % 
UB: 140.14999999999998
branching on CartesianIndex(1, 5) with c.
2993   1103   21         128.9500   140.1500   8.6855     % 
LB close or above UB, fathomed
2994   1102   25         128.9500   140.1500   8.6855     % 
UB: 140.14999999999998
branching on CartesianIndex(2, 4) with c.
2995   1103   26         128.9500   140.1500   8.6855     % 
UB: 140.14999999999998
branching on CartesianIndex(3, 4) with c.
2996   1104   26         128.9500   140.1500   8.6855     % 
UB: 140.14999999999998
branching on CartesianIndex(1, 5) with c.
2997   1105   25         128.9500   140.1500   8.6855     % 
LB close or above UB, fathomed
2998   1104   24         128.9500   140.1500   8.6855     % 
UB: 140.14999999999998
branching on CartesianIndex(2, 3) with a.
2999   1105   25         128.9500   140.1500   8.6855     % 
UB: 140.14999999999998
branching on CartesianIndex(3, 3) with a.
3000   1106   26         128.9500   140.1500   8.6855     % 
UB: 140.14999999999998
branching on 2 with b.
3001   1107   27         128.9500   140.1500   8.6855     % 
LB close or above UB, fathomed
3002   1106   27         128.9500   140.1500   8.6855     % 
UB: 140.14999999999998
branching on CartesianIndex(4, 3) with a.
3003   1107   28         128.9500   140.1500   8.6855     % 
UB: 140.14999999999998
branching on CartesianIndex(5, 3) with a.
3004   1108   28         128.9500   140.1500   8.6855     % 
UB: 140.14999999999998
branching on CartesianIndex(1, 4) with c.
3005   1109   26         128.9500   140.1500   8.6855     % 
LB close or above UB, fathomed
3006   1108   25         128.9500   140.1500   8.6855     % 
LB close or above UB, fathomed
3007   1107   24         128.9500   140.1500   8.6855     % 
LB close or above UB, fathomed
3008   1106   22         128.9500   140.1500   8.6855     % 
UB: 140.14999999999998
branching on CartesianIndex(2, 3) with a.
3009   1107   23         128.9500   140.1500   8.6855     % 
UB: 140.14999999999998
branching on CartesianIndex(3, 3) with a.
3010   1108   24         128.9500   140.1500   8.6855     % 
UB: 140.14999999999998
branching on CartesianIndex(4, 3) with a.
3011   1109   25         128.9500   140.1500   8.6855     % 
UB: 140.14999999999998
branching on 3 with b.
3012   1110   25         128.9500   140.1500   8.6855     % 
LB close or above UB, fathomed
3013   1109   24         128.9500   140.1500   8.6855     % 
LB close or above UB, fathomed
3014   1108   23         128.9500   140.1500   8.6855     % 
LB close or above UB, fathomed
3015   1107   22         128.9500   140.1500   8.6855     % 
LB close or above UB, fathomed
3016   1106   23         128.9500   140.1500   8.6855     % 
UB: 140.14999999999998
branching on CartesianIndex(2, 4) with c.
3017   1107   23         128.9500   140.1500   8.6855     % 
LB close or above UB, fathomed
3018   1106   18         128.9500   140.1500   8.6855     % 
LB close or above UB, fathomed
3019   1105   18         128.9500   140.1500   8.6855     % 
UB: 140.14999999999998
branching on 1 with b.
3020   1106   23         128.9500   140.1500   8.6855     % 
UB: 140.14999999999998
branching on CartesianIndex(2, 3) with a.
3021   1107   24         128.9500   140.1500   8.6855     % 
UB: 140.14999999999998
branching on CartesianIndex(3, 3) with a.
3022   1108   25         128.9500   140.1500   8.6855     % 
UB: 140.14999999999998
branching on CartesianIndex(4, 3) with a.
3023   1109   26         128.9500   140.1500   8.6855     % 
UB: 140.14999999999998
branching on CartesianIndex(5, 3) with a.
3024   1110   26         128.9500   140.1500   8.6855     % 
LB close or above UB, fathomed
3025   1109   25         128.9500   140.1500   8.6855     % 
LB close or above UB, fathomed
3026   1108   24         128.9500   140.1500   8.6855     % 
LB close or above UB, fathomed
3027   1107   23         128.9500   140.1500   8.6855     % 
LB close or above UB, fathomed
3028   1106   16         128.9500   140.1500   8.6855     % 
UB: 140.14999999999998
branching on CartesianIndex(7, 2) with a.
3029   1107   17         128.9500   140.1500   8.6855     % 
UB: 140.14999999999998
branching on CartesianIndex(8, 2) with a.
3030   1108   17         128.9500   140.1500   8.6855     % 
UB: 140.14999999999998
branching on CartesianIndex(1, 3) with a.
3031   1109   18         128.9500   140.1500   8.6855     % 
UB: 140.14999999999998
branching on 3 with b.
3032   1110   19         128.9500   140.1500   8.6855     % 
UB: 140.14999999999998
branching on CartesianIndex(2, 3) with a.
3033   1111   20         128.9500   140.1500   8.6855     % 
UB: 140.14999999999998
branching on 1 with b.
3034   1112   21         128.9500   140.1500   8.6855     % 
UB: 140.14999999999998
branching on CartesianIndex(3, 3) with a.
3035   1113   22         128.9500   140.1500   8.6855     % 
UB: 140.14999999999998
branching on CartesianIndex(4, 3) with a.
3036   1114   23         128.9500   140.1500   8.6855     % 
UB: 140.14999999999998
branching on CartesianIndex(5, 3) with a.
3037   1115   23         128.9500   140.1500   8.6855     % 
LB close or above UB, fathomed
3038   1114   22         128.9500   140.1500   8.6855     % 
LB close or above UB, fathomed
3039   1113   21         128.9500   140.1500   8.6855     % 
LB close or above UB, fathomed
3040   1112   20         128.9500   140.1500   8.6855     % 
LB close or above UB, fathomed
3041   1111   19         128.9500   140.1500   8.6855     % 
LB close or above UB, fathomed
3042   1110   18         128.9500   140.1500   8.6855     % 
LB close or above UB, fathomed
3043   1109   16         128.9500   140.1500   8.6855     % 
LB close or above UB, fathomed
3044   1108   16         128.9500   140.1500   8.6855     % 
LB close or above UB, fathomed
3045   1107   16         128.9500   140.1500   8.6855     % 
UB: 140.14999999999998
branching on CartesianIndex(5, 2) with a.
3046   1108   35         128.9500   140.1500   8.6855     % 
UB: 140.14999999999998
branching on CartesianIndex(1, 6) with c.
3047   1109   36         128.9500   140.1500   8.6855     % 
LB close or above UB, fathomed
3048   1108   36         128.9500   140.1500   8.6855     % 
UB: 140.14999999999998
branching on CartesianIndex(1, 7) with c.
3049   1109   37         128.9500   140.1500   8.6855     % 
UB: 140.14999999999998
branching on CartesianIndex(2, 7) with c.
3050   1110   38         128.9500   140.1500   8.6855     % 
LB close or above UB, fathomed
3051   1109   38         128.9500   140.1500   8.6855     % 
UB: 140.14999999999998
branching on 1 with b.
3052   1110   39         128.9500   140.1500   8.6855     % 
UB: 140.14999999999998
branching on 2 with b.
3053   1111   40         128.9500   140.1500   8.6855     % 
UB: 140.14999999999998
branching on 3 with b.
3054   1112   41         128.9500   140.1500   8.6855     % 
LB close or above UB, fathomed
3055   1111   41         128.9500   140.1500   8.6855     % 
UB: 140.14999999999998
branching on 1 with b.
3056   1112   40         128.9500   140.1500   8.6855     % 
UB: 140.14999999999998
branching on 3 with b.
3057   1113   39         128.9500   140.1500   8.6855     % 
UB: 140.14999999999998
branching on 2 with b.
3058   1114   37         128.9500   140.1500   8.6855     % 
LB close or above UB, fathomed
3059   1113   35         128.9500   140.1500   8.6855     % 
LB close or above UB, fathomed
3060   1112   26         128.9500   140.1500   8.6855     % 
LB close or above UB, fathomed
3061   1111   26         128.9500   140.1500   8.6855     % 
UB: 140.14999999999998
branching on CartesianIndex(2, 4) with c.
3062   1112   35         128.9500   140.1500   8.6855     % 
UB: 140.14999999999998
branching on CartesianIndex(2, 6) with c.
3063   1113   36         128.9500   140.1500   8.6855     % 
LB close or above UB, fathomed
3064   1112   36         128.9500   140.1500   8.6855     % 
UB: 140.14999999999998
branching on CartesianIndex(1, 7) with c.
3065   1113   37         128.9500   140.1500   8.6855     % 
LB close or above UB, fathomed
3066   1112   37         128.9500   140.1500   8.6855     % 
UB: 140.14999999999998
branching on 3 with b.
3067   1113   38         128.9500   140.1500   8.6855     % 
UB: 140.14999999999998
branching on 1 with b.
3068   1114   39         128.9500   140.1500   8.6855     % 
UB: 140.14999999999998
branching on 2 with b.
3069   1115   39         128.9500   140.1500   8.6855     % 
UB: 140.14999999999998
branching on 2 with b.
3070   1116   38         128.9500   140.1500   8.6855     % 
LB close or above UB, fathomed
3071   1115   35         128.9500   140.1500   8.6855     % 
LB close or above UB, fathomed
3072   1114   17         128.9500   140.1500   8.6855     % 
UB: 140.14999999999998
branching on CartesianIndex(3, 3) with a.
3073   1115   18         128.9500   140.1500   8.6855     % 
UB: 140.14999999999998
branching on CartesianIndex(4, 3) with a.
3074   1116   18         128.9500   140.1500   8.6855     % 
LB close or above UB, fathomed
3075   1115   17         128.9500   140.1500   8.6855     % 
LB close or above UB, fathomed
3076   1114   28         128.9500   140.1500   8.6855     % 
LB close or above UB, fathomed
3077   1113   28         128.9500   140.1500   8.6855     % 
UB: 140.14999999999998
branching on CartesianIndex(1, 6) with c.
3078   1114   29         128.9500   140.1500   8.6855     % 
UB: 140.14999999999998
branching on CartesianIndex(2, 6) with c.
3079   1115   30         128.9500   140.1500   8.6855     % 
LB close or above UB, fathomed
3080   1114   30         128.9500   140.1500   8.6855     % 
UB: 140.14999999999998
branching on CartesianIndex(1, 7) with c.
3081   1115   31         128.9500   140.1500   8.6855     % 
UB: 140.14999999999998
branching on CartesianIndex(2, 7) with c.
3082   1116   32         128.9500   140.1500   8.6855     % 
UB: 140.14999999999998
branching on CartesianIndex(3, 7) with c.
3083   1117   33         128.9500   140.1500   8.6855     % 
UB: 140.14999999999998
branching on 3 with b.
3084   1118   34         128.9500   140.1500   8.6855     % 
UB: 140.14999999999998
branching on CartesianIndex(4, 7) with c.
3085   1119   35         128.9500   140.1500   8.6855     % 
UB: 140.14999999999998
branching on CartesianIndex(5, 7) with c.
3086   1120   35         128.9500   140.1500   8.6855     % 
LB close or above UB, fathomed
3087   1119   34         128.9500   140.1500   8.6855     % 
LB close or above UB, fathomed
3088   1118   33         128.9500   140.1500   8.6855     % 
LB close or above UB, fathomed
3089   1117   32         128.9500   140.1500   8.6855     % 
LB close or above UB, fathomed
3090   1116   31         128.9500   140.1500   8.6855     % 
LB close or above UB, fathomed
3091   1115   29         128.9500   140.1500   8.6855     % 
LB close or above UB, fathomed
3092   1114   28         128.9500   140.1500   8.6855     % 
UB: 140.14999999999998
branching on CartesianIndex(1, 5) with c.
3093   1115   29         128.9500   140.1500   8.6855     % 
LB close or above UB, fathomed
3094   1114   29         128.9500   140.1500   8.6855     % 
UB: 140.14999999999998
branching on CartesianIndex(1, 6) with c.
3095   1115   30         128.9500   140.1500   8.6855     % 
UB: 140.14999999999998
branching on CartesianIndex(2, 6) with c.
3096   1116   31         128.9500   140.1500   8.6855     % 
LB close or above UB, fathomed
3097   1115   31         128.9500   140.1500   8.6855     % 
UB: 140.14999999999998
branching on 1 with b.
3098   1116   32         128.9500   140.1500   8.6855     % 
LB close or above UB, fathomed
3099   1115   32         128.9500   140.1500   8.6855     % 
UB: 140.14999999999998
branching on CartesianIndex(1, 7) with c.
3100   1116   30         128.9500   140.1500   8.6855     % 
LB close or above UB, fathomed
3101   1115   28         128.9500   140.1500   8.6855     % 
LB close or above UB, fathomed
3102   1114   25         128.9500   140.1500   8.6855     % 
UB: 140.14999999999998
branching on 2 with b.
3103   1115   25         128.9500   140.1500   8.6855     % 
UB: 140.14999999999998
branching on 2 with b.
3104   1116   22         128.9500   140.1500   8.6855     % 
UB: 140.14999999999998
branching on CartesianIndex(3, 3) with a.
3105   1117   23         128.9500   140.1500   8.6855     % 
UB: 140.14999999999998
branching on CartesianIndex(4, 3) with a.
3106   1118   24         128.9500   140.1500   8.6855     % 
UB: 140.14999999999998
branching on CartesianIndex(5, 3) with a.
3107   1119   24         128.9500   140.1500   8.6855     % 
UB: 140.14999999999998
branching on CartesianIndex(1, 4) with c.
3108   1120   23         128.9500   140.1500   8.6855     % 
UB: 140.14999999999998
branching on CartesianIndex(1, 4) with c.
3109   1121   22         128.9500   140.1500   8.6855     % 
UB: 140.14999999999998
branching on 1 with b.
3110   1122   26         128.9500   140.1500   8.6855     % 
LB close or above UB, fathomed
3111   1121   26         128.9500   140.1500   8.6855     % 
UB: 140.14999999999998
branching on CartesianIndex(1, 5) with c.
3112   1122   28         128.9500   140.1500   8.6855     % 
LB close or above UB, fathomed
3113   1121   28         128.9500   140.1500   8.6855     % 
UB: 140.14999999999998
branching on CartesianIndex(1, 6) with c.
3114   1122   33         128.9500   140.1500   8.6855     % 
UB: 140.14999999999998
branching on CartesianIndex(4, 4) with c.
3115   1123   34         128.9500   140.1500   8.6855     % 
UB: 140.14999999999998
branching on CartesianIndex(5, 4) with c.
3116   1124   35         128.9500   140.1500   8.6855     % 
UB: 140.14999999999998
branching on CartesianIndex(1, 5) with c.
3117   1125   36         128.9500   140.1500   8.6855     % 
UB: 140.14999999999998
branching on 3 with b.
3118   1126   37         128.9500   140.1500   8.6855     % 
UB: 140.14999999999998
branching on 1 with b.
3119   1127   38         128.9500   140.1500   8.6855     % 
UB: 140.14999999999998
branching on CartesianIndex(2, 5) with c.
3120   1128   38         128.9500   140.1500   8.6855     % 
UB: 140.14999999999998
branching on CartesianIndex(2, 5) with c.
3121   1129   39         128.9500   140.1500   8.6855     % 
LB close or above UB, fathomed
3122   1128   39         128.9500   140.1500   8.6855     % 
UB: 140.14999999999998
branching on CartesianIndex(1, 6) with c.
3123   1129   37         128.9500   140.1500   8.6855     % 
LB close or above UB, fathomed
3124   1128   36         128.9500   140.1500   8.6855     % 
LB close or above UB, fathomed
3125   1127   35         128.9500   140.1500   8.6855     % 
LB close or above UB, fathomed
3126   1126   34         128.9500   140.1500   8.6855     % 
LB close or above UB, fathomed
3127   1125   33         128.9500   140.1500   8.6855     % 
LB close or above UB, fathomed
3128   1124   33         128.9500   140.1500   8.6855     % 
UB: 140.14999999999998
branching on 3 with b.
3129   1125   34         128.9500   140.1500   8.6855     % 
UB: 140.14999999999998
branching on 1 with b.
3130   1126   35         128.9500   140.1500   8.6855     % 
UB: 140.14999999999998
branching on CartesianIndex(4, 4) with c.
3131   1127   35         128.9500   140.1500   8.6855     % 
UB: 140.14999999999998
branching on CartesianIndex(4, 4) with c.
3132   1128   34         128.9500   140.1500   8.6855     % 
LB close or above UB, fathomed
3133   1127   33         128.9500   140.1500   8.6855     % 
LB close or above UB, fathomed
3134   1126   27         128.9500   140.1500   8.6855     % 
UB: 140.14999999999998
branching on CartesianIndex(5, 3) with a.
3135   1127   27         128.9500   140.1500   8.6855     % 
UB: 140.14999999999998
branching on 1 with b.
3136   1128   28         128.9500   140.1500   8.6855     % 
UB: 140.14999999999998
branching on CartesianIndex(7, 3) with a.
3137   1129   29         128.9500   140.1500   8.6855     % 
LB close or above UB, fathomed
3138   1128   29         128.9500   140.1500   8.6855     % 
UB: 140.14999999999998
branching on CartesianIndex(1, 4) with c.
3139   1129   30         128.9500   140.1500   8.6855     % 
UB: 140.14999999999998
branching on 1 with b.
3140   1130   31         128.9500   140.1500   8.6855     % 
LB close or above UB, fathomed
3141   1129   31         128.9500   140.1500   8.6855     % 
UB: 140.14999999999998
branching on CartesianIndex(2, 4) with c.
3142   1130   30         128.9500   140.1500   8.6855     % 
LB close or above UB, fathomed
3143   1129   28         128.9500   140.1500   8.6855     % 
LB close or above UB, fathomed
3144   1128   23         128.9500   140.1500   8.6855     % 
UB: 140.14999999999998
branching on CartesianIndex(4, 3) with a.
3145   1129   24         128.9500   140.1500   8.6855     % 
UB: 140.14999999999998
branching on CartesianIndex(5, 3) with a.
3146   1130   24         128.9500   140.1500   8.6855     % 
UB: 140.14999999999998
branching on CartesianIndex(1, 4) with c.
3147   1131   23         128.9500   140.1500   8.6855     % 
LB close or above UB, fathomed
3148   1130   21         128.9500   140.1500   8.6855     % 
LB close or above UB, fathomed
3149   1129   21         128.9500   140.1500   8.6855     % 
UB: 140.14999999999998
branching on 2 with b.
3150   1130   22         128.9500   140.1500   8.6855     % 
UB: 140.14999999999998
branching on CartesianIndex(1, 6) with c.
3151   1131   22         128.9500   140.1500   8.6855     % 
UB: 140.14999999999998
branching on CartesianIndex(1, 6) with c.
3152   1132   22         128.9500   140.1500   8.6855     % 
UB: 140.14999999999998
branching on 1 with b.
3153   1133   23         128.9500   140.1500   8.6855     % 
LB close or above UB, fathomed
3154   1132   23         128.9500   140.1500   8.6855     % 
UB: 140.14999999999998
branching on CartesianIndex(2, 4) with c.
3155   1133   22         128.9500   140.1500   8.6855     % 
LB close or above UB, fathomed
3156   1132   33         128.9500   140.1500   8.6855     % 
UB: 140.14999999999998
branching on CartesianIndex(1, 6) with c.
3157   1133   33         128.9500   140.1500   8.6855     % 
UB: 140.14999999999998
branching on CartesianIndex(1, 6) with c.
3158   1134   34         128.9500   140.1500   8.6855     % 
LB close or above UB, fathomed
3159   1133   34         128.9500   140.1500   8.6855     % 
UB: 140.14999999999998
branching on CartesianIndex(1, 7) with c.
3160   1134   35         128.9500   140.1500   8.6855     % 
UB: 140.14999999999998
branching on CartesianIndex(2, 7) with c.
3161   1135   36         128.9500   140.1500   8.6855     % 
LB close or above UB, fathomed
3162   1134   36         128.9500   140.1500   8.6855     % 
UB: 140.14999999999998
branching on 2 with b.
3163   1135   37         128.9500   140.1500   8.6855     % 
UB: 140.14999999999998
branching on 3 with b.
3164   1136   37         128.9500   140.1500   8.6855     % 
UB: 140.14999999999998
branching on 3 with b.
3165   1137   38         128.9500   140.1500   8.6855     % 
UB: 140.14999999999998
branching on 1 with b.
3166   1138   39         128.9500   140.1500   8.6855     % 
UB: 140.14999999999998
branching on 2 with b.
3167   1139   40         128.9500   140.1500   8.6855     % 
UB: 140.14999999999998
branching on 3 with b.
3168   1140   41         128.9500   140.1500   8.6855     % 
LB close or above UB, fathomed
3169   1139   41         128.9500   140.1500   8.6855     % 
UB: 140.14999999999998
branching on 1 with b.
3170   1139   40         128.9500   140.1500   8.6855     % 
UB: 140.14999999999998
branching on 3 with b.
3171   1140   41         128.9500   140.1500   8.6855     % 
LB close or above UB, fathomed
3172   1139   41         128.9500   140.1500   8.6855     % 
UB: 140.14999999999998
branching on 1 with b.
3173   1139   39         128.9500   140.1500   8.6855     % 
UB: 140.14999999999998
branching on 2 with b.
3174   1140   40         128.9500   140.1500   8.6855     % 
UB: 140.14999999999998
branching on 3 with b.
3175   1141   41         128.9500   140.1500   8.6855     % 
LB close or above UB, fathomed
3176   1140   41         128.9500   140.1500   8.6855     % 
UB: 140.14999999999998
branching on 1 with b.
3177   1140   40         128.9500   140.1500   8.6855     % 
UB: 140.14999999999998
branching on 3 with b.
3178   1141   41         128.9500   140.1500   8.6855     % 
LB close or above UB, fathomed
3179   1140   41         128.9500   140.1500   8.6855     % 
UB: 140.14999999999998
branching on 1 with b.
3180   1140   38         128.9500   140.1500   8.6855     % 
LB close or above UB, fathomed
3181   1139   35         128.9500   140.1500   8.6855     % 
LB close or above UB, fathomed
3182   1138   22         128.9500   140.1500   8.6855     % 
UB: 140.14999999999998
branching on CartesianIndex(3, 3) with a.
3183   1139   23         128.9500   140.1500   8.6855     % 
UB: 140.14999999999998
branching on CartesianIndex(4, 3) with a.
3184   1140   24         128.9500   140.1500   8.6855     % 
UB: 140.14999999999998
branching on CartesianIndex(5, 3) with a.
3185   1141   25         128.9500   140.1500   8.6855     % 
UB: 140.14999999999998
branching on CartesianIndex(6, 3) with a.
3186   1142   26         128.9500   140.1500   8.6855     % 
UB: 140.14999999999998
branching on CartesianIndex(7, 3) with a.
3187   1143   27         128.9500   140.1500   8.6855     % 
UB: 140.14999999999998
branching on CartesianIndex(8, 3) with a.
3188   1144   28         128.9500   140.1500   8.6855     % 
LB close or above UB, fathomed
3189   1143   28         128.9500   140.1500   8.6855     % 
UB: 140.14999999999998
branching on 1 with b.
3190   1144   29         128.9500   140.1500   8.6855     % 
UB: 140.14999999999998
branching on 2 with b.
3191   1145   29         128.9500   140.1500   8.6855     % 
LB close or above UB, fathomed
3192   1144   27         128.9500   140.1500   8.6855     % 
LB close or above UB, fathomed
3193   1143   26         128.9500   140.1500   8.6855     % 
UB: 140.14999999999998
branching on CartesianIndex(1, 4) with c.
3194   1144   25         128.9500   140.1500   8.6855     % 
LB close or above UB, fathomed
3195   1143   24         128.9500   140.1500   8.6855     % 
LB close or above UB, fathomed
3196   1142   23         128.9500   140.1500   8.6855     % 
UB: 140.14999999999998
branching on CartesianIndex(1, 4) with c.
3197   1143   24         128.9500   140.1500   8.6855     % 
LB close or above UB, fathomed
3198   1142   24         128.9500   140.1500   8.6855     % 
UB: 140.14999999999998
branching on CartesianIndex(1, 5) with c.
3199   1143   22         128.9500   140.1500   8.6855     % 
LB close or above UB, fathomed
3200   1142   35         128.9500   140.1500   8.6855     % 
LB close or above UB, fathomed
3201   1141   35         128.9500   140.1500   8.6855     % 
UB: 140.14999999999998
branching on CartesianIndex(1, 7) with c.
3202   1142   36         128.9500   140.1500   8.6855     % 
UB: 140.14999999999998
branching on CartesianIndex(2, 7) with c.
3203   1143   37         128.9500   140.1500   8.6855     % 
LB close or above UB, fathomed
3204   1142   37         128.9500   140.1500   8.6855     % 
UB: 140.14999999999998
branching on 3 with b.
3205   1143   38         128.9500   140.1500   8.6855     % 
UB: 140.14999999999998
branching on 1 with b.
3206   1144   39         128.9500   140.1500   8.6855     % 
UB: 140.14999999999998
branching on 2 with b.
3207   1145   40         128.9500   140.1500   8.6855     % 
LB close or above UB, fathomed
3208   1144   40         128.9500   140.1500   8.6855     % 
UB: 140.14999999999998
branching on 3 with b.
3209   1145   41         128.9500   140.1500   8.6855     % 
LB close or above UB, fathomed
3210   1144   41         128.9500   140.1500   8.6855     % 
UB: 140.14999999999998
branching on 1 with b.
3211   1145   39         128.9500   140.1500   8.6855     % 
UB: 140.14999999999998
branching on 2 with b.
3212   1146   38         128.9500   140.1500   8.6855     % 
LB close or above UB, fathomed
3213   1145   36         128.9500   140.1500   8.6855     % 
LB close or above UB, fathomed
3214   1144   22         128.9500   140.1500   8.6855     % 
UB: 140.14999999999998
branching on CartesianIndex(2, 4) with c.
3215   1145   22         128.9500   140.1500   8.6855     % 
UB: 140.14999999999998
branching on CartesianIndex(1, 5) with c.
3216   1146   32         128.9500   140.1500   8.6855     % 
UB: 140.14999999999998
branching on CartesianIndex(3, 4) with c.
3217   1147   33         128.9500   140.1500   8.6855     % 
UB: 140.14999999999998
branching on 3 with b.
3218   1148   34         128.9500   140.1500   8.6855     % 
UB: 140.14999999999998
branching on CartesianIndex(4, 4) with c.
3219   1149   34         128.9500   140.1500   8.6855     % 
LB close or above UB, fathomed
3220   1148   33         128.9500   140.1500   8.6855     % 
LB close or above UB, fathomed
3221   1147   32         128.9500   140.1500   8.6855     % 
LB close or above UB, fathomed
3222   1146   35         128.9500   140.1500   8.6855     % 
UB: 140.14999999999998
branching on CartesianIndex(2, 6) with c.
3223   1147   36         128.9500   140.1500   8.6855     % 
LB close or above UB, fathomed
3224   1146   36         128.9500   140.1500   8.6855     % 
UB: 140.14999999999998
branching on CartesianIndex(1, 7) with c.
3225   1147   37         128.9500   140.1500   8.6855     % 
UB: 140.14999999999998
branching on CartesianIndex(2, 7) with c.
3226   1148   38         128.9500   140.1500   8.6855     % 
UB: 140.14999999999998
branching on CartesianIndex(3, 7) with c.
3227   1149   39         128.9500   140.1500   8.6855     % 
UB: 140.14999999999998
branching on CartesianIndex(4, 7) with c.
3228   1150   40         128.9500   140.1500   8.6855     % 
UB: 140.14999999999998
branching on CartesianIndex(5, 7) with c.
3229   1151   40         128.9500   140.1500   8.6855     % 
LB close or above UB, fathomed
3230   1150   39         128.9500   140.1500   8.6855     % 
LB close or above UB, fathomed
3231   1149   38         128.9500   140.1500   8.6855     % 
LB close or above UB, fathomed
3232   1148   37         128.9500   140.1500   8.6855     % 
LB close or above UB, fathomed
3233   1147   35         128.9500   140.1500   8.6855     % 
LB close or above UB, fathomed
3234   1146   30         128.9500   140.1500   8.6855     % 
UB: 140.14999999999998
branching on CartesianIndex(1, 6) with c.
3235   1147   31         128.9500   140.1500   8.6855     % 
LB close or above UB, fathomed
3236   1146   31         128.9500   140.1500   8.6855     % 
UB: 140.14999999999998
branching on CartesianIndex(1, 7) with c.
3237   1147   32         128.9500   140.1500   8.6855     % 
UB: 140.14999999999998
branching on CartesianIndex(2, 7) with c.
3238   1148   33         128.9500   140.1500   8.6855     % 
LB close or above UB, fathomed
3239   1147   33         128.9500   140.1500   8.6855     % 
UB: 140.14999999999998
branching on 2 with b.
3240   1148   34         128.9500   140.1500   8.6855     % 
LB close or above UB, fathomed
3241   1147   34         128.9500   140.1500   8.6855     % 
UB: 140.14999999999998
branching on 3 with b.
3242   1148   32         128.9500   140.1500   8.6855     % 
LB close or above UB, fathomed
3243   1147   30         128.9500   140.1500   8.6855     % 
LB close or above UB, fathomed
3244   1146   33         128.9500   140.1500   8.6855     % 
LB close or above UB, fathomed
3245   1145   33         128.9500   140.1500   8.6855     % 
UB: 140.14999999999998
branching on CartesianIndex(1, 7) with c.
3246   1146   34         128.9500   140.1500   8.6855     % 
UB: 140.14999999999998
branching on CartesianIndex(2, 7) with c.
3247   1147   35         128.9500   140.1500   8.6855     % 
LB close or above UB, fathomed
3248   1146   35         128.9500   140.1500   8.6855     % 
UB: 140.14999999999998
branching on 1 with b.
3249   1147   36         128.9500   140.1500   8.6855     % 
UB: 140.14999999999998
branching on 2 with b.
3250   1148   37         128.9500   140.1500   8.6855     % 
UB: 140.14999999999998
branching on 3 with b.
3251   1149   37         128.9500   140.1500   8.6855     % 
UB: 140.14999999999998
branching on 3 with b.
3252   1150   38         128.9500   140.1500   8.6855     % 
UB: 140.14999999999998
branching on 1 with b.
3253   1151   39         128.9500   140.1500   8.6855     % 
UB: 140.14999999999998
branching on 2 with b.
3254   1152   40         128.9500   140.1500   8.6855     % 
UB: 140.14999999999998
branching on 3 with b.
3255   1153   41         128.9500   140.1500   8.6855     % 
LB close or above UB, fathomed
3256   1152   41         128.9500   140.1500   8.6855     % 
UB: 140.14999999999998
branching on 1 with b.
3257   1153   40         128.9500   140.1500   8.6855     % 
UB: 140.14999999999998
branching on 3 with b.
3258   1154   39         128.9500   140.1500   8.6855     % 
UB: 140.14999999999998
branching on 2 with b.
3259   1155   40         128.9500   140.1500   8.6855     % 
UB: 140.14999999999998
branching on 3 with b.
3260   1156   41         128.9500   140.1500   8.6855     % 
LB close or above UB, fathomed
3261   1155   41         128.9500   140.1500   8.6855     % 
UB: 140.14999999999998
branching on 1 with b.
3262   1155   40         128.9500   140.1500   8.6855     % 
UB: 140.14999999999998
branching on 3 with b.
3263   1156   38         128.9500   140.1500   8.6855     % 
LB close or above UB, fathomed
3264   1155   36         128.9500   140.1500   8.6855     % 
UB: 140.14999999999998
branching on 2 with b.
3265   1156   37         128.9500   140.1500   8.6855     % 
UB: 140.14999999999998
branching on 3 with b.
3266   1157   37         128.9500   140.1500   8.6855     % 
UB: 140.14999999999998
branching on 3 with b.
3267   1158   38         128.9500   140.1500   8.6855     % 
UB: 140.14999999999998
branching on 1 with b.
3268   1158   39         128.9500   140.1500   8.6855     % 
UB: 140.14999999999998
branching on 2 with b.
3269   1159   40         128.9500   140.1500   8.6855     % 
UB: 140.14999999999998
branching on 3 with b.
3270   1160   41         128.9500   140.1500   8.6855     % 
LB close or above UB, fathomed
3271   1159   41         128.9500   140.1500   8.6855     % 
UB: 140.14999999999998
branching on 1 with b.
3272   1159   40         128.9500   140.1500   8.6855     % 
UB: 140.14999999999998
branching on 3 with b.
3273   1160   38         128.9500   140.1500   8.6855     % 
LB close or above UB, fathomed
3274   1159   34         128.9500   140.1500   8.6855     % 
LB close or above UB, fathomed
3275   1158   30         128.9500   140.1500   8.6855     % 
UB: 140.14999999999998
branching on CartesianIndex(2, 5) with c.
3276   1159   31         128.9500   140.1500   8.6855     % 
UB: 140.14999999999998
branching on CartesianIndex(3, 5) with c.
3277   1160   32         128.9500   140.1500   8.6855     % 
UB: 140.14999999999998
branching on CartesianIndex(4, 5) with c.
3278   1161   33         128.9500   140.1500   8.6855     % 
UB: 140.14999999999998
branching on CartesianIndex(5, 5) with c.
3279   1162   34         128.9500   140.1500   8.6855     % 
UB: 140.14999999999998
branching on CartesianIndex(1, 6) with c.
3280   1163   35         128.9500   140.1500   8.6855     % 
LB close or above UB, fathomed
3281   1162   35         128.9500   140.1500   8.6855     % 
UB: 140.14999999999998
branching on CartesianIndex(1, 7) with c.
3282   1163   36         128.9500   140.1500   8.6855     % 
UB: 140.14999999999998
branching on CartesianIndex(2, 7) with c.
3283   1164   37         128.9500   140.1500   8.6855     % 
LB close or above UB, fathomed
3284   1163   37         128.9500   140.1500   8.6855     % 
UB: 140.14999999999998
branching on 2 with b.
3285   1164   38         128.9500   140.1500   8.6855     % 
UB: 140.14999999999998
branching on 3 with b.
3286   1165   39         128.9500   140.1500   8.6855     % 
UB: 140.14999999999998
branching on 1 with b.
3287   1166   40         128.9500   140.1500   8.6855     % 
UB: 140.14999999999998
branching on 2 with b.
3288   1167   40         128.9500   140.1500   8.6855     % 
UB: 140.14999999999998
branching on 2 with b.
3289   1168   41         128.9500   140.1500   8.6855     % 
UB: 140.14999999999998
branching on 3 with b.
3290   1169   41         128.9500   140.1500   8.6855     % 
UB: 140.14999999999998
branching on 3 with b.
3291   1170   42         128.9500   140.1500   8.6855     % 
UB: 140.14999999999998
branching on 1 with b.
3292   1170   42         128.9500   140.1500   8.6855     % 
UB: 140.14999999999998
branching on 1 with b.
3293   1170   39         128.9500   140.1500   8.6855     % 
LB close or above UB, fathomed
3294   1169   38         128.9500   140.1500   8.6855     % 
UB: 137.35
branching on 3 with b.
3295   1170   39         128.9500   137.3500   6.5142     % 
UB: 137.35
branching on 1 with b.
3296   867    40         128.9500   137.3500   6.5142     % 
UB: 137.35
branching on 2 with b.
3297   868    40         128.9500   137.3500   6.5142     % 
UB: 137.35
branching on 2 with b.
3298   869    41         128.9500   137.3500   6.5142     % 
UB: 137.35
branching on 3 with b.
3299   870    42         128.9500   137.3500   6.5142     % 
LB close or above UB, fathomed
3300   869    42         128.9500   137.3500   6.5142     % 
UB: 137.35
branching on 1 with b.
3301   869    41         128.9500   137.3500   6.5142     % 
UB: 137.35
branching on 3 with b.
3302   870    39         128.9500   137.3500   6.5142     % 
LB close or above UB, fathomed
3303   869    36         128.9500   137.3500   6.5142     % 
LB close or above UB, fathomed
3304   868    34         128.9500   137.3500   6.5142     % 
LB close or above UB, fathomed
3305   867    33         128.9500   137.3500   6.5142     % 
LB close or above UB, fathomed
3306   866    32         128.9500   137.3500   6.5142     % 
LB close or above UB, fathomed
3307   865    31         128.9500   137.3500   6.5142     % 
LB close or above UB, fathomed
3308   864    30         128.9500   137.3500   6.5142     % 
LB close or above UB, fathomed
3309   863    21         128.9500   137.3500   6.5142     % 
UB: 137.35
branching on CartesianIndex(3, 4) with c.
3310   864    22         128.9500   137.3500   6.5142     % 
UB: 137.35
branching on CartesianIndex(4, 4) with c.
3311   865    23         128.9500   137.3500   6.5142     % 
UB: 137.35
branching on 2 with b.
3312   866    24         128.9500   137.3500   6.5142     % 
UB: 137.35
branching on 3 with b.
3313   867    24         128.9500   137.3500   6.5142     % 
LB close or above UB, fathomed
3314   866    23         128.9500   137.3500   6.5142     % 
LB close or above UB, fathomed
3315   865    22         128.9500   137.3500   6.5142     % 
LB close or above UB, fathomed
3316   864    21         128.9500   137.3500   6.5142     % 
LB close or above UB, fathomed
3317   863    21         128.9500   137.3500   6.5142     % 
UB: 137.35
branching on 2 with b.
3318   864    22         128.9500   137.3500   6.5142     % 
UB: 137.35
branching on 3 with b.
3319   865    22         128.9500   137.3500   6.5142     % 
LB close or above UB, fathomed
3320   864    21         128.9500   137.3500   6.5142     % 
LB close or above UB, fathomed
3321   863    28         128.9500   137.3500   6.5142     % 
UB: 137.35
branching on CartesianIndex(2, 5) with c.
3322   864    29         128.9500   137.3500   6.5142     % 
LB close or above UB, fathomed
3323   863    29         128.9500   137.3500   6.5142     % 
UB: 137.35
branching on 1 with b.
3324   864    28         128.9500   137.3500   6.5142     % 
LB close or above UB, fathomed
3325   863    23         128.9500   137.3500   6.5142     % 
LB close or above UB, fathomed
3326   862    23         128.9500   137.3500   6.5142     % 
UB: 137.35
branching on CartesianIndex(1, 5) with c.
3327   863    22         128.9500   137.3500   6.5142     % 
LB close or above UB, fathomed
3328   862    22         128.9500   137.3500   6.5142     % 
UB: 137.35
branching on CartesianIndex(1, 5) with c.
3329   863    23         128.9500   137.3500   6.5142     % 
LB close or above UB, fathomed
3330   862    23         128.9500   137.3500   6.5142     % 
UB: 137.35
branching on CartesianIndex(1, 5) with c.
3331   863    28         128.9500   137.3500   6.5142     % 
UB: 137.35
branching on CartesianIndex(5, 3) with a.
3332   864    28         128.9500   137.3500   6.5142     % 
LB close or above UB, fathomed
3333   863    18         128.9500   137.3500   6.5142     % 
LB close or above UB, fathomed
3334   862    18         128.9500   137.3500   6.5142     % 
UB: 137.35
branching on 2 with b.
3335   863    35         128.9500   137.3500   6.5142     % 
LB close or above UB, fathomed
3336   862    35         128.9500   137.3500   6.5142     % 
UB: 137.35
branching on 3 with b.
3337   863    36         128.9500   137.3500   6.5142     % 
UB: 137.35
branching on 1 with b.
3338   864    37         128.9500   137.3500   6.5142     % 
UB: 137.35
branching on 2 with b.
3339   865    37         128.9500   137.3500   6.5142     % 
UB: 137.35
branching on 2 with b.
3340   866    36         128.9500   137.3500   6.5142     % 
LB close or above UB, fathomed
3341   865    23         128.9500   137.3500   6.5142     % 
LB close or above UB, fathomed
3342   864    23         128.9500   137.3500   6.5142     % 
UB: 137.35
branching on CartesianIndex(1, 5) with c.
3343   865    24         128.9500   137.3500   6.5142     % 
UB: 137.35
branching on 2 with b.
3344   866    25         128.9500   137.3500   6.5142     % 
UB: 137.35
branching on CartesianIndex(2, 5) with c.
3345   867    26         128.9500   137.3500   6.5142     % 
LB close or above UB, fathomed
3346   866    26         128.9500   137.3500   6.5142     % 
UB: 137.35
branching on CartesianIndex(1, 6) with c.
3347   867    25         128.9500   137.3500   6.5142     % 
LB close or above UB, fathomed
3348   866    24         128.9500   137.3500   6.5142     % 
LB close or above UB, fathomed
3349   865    25         128.9500   137.3500   6.5142     % 
UB: 137.35
branching on CartesianIndex(1, 4) with c.
3350   866    26         128.9500   137.3500   6.5142     % 
LB close or above UB, fathomed
3351   865    26         128.9500   137.3500   6.5142     % 
UB: 137.35
branching on CartesianIndex(1, 5) with c.
3352   866    27         128.9500   137.3500   6.5142     % 
UB: 137.35
branching on CartesianIndex(2, 5) with c.
3353   867    28         128.9500   137.3500   6.5142     % 
LB close or above UB, fathomed
3354   866    28         128.9500   137.3500   6.5142     % 
UB: 137.35
branching on CartesianIndex(1, 6) with c.
3355   867    27         128.9500   137.3500   6.5142     % 
LB close or above UB, fathomed
3356   866    25         128.9500   137.3500   6.5142     % 
LB close or above UB, fathomed
3357   865    27         128.9500   137.3500   6.5142     % 
LB close or above UB, fathomed
3358   864    27         128.9500   137.3500   6.5142     % 
UB: 137.35
branching on 2 with b.
3359   865    28         128.9500   137.3500   6.5142     % 
UB: 137.35
branching on CartesianIndex(1, 5) with c.
3360   866    29         128.9500   137.3500   6.5142     % 
UB: 137.35
branching on CartesianIndex(2, 5) with c.
3361   867    30         128.9500   137.3500   6.5142     % 
LB close or above UB, fathomed
3362   866    30         128.9500   137.3500   6.5142     % 
UB: 137.35
branching on 3 with b.
3363   867    29         128.9500   137.3500   6.5142     % 
LB close or above UB, fathomed
3364   866    28         128.9500   137.3500   6.5142     % 
LB close or above UB, fathomed
3365   865    27         128.9500   137.3500   6.5142     % 
UB: 137.35
branching on CartesianIndex(2, 4) with c.
3366   866    28         128.9500   137.3500   6.5142     % 
UB: 137.35
branching on CartesianIndex(3, 4) with c.
3367   867    29         128.9500   137.3500   6.5142     % 
UB: 137.35
branching on 2 with b.
3368   868    30         128.9500   137.3500   6.5142     % 
UB: 137.35
branching on CartesianIndex(4, 4) with c.
3369   869    30         128.9500   137.3500   6.5142     % 
UB: 137.35
branching on CartesianIndex(4, 4) with c.
3370   870    29         128.9500   137.3500   6.5142     % 
LB close or above UB, fathomed
3371   869    28         128.9500   137.3500   6.5142     % 
LB close or above UB, fathomed
3372   868    27         128.9500   137.3500   6.5142     % 
LB close or above UB, fathomed
3373   867    24         128.9500   137.3500   6.5142     % 
LB close or above UB, fathomed
3374   866    24         128.9500   137.3500   6.5142     % 
UB: 137.35
branching on CartesianIndex(1, 5) with c.
3375   867    25         128.9500   137.3500   6.5142     % 
UB: 137.35
branching on CartesianIndex(2, 5) with c.
3376   868    26         128.9500   137.3500   6.5142     % 
LB close or above UB, fathomed
3377   867    26         128.9500   137.3500   6.5142     % 
UB: 137.35
branching on CartesianIndex(1, 6) with c.
3378   868    25         128.9500   137.3500   6.5142     % 
LB close or above UB, fathomed
3379   867    25         128.9500   137.3500   6.5142     % 
UB: 137.35
branching on CartesianIndex(7, 3) with a.
3380   868    26         128.9500   137.3500   6.5142     % 
LB close or above UB, fathomed
3381   867    26         128.9500   137.3500   6.5142     % 
UB: 137.35
branching on 2 with b.
3382   868    27         128.9500   137.3500   6.5142     % 
LB close or above UB, fathomed
3383   867    27         128.9500   137.3500   6.5142     % 
UB: 137.35
branching on CartesianIndex(1, 4) with c.
3384   868    28         128.9500   137.3500   6.5142     % 
UB: 137.35
branching on CartesianIndex(2, 4) with c.
3385   869    29         128.9500   137.3500   6.5142     % 
LB close or above UB, fathomed
3386   868    29         128.9500   137.3500   6.5142     % 
UB: 137.35
branching on CartesianIndex(1, 5) with c.
3387   869    28         128.9500   137.3500   6.5142     % 
LB close or above UB, fathomed
3388   868    25         128.9500   137.3500   6.5142     % 
LB close or above UB, fathomed
3389   867    21         128.9500   137.3500   6.5142     % 
UB: 137.35
branching on CartesianIndex(2, 4) with c.
3390   868    22         128.9500   137.3500   6.5142     % 
LB close or above UB, fathomed
3391   867    22         128.9500   137.3500   6.5142     % 
UB: 137.35
branching on CartesianIndex(1, 5) with c.
3392   868    21         128.9500   137.3500   6.5142     % 
LB close or above UB, fathomed
3393   867    16         128.9500   137.3500   6.5142     % 
UB: 137.35
branching on CartesianIndex(4, 3) with a.
3394   868    17         128.9500   137.3500   6.5142     % 
UB: 137.35
branching on CartesianIndex(5, 3) with a.
3395   869    17         128.9500   137.3500   6.5142     % 
LB close or above UB, fathomed
3396   868    16         128.9500   137.3500   6.5142     % 
LB close or above UB, fathomed
3397   867    6          128.9500   137.3500   6.5142     % 
UB: 137.35
branching on CartesianIndex(2, 2) with a.
3398   868    7          128.9500   137.3500   6.5142     % 
UB: 137.35
branching on 1 with b.
3399   869    8          128.9500   137.3500   6.5142     % 
LB close or above UB, fathomed
3400   868    8          128.9500   137.3500   6.5142     % 
LB close or above UB, fathomed
3401   867    7          128.9500   137.3500   6.5142     % 
UB: 137.35
branching on CartesianIndex(1, 3) with a.
3402   868    6          128.9500   137.3500   6.5142     % 
LB close or above UB, fathomed
3403   867    35         128.9500   137.3500   6.5142     % 
UB: 137.35
branching on CartesianIndex(5, 4) with c.
3404   868    36         128.9500   137.3500   6.5142     % 
UB: 137.35
branching on CartesianIndex(1, 5) with c.
3405   869    37         128.9500   137.3500   6.5142     % 
UB: 137.35
branching on CartesianIndex(2, 5) with c.
3406   870    38         128.9500   137.3500   6.5142     % 
LB close or above UB, fathomed
3407   869    38         128.9500   137.3500   6.5142     % 
UB: 137.35
branching on CartesianIndex(1, 6) with c.
3408   870    37         128.9500   137.3500   6.5142     % 
LB close or above UB, fathomed
3409   869    36         128.9500   137.3500   6.5142     % 
LB close or above UB, fathomed
3410   868    35         128.9500   137.3500   6.5142     % 
LB close or above UB, fathomed
3411   867    36         128.9500   137.3500   6.5142     % 
UB: 137.35
branching on CartesianIndex(5, 4) with c.
3412   868    37         128.9500   137.3500   6.5142     % 
UB: 137.35
branching on CartesianIndex(1, 5) with c.
3413   869    38         128.9500   137.3500   6.5142     % 
UB: 137.35
branching on CartesianIndex(2, 5) with c.
3414   870    39         128.9500   137.3500   6.5142     % 
LB close or above UB, fathomed
3415   869    39         128.9500   137.3500   6.5142     % 
UB: 137.35
branching on CartesianIndex(1, 6) with c.
3416   870    38         128.9500   137.3500   6.5142     % 
LB close or above UB, fathomed
3417   869    37         128.9500   137.3500   6.5142     % 
LB close or above UB, fathomed
3418   868    36         128.9500   137.3500   6.5142     % 
LB close or above UB, fathomed
3419   867    38         128.9500   137.3500   6.5142     % 
UB: 137.35
branching on 2 with b.
3420   868    39         128.9500   137.3500   6.5142     % 
LB close or above UB, fathomed
3421   867    39         128.9500   137.3500   6.5142     % 
UB: 137.35
branching on CartesianIndex(2, 5) with c.
3422   868    40         128.9500   137.3500   6.5142     % 
LB close or above UB, fathomed
3423   867    40         128.9500   137.3500   6.5142     % 
UB: 137.35
branching on CartesianIndex(1, 6) with c.
3424   868    38         128.9500   137.3500   6.5142     % 
LB close or above UB, fathomed
3425   867    33         128.9500   137.3500   6.5142     % 
UB: 137.35
branching on CartesianIndex(4, 4) with c.
3426   868    34         128.9500   137.3500   6.5142     % 
UB: 137.35
branching on CartesianIndex(5, 4) with c.
3427   869    35         128.9500   137.3500   6.5142     % 
UB: 137.35
branching on CartesianIndex(1, 5) with c.
3428   870    36         128.9500   137.3500   6.5142     % 
UB: 137.35
branching on CartesianIndex(2, 5) with c.
3429   871    37         128.9500   137.3500   6.5142     % 
LB close or above UB, fathomed
3430   870    37         128.9500   137.3500   6.5142     % 
UB: 137.35
branching on CartesianIndex(1, 6) with c.
3431   871    36         128.9500   137.3500   6.5142     % 
LB close or above UB, fathomed
3432   870    35         128.9500   137.3500   6.5142     % 
LB close or above UB, fathomed
3433   869    34         128.9500   137.3500   6.5142     % 
LB close or above UB, fathomed
3434   868    33         128.9500   137.3500   6.5142     % 
LB close or above UB, fathomed
3435   867    22         128.9500   137.3500   6.5142     % 
UB: 137.35
branching on CartesianIndex(2, 4) with c.
3436   868    23         128.9500   137.3500   6.5142     % 
LB close or above UB, fathomed
3437   867    23         128.9500   137.3500   6.5142     % 
UB: 137.35
branching on CartesianIndex(1, 5) with c.
3438   868    22         128.9500   137.3500   6.5142     % 
LB close or above UB, fathomed
3439   867    27         128.9500   137.3500   6.5142     % 
UB: 137.35
branching on CartesianIndex(1, 6) with c.
3440   868    28         128.9500   137.3500   6.5142     % 
UB: 137.35
branching on CartesianIndex(2, 6) with c.
3441   869    29         128.9500   137.3500   6.5142     % 
UB: 137.35
branching on CartesianIndex(3, 6) with c.
3442   870    30         128.9500   137.3500   6.5142     % 
UB: 137.35
branching on CartesianIndex(4, 6) with c.
3443   871    31         128.9500   137.3500   6.5142     % 
UB: 137.35
branching on 3 with b.
3444   872    32         128.9500   137.3500   6.5142     % 
UB: 137.35
branching on CartesianIndex(5, 6) with c.
3445   873    32         128.9500   137.3500   6.5142     % 
UB: 137.35
branching on CartesianIndex(5, 6) with c.
3446   874    31         128.9500   137.3500   6.5142     % 
LB close or above UB, fathomed
3447   873    30         128.9500   137.3500   6.5142     % 
LB close or above UB, fathomed
3448   872    29         128.9500   137.3500   6.5142     % 
LB close or above UB, fathomed
3449   871    28         128.9500   137.3500   6.5142     % 
LB close or above UB, fathomed
3450   870    27         128.9500   137.3500   6.5142     % 
LB close or above UB, fathomed
3451   869    25         130.8167   137.3500   4.9943     % 
LB close or above UB, fathomed
3452   868    25         130.8167   137.3500   4.9943     % 
LB close or above UB, fathomed
3453   867    14         131.6660   137.3500   4.3170     % 
UB: 137.35
branching on CartesianIndex(2, 3) with a.
3454   868    15         131.6660   137.3500   4.3170     % 
UB: 137.35
branching on CartesianIndex(3, 3) with a.
3455   869    16         131.6660   137.3500   4.3170     % 
UB: 137.35
branching on CartesianIndex(4, 3) with a.
3456   870    16         131.6660   137.3500   4.3170     % 
LB close or above UB, fathomed
3457   869    15         131.6660   137.3500   4.3170     % 
LB close or above UB, fathomed
3458   868    14         131.6660   137.3500   4.3170     % 
LB close or above UB, fathomed
3459   867    28         131.6974   137.3500   4.2921     % 
UB: 137.35
branching on CartesianIndex(7, 3) with a.
3460   868    29         131.6974   137.3500   4.2921     % 
LB close or above UB, fathomed
3461   867    29         131.6974   137.3500   4.2921     % 
UB: 137.35
branching on 1 with b.
3462   868    28         131.6974   137.3500   4.2921     % 
LB close or above UB, fathomed
3463   867    33         131.7122   137.3500   4.2804     % 
LB close or above UB, fathomed
3464   866    33         131.7122   137.3500   4.2804     % 
UB: 137.35
branching on CartesianIndex(1, 7) with c.
3465   867    34         131.7122   137.3500   4.2804     % 
LB close or above UB, fathomed
3466   866    34         131.7122   137.3500   4.2804     % 
UB: 137.35
branching on 2 with b.
3467   867    35         131.7122   137.3500   4.2804     % 
LB close or above UB, fathomed
3468   866    35         131.7122   137.3500   4.2804     % 
UB: 137.35
branching on 3 with b.
3469   867    36         131.7122   137.3500   4.2804     % 
UB: 137.35
branching on 1 with b.
3470   868    37         131.7122   137.3500   4.2804     % 
UB: 137.35
branching on 2 with b.
3471   869    37         131.7122   137.3500   4.2804     % 
LB close or above UB, fathomed
3472   868    36         131.7122   137.3500   4.2804     % 
LB close or above UB, fathomed
3473   867    21         131.7500   137.3500   4.2505     % 
UB: 137.35
branching on CartesianIndex(6, 3) with a.
3474   868    22         131.7500   137.3500   4.2505     % 
LB close or above UB, fathomed
3475   867    22         131.7500   137.3500   4.2505     % 
LB close or above UB, fathomed
3476   866    21         131.7500   137.3500   4.2505     % 
LB close or above UB, fathomed
3477   865    28         131.7500   137.3500   4.2505     % 
LB close or above UB, fathomed
3478   864    28         131.7500   137.3500   4.2505     % 
UB: 137.35
branching on CartesianIndex(7, 3) with a.
3479   865    29         131.7500   137.3500   4.2505     % 
LB close or above UB, fathomed
3480   864    29         131.7500   137.3500   4.2505     % 
UB: 137.35
branching on 1 with b.
3481   865    30         131.7500   137.3500   4.2505     % 
LB close or above UB, fathomed
3482   864    30         131.7500   137.3500   4.2505     % 
LB close or above UB, fathomed
3483   863    38         131.7500   137.3500   4.2505     % 
LB close or above UB, fathomed
3484   862    38         131.7500   137.3500   4.2505     % 
UB: 137.35
branching on 3 with b.
3485   863    39         131.7500   137.3500   4.2505     % 
UB: 137.35
branching on 1 with b.
3486   864    40         131.7500   137.3500   4.2505     % 
UB: 137.35
branching on 2 with b.
3487   865    40         131.7500   137.3500   4.2505     % 
UB: 137.35
branching on 2 with b.
3488   866    39         131.7500   137.3500   4.2505     % 
LB close or above UB, fathomed
3489   865    17         131.7500   137.3500   4.2505     % 
UB: 137.35
branching on CartesianIndex(5, 3) with a.
3490   866    17         131.7500   137.3500   4.2505     % 
UB: 137.35
branching on CartesianIndex(1, 4) with c.
3491   867    38         131.7500   137.3500   4.2505     % 
UB: 137.35
branching on CartesianIndex(2, 6) with c.
3492   868    39         131.7500   137.3500   4.2505     % 
LB close or above UB, fathomed
3493   867    39         131.7500   137.3500   4.2505     % 
UB: 137.35
branching on CartesianIndex(1, 7) with c.
3494   868    40         131.7500   137.3500   4.2505     % 
LB close or above UB, fathomed
3495   867    40         131.7500   137.3500   4.2505     % 
UB: 137.35
branching on 3 with b.
3496   868    41         131.7500   137.3500   4.2505     % 
UB: 137.35
branching on 1 with b.
3497   868    42         131.7500   137.3500   4.2505     % 
UB: 137.35
branching on 2 with b.
3498   869    43         131.7500   137.3500   4.2505     % 
UB: 137.35
branching on 3 with b.
3499   870    44         131.7500   137.3500   4.2505     % 
UB: 137.35
branching on 1 with b.
3500   870    45         131.7500   137.3500   4.2505     % 
UB: 137.35
branching on 2 with b.
3501   871    46         131.7500   137.3500   4.2505     % 
UB: 137.35
branching on 3 with b.
3502   872    47         131.7500   137.3500   4.2505     % 
LB close or above UB, fathomed
3503   871    47         131.7500   137.3500   4.2505     % 
LB close or above UB, fathomed
3504   870    46         131.7500   137.3500   4.2505     % 
LB close or above UB, fathomed
3505   869    44         131.7500   137.3500   4.2505     % 
LB close or above UB, fathomed
3506   868    43         131.7500   137.3500   4.2505     % 
LB close or above UB, fathomed
3507   867    41         131.7500   137.3500   4.2505     % 
LB close or above UB, fathomed
3508   866    38         131.7500   137.3500   4.2505     % 
LB close or above UB, fathomed
3509   865    39         131.7500   137.3500   4.2505     % 
UB: 137.35
branching on CartesianIndex(2, 6) with c.
3510   866    40         131.7500   137.3500   4.2505     % 
LB close or above UB, fathomed
3511   865    40         131.7500   137.3500   4.2505     % 
UB: 137.35
branching on CartesianIndex(1, 7) with c.
3512   866    41         131.7500   137.3500   4.2505     % 
LB close or above UB, fathomed
3513   865    41         131.7500   137.3500   4.2505     % 
UB: 137.35
branching on 1 with b.
3514   866    42         131.7500   137.3500   4.2505     % 
UB: 137.35
branching on 2 with b.
3515   867    43         131.7500   137.3500   4.2505     % 
UB: 137.35
branching on 3 with b.
3516   868    44         131.7500   137.3500   4.2505     % 
UB: 137.35
branching on 1 with b.
3517   869    45         131.7500   137.3500   4.2505     % 
UB: 137.35
branching on 2 with b.
3518   870    45         131.7500   137.3500   4.2505     % 
UB: 137.35
branching on 2 with b.
3519   871    46         131.7500   137.3500   4.2505     % 
UB: 137.35
branching on 3 with b.
3520   872    47         131.7500   137.3500   4.2505     % 
LB close or above UB, fathomed
3521   871    47         131.7500   137.3500   4.2505     % 
LB close or above UB, fathomed
3522   870    46         131.7500   137.3500   4.2505     % 
LB close or above UB, fathomed
3523   869    44         131.7500   137.3500   4.2505     % 
LB close or above UB, fathomed
3524   868    43         131.7500   137.3500   4.2505     % 
LB close or above UB, fathomed
3525   867    42         131.7500   137.3500   4.2505     % 
UB: 137.35
branching on 2 with b.
3526   868    43         131.7500   137.3500   4.2505     % 
UB: 137.35
branching on 3 with b.
3527   869    44         131.7500   137.3500   4.2505     % 
UB: 137.35
branching on 1 with b.
3528   869    45         131.7500   137.3500   4.2505     % 
UB: 137.35
branching on 2 with b.
3529   870    46         131.7500   137.3500   4.2505     % 
UB: 137.35
branching on 3 with b.
3530   871    47         131.7500   137.3500   4.2505     % 
LB close or above UB, fathomed
3531   870    47         131.7500   137.3500   4.2505     % 
LB close or above UB, fathomed
3532   869    46         131.7500   137.3500   4.2505     % 
LB close or above UB, fathomed
3533   868    44         131.7500   137.3500   4.2505     % 
LB close or above UB, fathomed
3534   867    43         131.7500   137.3500   4.2505     % 
LB close or above UB, fathomed
3535   866    39         131.7500   137.3500   4.2505     % 
LB close or above UB, fathomed
3536   865    8          131.7500   137.3500   4.2505     % 
UB: 137.35
branching on 1 with b.
3537   866    9          131.7500   137.3500   4.2505     % 
LB close or above UB, fathomed
3538   865    9          131.7500   137.3500   4.2505     % 
LB close or above UB, fathomed
3539   864    8          131.7500   137.3500   4.2505     % 
LB close or above UB, fathomed
3540   863    18         131.7500   137.3500   4.2505     % 
UB: 137.35
branching on CartesianIndex(6, 3) with a.
3541   864    19         131.7500   137.3500   4.2505     % 
LB close or above UB, fathomed
3542   863    19         131.7500   137.3500   4.2505     % 
LB close or above UB, fathomed
3543   862    18         131.7500   137.3500   4.2505     % 
LB close or above UB, fathomed
3544   861    27         131.7500   137.3500   4.2505     % 
UB: 137.35
branching on 3 with b.
3545   862    28         131.7500   137.3500   4.2505     % 
LB close or above UB, fathomed
3546   861    28         131.7500   137.3500   4.2505     % 
UB: 137.35
branching on CartesianIndex(2, 6) with c.
3547   862    29         131.7500   137.3500   4.2505     % 
LB close or above UB, fathomed
3548   861    29         131.7500   137.3500   4.2505     % 
UB: 137.35
branching on CartesianIndex(1, 7) with c.
3549   862    30         131.7500   137.3500   4.2505     % 
UB: 137.35
branching on CartesianIndex(2, 7) with c.
3550   863    31         131.7500   137.3500   4.2505     % 
UB: 137.35
branching on CartesianIndex(3, 7) with c.
3551   864    32         131.7500   137.3500   4.2505     % 
UB: 137.35
branching on CartesianIndex(4, 7) with c.
3552   865    33         131.7500   137.3500   4.2505     % 
UB: 137.35
branching on CartesianIndex(5, 7) with c.
3553   866    34         131.7500   137.3500   4.2505     % 
UB: 137.35
branching on 1 with b.
3554   867    35         131.7500   137.3500   4.2505     % 
LB close or above UB, fathomed
3555   866    35         131.7500   137.3500   4.2505     % 
LB close or above UB, fathomed
3556   865    34         131.7500   137.3500   4.2505     % 
LB close or above UB, fathomed
3557   864    33         131.7500   137.3500   4.2505     % 
LB close or above UB, fathomed
3558   863    32         131.7500   137.3500   4.2505     % 
LB close or above UB, fathomed
3559   862    31         131.7500   137.3500   4.2505     % 
LB close or above UB, fathomed
3560   861    30         131.7500   137.3500   4.2505     % 
LB close or above UB, fathomed
3561   860    27         131.7500   137.3500   4.2505     % 
LB close or above UB, fathomed
3562   859    31         131.7500   137.3500   4.2505     % 
UB: 137.35
branching on CartesianIndex(5, 4) with c.
3563   860    32         131.7500   137.3500   4.2505     % 
UB: 137.35
branching on CartesianIndex(1, 5) with c.
3564   861    33         131.7500   137.3500   4.2505     % 
UB: 137.35
branching on CartesianIndex(2, 5) with c.
3565   862    34         131.7500   137.3500   4.2505     % 
LB close or above UB, fathomed
3566   861    34         131.7500   137.3500   4.2505     % 
UB: 137.35
branching on CartesianIndex(1, 6) with c.
3567   862    33         131.7500   137.3500   4.2505     % 
LB close or above UB, fathomed
3568   861    32         131.7500   137.3500   4.2505     % 
LB close or above UB, fathomed
3569   860    31         131.7500   137.3500   4.2505     % 
LB close or above UB, fathomed
3570   859    31         131.7500   137.3500   4.2505     % 
UB: 137.35
branching on CartesianIndex(1, 6) with c.
3571   860    32         131.7500   137.3500   4.2505     % 
UB: 137.35
branching on CartesianIndex(2, 6) with c.
3572   861    33         131.7500   137.3500   4.2505     % 
UB: 137.35
branching on CartesianIndex(3, 6) with c.
3573   862    34         131.7500   137.3500   4.2505     % 
UB: 137.35
branching on CartesianIndex(4, 6) with c.
3574   863    35         131.7500   137.3500   4.2505     % 
UB: 137.35
branching on CartesianIndex(5, 6) with c.
3575   864    36         131.7500   137.3500   4.2505     % 
UB: 137.35
branching on CartesianIndex(1, 7) with c.
3576   865    37         131.7500   137.3500   4.2505     % 
UB: 137.35
branching on CartesianIndex(2, 7) with c.
3577   866    38         131.7500   137.3500   4.2505     % 
LB close or above UB, fathomed
3578   865    38         131.7500   137.3500   4.2505     % 
UB: 137.35
branching on 1 with b.
3579   866    39         131.7500   137.3500   4.2505     % 
LB close or above UB, fathomed
3580   865    39         131.7500   137.3500   4.2505     % 
LB close or above UB, fathomed
3581   864    37         131.7500   137.3500   4.2505     % 
LB close or above UB, fathomed
3582   863    36         131.7500   137.3500   4.2505     % 
LB close or above UB, fathomed
3583   862    35         131.7500   137.3500   4.2505     % 
LB close or above UB, fathomed
3584   861    34         131.7500   137.3500   4.2505     % 
LB close or above UB, fathomed
3585   860    33         131.7500   137.3500   4.2505     % 
LB close or above UB, fathomed
3586   859    32         131.7500   137.3500   4.2505     % 
LB close or above UB, fathomed
3587   858    31         131.7500   137.3500   4.2505     % 
LB close or above UB, fathomed
3588   857    29         131.7500   137.3500   4.2505     % 
UB: 137.35
branching on 3 with b.
3589   858    30         131.7500   137.3500   4.2505     % 
LB close or above UB, fathomed
3590   857    30         131.7500   137.3500   4.2505     % 
UB: 137.35
branching on CartesianIndex(2, 6) with c.
3591   858    31         131.7500   137.3500   4.2505     % 
LB close or above UB, fathomed
3592   857    31         131.7500   137.3500   4.2505     % 
UB: 137.35
branching on 1 with b.
3593   858    32         131.7500   137.3500   4.2505     % 
LB close or above UB, fathomed
3594   857    32         131.7500   137.3500   4.2505     % 
LB close or above UB, fathomed
3595   856    29         131.7500   137.3500   4.2505     % 
LB close or above UB, fathomed
3596   855    27         131.7500   137.3500   4.2505     % 
UB: 137.35
branching on CartesianIndex(2, 6) with c.
3597   856    28         131.7500   137.3500   4.2505     % 
LB close or above UB, fathomed
3598   855    28         131.7500   137.3500   4.2505     % 
UB: 137.35
branching on CartesianIndex(1, 7) with c.
3599   856    29         131.7500   137.3500   4.2505     % 
UB: 137.35
branching on CartesianIndex(2, 7) with c.
3600   857    30         131.7500   137.3500   4.2505     % 
UB: 137.35
branching on CartesianIndex(3, 7) with c.
3601   858    31         131.7500   137.3500   4.2505     % 
UB: 137.35
branching on CartesianIndex(4, 7) with c.
3602   859    32         131.7500   137.3500   4.2505     % 
UB: 137.35
branching on CartesianIndex(5, 7) with c.
3603   860    33         131.7500   137.3500   4.2505     % 
UB: 137.35
branching on 3 with b.
3604   861    34         131.7500   137.3500   4.2505     % 
LB close or above UB, fathomed
3605   860    34         131.7500   137.3500   4.2505     % 
UB: 137.35
branching on 1 with b.
3606   861    35         131.7500   137.3500   4.2505     % 
LB close or above UB, fathomed
3607   860    35         131.7500   137.3500   4.2505     % 
LB close or above UB, fathomed
3608   859    33         131.7500   137.3500   4.2505     % 
LB close or above UB, fathomed
3609   858    32         131.7500   137.3500   4.2505     % 
LB close or above UB, fathomed
3610   857    31         131.7500   137.3500   4.2505     % 
LB close or above UB, fathomed
3611   856    30         131.7500   137.3500   4.2505     % 
LB close or above UB, fathomed
3612   855    29         131.7500   137.3500   4.2505     % 
LB close or above UB, fathomed
3613   854    27         131.7500   137.3500   4.2505     % 
LB close or above UB, fathomed
3614   853    38         131.7500   137.3500   4.2505     % 
LB close or above UB, fathomed
3615   852    38         131.7500   137.3500   4.2505     % 
UB: 137.35
branching on 3 with b.
3616   853    39         131.7500   137.3500   4.2505     % 
UB: 137.35
branching on 1 with b.
3617   853    40         131.7500   137.3500   4.2505     % 
UB: 137.35
branching on 2 with b.
3618   854    41         131.7500   137.3500   4.2505     % 
UB: 137.35
branching on 3 with b.
3619   855    41         131.7500   137.3500   4.2505     % 
LB close or above UB, fathomed
3620   854    39         131.7500   137.3500   4.2505     % 
LB close or above UB, fathomed
3621   853    19         131.7500   137.3500   4.2505     % 
UB: 137.35
branching on CartesianIndex(1, 5) with c.
3622   854    19         131.7500   137.3500   4.2505     % 
LB close or above UB, fathomed
3623   853    29         131.7500   137.3500   4.2505     % 
UB: 137.35
branching on CartesianIndex(6, 3) with a.
3624   854    30         131.7500   137.3500   4.2505     % 
UB: 137.35
branching on CartesianIndex(7, 3) with a.
3625   855    31         131.7500   137.3500   4.2505     % 
LB close or above UB, fathomed
3626   854    31         131.7500   137.3500   4.2505     % 
UB: 137.35
branching on CartesianIndex(1, 4) with c.
3627   855    32         131.7500   137.3500   4.2505     % 
UB: 137.35
branching on CartesianIndex(2, 4) with c.
3628   856    33         131.7500   137.3500   4.2505     % 
UB: 137.35
branching on CartesianIndex(3, 4) with c.
3629   857    34         131.7500   137.3500   4.2505     % 
UB: 137.35
branching on CartesianIndex(4, 4) with c.
3630   858    35         131.7500   137.3500   4.2505     % 
UB: 137.35
branching on CartesianIndex(5, 4) with c.
3631   859    36         131.7500   137.3500   4.2505     % 
UB: 137.35
branching on CartesianIndex(1, 5) with c.
3632   860    37         131.7500   137.3500   4.2505     % 
UB: 137.35
branching on CartesianIndex(2, 5) with c.
3633   861    38         131.7500   137.3500   4.2505     % 
LB close or above UB, fathomed
3634   860    38         131.7500   137.3500   4.2505     % 
UB: 137.35
branching on CartesianIndex(1, 6) with c.
3635   861    37         131.7500   137.3500   4.2505     % 
LB close or above UB, fathomed
3636   860    36         131.7500   137.3500   4.2505     % 
LB close or above UB, fathomed
3637   859    35         131.7500   137.3500   4.2505     % 
LB close or above UB, fathomed
3638   858    34         131.7500   137.3500   4.2505     % 
LB close or above UB, fathomed
3639   857    33         131.7500   137.3500   4.2505     % 
LB close or above UB, fathomed
3640   856    32         131.7500   137.3500   4.2505     % 
LB close or above UB, fathomed
3641   855    30         131.7500   137.3500   4.2505     % 
LB close or above UB, fathomed
3642   854    29         131.7500   137.3500   4.2505     % 
LB close or above UB, fathomed
3643   853    30         131.7500   137.3500   4.2505     % 
LB close or above UB, fathomed
3644   852    30         131.7500   137.3500   4.2505     % 
LB close or above UB, fathomed
3645   851    25         131.7500   137.3500   4.2505     % 
LB close or above UB, fathomed
3646   850    25         131.7500   137.3500   4.2505     % 
UB: 137.35
branching on CartesianIndex(5, 4) with c.
3647   851    26         131.7500   137.3500   4.2505     % 
UB: 137.35
branching on 1 with b.
3648   852    27         131.7500   137.3500   4.2505     % 
UB: 137.35
branching on CartesianIndex(1, 5) with c.
3649   853    28         131.7500   137.3500   4.2505     % 
UB: 137.35
branching on CartesianIndex(2, 5) with c.
3650   854    29         131.7500   137.3500   4.2505     % 
LB close or above UB, fathomed
3651   853    29         131.7500   137.3500   4.2505     % 
LB close or above UB, fathomed
3652   852    28         131.7500   137.3500   4.2505     % 
LB close or above UB, fathomed
3653   851    27         131.7500   137.3500   4.2505     % 
LB close or above UB, fathomed
3654   850    26         131.7500   137.3500   4.2505     % 
LB close or above UB, fathomed
3655   849    38         131.7500   137.3500   4.2505     % 
UB: 137.35
branching on 1 with b.
3656   849    39         131.7500   137.3500   4.2505     % 
UB: 137.35
branching on 2 with b.
3657   850    40         131.7500   137.3500   4.2505     % 
LB close or above UB, fathomed
3658   849    40         131.7500   137.3500   4.2505     % 
UB: 137.35
branching on 3 with b.
3659   850    41         131.7500   137.3500   4.2505     % 
LB close or above UB, fathomed
3660   849    41         131.7500   137.3500   4.2505     % 
LB close or above UB, fathomed
3661   848    38         131.7500   137.3500   4.2505     % 
LB close or above UB, fathomed
3662   847    41         131.7500   137.3500   4.2505     % 
LB close or above UB, fathomed
3663   846    41         131.7500   137.3500   4.2505     % 
LB close or above UB, fathomed
3664   845    35         131.7500   137.3500   4.2505     % 
UB: 137.35
branching on 1 with b.
3665   846    36         131.7500   137.3500   4.2505     % 
LB close or above UB, fathomed
3666   845    36         131.7500   137.3500   4.2505     % 
UB: 137.35
branching on 2 with b.
3667   846    35         131.7500   137.3500   4.2505     % 
LB close or above UB, fathomed
3668   845    41         131.7500   137.3500   4.2505     % 
UB: 137.35
branching on 2 with b.
3669   846    42         131.7500   137.3500   4.2505     % 
UB: 137.35
branching on 3 with b.
3670   847    43         131.7500   137.3500   4.2505     % 
UB: 137.35
branching on 1 with b.
3671   848    44         131.7500   137.3500   4.2505     % 
UB: 137.35
branching on 2 with b.
3672   849    45         131.7500   137.3500   4.2505     % 
UB: 137.35
branching on 3 with b.
3673   850    46         131.7500   137.3500   4.2505     % 
LB close or above UB, fathomed
3674   849    46         131.7500   137.3500   4.2505     % 
UB: 137.35
branching on 1 with b.
3675   850    47         131.7500   137.3500   4.2505     % 
UB: 137.35
branching on 2 with b.
3676   851    47         131.7500   137.3500   4.2505     % 
LB close or above UB, fathomed
3677   850    45         131.7500   137.3500   4.2505     % 
LB close or above UB, fathomed
3678   849    44         131.7500   137.3500   4.2505     % 
LB close or above UB, fathomed
3679   848    43         131.7500   137.3500   4.2505     % 
UB: 137.35
branching on 1 with b.
3680   849    44         131.7500   137.3500   4.2505     % 
UB: 137.35
branching on 2 with b.
3681   850    45         131.7500   137.3500   4.2505     % 
UB: 137.35
branching on 3 with b.
3682   851    46         131.7500   137.3500   4.2505     % 
UB: 137.35
branching on 1 with b.
3683   852    47         131.7500   137.3500   4.2505     % 
UB: 137.35
branching on 2 with b.
3684   853    47         131.7500   137.3500   4.2505     % 
LB close or above UB, fathomed
3685   852    46         131.7500   137.3500   4.2505     % 
LB close or above UB, fathomed
3686   851    45         131.7500   137.3500   4.2505     % 
LB close or above UB, fathomed
3687   850    44         131.7500   137.3500   4.2505     % 
LB close or above UB, fathomed
3688   849    42         131.7500   137.3500   4.2505     % 
LB close or above UB, fathomed
3689   848    41         131.7500   137.3500   4.2505     % 
LB close or above UB, fathomed
3690   847    27         131.7500   137.3500   4.2505     % 
LB close or above UB, fathomed
3691   846    27         131.7500   137.3500   4.2505     % 
LB close or above UB, fathomed
3692   845    38         131.7500   137.3500   4.2505     % 
UB: 137.35
branching on 1 with b.
3693   846    39         131.7500   137.3500   4.2505     % 
UB: 137.35
branching on 2 with b.
3694   847    40         131.7500   137.3500   4.2505     % 
LB close or above UB, fathomed
3695   846    40         131.7500   137.3500   4.2505     % 
UB: 137.35
branching on 3 with b.
3696   847    41         131.7500   137.3500   4.2505     % 
LB close or above UB, fathomed
3697   846    41         131.7500   137.3500   4.2505     % 
LB close or above UB, fathomed
3698   845    39         131.7500   137.3500   4.2505     % 
UB: 137.35
branching on 2 with b.
3699   846    40         131.7500   137.3500   4.2505     % 
LB close or above UB, fathomed
3700   845    40         131.7500   137.3500   4.2505     % 
UB: 137.35
branching on 3 with b.
3701   846    41         131.7500   137.3500   4.2505     % 
LB close or above UB, fathomed
3702   845    41         131.7500   137.3500   4.2505     % 
LB close or above UB, fathomed
3703   844    38         131.7500   137.3500   4.2505     % 
LB close or above UB, fathomed
3704   843    34         131.7500   137.3500   4.2505     % 
LB close or above UB, fathomed
3705   842    34         131.7500   137.3500   4.2505     % 
UB: 137.35
branching on CartesianIndex(1, 7) with c.
3706   843    35         131.7500   137.3500   4.2505     % 
UB: 137.35
branching on 2 with b.
3707   844    36         131.7500   137.3500   4.2505     % 
UB: 137.35
branching on CartesianIndex(2, 7) with c.
3708   845    36         131.7500   137.3500   4.2505     % 
UB: 137.35
branching on CartesianIndex(2, 7) with c.
3709   846    37         131.7500   137.3500   4.2505     % 
LB close or above UB, fathomed
3710   845    37         131.7500   137.3500   4.2505     % 
UB: 137.35
branching on 3 with b.
3711   846    38         131.7500   137.3500   4.2505     % 
UB: 137.35
branching on 1 with b.
3712   847    39         131.7500   137.3500   4.2505     % 
UB: 137.35
branching on 2 with b.
3713   848    39         131.7500   137.3500   4.2505     % 
UB: 137.35
branching on 2 with b.
3714   849    40         131.7500   137.3500   4.2505     % 
UB: 137.35
branching on 3 with b.
3715   850    41         131.7500   137.3500   4.2505     % 
LB close or above UB, fathomed
3716   849    41         131.7500   137.3500   4.2505     % 
LB close or above UB, fathomed
3717   848    40         131.7500   137.3500   4.2505     % 
UB: 137.35
branching on 3 with b.
3718   849    41         131.7500   137.3500   4.2505     % 
LB close or above UB, fathomed
3719   848    41         131.7500   137.3500   4.2505     % 
LB close or above UB, fathomed
3720   847    38         131.7500   137.3500   4.2505     % 
LB close or above UB, fathomed
3721   846    35         131.7500   137.3500   4.2505     % 
LB close or above UB, fathomed
3722   845    23         131.7500   137.3500   4.2505     % 
UB: 137.35
branching on CartesianIndex(2, 6) with c.
3723   846    24         131.7500   137.3500   4.2505     % 
LB close or above UB, fathomed
3724   845    24         131.7500   137.3500   4.2505     % 
UB: 137.35
branching on CartesianIndex(1, 7) with c.
3725   846    25         131.7500   137.3500   4.2505     % 
UB: 137.35
branching on CartesianIndex(2, 7) with c.
3726   847    26         131.7500   137.3500   4.2505     % 
UB: 137.35
branching on CartesianIndex(3, 7) with c.
3727   848    27         131.7500   137.3500   4.2505     % 
UB: 137.35
branching on CartesianIndex(4, 7) with c.
3728   849    28         131.7500   137.3500   4.2505     % 
UB: 137.35
branching on CartesianIndex(5, 7) with c.
3729   850    29         131.7500   137.3500   4.2505     % 
UB: 137.35
branching on 3 with b.
3730   851    30         131.7500   137.3500   4.2505     % 
LB close or above UB, fathomed
3731   850    30         131.7500   137.3500   4.2505     % 
UB: 137.35
branching on 1 with b.
3732   851    31         131.7500   137.3500   4.2505     % 
LB close or above UB, fathomed
3733   850    31         131.7500   137.3500   4.2505     % 
LB close or above UB, fathomed
3734   849    29         131.7500   137.3500   4.2505     % 
LB close or above UB, fathomed
3735   848    28         131.7500   137.3500   4.2505     % 
LB close or above UB, fathomed
3736   847    27         131.7500   137.3500   4.2505     % 
LB close or above UB, fathomed
3737   846    26         131.7500   137.3500   4.2505     % 
LB close or above UB, fathomed
3738   845    25         131.7500   137.3500   4.2505     % 
LB close or above UB, fathomed
3739   844    23         131.7500   137.3500   4.2505     % 
LB close or above UB, fathomed
3740   843    28         131.7500   137.3500   4.2505     % 
LB close or above UB, fathomed
3741   842    28         131.7500   137.3500   4.2505     % 
LB close or above UB, fathomed
3742   841    36         131.7500   137.3500   4.2505     % 
UB: 137.35
branching on CartesianIndex(5, 4) with c.
3743   842    37         131.7500   137.3500   4.2505     % 
UB: 137.35
branching on CartesianIndex(1, 5) with c.
3744   843    38         131.7500   137.3500   4.2505     % 
UB: 137.35
branching on CartesianIndex(2, 5) with c.
3745   844    39         131.7500   137.3500   4.2505     % 
LB close or above UB, fathomed
3746   843    39         131.7500   137.3500   4.2505     % 
UB: 137.35
branching on CartesianIndex(1, 6) with c.
3747   844    38         131.7500   137.3500   4.2505     % 
LB close or above UB, fathomed
3748   843    37         131.7500   137.3500   4.2505     % 
LB close or above UB, fathomed
3749   842    36         131.7500   137.3500   4.2505     % 
LB close or above UB, fathomed
3750   841    40         131.7500   137.3500   4.2505     % 
UB: 137.35
branching on CartesianIndex(2, 6) with c.
3751   842    40         131.7500   137.3500   4.2505     % 
LB close or above UB, fathomed
3752   841    29         131.7500   137.3500   4.2505     % 
UB: 137.35
branching on CartesianIndex(2, 6) with c.
3753   842    30         131.7500   137.3500   4.2505     % 
UB: 137.35
branching on CartesianIndex(3, 6) with c.
3754   843    31         131.7500   137.3500   4.2505     % 
UB: 137.35
branching on CartesianIndex(4, 6) with c.
3755   844    32         131.7500   137.3500   4.2505     % 
UB: 137.35
branching on CartesianIndex(5, 6) with c.
3756   845    32         131.7500   137.3500   4.2505     % 
LB close or above UB, fathomed
3757   844    31         131.7500   137.3500   4.2505     % 
LB close or above UB, fathomed
3758   843    30         131.7500   137.3500   4.2505     % 
LB close or above UB, fathomed
3759   842    29         131.7500   137.3500   4.2505     % 
LB close or above UB, fathomed
3760   841    36         131.7500   137.3500   4.2505     % 
UB: 137.35
branching on 1 with b.
3761   842    37         131.7500   137.3500   4.2505     % 
LB close or above UB, fathomed
3762   841    37         131.7500   137.3500   4.2505     % 
LB close or above UB, fathomed
3763   840    36         131.7500   137.3500   4.2505     % 
LB close or above UB, fathomed
3764   839    19         131.7500   137.3500   4.2505     % 
LB close or above UB, fathomed
3765   838    19         131.7500   137.3500   4.2505     % 
LB close or above UB, fathomed
3766   837    40         131.7500   137.3500   4.2505     % 
UB: 137.35
branching on 3 with b.
3767   838    40         131.7500   137.3500   4.2505     % 
UB: 137.35
branching on 3 with b.
3768   839    41         131.7500   137.3500   4.2505     % 
UB: 137.35
branching on 1 with b.
3769   839    42         131.7500   137.3500   4.2505     % 
UB: 137.35
branching on 2 with b.
3770   840    43         131.7500   137.3500   4.2505     % 
UB: 137.35
branching on 3 with b.
3771   841    43         131.7500   137.3500   4.2505     % 
UB: 137.35
branching on 3 with b.
3772   842    44         131.7500   137.3500   4.2505     % 
UB: 137.35
branching on 1 with b.
3773   842    44         131.7500   137.3500   4.2505     % 
LB close or above UB, fathomed
3774   841    41         131.7500   137.3500   4.2505     % 
LB close or above UB, fathomed
3775   840    17         131.7500   137.3500   4.2505     % 
UB: 137.35
branching on CartesianIndex(6, 2) with a.
3776   841    18         131.7500   137.3500   4.2505     % 
UB: 137.35
branching on 2 with b.
3777   842    19         131.7500   137.3500   4.2505     % 
UB: 137.35
branching on CartesianIndex(7, 2) with a.
3778   843    20         131.7500   137.3500   4.2505     % 
UB: 137.35
branching on CartesianIndex(8, 2) with a.
3779   844    21         131.7500   137.3500   4.2505     % 
LB close or above UB, fathomed
3780   843    21         131.7500   137.3500   4.2505     % 
UB: 137.35
branching on CartesianIndex(1, 3) with a.
3781   844    22         131.7500   137.3500   4.2505     % 
LB close or above UB, fathomed
3782   843    22         131.7500   137.3500   4.2505     % 
LB close or above UB, fathomed
3783   842    20         131.7500   137.3500   4.2505     % 
LB close or above UB, fathomed
3784   841    19         131.7500   137.3500   4.2505     % 
LB close or above UB, fathomed
3785   840    18         131.7500   137.3500   4.2505     % 
LB close or above UB, fathomed
3786   839    17         131.7500   137.3500   4.2505     % 
LB close or above UB, fathomed
3787   838    24         131.7500   137.3500   4.2505     % 
UB: 137.35
branching on CartesianIndex(6, 3) with a.
3788   839    24         131.7500   137.3500   4.2505     % 
LB close or above UB, fathomed
3789   838    18         131.7500   137.3500   4.2505     % 
LB close or above UB, fathomed
3790   837    18         131.7500   137.3500   4.2505     % 
UB: 137.35
branching on CartesianIndex(1, 3) with a.
3791   838    27         131.7500   137.3500   4.2505     % 
LB close or above UB, fathomed
3792   837    27         131.7500   137.3500   4.2505     % 
LB close or above UB, fathomed
3793   836    19         131.7500   137.3500   4.2505     % 
UB: 137.35
branching on CartesianIndex(1, 4) with c.
3794   837    20         131.7500   137.3500   4.2505     % 
LB close or above UB, fathomed
3795   836    20         131.7500   137.3500   4.2505     % 
LB close or above UB, fathomed
3796   835    19         131.7500   137.3500   4.2505     % 
LB close or above UB, fathomed
3797   834    26         131.7500   137.3500   4.2505     % 
LB close or above UB, fathomed
3798   833    26         131.7500   137.3500   4.2505     % 
UB: 137.35
branching on CartesianIndex(5, 3) with a.
3799   834    29         131.7500   137.3500   4.2505     % 
UB: 137.35
branching on CartesianIndex(6, 3) with a.
3800   835    29         131.7500   137.3500   4.2505     % 
LB close or above UB, fathomed
3801   834    27         131.7500   137.3500   4.2505     % 
UB: 137.35
branching on CartesianIndex(4, 4) with c.
3802   835    28         131.7500   137.3500   4.2505     % 
LB close or above UB, fathomed
3803   834    28         131.7500   137.3500   4.2505     % 
UB: 137.35
branching on CartesianIndex(1, 5) with c.
3804   835    29         131.7500   137.3500   4.2505     % 
UB: 137.35
branching on CartesianIndex(2, 5) with c.
3805   836    30         131.7500   137.3500   4.2505     % 
UB: 137.35
branching on 2 with b.
3806   837    31         131.7500   137.3500   4.2505     % 
UB: 137.35
branching on CartesianIndex(3, 5) with c.
3807   838    32         131.7500   137.3500   4.2505     % 
UB: 137.35
branching on CartesianIndex(4, 5) with c.
3808   839    33         131.7500   137.3500   4.2505     % 
UB: 137.35
branching on CartesianIndex(5, 5) with c.
3809   840    34         131.7500   137.3500   4.2505     % 
UB: 137.35
branching on 3 with b.
3810   841    35         131.7500   137.3500   4.2505     % 
LB close or above UB, fathomed
3811   840    35         131.7500   137.3500   4.2505     % 
UB: 137.35
branching on 1 with b.
3812   841    36         131.7500   137.3500   4.2505     % 
UB: 137.35
branching on CartesianIndex(1, 6) with c.
3813   842    36         131.7500   137.3500   4.2505     % 
UB: 137.35
branching on CartesianIndex(1, 6) with c.
3814   843    37         131.7500   137.3500   4.2505     % 
LB close or above UB, fathomed
3815   842    37         131.7500   137.3500   4.2505     % 
UB: 137.35
branching on CartesianIndex(1, 7) with c.
3816   843    38         131.7500   137.3500   4.2505     % 
UB: 137.35
branching on CartesianIndex(2, 7) with c.
3817   844    39         131.7500   137.3500   4.2505     % 
LB close or above UB, fathomed
3818   843    39         131.7500   137.3500   4.2505     % 
UB: 137.35
branching on 2 with b.
3819   844    40         131.7500   137.3500   4.2505     % 
UB: 137.35
branching on 3 with b.
3820   845    41         131.7500   137.3500   4.2505     % 
UB: 137.35
branching on 1 with b.
3821   846    42         131.7500   137.3500   4.2505     % 
UB: 137.35
branching on 2 with b.
3822   847    43         131.7500   137.3500   4.2505     % 
LB close or above UB, fathomed
3823   846    43         131.7500   137.3500   4.2505     % 
UB: 137.35
branching on 3 with b.
3824   847    42         131.7500   137.3500   4.2505     % 
UB: 137.35
branching on 2 with b.
3825   848    43         131.7500   137.3500   4.2505     % 
LB close or above UB, fathomed
3826   847    43         131.7500   137.3500   4.2505     % 
UB: 137.35
branching on 3 with b.
3827   848    41         131.7500   137.3500   4.2505     % 
LB close or above UB, fathomed
3828   847    40         131.7500   137.3500   4.2505     % 
UB: 137.35
branching on 3 with b.
3829   848    38         131.7500   137.3500   4.2505     % 
LB close or above UB, fathomed
3830   847    34         131.7500   137.3500   4.2505     % 
LB close or above UB, fathomed
3831   846    33         131.7500   137.3500   4.2505     % 
LB close or above UB, fathomed
3832   845    32         131.7500   137.3500   4.2505     % 
LB close or above UB, fathomed
3833   844    31         131.7500   137.3500   4.2505     % 
LB close or above UB, fathomed
3834   843    30         131.7500   137.3500   4.2505     % 
LB close or above UB, fathomed
3835   842    29         131.7500   137.3500   4.2505     % 
LB close or above UB, fathomed
3836   841    27         131.7500   137.3500   4.2505     % 
LB close or above UB, fathomed
3837   840    26         131.7500   137.3500   4.2505     % 
LB close or above UB, fathomed
3838   839    26         131.7500   137.3500   4.2505     % 
LB close or above UB, fathomed
3839   838    24         131.7500   137.3500   4.2505     % 
LB close or above UB, fathomed
3840   837    24         131.7500   137.3500   4.2505     % 
LB close or above UB, fathomed
3841   836    24         131.7500   137.3500   4.2505     % 
UB: 137.35
branching on CartesianIndex(3, 4) with c.
3842   837    24         131.7500   137.3500   4.2505     % 
LB close or above UB, fathomed
3843   836    21         131.7500   137.3500   4.2505     % 
UB: 137.35
branching on CartesianIndex(2, 4) with c.
3844   837    22         131.7500   137.3500   4.2505     % 
LB close or above UB, fathomed
3845   836    22         131.7500   137.3500   4.2505     % 
UB: 137.35
branching on CartesianIndex(1, 5) with c.
3846   837    21         131.7500   137.3500   4.2505     % 
LB close or above UB, fathomed
3847   836    21         131.7500   137.3500   4.2505     % 
UB: 137.35
branching on 3 with b.
3848   837    22         131.7500   137.3500   4.2505     % 
LB close or above UB, fathomed
3849   836    22         131.7500   137.3500   4.2505     % 
UB: 137.35
branching on CartesianIndex(2, 4) with c.
3850   837    23         131.7500   137.3500   4.2505     % 
UB: 137.35
branching on CartesianIndex(3, 4) with c.
3851   838    23         131.7500   137.3500   4.2505     % 
LB close or above UB, fathomed
3852   837    21         131.7500   137.3500   4.2505     % 
LB close or above UB, fathomed
3853   836    28         131.7500   137.3500   4.2505     % 
UB: 137.35
branching on CartesianIndex(5, 3) with a.
3854   837    29         131.7500   137.3500   4.2505     % 
UB: 137.35
branching on CartesianIndex(6, 3) with a.
3855   838    30         131.7500   137.3500   4.2505     % 
UB: 137.35
branching on CartesianIndex(7, 3) with a.
3856   839    30         131.7500   137.3500   4.2505     % 
LB close or above UB, fathomed
3857   838    29         131.7500   137.3500   4.2505     % 
LB close or above UB, fathomed
3858   837    28         131.7500   137.3500   4.2505     % 
LB close or above UB, fathomed
3859   836    32         131.7500   137.3500   4.2505     % 
LB close or above UB, fathomed
3860   835    32         131.7500   137.3500   4.2505     % 
UB: 137.35
branching on CartesianIndex(1, 5) with c.
3861   836    26         131.7500   137.3500   4.2505     % 
LB close or above UB, fathomed
3862   835    26         131.7500   137.3500   4.2505     % 
UB: 137.35
branching on 3 with b.
3863   836    27         131.7500   137.3500   4.2505     % 
UB: 137.35
branching on CartesianIndex(1, 6) with c.
3864   837    28         131.7500   137.3500   4.2505     % 
UB: 137.35
branching on CartesianIndex(2, 6) with c.
3865   838    29         131.7500   137.3500   4.2505     % 
UB: 137.35
branching on 1 with b.
3866   839    30         131.7500   137.3500   4.2505     % 
LB close or above UB, fathomed
3867   838    30         131.7500   137.3500   4.2505     % 
LB close or above UB, fathomed
3868   837    29         131.7500   137.3500   4.2505     % 
LB close or above UB, fathomed
3869   836    28         131.7500   137.3500   4.2505     % 
LB close or above UB, fathomed
3870   835    27         131.7500   137.3500   4.2505     % 
LB close or above UB, fathomed
3871   834    26         131.7500   137.3500   4.2505     % 
UB: 137.35
branching on CartesianIndex(2, 3) with a.
3872   835    27         131.7500   137.3500   4.2505     % 
UB: 137.35
branching on CartesianIndex(3, 3) with a.
3873   836    28         131.7500   137.3500   4.2505     % 
UB: 137.35
branching on CartesianIndex(4, 3) with a.
3874   837    29         131.7500   137.3500   4.2505     % 
UB: 137.35
branching on CartesianIndex(5, 3) with a.
3875   838    30         131.7500   137.3500   4.2505     % 
UB: 137.35
branching on CartesianIndex(6, 3) with a.
3876   839    31         131.7500   137.3500   4.2505     % 
UB: 137.35
branching on CartesianIndex(7, 3) with a.
3877   840    32         131.7500   137.3500   4.2505     % 
UB: 137.35
branching on 2 with b.
3878   841    33         131.7500   137.3500   4.2505     % 
UB: 137.35
branching on CartesianIndex(8, 3) with a.
3879   842    34         131.7500   137.3500   4.2505     % 
LB close or above UB, fathomed
3880   841    34         131.7500   137.3500   4.2505     % 
UB: 137.35
branching on CartesianIndex(1, 4) with c.
3881   842    35         131.7500   137.3500   4.2505     % 
LB close or above UB, fathomed
3882   841    35         131.7500   137.3500   4.2505     % 
LB close or above UB, fathomed
3883   840    33         131.7500   137.3500   4.2505     % 
LB close or above UB, fathomed
3884   839    32         131.7500   137.3500   4.2505     % 
LB close or above UB, fathomed
3885   838    31         131.7500   137.3500   4.2505     % 
LB close or above UB, fathomed
3886   837    30         131.7500   137.3500   4.2505     % 
LB close or above UB, fathomed
3887   836    29         131.7500   137.3500   4.2505     % 
UB: 137.35
branching on CartesianIndex(1, 4) with c.
3888   837    28         131.7500   137.3500   4.2505     % 
LB close or above UB, fathomed
3889   836    27         131.7500   137.3500   4.2505     % 
UB: 137.35
branching on 2 with b.
3890   837    28         131.7500   137.3500   4.2505     % 
UB: 137.35
branching on CartesianIndex(1, 4) with c.
3891   838    29         131.7500   137.3500   4.2505     % 
LB close or above UB, fathomed
3892   837    29         131.7500   137.3500   4.2505     % 
LB close or above UB, fathomed
3893   836    28         131.7500   137.3500   4.2505     % 
LB close or above UB, fathomed
3894   835    26         131.7500   137.3500   4.2505     % 
LB close or above UB, fathomed
3895   834    31         131.7500   137.3500   4.2505     % 
UB: 137.35
branching on CartesianIndex(2, 4) with c.
3896   835    31         131.7500   137.3500   4.2505     % 
LB close or above UB, fathomed
3897   834    30         131.7500   137.3500   4.2505     % 
UB: 137.35
branching on CartesianIndex(5, 3) with a.
3898   835    31         131.7500   137.3500   4.2505     % 
UB: 137.35
branching on CartesianIndex(6, 3) with a.
3899   836    32         131.7500   137.3500   4.2505     % 
UB: 137.35
branching on 1 with b.
3900   837    32         131.7500   137.3500   4.2505     % 
LB close or above UB, fathomed
3901   836    31         131.7500   137.3500   4.2505     % 
LB close or above UB, fathomed
3902   835    30         131.7500   137.3500   4.2505     % 
LB close or above UB, fathomed
3903   834    26         131.7500   137.3500   4.2505     % 
UB: 137.35
branching on CartesianIndex(1, 5) with c.
3904   835    27         131.7500   137.3500   4.2505     % 
UB: 137.35
branching on CartesianIndex(2, 5) with c.
3905   836    28         131.7500   137.3500   4.2505     % 
UB: 137.35
branching on CartesianIndex(3, 5) with c.
3906   837    29         131.7500   137.3500   4.2505     % 
UB: 137.35
branching on CartesianIndex(4, 5) with c.
3907   838    30         131.7500   137.3500   4.2505     % 
UB: 137.35
branching on CartesianIndex(5, 5) with c.
3908   839    30         131.7500   137.3500   4.2505     % 
LB close or above UB, fathomed
3909   838    29         131.7500   137.3500   4.2505     % 
LB close or above UB, fathomed
3910   837    28         131.7500   137.3500   4.2505     % 
LB close or above UB, fathomed
3911   836    27         131.7500   137.3500   4.2505     % 
LB close or above UB, fathomed
3912   835    26         131.7500   137.3500   4.2505     % 
LB close or above UB, fathomed
3913   834    25         131.7500   137.3500   4.2505     % 
UB: 137.35
branching on CartesianIndex(2, 4) with c.
3914   835    26         131.7500   137.3500   4.2505     % 
UB: 137.35
branching on CartesianIndex(3, 4) with c.
3915   836    27         131.7500   137.3500   4.2505     % 
UB: 137.35
branching on CartesianIndex(4, 4) with c.
3916   837    28         131.7500   137.3500   4.2505     % 
LB close or above UB, fathomed
3917   836    28         131.7500   137.3500   4.2505     % 
LB close or above UB, fathomed
3918   835    27         131.7500   137.3500   4.2505     % 
LB close or above UB, fathomed
3919   834    26         131.7500   137.3500   4.2505     % 
LB close or above UB, fathomed
3920   833    25         131.7500   137.3500   4.2505     % 
LB close or above UB, fathomed
3921   832    14         131.7500   137.3500   4.2505     % 
UB: 137.35
branching on CartesianIndex(2, 3) with a.
3922   833    15         131.7500   137.3500   4.2505     % 
UB: 137.35
branching on CartesianIndex(3, 3) with a.
3923   834    16         131.7500   137.3500   4.2505     % 
UB: 137.35
branching on CartesianIndex(4, 3) with a.
3924   835    17         131.7500   137.3500   4.2505     % 
UB: 137.35
branching on CartesianIndex(5, 3) with a.
3925   836    17         131.7500   137.3500   4.2505     % 
LB close or above UB, fathomed
3926   835    16         131.7500   137.3500   4.2505     % 
LB close or above UB, fathomed
3927   834    15         131.7500   137.3500   4.2505     % 
LB close or above UB, fathomed
3928   833    14         131.7500   137.3500   4.2505     % 
LB close or above UB, fathomed
3929   832    30         131.7500   137.3500   4.2505     % 
LB close or above UB, fathomed
3930   831    30         131.7500   137.3500   4.2505     % 
LB close or above UB, fathomed
3931   830    30         131.7500   137.3500   4.2505     % 
LB close or above UB, fathomed
3932   829    30         131.7500   137.3500   4.2505     % 
LB close or above UB, fathomed
3933   828    23         131.7500   137.3500   4.2505     % 
LB close or above UB, fathomed
3934   827    23         131.7500   137.3500   4.2505     % 
UB: 137.35
branching on CartesianIndex(1, 4) with c.
3935   828    21         131.7500   137.3500   4.2505     % 
LB close or above UB, fathomed
3936   827    21         131.7500   137.3500   4.2505     % 
LB close or above UB, fathomed
3937   826    21         131.7500   137.3500   4.2505     % 
UB: 137.35
branching on CartesianIndex(6, 3) with a.
3938   827    22         131.7500   137.3500   4.2505     % 
UB: 137.35
branching on 1 with b.
3939   828    23         131.7500   137.3500   4.2505     % 
LB close or above UB, fathomed
3940   827    23         131.7500   137.3500   4.2505     % 
UB: 137.35
branching on 2 with b.
3941   828    22         131.7500   137.3500   4.2505     % 
LB close or above UB, fathomed
3942   827    21         131.7500   137.3500   4.2505     % 
LB close or above UB, fathomed
3943   826    19         131.7500   137.3500   4.2505     % 
LB close or above UB, fathomed
3944   825    19         131.7500   137.3500   4.2505     % 
UB: 137.35
branching on CartesianIndex(1, 4) with c.
3945   826    20         131.7500   137.3500   4.2505     % 
LB close or above UB, fathomed
3946   825    20         131.7500   137.3500   4.2505     % 
UB: 137.35
branching on CartesianIndex(1, 5) with c.
3947   826    21         131.7500   137.3500   4.2505     % 
UB: 137.35
branching on CartesianIndex(2, 5) with c.
3948   827    22         131.7500   137.3500   4.2505     % 
LB close or above UB, fathomed
3949   826    22         131.7500   137.3500   4.2505     % 
UB: 137.35
branching on 2 with b.
3950   827    21         131.7500   137.3500   4.2505     % 
LB close or above UB, fathomed
3951   826    27         131.7500   137.3500   4.2505     % 
UB: 137.35
branching on CartesianIndex(2, 5) with c.
3952   827    28         131.7500   137.3500   4.2505     % 
LB close or above UB, fathomed
3953   826    28         131.7500   137.3500   4.2505     % 
UB: 137.35
branching on 1 with b.
3954   827    27         131.7500   137.3500   4.2505     % 
LB close or above UB, fathomed
3955   826    26         131.7500   137.3500   4.2505     % 
LB close or above UB, fathomed
3956   825    26         131.7500   137.3500   4.2505     % 
LB close or above UB, fathomed
3957   824    26         131.7500   137.3500   4.2505     % 
UB: 137.35
branching on CartesianIndex(2, 4) with c.
3958   825    27         131.7500   137.3500   4.2505     % 
LB close or above UB, fathomed
3959   824    27         131.7500   137.3500   4.2505     % 
UB: 137.35
branching on CartesianIndex(1, 5) with c.
3960   825    26         131.7500   137.3500   4.2505     % 
LB close or above UB, fathomed
3961   824    26         131.7500   137.3500   4.2505     % 
LB close or above UB, fathomed
3962   823    26         131.7500   137.3500   4.2505     % 
UB: 137.35
branching on 2 with b.
3963   824    27         131.7500   137.3500   4.2505     % 
LB close or above UB, fathomed
3964   823    27         131.7500   137.3500   4.2505     % 
UB: 137.35
branching on 3 with b.
3965   824    28         131.7500   137.3500   4.2505     % 
LB close or above UB, fathomed
3966   823    28         131.7500   137.3500   4.2505     % 
UB: 137.35
branching on CartesianIndex(1, 4) with c.
3967   824    29         131.7500   137.3500   4.2505     % 
UB: 137.35
branching on 1 with b.
3968   825    30         131.7500   137.3500   4.2505     % 
LB close or above UB, fathomed
3969   824    30         131.7500   137.3500   4.2505     % 
UB: 137.35
branching on CartesianIndex(2, 4) with c.
3970   825    31         131.7500   137.3500   4.2505     % 
UB: 137.35
branching on CartesianIndex(3, 4) with c.
3971   826    32         131.7500   137.3500   4.2505     % 
UB: 137.35
branching on CartesianIndex(4, 4) with c.
3972   827    33         131.7500   137.3500   4.2505     % 
UB: 137.35
branching on CartesianIndex(5, 4) with c.
3973   828    34         131.7500   137.3500   4.2505     % 
UB: 137.35
branching on CartesianIndex(1, 5) with c.
3974   829    35         131.7500   137.3500   4.2505     % 
UB: 137.35
branching on CartesianIndex(2, 5) with c.
3975   830    36         131.7500   137.3500   4.2505     % 
LB close or above UB, fathomed
3976   829    36         131.7500   137.3500   4.2505     % 
UB: 137.35
branching on CartesianIndex(1, 6) with c.
3977   830    35         131.7500   137.3500   4.2505     % 
LB close or above UB, fathomed
3978   829    34         131.7500   137.3500   4.2505     % 
LB close or above UB, fathomed
3979   828    33         131.7500   137.3500   4.2505     % 
LB close or above UB, fathomed
3980   827    32         131.7500   137.3500   4.2505     % 
LB close or above UB, fathomed
3981   826    31         131.7500   137.3500   4.2505     % 
LB close or above UB, fathomed
3982   825    29         131.7500   137.3500   4.2505     % 
LB close or above UB, fathomed
3983   824    41         131.7500   137.3500   4.2505     % 
UB: 137.35
branching on 2 with b.
3984   825    42         131.7500   137.3500   4.2505     % 
LB close or above UB, fathomed
3985   824    42         131.7500   137.3500   4.2505     % 
UB: 137.35
branching on 3 with b.
3986   825    43         131.7500   137.3500   4.2505     % 
UB: 137.35
branching on 1 with b.
3987   826    44         131.7500   137.3500   4.2505     % 
UB: 137.35
branching on 2 with b.
3988   827    45         131.7500   137.3500   4.2505     % 
UB: 137.35
branching on 3 with b.
3989   828    45         131.7500   137.3500   4.2505     % 
UB: 137.35
branching on 3 with b.
3990   829    46         131.7500   137.3500   4.2505     % 
LB close or above UB, fathomed
3991   828    46         131.7500   137.3500   4.2505     % 
UB: 137.35
branching on 1 with b.
3992   829    47         131.7500   137.3500   4.2505     % 
UB: 137.35
branching on 2 with b.
3993   830    47         131.7500   137.3500   4.2505     % 
LB close or above UB, fathomed
3994   829    44         131.7500   137.3500   4.2505     % 
LB close or above UB, fathomed
3995   828    43         131.7500   137.3500   4.2505     % 
UB: 137.35
branching on 1 with b.
3996   829    44         131.7500   137.3500   4.2505     % 
UB: 137.35
branching on 2 with b.
3997   830    45         131.7500   137.3500   4.2505     % 
UB: 137.35
branching on 3 with b.
3998   831    45         131.7500   137.3500   4.2505     % 
UB: 137.35
branching on 3 with b.
3999   832    46         131.7500   137.3500   4.2505     % 
UB: 137.35
branching on 1 with b.
4000   833    47         131.7500   137.3500   4.2505     % 
UB: 137.35
branching on 2 with b.
4001   834    47         131.7500   137.3500   4.2505     % 
LB close or above UB, fathomed
4002   833    46         131.7500   137.3500   4.2505     % 
LB close or above UB, fathomed
4003   832    44         131.7500   137.3500   4.2505     % 
LB close or above UB, fathomed
4004   831    41         131.7500   137.3500   4.2505     % 
LB close or above UB, fathomed
4005   830    26         131.7500   137.3500   4.2505     % 
UB: 137.35
branching on 3 with b.
4006   831    27         131.7500   137.3500   4.2505     % 
LB close or above UB, fathomed
4007   830    27         131.7500   137.3500   4.2505     % 
UB: 137.35
branching on CartesianIndex(1, 4) with c.
4008   831    28         131.7500   137.3500   4.2505     % 
UB: 137.35
branching on CartesianIndex(2, 4) with c.
4009   832    29         131.7500   137.3500   4.2505     % 
LB close or above UB, fathomed
4010   831    29         131.7500   137.3500   4.2505     % 
LB close or above UB, fathomed
4011   830    28         131.7500   137.3500   4.2505     % 
LB close or above UB, fathomed
4012   829    26         131.7500   137.3500   4.2505     % 
LB close or above UB, fathomed
4013   828    37         131.7500   137.3500   4.2505     % 
UB: 137.35
branching on 2 with b.
4014   829    38         131.7500   137.3500   4.2505     % 
LB close or above UB, fathomed
4015   828    38         131.7500   137.3500   4.2505     % 
UB: 137.35
branching on 3 with b.
4016   829    39         131.7500   137.3500   4.2505     % 
UB: 137.35
branching on 1 with b.
4017   830    40         131.7500   137.3500   4.2505     % 
UB: 137.35
branching on 2 with b.
4018   831    41         131.7500   137.3500   4.2505     % 
UB: 137.35
branching on 3 with b.
4019   832    41         131.7500   137.3500   4.2505     % 
LB close or above UB, fathomed
4020   831    40         131.7500   137.3500   4.2505     % 
LB close or above UB, fathomed
4021   830    39         131.7500   137.3500   4.2505     % 
UB: 137.35
branching on 1 with b.
4022   831    40         131.7500   137.3500   4.2505     % 
UB: 137.35
branching on 2 with b.
4023   832    41         131.7500   137.3500   4.2505     % 
UB: 137.35
branching on 3 with b.
4024   833    41         131.7500   137.3500   4.2505     % 
LB close or above UB, fathomed
4025   832    40         131.7500   137.3500   4.2505     % 
LB close or above UB, fathomed
4026   831    37         131.7500   137.3500   4.2505     % 
LB close or above UB, fathomed
4027   830    17         131.7500   137.3500   4.2505     % 
UB: 137.35
branching on CartesianIndex(2, 5) with c.
4028   831    18         131.7500   137.3500   4.2505     % 
LB close or above UB, fathomed
4029   830    18         131.7500   137.3500   4.2505     % 
LB close or above UB, fathomed
4030   829    17         131.7500   137.3500   4.2505     % 
LB close or above UB, fathomed
4031   828    18         131.7500   137.3500   4.2505     % 
UB: 137.35
branching on CartesianIndex(2, 4) with c.
4032   829    19         131.7500   137.3500   4.2505     % 
LB close or above UB, fathomed
4033   828    19         131.7500   137.3500   4.2505     % 
LB close or above UB, fathomed
4034   827    18         131.7500   137.3500   4.2505     % 
LB close or above UB, fathomed
4035   826    19         131.7500   137.3500   4.2505     % 
UB: 137.35
branching on CartesianIndex(7, 3) with a.
4036   827    20         131.7500   137.3500   4.2505     % 
UB: 137.35
branching on CartesianIndex(8, 3) with a.
4037   828    21         131.7500   137.3500   4.2505     % 
LB close or above UB, fathomed
4038   827    21         131.7500   137.3500   4.2505     % 
UB: 137.35
branching on CartesianIndex(1, 4) with c.
4039   828    20         131.7500   137.3500   4.2505     % 
LB close or above UB, fathomed
4040   827    19         131.7500   137.3500   4.2505     % 
LB close or above UB, fathomed
4041   826    24         131.7500   137.3500   4.2505     % 
LB close or above UB, fathomed
4042   825    24         131.7500   137.3500   4.2505     % 
UB: 137.35
branching on CartesianIndex(1, 6) with c.
4043   826    25         131.7500   137.3500   4.2505     % 
LB close or above UB, fathomed
4044   825    25         131.7500   137.3500   4.2505     % 
LB close or above UB, fathomed
4045   824    26         131.7500   137.3500   4.2505     % 
UB: 137.35
branching on CartesianIndex(8, 3) with a.
4046   825    27         131.7500   137.3500   4.2505     % 
LB close or above UB, fathomed
4047   824    27         131.7500   137.3500   4.2505     % 
UB: 137.35
branching on CartesianIndex(1, 4) with c.
4048   825    26         131.7500   137.3500   4.2505     % 
LB close or above UB, fathomed
4049   824    30         131.7500   137.3500   4.2505     % 
UB: 137.35
branching on CartesianIndex(1, 5) with c.
4050   825    31         131.7500   137.3500   4.2505     % 
UB: 137.35
branching on CartesianIndex(2, 5) with c.
4051   826    32         131.7500   137.3500   4.2505     % 
LB close or above UB, fathomed
4052   825    32         131.7500   137.3500   4.2505     % 
UB: 137.35
branching on CartesianIndex(1, 6) with c.
4053   826    31         131.7500   137.3500   4.2505     % 
LB close or above UB, fathomed
4054   825    30         131.7500   137.3500   4.2505     % 
LB close or above UB, fathomed
4055   824    17         131.7500   137.3500   4.2505     % 
UB: 137.35
branching on CartesianIndex(8, 1) with a.
4056   825    18         131.7500   137.3500   4.2505     % 
LB close or above UB, fathomed
4057   824    18         131.7500   137.3500   4.2505     % 
UB: 137.35
branching on CartesianIndex(1, 2) with a.
4058   825    19         131.7500   137.3500   4.2505     % 
UB: 137.35
branching on CartesianIndex(2, 2) with a.
4059   826    20         131.7500   137.3500   4.2505     % 
UB: 137.35
branching on CartesianIndex(3, 2) with a.
4060   827    20         131.7500   137.3500   4.2505     % 
LB close or above UB, fathomed
4061   826    19         131.7500   137.3500   4.2505     % 
LB close or above UB, fathomed
4062   825    17         131.7500   137.3500   4.2505     % 
LB close or above UB, fathomed
4063   824    25         131.7500   137.3500   4.2505     % 
LB close or above UB, fathomed
4064   823    25         131.7500   137.3500   4.2505     % 
UB: 137.35
branching on CartesianIndex(5, 4) with c.
4065   824    26         131.7500   137.3500   4.2505     % 
UB: 137.35
branching on CartesianIndex(1, 5) with c.
4066   825    26         131.7500   137.3500   4.2505     % 
LB close or above UB, fathomed
4067   824    23         131.7500   137.3500   4.2505     % 
UB: 137.35
branching on CartesianIndex(2, 5) with c.
4068   825    24         131.7500   137.3500   4.2505     % 
UB: 137.35
branching on 2 with b.
4069   826    25         131.7500   137.3500   4.2505     % 
LB close or above UB, fathomed
4070   825    25         131.7500   137.3500   4.2505     % 
UB: 137.35
branching on CartesianIndex(3, 5) with c.
4071   826    26         131.7500   137.3500   4.2505     % 
UB: 137.35
branching on CartesianIndex(4, 5) with c.
4072   827    27         131.7500   137.3500   4.2505     % 
UB: 137.35
branching on CartesianIndex(5, 5) with c.
4073   828    28         131.7500   137.3500   4.2505     % 
UB: 137.35
branching on CartesianIndex(1, 6) with c.
4074   829    29         131.7500   137.3500   4.2505     % 
LB close or above UB, fathomed
4075   828    29         131.7500   137.3500   4.2505     % 
UB: 137.35
branching on CartesianIndex(1, 7) with c.
4076   829    30         131.7500   137.3500   4.2505     % 
UB: 137.35
branching on CartesianIndex(2, 7) with c.
4077   830    31         131.7500   137.3500   4.2505     % 
LB close or above UB, fathomed
4078   829    31         131.7500   137.3500   4.2505     % 
UB: 137.35
branching on 3 with b.
4079   830    32         131.7500   137.3500   4.2505     % 
LB close or above UB, fathomed
4080   829    32         131.7500   137.3500   4.2505     % 
UB: 137.35
branching on 1 with b.
4081   830    30         131.7500   137.3500   4.2505     % 
LB close or above UB, fathomed
4082   829    28         131.7500   137.3500   4.2505     % 
LB close or above UB, fathomed
4083   828    27         131.7500   137.3500   4.2505     % 
LB close or above UB, fathomed
4084   827    26         131.7500   137.3500   4.2505     % 
LB close or above UB, fathomed
4085   826    24         131.7500   137.3500   4.2505     % 
LB close or above UB, fathomed
4086   825    23         131.7500   137.3500   4.2505     % 
LB close or above UB, fathomed
4087   824    26         131.7500   137.3500   4.2505     % 
UB: 137.35
branching on CartesianIndex(3, 3) with a.
4088   825    27         131.7500   137.3500   4.2505     % 
UB: 137.35
branching on CartesianIndex(4, 3) with a.
4089   826    28         131.7500   137.3500   4.2505     % 
UB: 137.35
branching on CartesianIndex(5, 3) with a.
4090   827    29         131.7500   137.3500   4.2505     % 
UB: 137.35
branching on CartesianIndex(6, 3) with a.
4091   828    30         131.7500   137.3500   4.2505     % 
LB close or above UB, fathomed
4092   827    30         131.7500   137.3500   4.2505     % 
LB close or above UB, fathomed
4093   826    29         131.7500   137.3500   4.2505     % 
LB close or above UB, fathomed
4094   825    28         131.7500   137.3500   4.2505     % 
LB close or above UB, fathomed
4095   824    27         131.7500   137.3500   4.2505     % 
LB close or above UB, fathomed
4096   823    26         131.7500   137.3500   4.2505     % 
LB close or above UB, fathomed
4097   822    29         131.7500   137.3500   4.2505     % 
UB: 137.35
branching on CartesianIndex(2, 5) with c.
4098   823    29         131.7500   137.3500   4.2505     % 
LB close or above UB, fathomed
4099   822    49         131.7500   137.3500   4.2505     % 
UB: 137.35
branching on 2 with b.
4100   822    50         131.7500   137.3500   4.2505     % 
UB: 137.35
branching on 3 with b.
4101   823    51         131.7500   137.3500   4.2505     % 
LB close or above UB, fathomed
4102   822    51         131.7500   137.3500   4.2505     % 
UB: 137.35
branching on 1 with b.
4103   823    52         131.7500   137.3500   4.2505     % 
UB: 137.35
branching on 2 with b.
4104   824    53         131.7500   137.3500   4.2505     % 
UB: 137.35
branching on 3 with b.
4105   825    54         131.7500   137.3500   4.2505     % 
LB close or above UB, fathomed
4106   824    54         131.7500   137.3500   4.2505     % 
UB: 137.35
branching on 1 with b.
4107   824    53         131.7500   137.3500   4.2505     % 
UB: 137.35
branching on 3 with b.
4108   825    52         131.7500   137.3500   4.2505     % 
UB: 137.35
branching on 2 with b.
4109   826    53         131.7500   137.3500   4.2505     % 
UB: 137.35
branching on 3 with b.
4110   827    54         131.7500   137.3500   4.2505     % 
LB close or above UB, fathomed
4111   826    54         131.7500   137.3500   4.2505     % 
UB: 137.35
branching on 1 with b.
4112   826    53         131.7500   137.3500   4.2505     % 
UB: 137.35
branching on 3 with b.
4113   827    49         131.7500   137.3500   4.2505     % 
UB: 137.35
branching on 2 with b.
4114   827    49         131.7500   137.3500   4.2505     % 
LB close or above UB, fathomed
4115   826    38         131.7500   137.3500   4.2505     % 
UB: 137.35
branching on 1 with b.
4116   827    39         131.7500   137.3500   4.2505     % 
UB: 137.35
branching on 2 with b.
4117   828    40         131.7500   137.3500   4.2505     % 
UB: 137.35
branching on 3 with b.
4118   829    40         131.7500   137.3500   4.2505     % 
UB: 137.35
branching on 3 with b.
4119   830    41         131.7500   137.3500   4.2505     % 
UB: 137.35
branching on 1 with b.
4120   831    42         131.7500   137.3500   4.2505     % 
UB: 137.35
branching on 2 with b.
4121   832    42         131.7500   137.3500   4.2505     % 
UB: 137.35
branching on 2 with b.
4122   833    41         131.7500   137.3500   4.2505     % 
LB close or above UB, fathomed
4123   832    39         131.7500   137.3500   4.2505     % 
LB close or above UB, fathomed
4124   831    38         131.7500   137.3500   4.2505     % 
LB close or above UB, fathomed
4125   830    27         131.7500   137.3500   4.2505     % 
LB close or above UB, fathomed
4126   829    27         131.7500   137.3500   4.2505     % 
LB close or above UB, fathomed
4127   828    25         131.7500   137.3500   4.2505     % 
UB: 137.35
branching on CartesianIndex(7, 3) with a.
4128   829    26         131.7500   137.3500   4.2505     % 
LB close or above UB, fathomed
4129   828    26         131.7500   137.3500   4.2505     % 
UB: 137.35
branching on 1 with b.
4130   829    27         131.7500   137.3500   4.2505     % 
LB close or above UB, fathomed
4131   828    27         131.7500   137.3500   4.2505     % 
LB close or above UB, fathomed
4132   827    25         131.7500   137.3500   4.2505     % 
LB close or above UB, fathomed
4133   826    21         131.7500   137.3500   4.2505     % 
UB: 137.35
branching on 3 with b.
4134   827    22         131.7500   137.3500   4.2505     % 
UB: 137.35
branching on CartesianIndex(2, 3) with a.
4135   828    22         131.7500   137.3500   4.2505     % 
LB close or above UB, fathomed
4136   827    21         131.7500   137.3500   4.2505     % 
LB close or above UB, fathomed
4137   826    21         131.7500   137.3500   4.2505     % 
UB: 137.35
branching on CartesianIndex(5, 2) with a.
4138   827    22         131.7500   137.3500   4.2505     % 
LB close or above UB, fathomed
4139   826    22         131.7500   137.3500   4.2505     % 
LB close or above UB, fathomed
4140   825    21         131.7500   137.3500   4.2505     % 
LB close or above UB, fathomed
4141   824    49         131.7500   137.3500   4.2505     % 
UB: 137.35
branching on 2 with b.
4142   825    50         131.7500   137.3500   4.2505     % 
UB: 137.35
branching on 3 with b.
4143   826    50         131.7500   137.3500   4.2505     % 
UB: 137.35
branching on 3 with b.
4144   827    51         131.7500   137.3500   4.2505     % 
LB close or above UB, fathomed
4145   826    51         131.7500   137.3500   4.2505     % 
UB: 137.35
branching on 1 with b.
4146   827    52         131.7500   137.3500   4.2505     % 
UB: 137.35
branching on 2 with b.
4147   827    53         131.7500   137.3500   4.2505     % 
UB: 137.35
branching on 3 with b.
4148   828    54         131.7500   137.3500   4.2505     % 
LB close or above UB, fathomed
4149   827    54         131.7500   137.3500   4.2505     % 
UB: 137.35
branching on 1 with b.
4150   827    52         131.7500   137.3500   4.2505     % 
UB: 137.35
branching on 2 with b.
4151   827    53         131.7500   137.3500   4.2505     % 
UB: 137.35
branching on 3 with b.
4152   828    54         131.7500   137.3500   4.2505     % 
LB close or above UB, fathomed
4153   827    54         131.7500   137.3500   4.2505     % 
UB: 137.35
branching on 1 with b.
4154   827    48         131.7500   137.3500   4.2505     % 
UB: 137.35
branching on 1 with b.
4155   827    48         131.7500   137.3500   4.2505     % 
LB close or above UB, fathomed
4156   826    49         131.7500   137.3500   4.2505     % 
UB: 137.35
branching on 2 with b.
4157   827    49         131.7500   137.3500   4.2505     % 
LB close or above UB, fathomed
4158   826    48         131.7500   137.3500   4.2505     % 
UB: 137.35
branching on 1 with b.
4159   827    48         131.7500   137.3500   4.2505     % 
LB close or above UB, fathomed
4160   826    54         131.7500   137.3500   4.2505     % 
LB close or above UB, fathomed
4161   825    54         131.7500   137.3500   4.2505     % 
UB: 137.35
branching on 1 with b.
4162   826    55         131.7500   137.3500   4.2505     % 
UB: 137.35
branching on 2 with b.
4163   826    55         131.7500   137.3500   4.2505     % 
UB: 137.35
branching on 2 with b.
4164   826    56         131.7500   137.3500   4.2505     % 
UB: 137.35
branching on 3 with b.
4165   827    57         131.7500   137.3500   4.2505     % 
LB close or above UB, fathomed
4166   826    57         131.7500   137.3500   4.2505     % 
UB: 137.35
branching on 1 with b.
4167   826    49         131.7500   137.3500   4.2505     % 
UB: 137.35
branching on 2 with b.
4168   827    50         131.7500   137.3500   4.2505     % 
UB: 137.35
branching on 3 with b.
4169   828    50         131.7500   137.3500   4.2505     % 
UB: 137.35
branching on 3 with b.
4170   829    51         131.7500   137.3500   4.2505     % 
LB close or above UB, fathomed
4171   828    51         131.7500   137.3500   4.2505     % 
UB: 137.35
branching on 1 with b.
4172   828    52         131.7500   137.3500   4.2505     % 
UB: 137.35
branching on 2 with b.
4173   829    53         131.7500   137.3500   4.2505     % 
UB: 137.35
branching on 3 with b.
4174   830    54         131.7500   137.3500   4.2505     % 
LB close or above UB, fathomed
4175   829    54         131.7500   137.3500   4.2505     % 
UB: 137.35
branching on 1 with b.
4176   830    53         131.7500   137.3500   4.2505     % 
UB: 137.35
branching on 3 with b.
4177   831    54         131.7500   137.3500   4.2505     % 
LB close or above UB, fathomed
4178   830    54         131.7500   137.3500   4.2505     % 
UB: 137.35
branching on 1 with b.
4179   831    55         131.7500   137.3500   4.2505     % 
UB: 137.35
branching on 2 with b.
4180   831    55         131.7500   137.3500   4.2505     % 
UB: 137.35
branching on 2 with b.
4181   831    56         131.7500   137.3500   4.2505     % 
UB: 137.35
branching on 3 with b.
4182   832    57         131.7500   137.3500   4.2505     % 
LB close or above UB, fathomed
4183   831    57         131.7500   137.3500   4.2505     % 
UB: 137.35
branching on 1 with b.
4184   831    51         131.7500   137.3500   4.2505     % 
LB close or above UB, fathomed
4185   830    51         131.7500   137.3500   4.2505     % 
UB: 137.35
branching on 1 with b.
4186   830    52         131.7500   137.3500   4.2505     % 
UB: 137.35
branching on 2 with b.
4187   830    53         131.7500   137.3500   4.2505     % 
UB: 137.35
branching on 3 with b.
4188   831    54         131.7500   137.3500   4.2505     % 
LB close or above UB, fathomed
4189   830    54         131.7500   137.3500   4.2505     % 
UB: 137.35
branching on 1 with b.
4190   831    28         131.7500   137.3500   4.2505     % 
LB close or above UB, fathomed
4191   830    28         131.7500   137.3500   4.2505     % 
LB close or above UB, fathomed
4192   829    46         131.7500   137.3500   4.2505     % 
UB: 137.35
branching on 3 with b.
4193   830    46         131.7500   137.3500   4.2505     % 
UB: 137.35
branching on 3 with b.
4194   831    47         131.7500   137.3500   4.2505     % 
LB close or above UB, fathomed
4195   830    47         131.7500   137.3500   4.2505     % 
LB close or above UB, fathomed
4196   829    46         131.7500   137.3500   4.2505     % 
UB: 137.35
branching on 3 with b.
4197   830    46         131.7500   137.3500   4.2505     % 
UB: 137.35
branching on 3 with b.
4198   831    47         131.7500   137.3500   4.2505     % 
LB close or above UB, fathomed
4199   830    47         131.7500   137.3500   4.2505     % 
LB close or above UB, fathomed
4200   829    46         131.7500   137.3500   4.2505     % 
UB: 137.35
branching on 3 with b.
4201   830    47         131.7500   137.3500   4.2505     % 
LB close or above UB, fathomed
4202   829    47         131.7500   137.3500   4.2505     % 
LB close or above UB, fathomed
4203   828    46         131.7500   137.3500   4.2505     % 
LB close or above UB, fathomed
4204   827    46         131.7500   137.3500   4.2505     % 
UB: 137.35
branching on 3 with b.
4205   828    47         131.7500   137.3500   4.2505     % 
LB close or above UB, fathomed
4206   827    47         131.7500   137.3500   4.2505     % 
LB close or above UB, fathomed
4207   826    46         131.7500   137.3500   4.2505     % 
LB close or above UB, fathomed
4208   825    22         131.7500   137.3500   4.2505     % 
UB: 137.35
branching on CartesianIndex(2, 4) with c.
4209   826    23         131.7500   137.3500   4.2505     % 
LB close or above UB, fathomed
4210   825    23         131.7500   137.3500   4.2505     % 
UB: 137.35
branching on CartesianIndex(1, 5) with c.
4211   826    22         131.7500   137.3500   4.2505     % 
LB close or above UB, fathomed
4212   825    25         131.7500   137.3500   4.2505     % 
UB: 137.35
branching on CartesianIndex(2, 4) with c.
4213   826    26         131.7500   137.3500   4.2505     % 
UB: 137.35
branching on CartesianIndex(3, 4) with c.
4214   827    26         131.7500   137.3500   4.2505     % 
LB close or above UB, fathomed
4215   826    25         131.7500   137.3500   4.2505     % 
LB close or above UB, fathomed
4216   825    18         131.7500   137.3500   4.2505     % 
UB: 137.35
branching on CartesianIndex(6, 3) with a.
4217   826    19         131.7500   137.3500   4.2505     % 
LB close or above UB, fathomed
4218   825    19         131.7500   137.3500   4.2505     % 
LB close or above UB, fathomed
4219   824    18         131.7500   137.3500   4.2505     % 
LB close or above UB, fathomed
4220   823    22         131.7500   137.3500   4.2505     % 
UB: 137.35
branching on 2 with b.
4221   824    22         131.7500   137.3500   4.2505     % 
LB close or above UB, fathomed
4222   823    28         131.7500   137.3500   4.2505     % 
UB: 137.35
branching on CartesianIndex(2, 3) with a.
4223   824    29         131.7500   137.3500   4.2505     % 
UB: 137.35
branching on CartesianIndex(3, 3) with a.
4224   825    30         131.7500   137.3500   4.2505     % 
UB: 137.35
branching on CartesianIndex(4, 3) with a.
4225   826    30         131.7500   137.3500   4.2505     % 
LB close or above UB, fathomed
4226   825    29         131.7500   137.3500   4.2505     % 
LB close or above UB, fathomed
4227   824    28         131.7500   137.3500   4.2505     % 
LB close or above UB, fathomed
4228   823    29         131.7500   137.3500   4.2505     % 
UB: 137.35
branching on CartesianIndex(2, 6) with c.
4229   824    30         131.7500   137.3500   4.2505     % 
UB: 137.35
branching on 1 with b.
4230   825    31         131.7500   137.3500   4.2505     % 
LB close or above UB, fathomed
4231   824    31         131.7500   137.3500   4.2505     % 
LB close or above UB, fathomed
4232   823    30         131.7500   137.3500   4.2505     % 
LB close or above UB, fathomed
4233   822    29         131.7500   137.3500   4.2505     % 
LB close or above UB, fathomed
4234   821    22         131.7500   137.3500   4.2505     % 
UB: 137.35
branching on CartesianIndex(2, 4) with c.
4235   822    23         131.7500   137.3500   4.2505     % 
LB close or above UB, fathomed
4236   821    23         131.7500   137.3500   4.2505     % 
LB close or above UB, fathomed
4237   820    22         131.7500   137.3500   4.2505     % 
LB close or above UB, fathomed
4238   819    32         131.7500   137.3500   4.2505     % 
LB close or above UB, fathomed
4239   818    32         131.7500   137.3500   4.2505     % 
UB: 137.35
branching on CartesianIndex(1, 7) with c.
4240   819    27         131.7500   137.3500   4.2505     % 
LB close or above UB, fathomed
4241   818    27         131.7500   137.3500   4.2505     % 
UB: 137.35
branching on CartesianIndex(1, 4) with c.
4242   819    30         131.7500   137.3500   4.2505     % 
UB: 137.35
branching on CartesianIndex(2, 5) with c.
4243   820    31         131.7500   137.3500   4.2505     % 
UB: 137.35
branching on CartesianIndex(3, 5) with c.
4244   821    32         131.7500   137.3500   4.2505     % 
UB: 137.35
branching on CartesianIndex(4, 5) with c.
4245   822    33         131.7500   137.3500   4.2505     % 
UB: 137.35
branching on CartesianIndex(5, 5) with c.
4246   823    34         131.7500   137.3500   4.2505     % 
UB: 137.35
branching on CartesianIndex(1, 6) with c.
4247   824    35         131.7500   137.3500   4.2505     % 
LB close or above UB, fathomed
4248   823    35         131.7500   137.3500   4.2505     % 
UB: 137.35
branching on CartesianIndex(1, 7) with c.
4249   824    36         131.7500   137.3500   4.2505     % 
UB: 137.35
branching on 2 with b.
4250   825    37         131.7500   137.3500   4.2505     % 
UB: 137.35
branching on CartesianIndex(2, 7) with c.
4251   826    38         131.7500   137.3500   4.2505     % 
LB close or above UB, fathomed
4252   825    38         131.7500   137.3500   4.2505     % 
UB: 137.35
branching on 3 with b.
4253   826    39         131.7500   137.3500   4.2505     % 
UB: 137.35
branching on 1 with b.
4254   827    40         131.7500   137.3500   4.2505     % 
UB: 137.35
branching on 2 with b.
4255   828    41         131.7500   137.3500   4.2505     % 
LB close or above UB, fathomed
4256   827    41         131.7500   137.3500   4.2505     % 
UB: 137.35
branching on 3 with b.
4257   828    42         131.7500   137.3500   4.2505     % 
LB close or above UB, fathomed
4258   827    42         131.7500   137.3500   4.2505     % 
LB close or above UB, fathomed
4259   826    40         131.7500   137.3500   4.2505     % 
LB close or above UB, fathomed
4260   825    39         131.7500   137.3500   4.2505     % 
LB close or above UB, fathomed
4261   824    37         131.7500   137.3500   4.2505     % 
UB: 137.35
branching on CartesianIndex(2, 7) with c.
4262   825    38         131.7500   137.3500   4.2505     % 
LB close or above UB, fathomed
4263   824    38         131.7500   137.3500   4.2505     % 
UB: 137.35
branching on 3 with b.
4264   825    39         131.7500   137.3500   4.2505     % 
UB: 137.35
branching on 1 with b.
4265   826    40         131.7500   137.3500   4.2505     % 
UB: 137.35
branching on 2 with b.
4266   827    41         131.7500   137.3500   4.2505     % 
UB: 137.35
branching on 3 with b.
4267   828    42         131.7500   137.3500   4.2505     % 
LB close or above UB, fathomed
4268   827    42         131.7500   137.3500   4.2505     % 
LB close or above UB, fathomed
4269   826    41         131.7500   137.3500   4.2505     % 
LB close or above UB, fathomed
4270   825    40         131.7500   137.3500   4.2505     % 
LB close or above UB, fathomed
4271   824    39         131.7500   137.3500   4.2505     % 
LB close or above UB, fathomed
4272   823    36         131.7500   137.3500   4.2505     % 
LB close or above UB, fathomed
4273   822    34         131.7500   137.3500   4.2505     % 
LB close or above UB, fathomed
4274   821    33         131.7500   137.3500   4.2505     % 
LB close or above UB, fathomed
4275   820    32         131.7500   137.3500   4.2505     % 
LB close or above UB, fathomed
4276   819    31         131.7500   137.3500   4.2505     % 
LB close or above UB, fathomed
4277   818    30         131.7500   137.3500   4.2505     % 
LB close or above UB, fathomed
4278   817    26         131.7500   137.3500   4.2505     % 
LB close or above UB, fathomed
4279   816    26         131.7500   137.3500   4.2505     % 
UB: 137.35
branching on CartesianIndex(1, 5) with c.
4280   817    27         131.7500   137.3500   4.2505     % 
UB: 137.35
branching on CartesianIndex(2, 5) with c.
4281   818    28         131.7500   137.3500   4.2505     % 
LB close or above UB, fathomed
4282   817    28         131.7500   137.3500   4.2505     % 
UB: 137.35
branching on CartesianIndex(1, 6) with c.
4283   818    29         131.7500   137.3500   4.2505     % 
UB: 137.35
branching on 1 with b.
4284   819    30         131.7500   137.3500   4.2505     % 
LB close or above UB, fathomed
4285   818    30         131.7500   137.3500   4.2505     % 
LB close or above UB, fathomed
4286   817    29         131.7500   137.3500   4.2505     % 
LB close or above UB, fathomed
4287   816    27         131.7500   137.3500   4.2505     % 
LB close or above UB, fathomed
4288   815    28         131.7500   137.3500   4.2505     % 
UB: 137.35
branching on CartesianIndex(6, 3) with a.
4289   816    29         131.7500   137.3500   4.2505     % 
UB: 137.35
branching on CartesianIndex(7, 3) with a.
4290   817    30         131.7500   137.3500   4.2505     % 
UB: 137.35
branching on CartesianIndex(8, 3) with a.
4291   818    31         131.7500   137.3500   4.2505     % 
LB close or above UB, fathomed
4292   817    31         131.7500   137.3500   4.2505     % 
UB: 137.35
branching on CartesianIndex(1, 4) with c.
4293   818    32         131.7500   137.3500   4.2505     % 
LB close or above UB, fathomed
4294   817    32         131.7500   137.3500   4.2505     % 
UB: 137.35
branching on 1 with b.
4295   818    33         131.7500   137.3500   4.2505     % 
LB close or above UB, fathomed
4296   817    33         131.7500   137.3500   4.2505     % 
LB close or above UB, fathomed
4297   816    30         131.7500   137.3500   4.2505     % 
LB close or above UB, fathomed
4298   815    29         131.7500   137.3500   4.2505     % 
LB close or above UB, fathomed
4299   814    28         131.7500   137.3500   4.2505     % 
LB close or above UB, fathomed
4300   813    31         131.7500   137.3500   4.2505     % 
UB: 137.35
branching on CartesianIndex(8, 3) with a.
4301   814    32         131.7500   137.3500   4.2505     % 
LB close or above UB, fathomed
4302   813    32         131.7500   137.3500   4.2505     % 
UB: 137.35
branching on CartesianIndex(1, 4) with c.
4303   814    33         131.7500   137.3500   4.2505     % 
LB close or above UB, fathomed
4304   813    33         131.7500   137.3500   4.2505     % 
UB: 137.35
branching on CartesianIndex(1, 5) with c.
4305   814    34         131.7500   137.3500   4.2505     % 
UB: 137.35
branching on CartesianIndex(2, 5) with c.
4306   815    35         131.7500   137.3500   4.2505     % 
LB close or above UB, fathomed
4307   814    35         131.7500   137.3500   4.2505     % 
UB: 137.35
branching on CartesianIndex(1, 6) with c.
4308   815    36         131.7500   137.3500   4.2505     % 
LB close or above UB, fathomed
4309   814    36         131.7500   137.3500   4.2505     % 
LB close or above UB, fathomed
4310   813    34         131.7500   137.3500   4.2505     % 
LB close or above UB, fathomed
4311   812    31         131.7500   137.3500   4.2505     % 
LB close or above UB, fathomed
4312   811    15         131.7500   137.3500   4.2505     % 
UB: 137.35
branching on CartesianIndex(1, 3) with a.
4313   812    16         131.7500   137.3500   4.2505     % 
UB: 137.35
branching on CartesianIndex(2, 3) with a.
4314   813    17         131.7500   137.3500   4.2505     % 
UB: 137.35
branching on 1 with b.
4315   813    18         131.7500   137.3500   4.2505     % 
UB: 137.35
branching on 2 with b.
4316   814    19         131.7500   137.3500   4.2505     % 
UB: 137.35
branching on CartesianIndex(3, 3) with a.
4317   815    19         131.7500   137.3500   4.2505     % 
LB close or above UB, fathomed
4318   814    17         131.7500   137.3500   4.2505     % 
LB close or above UB, fathomed
4319   813    16         131.7500   137.3500   4.2505     % 
LB close or above UB, fathomed
4320   812    15         131.7500   137.3500   4.2505     % 
LB close or above UB, fathomed
4321   811    20         131.7500   137.3500   4.2505     % 
UB: 137.35
branching on CartesianIndex(2, 4) with c.
4322   812    21         131.7500   137.3500   4.2505     % 
LB close or above UB, fathomed
4323   811    21         131.7500   137.3500   4.2505     % 
UB: 137.35
branching on CartesianIndex(1, 5) with c.
4324   812    20         131.7500   137.3500   4.2505     % 
LB close or above UB, fathomed
4325   811    23         131.7500   137.3500   4.2505     % 
UB: 137.35
branching on CartesianIndex(2, 4) with c.
4326   812    24         131.7500   137.3500   4.2505     % 
UB: 137.35
branching on CartesianIndex(3, 4) with c.
4327   813    25         131.7500   137.3500   4.2505     % 
UB: 137.35
branching on CartesianIndex(4, 4) with c.
4328   814    26         131.7500   137.3500   4.2505     % 
UB: 137.35
branching on CartesianIndex(5, 4) with c.
4329   815    27         131.7500   137.3500   4.2505     % 
UB: 137.35
branching on CartesianIndex(1, 5) with c.
4330   816    28         131.7500   137.3500   4.2505     % 
UB: 137.35
branching on 1 with b.
4331   816    29         131.7500   137.3500   4.2505     % 
UB: 137.35
branching on CartesianIndex(2, 5) with c.
4332   817    30         131.7500   137.3500   4.2505     % 
LB close or above UB, fathomed
4333   816    30         131.7500   137.3500   4.2505     % 
UB: 137.35
branching on 2 with b.
4334   817    28         131.7500   137.3500   4.2505     % 
LB close or above UB, fathomed
4335   816    27         131.7500   137.3500   4.2505     % 
LB close or above UB, fathomed
4336   815    26         131.7500   137.3500   4.2505     % 
LB close or above UB, fathomed
4337   814    25         131.7500   137.3500   4.2505     % 
LB close or above UB, fathomed
4338   813    24         131.7500   137.3500   4.2505     % 
LB close or above UB, fathomed
4339   812    23         131.7500   137.3500   4.2505     % 
LB close or above UB, fathomed
4340   811    25         131.7500   137.3500   4.2505     % 
LB close or above UB, fathomed
4341   810    25         131.7500   137.3500   4.2505     % 
UB: 137.35
branching on CartesianIndex(1, 4) with c.
4342   811    26         131.7500   137.3500   4.2505     % 
UB: 137.35
branching on CartesianIndex(2, 4) with c.
4343   812    27         131.7500   137.3500   4.2505     % 
UB: 137.35
branching on CartesianIndex(3, 4) with c.
4344   813    28         131.7500   137.3500   4.2505     % 
UB: 137.35
branching on 1 with b.
4345   814    29         131.7500   137.3500   4.2505     % 
UB: 137.35
branching on CartesianIndex(4, 4) with c.
4346   815    30         131.7500   137.3500   4.2505     % 
UB: 137.35
branching on CartesianIndex(5, 4) with c.
4347   816    30         131.7500   137.3500   4.2505     % 
LB close or above UB, fathomed
4348   815    29         131.7500   137.3500   4.2505     % 
UB: 137.35
branching on CartesianIndex(4, 4) with c.
4349   816    30         131.7500   137.3500   4.2505     % 
UB: 137.35
branching on CartesianIndex(5, 4) with c.
4350   817    31         131.7500   137.3500   4.2505     % 
UB: 137.35
branching on CartesianIndex(1, 5) with c.
4351   818    32         131.7500   137.3500   4.2505     % 
UB: 137.35
branching on CartesianIndex(2, 5) with c.
4352   819    33         131.7500   137.3500   4.2505     % 
LB close or above UB, fathomed
4353   818    33         131.7500   137.3500   4.2505     % 
UB: 137.35
branching on CartesianIndex(1, 6) with c.
4354   819    32         131.7500   137.3500   4.2505     % 
LB close or above UB, fathomed
4355   818    31         131.7500   137.3500   4.2505     % 
LB close or above UB, fathomed
4356   817    30         131.7500   137.3500   4.2505     % 
LB close or above UB, fathomed
4357   816    28         131.7500   137.3500   4.2505     % 
LB close or above UB, fathomed
4358   815    27         131.7500   137.3500   4.2505     % 
LB close or above UB, fathomed
4359   814    26         131.7500   137.3500   4.2505     % 
LB close or above UB, fathomed
4360   813    19         131.7500   137.3500   4.2505     % 
UB: 137.35
branching on CartesianIndex(1, 4) with c.
4361   814    20         131.7500   137.3500   4.2505     % 
UB: 137.35
branching on CartesianIndex(2, 4) with c.
4362   815    21         131.7500   137.3500   4.2505     % 
LB close or above UB, fathomed
4363   814    21         131.7500   137.3500   4.2505     % 
UB: 137.35
branching on CartesianIndex(1, 5) with c.
4364   815    20         131.7500   137.3500   4.2505     % 
LB close or above UB, fathomed
4365   814    19         131.7500   137.3500   4.2505     % 
LB close or above UB, fathomed
4366   813    26         131.7500   137.3500   4.2505     % 
UB: 137.35
branching on CartesianIndex(4, 3) with a.
4367   814    27         131.7500   137.3500   4.2505     % 
LB close or above UB, fathomed
4368   813    27         131.7500   137.3500   4.2505     % 
LB close or above UB, fathomed
4369   812    26         131.7500   137.3500   4.2505     % 
LB close or above UB, fathomed
4370   811    30         131.7500   137.3500   4.2505     % 
UB: 137.35
branching on CartesianIndex(2, 5) with c.
4371   812    31         131.7500   137.3500   4.2505     % 
UB: 137.35
branching on 2 with b.
4372   813    32         131.7500   137.3500   4.2505     % 
UB: 137.35
branching on CartesianIndex(3, 5) with c.
4373   814    33         131.7500   137.3500   4.2505     % 
UB: 137.35
branching on CartesianIndex(4, 5) with c.
4374   815    34         131.7500   137.3500   4.2505     % 
UB: 137.35
branching on CartesianIndex(5, 5) with c.
4375   816    34         131.7500   137.3500   4.2505     % 
LB close or above UB, fathomed
4376   815    33         131.7500   137.3500   4.2505     % 
LB close or above UB, fathomed
4377   814    32         131.7500   137.3500   4.2505     % 
UB: 137.35
branching on CartesianIndex(3, 5) with c.
4378   815    31         131.7500   137.3500   4.2505     % 
LB close or above UB, fathomed
4379   814    30         131.7500   137.3500   4.2505     % 
LB close or above UB, fathomed
4380   813    30         131.7500   137.3500   4.2505     % 
UB: 137.35
branching on CartesianIndex(4, 4) with c.
4381   814    31         131.7500   137.3500   4.2505     % 
LB close or above UB, fathomed
4382   813    31         131.7500   137.3500   4.2505     % 
UB: 137.35
branching on CartesianIndex(1, 5) with c.
4383   814    30         131.7500   137.3500   4.2505     % 
LB close or above UB, fathomed
4384   813    32         131.7500   137.3500   4.2505     % 
LB close or above UB, fathomed
4385   812    32         131.7500   137.3500   4.2505     % 
UB: 137.35
branching on 3 with b.
4386   813    33         131.7500   137.3500   4.2505     % 
UB: 137.35
branching on 1 with b.
4387   814    34         131.7500   137.3500   4.2505     % 
LB close or above UB, fathomed
4388   813    34         131.7500   137.3500   4.2505     % 
UB: 137.35
branching on 2 with b.
4389   814    33         131.7500   137.3500   4.2505     % 
LB close or above UB, fathomed
4390   813    32         131.7500   137.3500   4.2505     % 
LB close or above UB, fathomed
4391   812    32         131.7500   137.3500   4.2505     % 
UB: 137.35
branching on 3 with b.
4392   813    33         131.7500   137.3500   4.2505     % 
UB: 137.35
branching on 1 with b.
4393   814    34         131.7500   137.3500   4.2505     % 
UB: 137.35
branching on 2 with b.
4394   815    35         131.7500   137.3500   4.2505     % 
LB close or above UB, fathomed
4395   814    35         131.7500   137.3500   4.2505     % 
UB: 137.35
branching on 3 with b.
4396   815    36         131.7500   137.3500   4.2505     % 
LB close or above UB, fathomed
4397   814    36         131.7500   137.3500   4.2505     % 
LB close or above UB, fathomed
4398   813    34         131.7500   137.3500   4.2505     % 
LB close or above UB, fathomed
4399   812    33         131.7500   137.3500   4.2505     % 
LB close or above UB, fathomed
4400   811    23         131.7500   137.3500   4.2505     % 
UB: 137.35
branching on CartesianIndex(1, 3) with a.
4401   812    24         131.7500   137.3500   4.2505     % 
UB: 137.35
branching on CartesianIndex(2, 3) with a.
4402   813    25         131.7500   137.3500   4.2505     % 
UB: 137.35
branching on CartesianIndex(3, 3) with a.
4403   814    26         131.7500   137.3500   4.2505     % 
UB: 137.35
branching on CartesianIndex(4, 3) with a.
4404   815    27         131.7500   137.3500   4.2505     % 
LB close or above UB, fathomed
4405   814    27         131.7500   137.3500   4.2505     % 
LB close or above UB, fathomed
4406   813    26         131.7500   137.3500   4.2505     % 
LB close or above UB, fathomed
4407   812    25         131.7500   137.3500   4.2505     % 
LB close or above UB, fathomed
4408   811    24         131.7500   137.3500   4.2505     % 
LB close or above UB, fathomed
4409   810    23         131.7500   137.3500   4.2505     % 
LB close or above UB, fathomed
4410   809    23         131.7500   137.3500   4.2505     % 
UB: 137.35
branching on CartesianIndex(2, 3) with a.
4411   810    24         131.7500   137.3500   4.2505     % 
UB: 137.35
branching on CartesianIndex(3, 3) with a.
4412   811    25         131.7500   137.3500   4.2505     % 
UB: 137.35
branching on CartesianIndex(4, 3) with a.
4413   812    25         131.7500   137.3500   4.2505     % 
LB close or above UB, fathomed
4414   811    24         131.7500   137.3500   4.2505     % 
LB close or above UB, fathomed
4415   810    23         131.7500   137.3500   4.2505     % 
LB close or above UB, fathomed
4416   809    20         131.7500   137.3500   4.2505     % 
UB: 137.35
branching on 3 with b.
4417   810    21         131.7500   137.3500   4.2505     % 
LB close or above UB, fathomed
4418   809    21         131.7500   137.3500   4.2505     % 
UB: 137.35
branching on 1 with b.
4419   810    22         131.7500   137.3500   4.2505     % 
UB: 137.35
branching on CartesianIndex(4, 3) with a.
4420   811    22         131.7500   137.3500   4.2505     % 
UB: 137.35
branching on CartesianIndex(4, 3) with a.
4421   812    20         131.7500   137.3500   4.2505     % 
LB close or above UB, fathomed
4422   811    30         131.7500   137.3500   4.2505     % 
UB: 137.35
branching on CartesianIndex(6, 3) with a.
4423   812    31         131.7500   137.3500   4.2505     % 
UB: 137.35
branching on CartesianIndex(7, 3) with a.
4424   813    31         131.7500   137.3500   4.2505     % 
LB close or above UB, fathomed
4425   812    30         131.7500   137.3500   4.2505     % 
LB close or above UB, fathomed
4426   811    17         131.7500   137.3500   4.2505     % 
UB: 137.35
branching on CartesianIndex(2, 2) with a.
4427   812    18         131.7500   137.3500   4.2505     % 
UB: 137.35
branching on CartesianIndex(3, 2) with a.
4428   813    19         131.7500   137.3500   4.2505     % 
LB close or above UB, fathomed
4429   812    19         131.7500   137.3500   4.2505     % 
UB: 137.35
branching on 3 with b.
4430   813    18         131.7500   137.3500   4.2505     % 
LB close or above UB, fathomed
4431   812    17         131.7500   137.3500   4.2505     % 
LB close or above UB, fathomed
4432   811    16         131.7500   137.3500   4.2505     % 
UB: 137.35
branching on 1 with b.
4433   812    17         131.7500   137.3500   4.2505     % 
UB: 137.35
branching on CartesianIndex(5, 3) with a.
4434   813    18         131.7500   137.3500   4.2505     % 
UB: 137.35
branching on 2 with b.
4435   814    19         131.7500   137.3500   4.2505     % 
LB close or above UB, fathomed
4436   813    19         131.7500   137.3500   4.2505     % 
UB: 137.35
branching on CartesianIndex(6, 3) with a.
4437   814    20         131.7500   137.3500   4.2505     % 
LB close or above UB, fathomed
4438   813    20         131.7500   137.3500   4.2505     % 
LB close or above UB, fathomed
4439   812    18         131.7500   137.3500   4.2505     % 
LB close or above UB, fathomed
4440   811    17         131.7500   137.3500   4.2505     % 
UB: 137.35
branching on CartesianIndex(5, 3) with a.
4441   812    18         131.7500   137.3500   4.2505     % 
UB: 137.35
branching on CartesianIndex(6, 3) with a.
4442   813    19         131.7500   137.3500   4.2505     % 
LB close or above UB, fathomed
4443   812    19         131.7500   137.3500   4.2505     % 
LB close or above UB, fathomed
4444   811    18         131.7500   137.3500   4.2505     % 
LB close or above UB, fathomed
4445   810    16         131.7500   137.3500   4.2505     % 
LB close or above UB, fathomed
4446   809    20         131.7500   137.3500   4.2505     % 
UB: 137.35
branching on CartesianIndex(2, 3) with a.
4447   810    21         131.7500   137.3500   4.2505     % 
UB: 137.35
branching on 1 with b.
4448   811    22         131.7500   137.3500   4.2505     % 
UB: 137.35
branching on 2 with b.
4449   812    23         131.7500   137.3500   4.2505     % 
UB: 137.35
branching on 3 with b.
4450   813    24         131.7500   137.3500   4.2505     % 
LB close or above UB, fathomed
4451   812    24         131.7500   137.3500   4.2505     % 
UB: 137.35
branching on CartesianIndex(3, 3) with a.
4452   813    23         131.7500   137.3500   4.2505     % 
LB close or above UB, fathomed
4453   812    22         131.7500   137.3500   4.2505     % 
LB close or above UB, fathomed
4454   811    21         131.7500   137.3500   4.2505     % 
LB close or above UB, fathomed
4455   810    20         131.7500   137.3500   4.2505     % 
LB close or above UB, fathomed
4456   809    30         131.7500   137.3500   4.2505     % 
UB: 137.35
branching on CartesianIndex(1, 5) with c.
4457   810    31         131.7500   137.3500   4.2505     % 
UB: 137.35
branching on 3 with b.
4458   811    32         131.7500   137.3500   4.2505     % 
UB: 137.35
branching on CartesianIndex(2, 5) with c.
4459   812    33         131.7500   137.3500   4.2505     % 
UB: 137.35
branching on 1 with b.
4460   813    34         131.7500   137.3500   4.2505     % 
UB: 137.35
branching on 2 with b.
4461   814    34         131.7500   137.3500   4.2505     % 
LB close or above UB, fathomed
4462   813    33         131.7500   137.3500   4.2505     % 
LB close or above UB, fathomed
4463   812    32         131.7500   137.3500   4.2505     % 
LB close or above UB, fathomed
4464   811    31         131.7500   137.3500   4.2505     % 
LB close or above UB, fathomed
4465   810    30         131.7500   137.3500   4.2505     % 
UB: 137.35
branching on CartesianIndex(1, 5) with c.
4466   811    31         131.7500   137.3500   4.2505     % 
UB: 137.35
branching on CartesianIndex(2, 5) with c.
4467   812    32         131.7500   137.3500   4.2505     % 
UB: 137.35
branching on CartesianIndex(3, 5) with c.
4468   813    33         131.7500   137.3500   4.2505     % 
UB: 137.35
branching on CartesianIndex(4, 5) with c.
4469   814    34         131.7500   137.3500   4.2505     % 
UB: 137.35
branching on CartesianIndex(5, 5) with c.
4470   815    35         131.7500   137.3500   4.2505     % 
UB: 137.35
branching on CartesianIndex(1, 6) with c.
4471   816    36         131.7500   137.3500   4.2505     % 
LB close or above UB, fathomed
4472   815    36         131.7500   137.3500   4.2505     % 
UB: 137.35
branching on CartesianIndex(1, 7) with c.
4473   816    37         131.7500   137.3500   4.2505     % 
UB: 137.35
branching on CartesianIndex(2, 7) with c.
4474   817    38         131.7500   137.3500   4.2505     % 
LB close or above UB, fathomed
4475   816    38         131.7500   137.3500   4.2505     % 
UB: 137.35
branching on 3 with b.
4476   817    39         131.7500   137.3500   4.2505     % 
UB: 137.35
branching on 1 with b.
4477   818    40         131.7500   137.3500   4.2505     % 
UB: 137.35
branching on 2 with b.
4478   819    41         131.7500   137.3500   4.2505     % 
UB: 137.35
branching on 3 with b.
4479   820    42         131.7500   137.3500   4.2505     % 
LB close or above UB, fathomed
4480   819    42         131.7500   137.3500   4.2505     % 
LB close or above UB, fathomed
4481   818    41         131.7500   137.3500   4.2505     % 
LB close or above UB, fathomed
4482   817    40         131.7500   137.3500   4.2505     % 
LB close or above UB, fathomed
4483   816    39         131.7500   137.3500   4.2505     % 
LB close or above UB, fathomed
4484   815    37         131.7500   137.3500   4.2505     % 
LB close or above UB, fathomed
4485   814    35         131.7500   137.3500   4.2505     % 
LB close or above UB, fathomed
4486   813    34         131.7500   137.3500   4.2505     % 
LB close or above UB, fathomed
4487   812    33         131.7500   137.3500   4.2505     % 
LB close or above UB, fathomed
4488   811    32         131.7500   137.3500   4.2505     % 
LB close or above UB, fathomed
4489   810    31         131.7500   137.3500   4.2505     % 
LB close or above UB, fathomed
4490   809    28         131.7500   137.3500   4.2505     % 
LB close or above UB, fathomed
4491   808    28         131.7500   137.3500   4.2505     % 
UB: 137.35
branching on CartesianIndex(7, 3) with a.
4492   809    29         131.7500   137.3500   4.2505     % 
LB close or above UB, fathomed
4493   808    29         131.7500   137.3500   4.2505     % 
UB: 137.35
branching on CartesianIndex(1, 4) with c.
4494   809    30         131.7500   137.3500   4.2505     % 
UB: 137.35
branching on CartesianIndex(2, 4) with c.
4495   810    31         131.7500   137.3500   4.2505     % 
UB: 137.35
branching on CartesianIndex(3, 4) with c.
4496   811    31         131.7500   137.3500   4.2505     % 
LB close or above UB, fathomed
4497   810    30         131.7500   137.3500   4.2505     % 
LB close or above UB, fathomed
4498   809    22         131.7500   137.3500   4.2505     % 
UB: 137.35
branching on CartesianIndex(6, 3) with a.
4499   810    23         131.7500   137.3500   4.2505     % 
LB close or above UB, fathomed
4500   809    23         131.7500   137.3500   4.2505     % 
LB close or above UB, fathomed
4501   808    22         131.7500   137.3500   4.2505     % 
LB close or above UB, fathomed
4502   807    20         131.7500   137.3500   4.2505     % 
UB: 137.35
branching on CartesianIndex(3, 3) with a.
4503   808    21         131.7500   137.3500   4.2505     % 
LB close or above UB, fathomed
4504   807    21         131.7500   137.3500   4.2505     % 
UB: 137.35
branching on CartesianIndex(1, 4) with c.
4505   808    20         131.7500   137.3500   4.2505     % 
LB close or above UB, fathomed
4506   807    18         131.7500   137.3500   4.2505     % 
LB close or above UB, fathomed
4507   806    18         131.7500   137.3500   4.2505     % 
UB: 137.35
branching on 1 with b.
4508   807    19         131.7500   137.3500   4.2505     % 
UB: 137.35
branching on CartesianIndex(1, 4) with c.
4509   808    20         131.7500   137.3500   4.2505     % 
LB close or above UB, fathomed
4510   807    20         131.7500   137.3500   4.2505     % 
LB close or above UB, fathomed
4511   806    19         131.7500   137.3500   4.2505     % 
LB close or above UB, fathomed
4512   805    24         131.7500   137.3500   4.2505     % 
UB: 137.35
branching on CartesianIndex(2, 3) with a.
4513   806    25         131.7500   137.3500   4.2505     % 
UB: 137.35
branching on CartesianIndex(3, 3) with a.
4514   807    26         131.7500   137.3500   4.2505     % 
LB close or above UB, fathomed
4515   806    26         131.7500   137.3500   4.2505     % 
UB: 137.35
branching on 3 with b.
4516   807    27         131.7500   137.3500   4.2505     % 
UB: 137.35
branching on CartesianIndex(1, 4) with c.
4517   808    27         131.7500   137.3500   4.2505     % 
LB close or above UB, fathomed
4518   807    25         131.7500   137.3500   4.2505     % 
LB close or above UB, fathomed
4519   806    24         131.7500   137.3500   4.2505     % 
LB close or above UB, fathomed
4520   805    24         131.7500   137.3500   4.2505     % 
UB: 137.35
branching on CartesianIndex(7, 2) with a.
4521   806    24         131.7500   137.3500   4.2505     % 
UB: 137.35
branching on CartesianIndex(7, 2) with a.
4522   807    29         131.7500   137.3500   4.2505     % 
UB: 137.35
branching on CartesianIndex(6, 3) with a.
4523   808    30         131.7500   137.3500   4.2505     % 
UB: 137.35
branching on CartesianIndex(7, 3) with a.
4524   809    31         131.7500   137.3500   4.2505     % 
LB close or above UB, fathomed
4525   808    31         131.7500   137.3500   4.2505     % 
UB: 137.35
branching on 1 with b.
4526   809    32         131.7500   137.3500   4.2505     % 
UB: 137.35
branching on CartesianIndex(1, 4) with c.
4527   810    33         131.7500   137.3500   4.2505     % 
UB: 137.35
branching on CartesianIndex(2, 4) with c.
4528   811    34         131.7500   137.3500   4.2505     % 
UB: 137.35
branching on CartesianIndex(3, 4) with c.
4529   812    35         131.7500   137.3500   4.2505     % 
UB: 137.35
branching on CartesianIndex(4, 4) with c.
4530   813    36         131.7500   137.3500   4.2505     % 
UB: 137.35
branching on CartesianIndex(5, 4) with c.
4531   814    37         131.7500   137.3500   4.2505     % 
UB: 137.35
branching on CartesianIndex(1, 5) with c.
4532   815    38         131.7500   137.3500   4.2505     % 
UB: 137.35
branching on CartesianIndex(2, 5) with c.
4533   816    39         131.7500   137.3500   4.2505     % 
LB close or above UB, fathomed
4534   815    39         131.7500   137.3500   4.2505     % 
UB: 137.35
branching on CartesianIndex(1, 6) with c.
4535   816    38         131.7500   137.3500   4.2505     % 
LB close or above UB, fathomed
4536   815    37         131.7500   137.3500   4.2505     % 
LB close or above UB, fathomed
4537   814    36         131.7500   137.3500   4.2505     % 
LB close or above UB, fathomed
4538   813    35         131.7500   137.3500   4.2505     % 
LB close or above UB, fathomed
4539   812    34         131.7500   137.3500   4.2505     % 
LB close or above UB, fathomed
4540   811    33         131.7500   137.3500   4.2505     % 
LB close or above UB, fathomed
4541   810    32         131.7500   137.3500   4.2505     % 
LB close or above UB, fathomed
4542   809    30         131.7500   137.3500   4.2505     % 
LB close or above UB, fathomed
4543   808    29         131.7500   137.3500   4.2505     % 
LB close or above UB, fathomed
4544   807    22         131.7500   137.3500   4.2505     % 
LB close or above UB, fathomed
4545   806    22         131.7500   137.3500   4.2505     % 
UB: 137.35
branching on CartesianIndex(1, 4) with c.
4546   807    23         131.7500   137.3500   4.2505     % 
LB close or above UB, fathomed
4547   806    23         131.7500   137.3500   4.2505     % 
LB close or above UB, fathomed
4548   805    23         131.7500   137.3500   4.2505     % 
UB: 137.35
branching on CartesianIndex(6, 3) with a.
4549   806    24         131.7500   137.3500   4.2505     % 
UB: 137.35
branching on CartesianIndex(7, 3) with a.
4550   807    25         131.7500   137.3500   4.2505     % 
LB close or above UB, fathomed
4551   806    25         131.7500   137.3500   4.2505     % 
LB close or above UB, fathomed
4552   805    24         131.7500   137.3500   4.2505     % 
LB close or above UB, fathomed
4553   804    23         131.7500   137.3500   4.2505     % 
LB close or above UB, fathomed
4554   803    17         131.7500   137.3500   4.2505     % 
LB close or above UB, fathomed
4555   802    17         131.7500   137.3500   4.2505     % 
LB close or above UB, fathomed
4556   801    44         131.7500   137.3500   4.2505     % 
LB close or above UB, fathomed
4557   800    44         131.7500   137.3500   4.2505     % 
UB: 137.35
branching on 3 with b.
4558   801    45         131.7500   137.3500   4.2505     % 
UB: 137.35
branching on 1 with b.
4559   802    46         131.7500   137.3500   4.2505     % 
LB close or above UB, fathomed
4560   801    46         131.7500   137.3500   4.2505     % 
UB: 137.35
branching on 2 with b.
4561   802    47         131.7500   137.3500   4.2505     % 
UB: 137.35
branching on 3 with b.
4562   803    47         131.7500   137.3500   4.2505     % 
UB: 137.35
branching on 3 with b.
4563   804    48         131.7500   137.3500   4.2505     % 
UB: 137.35
branching on 1 with b.
4564   805    48         131.7500   137.3500   4.2505     % 
LB close or above UB, fathomed
4565   804    45         131.7500   137.3500   4.2505     % 
LB close or above UB, fathomed
4566   803    45         131.7500   137.3500   4.2505     % 
UB: 137.35
branching on 1 with b.
4567   803    46         131.7500   137.3500   4.2505     % 
UB: 137.35
branching on 2 with b.
4568   804    47         131.7500   137.3500   4.2505     % 
UB: 137.35
branching on 3 with b.
4569   805    48         131.7500   137.3500   4.2505     % 
UB: 137.35
branching on 1 with b.
4570   805    48         131.7500   137.3500   4.2505     % 
LB close or above UB, fathomed
4571   804    47         131.7500   137.3500   4.2505     % 
LB close or above UB, fathomed
4572   803    45         131.7500   137.3500   4.2505     % 
LB close or above UB, fathomed
4573   802    44         131.7500   137.3500   4.2505     % 
UB: 137.35
branching on 3 with b.
4574   803    45         131.7500   137.3500   4.2505     % 
UB: 137.35
branching on 1 with b.
4575   804    46         131.7500   137.3500   4.2505     % 
LB close or above UB, fathomed
4576   803    46         131.7500   137.3500   4.2505     % 
UB: 137.35
branching on 2 with b.
4577   803    47         131.7500   137.3500   4.2505     % 
UB: 137.35
branching on 3 with b.
4578   804    48         131.7500   137.3500   4.2505     % 
UB: 137.35
branching on 1 with b.
4579   805    48         131.7500   137.3500   4.2505     % 
LB close or above UB, fathomed
4580   804    45         131.7500   137.3500   4.2505     % 
LB close or above UB, fathomed
4581   803    44         131.7500   137.3500   4.2505     % 
LB close or above UB, fathomed
4582   802    19         131.7500   137.3500   4.2505     % 
UB: 137.35
branching on CartesianIndex(3, 2) with a.
4583   803    20         131.7500   137.3500   4.2505     % 
LB close or above UB, fathomed
4584   802    20         131.7500   137.3500   4.2505     % 
UB: 137.35
branching on CartesianIndex(1, 3) with a.
4585   803    19         131.7500   137.3500   4.2505     % 
LB close or above UB, fathomed
4586   802    20         131.7500   137.3500   4.2505     % 
LB close or above UB, fathomed
4587   801    20         131.7500   137.3500   4.2505     % 
LB close or above UB, fathomed
4588   800    25         131.7500   137.3500   4.2505     % 
LB close or above UB, fathomed
4589   799    25         131.7500   137.3500   4.2505     % 
UB: 137.35
branching on CartesianIndex(3, 5) with c.
4590   800    27         131.7500   137.3500   4.2505     % 
LB close or above UB, fathomed
4591   799    27         131.7500   137.3500   4.2505     % 
LB close or above UB, fathomed
4592   798    24         131.7500   137.3500   4.2505     % 
UB: 137.35
branching on 1 with b.
4593   799    25         131.7500   137.3500   4.2505     % 
LB close or above UB, fathomed
4594   798    25         131.7500   137.3500   4.2505     % 
LB close or above UB, fathomed
4595   797    24         131.7500   137.3500   4.2505     % 
LB close or above UB, fathomed
4596   796    18         131.7500   137.3500   4.2505     % 
UB: 137.35
branching on 2 with b.
4597   797    19         131.7500   137.3500   4.2505     % 
LB close or above UB, fathomed
4598   796    19         131.7500   137.3500   4.2505     % 
UB: 137.35
branching on CartesianIndex(2, 2) with a.
4599   797    20         131.7500   137.3500   4.2505     % 
UB: 137.35
branching on 3 with b.
4600   798    20         131.7500   137.3500   4.2505     % 
LB close or above UB, fathomed
4601   797    18         131.7500   137.3500   4.2505     % 
LB close or above UB, fathomed
4602   796    33         131.7500   137.3500   4.2505     % 
LB close or above UB, fathomed
4603   795    33         131.7500   137.3500   4.2505     % 
UB: 137.35
branching on CartesianIndex(1, 4) with c.
4604   796    34         131.7500   137.3500   4.2505     % 
LB close or above UB, fathomed
4605   795    34         131.7500   137.3500   4.2505     % 
UB: 137.35
branching on CartesianIndex(1, 5) with c.
4606   796    29         131.7500   137.3500   4.2505     % 
LB close or above UB, fathomed
4607   795    29         131.7500   137.3500   4.2505     % 
LB close or above UB, fathomed
4608   794    29         131.7500   137.3500   4.2505     % 
UB: 137.35
branching on CartesianIndex(4, 4) with c.
4609   795    30         131.7500   137.3500   4.2505     % 
UB: 137.35
branching on 3 with b.
4610   796    31         131.7500   137.3500   4.2505     % 
LB close or above UB, fathomed
4611   795    31         131.7500   137.3500   4.2505     % 
UB: 137.35
branching on CartesianIndex(5, 4) with c.
4612   796    32         131.7500   137.3500   4.2505     % 
UB: 137.35
branching on CartesianIndex(1, 5) with c.
4613   797    33         131.7500   137.3500   4.2505     % 
UB: 137.35
branching on CartesianIndex(2, 5) with c.
4614   798    34         131.7500   137.3500   4.2505     % 
LB close or above UB, fathomed
4615   797    34         131.7500   137.3500   4.2505     % 
LB close or above UB, fathomed
4616   796    33         131.7500   137.3500   4.2505     % 
LB close or above UB, fathomed
4617   795    32         131.7500   137.3500   4.2505     % 
LB close or above UB, fathomed
4618   794    30         131.7500   137.3500   4.2505     % 
LB close or above UB, fathomed
4619   793    29         131.7500   137.3500   4.2505     % 
LB close or above UB, fathomed
4620   792    25         131.7500   137.3500   4.2505     % 
UB: 137.35
branching on CartesianIndex(7, 3) with a.
4621   793    26         131.7500   137.3500   4.2505     % 
LB close or above UB, fathomed
4622   792    26         131.7500   137.3500   4.2505     % 
UB: 137.35
branching on 3 with b.
4623   793    25         131.7500   137.3500   4.2505     % 
LB close or above UB, fathomed
4624   792    26         131.7500   137.3500   4.2505     % 
UB: 137.35
branching on CartesianIndex(6, 3) with a.
4625   793    27         131.7500   137.3500   4.2505     % 
UB: 137.35
branching on 1 with b.
4626   794    27         131.7500   137.3500   4.2505     % 
LB close or above UB, fathomed
4627   793    26         131.7500   137.3500   4.2505     % 
LB close or above UB, fathomed
4628   792    34         131.7500   137.3500   4.2505     % 
UB: 137.35
branching on 1 with b.
4629   793    35         131.7500   137.3500   4.2505     % 
UB: 137.35
branching on CartesianIndex(1, 5) with c.
4630   794    36         131.7500   137.3500   4.2505     % 
LB close or above UB, fathomed
4631   793    36         131.7500   137.3500   4.2505     % 
UB: 137.35
branching on CartesianIndex(1, 6) with c.
4632   794    37         131.7500   137.3500   4.2505     % 
UB: 137.35
branching on CartesianIndex(2, 6) with c.
4633   795    38         131.7500   137.3500   4.2505     % 
LB close or above UB, fathomed
4634   794    38         131.7500   137.3500   4.2505     % 
UB: 137.35
branching on CartesianIndex(1, 7) with c.
4635   795    39         131.7500   137.3500   4.2505     % 
UB: 137.35
branching on CartesianIndex(2, 7) with c.
4636   796    40         131.7500   137.3500   4.2505     % 
UB: 137.35
branching on CartesianIndex(3, 7) with c.
4637   797    41         131.7500   137.3500   4.2505     % 
UB: 137.35
branching on CartesianIndex(4, 7) with c.
4638   798    42         131.7500   137.3500   4.2505     % 
UB: 137.35
branching on CartesianIndex(5, 7) with c.
4639   799    42         131.7500   137.3500   4.2505     % 
LB close or above UB, fathomed
4640   798    41         131.7500   137.3500   4.2505     % 
LB close or above UB, fathomed
4641   797    40         131.7500   137.3500   4.2505     % 
LB close or above UB, fathomed
4642   796    39         131.7500   137.3500   4.2505     % 
LB close or above UB, fathomed
4643   795    37         131.7500   137.3500   4.2505     % 
LB close or above UB, fathomed
4644   794    35         131.7500   137.3500   4.2505     % 
LB close or above UB, fathomed
4645   793    34         131.7500   137.3500   4.2505     % 
UB: 137.35
branching on CartesianIndex(1, 5) with c.
4646   794    45         131.7500   137.3500   4.2505     % 
UB: 137.35
branching on 1 with b.
4647   795    46         131.7500   137.3500   4.2505     % 
UB: 137.35
branching on 2 with b.
4648   796    46         131.7500   137.3500   4.2505     % 
UB: 137.35
branching on 2 with b.
4649   797    45         131.7500   137.3500   4.2505     % 
LB close or above UB, fathomed
4650   796    26         131.7500   137.3500   4.2505     % 
UB: 137.35
branching on CartesianIndex(2, 5) with c.
4651   797    27         131.7500   137.3500   4.2505     % 
UB: 137.35
branching on CartesianIndex(3, 5) with c.
4652   798    28         131.7500   137.3500   4.2505     % 
UB: 137.35
branching on 1 with b.
4653   799    29         131.7500   137.3500   4.2505     % 
LB close or above UB, fathomed
4654   798    29         131.7500   137.3500   4.2505     % 
UB: 137.35
branching on CartesianIndex(4, 5) with c.
4655   799    30         131.7500   137.3500   4.2505     % 
UB: 137.35
branching on CartesianIndex(5, 5) with c.
4656   800    31         131.7500   137.3500   4.2505     % 
UB: 137.35
branching on CartesianIndex(1, 6) with c.
4657   801    31         131.7500   137.3500   4.2505     % 
LB close or above UB, fathomed
4658   800    30         131.7500   137.3500   4.2505     % 
LB close or above UB, fathomed
4659   799    28         131.7500   137.3500   4.2505     % 
LB close or above UB, fathomed
4660   798    27         131.7500   137.3500   4.2505     % 
LB close or above UB, fathomed
4661   797    26         131.7500   137.3500   4.2505     % 
LB close or above UB, fathomed
4662   796    29         131.7500   137.3500   4.2505     % 
UB: 137.35
branching on CartesianIndex(6, 3) with a.
4663   797    30         131.7500   137.3500   4.2505     % 
UB: 137.35
branching on CartesianIndex(7, 3) with a.
4664   798    31         131.7500   137.3500   4.2505     % 
LB close or above UB, fathomed
4665   797    31         131.7500   137.3500   4.2505     % 
LB close or above UB, fathomed
4666   796    30         131.7500   137.3500   4.2505     % 
LB close or above UB, fathomed
4667   795    29         131.7500   137.3500   4.2505     % 
LB close or above UB, fathomed
4668   794    33         131.7500   137.3500   4.2505     % 
UB: 137.35
branching on CartesianIndex(2, 5) with c.
4669   795    34         131.7500   137.3500   4.2505     % 
UB: 137.35
branching on 2 with b.
4670   796    35         131.7500   137.3500   4.2505     % 
UB: 137.35
branching on CartesianIndex(3, 5) with c.
4671   797    36         131.7500   137.3500   4.2505     % 
UB: 137.35
branching on CartesianIndex(4, 5) with c.
4672   798    37         131.7500   137.3500   4.2505     % 
UB: 137.35
branching on CartesianIndex(5, 5) with c.
4673   799    38         131.7500   137.3500   4.2505     % 
UB: 137.35
branching on CartesianIndex(1, 6) with c.
4674   800    39         131.7500   137.3500   4.2505     % 
UB: 137.35
branching on CartesianIndex(2, 6) with c.
4675   801    40         131.7500   137.3500   4.2505     % 
LB close or above UB, fathomed
4676   800    40         131.7500   137.3500   4.2505     % 
UB: 137.35
branching on CartesianIndex(1, 7) with c.
4677   801    41         131.7500   137.3500   4.2505     % 
LB close or above UB, fathomed
4678   800    41         131.7500   137.3500   4.2505     % 
UB: 137.35
branching on 3 with b.
4679   801    42         131.7500   137.3500   4.2505     % 
UB: 137.35
branching on 1 with b.
4680   802    43         131.7500   137.3500   4.2505     % 
UB: 137.35
branching on 2 with b.
4681   803    44         131.7500   137.3500   4.2505     % 
LB close or above UB, fathomed
4682   802    44         131.7500   137.3500   4.2505     % 
UB: 137.35
branching on 3 with b.
4683   803    45         131.7500   137.3500   4.2505     % 
UB: 137.35
branching on 1 with b.
4684   804    46         131.7500   137.3500   4.2505     % 
UB: 137.35
branching on 2 with b.
4685   805    46         131.7500   137.3500   4.2505     % 
UB: 137.35
branching on 2 with b.
4686   806    45         131.7500   137.3500   4.2505     % 
LB close or above UB, fathomed
4687   805    43         131.7500   137.3500   4.2505     % 
LB close or above UB, fathomed
4688   804    42         131.7500   137.3500   4.2505     % 
LB close or above UB, fathomed
4689   803    39         131.7500   137.3500   4.2505     % 
LB close or above UB, fathomed
4690   802    38         131.7500   137.3500   4.2505     % 
LB close or above UB, fathomed
4691   801    37         131.7500   137.3500   4.2505     % 
LB close or above UB, fathomed
4692   800    36         131.7500   137.3500   4.2505     % 
LB close or above UB, fathomed
4693   799    35         131.7500   137.3500   4.2505     % 
UB: 137.35
branching on CartesianIndex(3, 5) with c.
4694   800    36         131.7500   137.3500   4.2505     % 
UB: 137.35
branching on CartesianIndex(4, 5) with c.
4695   801    37         131.7500   137.3500   4.2505     % 
UB: 137.35
branching on CartesianIndex(5, 5) with c.
4696   802    38         131.7500   137.3500   4.2505     % 
UB: 137.35
branching on CartesianIndex(1, 6) with c.
4697   803    39         131.7500   137.3500   4.2505     % 
UB: 137.35
branching on CartesianIndex(2, 6) with c.
4698   804    40         131.7500   137.3500   4.2505     % 
LB close or above UB, fathomed
4699   803    40         131.7500   137.3500   4.2505     % 
UB: 137.35
branching on CartesianIndex(1, 7) with c.
4700   804    41         131.7500   137.3500   4.2505     % 
LB close or above UB, fathomed
4701   803    41         131.7500   137.3500   4.2505     % 
UB: 137.35
branching on 3 with b.
4702   804    42         131.7500   137.3500   4.2505     % 
UB: 137.35
branching on 1 with b.
4703   805    43         131.7500   137.3500   4.2505     % 
UB: 137.35
branching on 2 with b.
4704   806    44         131.7500   137.3500   4.2505     % 
UB: 137.35
branching on 3 with b.
4705   807    45         131.7500   137.3500   4.2505     % 
UB: 137.35
branching on 1 with b.
4706   808    46         131.7500   137.3500   4.2505     % 
UB: 137.35
branching on 2 with b.
4707   808    46         131.7500   137.3500   4.2505     % 
UB: 137.35
branching on 2 with b.
4708   808    45         131.7500   137.3500   4.2505     % 
LB close or above UB, fathomed
4709   807    44         131.7500   137.3500   4.2505     % 
LB close or above UB, fathomed
4710   806    43         131.7500   137.3500   4.2505     % 
LB close or above UB, fathomed
4711   805    42         131.7500   137.3500   4.2505     % 
LB close or above UB, fathomed
4712   804    39         131.7500   137.3500   4.2505     % 
LB close or above UB, fathomed
4713   803    38         131.7500   137.3500   4.2505     % 
LB close or above UB, fathomed
4714   802    37         131.7500   137.3500   4.2505     % 
LB close or above UB, fathomed
4715   801    36         131.7500   137.3500   4.2505     % 
LB close or above UB, fathomed
4716   800    34         131.7500   137.3500   4.2505     % 
LB close or above UB, fathomed
4717   799    33         131.7500   137.3500   4.2505     % 
LB close or above UB, fathomed
4718   798    22         131.7500   137.3500   4.2505     % 
UB: 137.35
branching on CartesianIndex(6, 3) with a.
4719   799    23         131.7500   137.3500   4.2505     % 
LB close or above UB, fathomed
4720   798    23         131.7500   137.3500   4.2505     % 
LB close or above UB, fathomed
4721   797    22         131.7500   137.3500   4.2505     % 
LB close or above UB, fathomed
4722   796    18         131.7500   137.3500   4.2505     % 
UB: 137.35
branching on 2 with b.
4723   797    19         131.7500   137.3500   4.2505     % 
LB close or above UB, fathomed
4724   796    19         131.7500   137.3500   4.2505     % 
UB: 137.35
branching on CartesianIndex(2, 3) with a.
4725   797    20         131.7500   137.3500   4.2505     % 
UB: 137.35
branching on CartesianIndex(3, 3) with a.
4726   798    21         131.7500   137.3500   4.2505     % 
UB: 137.35
branching on 3 with b.
4727   799    22         131.7500   137.3500   4.2505     % 
LB close or above UB, fathomed
4728   798    22         131.7500   137.3500   4.2505     % 
UB: 137.35
branching on CartesianIndex(4, 3) with a.
4729   799    21         131.7500   137.3500   4.2505     % 
LB close or above UB, fathomed
4730   798    20         131.7500   137.3500   4.2505     % 
LB close or above UB, fathomed
4731   797    18         131.7500   137.3500   4.2505     % 
LB close or above UB, fathomed
4732   796    29         131.7500   137.3500   4.2505     % 
UB: 137.35
branching on CartesianIndex(2, 4) with c.
4733   797    29         131.7500   137.3500   4.2505     % 
LB close or above UB, fathomed
4734   796    27         131.7500   137.3500   4.2505     % 
UB: 137.35
branching on CartesianIndex(7, 3) with a.
4735   797    28         131.7500   137.3500   4.2505     % 
LB close or above UB, fathomed
4736   796    28         131.7500   137.3500   4.2505     % 
UB: 137.35
branching on CartesianIndex(1, 4) with c.
4737   797    29         131.7500   137.3500   4.2505     % 
UB: 137.35
branching on CartesianIndex(2, 4) with c.
4738   798    30         131.7500   137.3500   4.2505     % 
UB: 137.35
branching on 1 with b.
4739   799    31         131.7500   137.3500   4.2505     % 
LB close or above UB, fathomed
4740   798    31         131.7500   137.3500   4.2505     % 
LB close or above UB, fathomed
4741   797    30         131.7500   137.3500   4.2505     % 
LB close or above UB, fathomed
4742   796    29         131.7500   137.3500   4.2505     % 
LB close or above UB, fathomed
4743   795    27         131.7500   137.3500   4.2505     % 
LB close or above UB, fathomed
4744   794    19         131.7500   137.3500   4.2505     % 
LB close or above UB, fathomed
4745   793    19         131.7500   137.3500   4.2505     % 
UB: 137.35
branching on 3 with b.
4746   794    28         131.7500   137.3500   4.2505     % 
LB close or above UB, fathomed
4747   793    28         131.7500   137.3500   4.2505     % 
LB close or above UB, fathomed
4748   792    25         131.7500   137.3500   4.2505     % 
UB: 137.35
branching on CartesianIndex(3, 4) with c.
4749   793    26         131.7500   137.3500   4.2505     % 
UB: 137.35
branching on CartesianIndex(4, 4) with c.
4750   794    27         131.7500   137.3500   4.2505     % 
UB: 137.35
branching on CartesianIndex(5, 4) with c.
4751   795    28         131.7500   137.3500   4.2505     % 
UB: 137.35
branching on CartesianIndex(1, 5) with c.
4752   796    29         131.7500   137.3500   4.2505     % 
UB: 137.35
branching on CartesianIndex(2, 5) with c.
4753   797    30         131.7500   137.3500   4.2505     % 
LB close or above UB, fathomed
4754   796    30         131.7500   137.3500   4.2505     % 
UB: 137.35
branching on CartesianIndex(1, 6) with c.
4755   797    29         131.7500   137.3500   4.2505     % 
LB close or above UB, fathomed
4756   796    28         131.7500   137.3500   4.2505     % 
LB close or above UB, fathomed
4757   795    27         131.7500   137.3500   4.2505     % 
LB close or above UB, fathomed
4758   794    26         131.7500   137.3500   4.2505     % 
LB close or above UB, fathomed
4759   793    25         131.7500   137.3500   4.2505     % 
LB close or above UB, fathomed
4760   792    18         131.7500   137.3500   4.2505     % 
LB close or above UB, fathomed
4761   791    18         131.7500   137.3500   4.2505     % 
LB close or above UB, fathomed
4762   790    19         131.7500   137.3500   4.2505     % 
UB: 137.35
branching on 3 with b.
4763   791    19         131.7500   137.3500   4.2505     % 
LB close or above UB, fathomed
4764   790    27         131.7500   137.3500   4.2505     % 
UB: 137.35
branching on 3 with b.
4765   791    28         131.7500   137.3500   4.2505     % 
LB close or above UB, fathomed
4766   790    28         131.7500   137.3500   4.2505     % 
UB: 137.35
branching on CartesianIndex(7, 3) with a.
4767   791    29         131.7500   137.3500   4.2505     % 
LB close or above UB, fathomed
4768   790    29         131.7500   137.3500   4.2505     % 
UB: 137.35
branching on CartesianIndex(1, 4) with c.
4769   791    27         131.7500   137.3500   4.2505     % 
LB close or above UB, fathomed
4770   790    17         131.7500   137.3500   4.2505     % 
UB: 137.35
branching on CartesianIndex(1, 5) with c.
4771   791    17         131.7500   137.3500   4.2505     % 
UB: 137.35
branching on CartesianIndex(1, 5) with c.
4772   792    18         131.7500   137.3500   4.2505     % 
UB: 137.35
branching on CartesianIndex(2, 5) with c.
4773   793    19         131.7500   137.3500   4.2505     % 
UB: 137.35
branching on CartesianIndex(3, 5) with c.
4774   794    20         131.7500   137.3500   4.2505     % 
UB: 137.35
branching on 2 with b.
4775   795    21         131.7500   137.3500   4.2505     % 
UB: 137.35
branching on 3 with b.
4776   796    22         131.7500   137.3500   4.2505     % 
UB: 137.35
branching on CartesianIndex(4, 5) with c.
4777   797    23         131.7500   137.3500   4.2505     % 
UB: 137.35
branching on CartesianIndex(5, 5) with c.
4778   798    24         131.7500   137.3500   4.2505     % 
UB: 137.35
branching on CartesianIndex(1, 6) with c.
4779   799    25         131.7500   137.3500   4.2505     % 
LB close or above UB, fathomed
4780   798    25         131.7500   137.3500   4.2505     % 
UB: 137.35
branching on CartesianIndex(1, 7) with c.
4781   799    26         131.7500   137.3500   4.2505     % 
UB: 137.35
branching on 1 with b.
4782   800    27         131.7500   137.3500   4.2505     % 
LB close or above UB, fathomed
4783   799    27         131.7500   137.3500   4.2505     % 
UB: 137.35
branching on CartesianIndex(2, 7) with c.
4784   800    26         131.7500   137.3500   4.2505     % 
LB close or above UB, fathomed
4785   799    24         131.7500   137.3500   4.2505     % 
LB close or above UB, fathomed
4786   798    23         131.7500   137.3500   4.2505     % 
LB close or above UB, fathomed
4787   797    22         131.7500   137.3500   4.2505     % 
LB close or above UB, fathomed
4788   796    21         131.7500   137.3500   4.2505     % 
LB close or above UB, fathomed
4789   795    20         131.7500   137.3500   4.2505     % 
LB close or above UB, fathomed
4790   794    19         131.7500   137.3500   4.2505     % 
LB close or above UB, fathomed
4791   793    18         131.7500   137.3500   4.2505     % 
LB close or above UB, fathomed
4792   792    17         131.7500   137.3500   4.2505     % 
UB: 137.35
branching on CartesianIndex(5, 2) with a.
4793   793    18         131.7500   137.3500   4.2505     % 
LB close or above UB, fathomed
4794   792    18         131.7500   137.3500   4.2505     % 
LB close or above UB, fathomed
4795   791    17         131.7500   137.3500   4.2505     % 
LB close or above UB, fathomed
4796   790    18         131.7500   137.3500   4.2505     % 
UB: 137.35
branching on CartesianIndex(2, 3) with a.
4797   791    19         131.7500   137.3500   4.2505     % 
UB: 137.35
branching on CartesianIndex(3, 3) with a.
4798   792    20         131.7500   137.3500   4.2505     % 
UB: 137.35
branching on CartesianIndex(4, 3) with a.
4799   793    21         131.7500   137.3500   4.2505     % 
LB close or above UB, fathomed
4800   792    21         131.7500   137.3500   4.2505     % 
LB close or above UB, fathomed
4801   791    20         131.7500   137.3500   4.2505     % 
LB close or above UB, fathomed
4802   790    19         131.7500   137.3500   4.2505     % 
LB close or above UB, fathomed
4803   789    18         131.7500   137.3500   4.2505     % 
LB close or above UB, fathomed
4804   788    25         131.7500   137.3500   4.2505     % 
UB: 137.35
branching on CartesianIndex(6, 3) with a.
4805   789    26         131.7500   137.3500   4.2505     % 
LB close or above UB, fathomed
4806   788    26         131.7500   137.3500   4.2505     % 
LB close or above UB, fathomed
4807   787    25         131.7500   137.3500   4.2505     % 
LB close or above UB, fathomed
4808   786    19         131.7500   137.3500   4.2505     % 
UB: 137.35
branching on CartesianIndex(1, 5) with c.
4809   787    20         131.7500   137.3500   4.2505     % 
UB: 137.35
branching on CartesianIndex(2, 5) with c.
4810   788    21         131.7500   137.3500   4.2505     % 
UB: 137.35
branching on CartesianIndex(3, 5) with c.
4811   789    22         131.7500   137.3500   4.2505     % 
UB: 137.35
branching on CartesianIndex(4, 5) with c.
4812   790    23         131.7500   137.3500   4.2505     % 
UB: 137.35
branching on CartesianIndex(5, 5) with c.
4813   791    24         131.7500   137.3500   4.2505     % 
UB: 137.35
branching on CartesianIndex(1, 6) with c.
4814   792    25         131.7500   137.3500   4.2505     % 
LB close or above UB, fathomed
4815   791    25         131.7500   137.3500   4.2505     % 
UB: 137.35
branching on CartesianIndex(1, 7) with c.
4816   792    26         131.7500   137.3500   4.2505     % 
UB: 137.35
branching on CartesianIndex(2, 7) with c.
4817   793    27         131.7500   137.3500   4.2505     % 
LB close or above UB, fathomed
4818   792    27         131.7500   137.3500   4.2505     % 
UB: 137.35
branching on 1 with b.
4819   793    28         131.7500   137.3500   4.2505     % 
LB close or above UB, fathomed
4820   792    28         131.7500   137.3500   4.2505     % 
UB: 137.35
branching on 2 with b.
4821   793    29         131.7500   137.3500   4.2505     % 
UB: 137.35
branching on 3 with b.
4822   794    30         131.7500   137.3500   4.2505     % 
LB close or above UB, fathomed
4823   793    30         131.7500   137.3500   4.2505     % 
UB: 137.35
branching on 1 with b.
4824   794    31         131.7500   137.3500   4.2505     % 
LB close or above UB, fathomed
4825   793    31         131.7500   137.3500   4.2505     % 
LB close or above UB, fathomed
4826   792    29         131.7500   137.3500   4.2505     % 
LB close or above UB, fathomed
4827   791    26         131.7500   137.3500   4.2505     % 
LB close or above UB, fathomed
4828   790    24         131.7500   137.3500   4.2505     % 
LB close or above UB, fathomed
4829   789    23         131.7500   137.3500   4.2505     % 
LB close or above UB, fathomed
4830   788    22         131.7500   137.3500   4.2505     % 
LB close or above UB, fathomed
4831   787    21         131.7500   137.3500   4.2505     % 
LB close or above UB, fathomed
4832   786    20         131.7500   137.3500   4.2505     % 
LB close or above UB, fathomed
4833   785    19         131.7500   137.3500   4.2505     % 
LB close or above UB, fathomed
4834   784    30         131.7500   137.3500   4.2505     % 
LB close or above UB, fathomed
4835   783    30         131.7500   137.3500   4.2505     % 
LB close or above UB, fathomed
4836   782    15         131.7500   137.3500   4.2505     % 
UB: 137.35
branching on 3 with b.
4837   783    15         131.7500   137.3500   4.2505     % 
LB close or above UB, fathomed
4838   782    14         131.7500   137.3500   4.2505     % 
LB close or above UB, fathomed
4839   781    14         131.7500   137.3500   4.2505     % 
UB: 137.35
branching on 3 with b.
4840   782    15         131.7500   137.3500   4.2505     % 
UB: 137.35
branching on CartesianIndex(2, 3) with a.
4841   783    16         131.7500   137.3500   4.2505     % 
UB: 137.35
branching on CartesianIndex(3, 3) with a.
4842   784    17         131.7500   137.3500   4.2505     % 
UB: 137.35
branching on CartesianIndex(4, 3) with a.
4843   785    17         131.7500   137.3500   4.2505     % 
UB: 137.35
branching on CartesianIndex(1, 4) with c.
4844   786    18         131.7500   137.3500   4.2505     % 
LB close or above UB, fathomed
4845   785    18         131.7500   137.3500   4.2505     % 
UB: 137.35
branching on CartesianIndex(1, 5) with c.
4846   786    19         131.7500   137.3500   4.2505     % 
UB: 137.35
branching on CartesianIndex(2, 5) with c.
4847   787    20         131.7500   137.3500   4.2505     % 
LB close or above UB, fathomed
4848   786    20         131.7500   137.3500   4.2505     % 
UB: 137.35
branching on 1 with b.
4849   787    21         131.7500   137.3500   4.2505     % 
LB close or above UB, fathomed
4850   786    21         131.7500   137.3500   4.2505     % 
UB: 137.35
branching on CartesianIndex(1, 6) with c.
4851   787    22         131.7500   137.3500   4.2505     % 
UB: 137.35
branching on CartesianIndex(2, 6) with c.
4852   788    23         131.7500   137.3500   4.2505     % 
UB: 137.35
branching on CartesianIndex(3, 6) with c.
4853   789    24         131.7500   137.3500   4.2505     % 
UB: 137.35
branching on 2 with b.
4854   790    25         131.7500   137.3500   4.2505     % 
LB close or above UB, fathomed
4855   789    25         131.7500   137.3500   4.2505     % 
UB: 137.35
branching on CartesianIndex(4, 6) with c.
4856   790    24         131.7500   137.3500   4.2505     % 
LB close or above UB, fathomed
4857   789    23         131.7500   137.3500   4.2505     % 
LB close or above UB, fathomed
4858   788    22         131.7500   137.3500   4.2505     % 
LB close or above UB, fathomed
4859   787    19         131.7500   137.3500   4.2505     % 
LB close or above UB, fathomed
4860   786    16         131.7500   137.3500   4.2505     % 
LB close or above UB, fathomed
4861   785    15         131.7500   137.3500   4.2505     % 
LB close or above UB, fathomed
4862   784    20         131.7500   137.3500   4.2505     % 
UB: 137.35
branching on 1 with b.
4863   785    20         131.7500   137.3500   4.2505     % 
LB close or above UB, fathomed
4864   784    21         131.7500   137.3500   4.2505     % 
LB close or above UB, fathomed
4865   783    21         131.7500   137.3500   4.2505     % 
LB close or above UB, fathomed
4866   782    26         131.7500   137.3500   4.2505     % 
LB close or above UB, fathomed
4867   781    26         131.7500   137.3500   4.2505     % 
LB close or above UB, fathomed
4868   780    21         131.7500   137.3500   4.2505     % 
LB close or above UB, fathomed
4869   779    21         131.7500   137.3500   4.2505     % 
UB: 137.35
branching on CartesianIndex(1, 3) with a.
4870   780    22         131.7500   137.3500   4.2505     % 
UB: 137.35
branching on 3 with b.
4871   781    23         131.7500   137.3500   4.2505     % 
UB: 137.35
branching on CartesianIndex(2, 3) with a.
4872   782    23         131.7500   137.3500   4.2505     % 
LB close or above UB, fathomed
4873   781    22         131.7500   137.3500   4.2505     % 
LB close or above UB, fathomed
4874   780    25         131.7500   137.3500   4.2505     % 
LB close or above UB, fathomed
4875   779    25         131.7500   137.3500   4.2505     % 
LB close or above UB, fathomed
4876   778    28         131.7500   137.3500   4.2505     % 
LB close or above UB, fathomed
4877   777    28         131.7500   137.3500   4.2505     % 
LB close or above UB, fathomed
4878   776    19         131.7500   137.3500   4.2505     % 
UB: 137.35
branching on CartesianIndex(5, 3) with a.
4879   777    20         131.7500   137.3500   4.2505     % 
UB: 137.35
branching on CartesianIndex(6, 3) with a.
4880   778    21         131.7500   137.3500   4.2505     % 
UB: 137.35
branching on CartesianIndex(7, 3) with a.
4881   779    22         131.7500   137.3500   4.2505     % 
UB: 137.35
branching on CartesianIndex(8, 3) with a.
4882   780    23         131.7500   137.3500   4.2505     % 
LB close or above UB, fathomed
4883   779    23         131.7500   137.3500   4.2505     % 
UB: 137.35
branching on CartesianIndex(1, 4) with c.
4884   780    24         131.7500   137.3500   4.2505     % 
LB close or above UB, fathomed
4885   779    24         131.7500   137.3500   4.2505     % 
UB: 137.35
branching on CartesianIndex(1, 5) with c.
4886   780    25         131.7500   137.3500   4.2505     % 
UB: 137.35
branching on CartesianIndex(2, 5) with c.
4887   781    26         131.7500   137.3500   4.2505     % 
LB close or above UB, fathomed
4888   780    26         131.7500   137.3500   4.2505     % 
LB close or above UB, fathomed
4889   779    25         131.7500   137.3500   4.2505     % 
LB close or above UB, fathomed
4890   778    22         131.7500   137.3500   4.2505     % 
LB close or above UB, fathomed
4891   777    21         131.7500   137.3500   4.2505     % 
LB close or above UB, fathomed
4892   776    20         131.7500   137.3500   4.2505     % 
LB close or above UB, fathomed
4893   775    19         131.7500   137.3500   4.2505     % 
LB close or above UB, fathomed
4894   774    20         131.7500   137.3500   4.2505     % 
LB close or above UB, fathomed
4895   773    20         131.7500   137.3500   4.2505     % 
LB close or above UB, fathomed
4896   772    22         131.7500   137.3500   4.2505     % 
UB: 137.35
branching on CartesianIndex(7, 3) with a.
4897   773    23         131.7500   137.3500   4.2505     % 
LB close or above UB, fathomed
4898   772    23         131.7500   137.3500   4.2505     % 
LB close or above UB, fathomed
4899   771    22         131.7500   137.3500   4.2505     % 
LB close or above UB, fathomed
4900   770    23         131.7500   137.3500   4.2505     % 
LB close or above UB, fathomed
4901   769    23         131.7500   137.3500   4.2505     % 
LB close or above UB, fathomed
4902   768    24         131.7500   137.3500   4.2505     % 
UB: 137.35
branching on CartesianIndex(8, 3) with a.
4903   769    25         131.7500   137.3500   4.2505     % 
LB close or above UB, fathomed
4904   768    25         131.7500   137.3500   4.2505     % 
UB: 137.35
branching on CartesianIndex(1, 4) with c.
4905   769    26         131.7500   137.3500   4.2505     % 
LB close or above UB, fathomed
4906   768    26         131.7500   137.3500   4.2505     % 
UB: 137.35
branching on 2 with b.
4907   769    24         131.7500   137.3500   4.2505     % 
LB close or above UB, fathomed
4908   768    22         131.7500   137.3500   4.2505     % 
LB close or above UB, fathomed
4909   767    22         131.7500   137.3500   4.2505     % 
LB close or above UB, fathomed
4910   766    18         131.7500   137.3500   4.2505     % 
LB close or above UB, fathomed
4911   765    18         131.7500   137.3500   4.2505     % 
LB close or above UB, fathomed
4912   764    35         131.7500   137.3500   4.2505     % 
LB close or above UB, fathomed
4913   763    35         131.7500   137.3500   4.2505     % 
UB: 137.35
branching on 3 with b.
4914   764    36         131.7500   137.3500   4.2505     % 
UB: 137.35
branching on 1 with b.
4915   765    37         131.7500   137.3500   4.2505     % 
UB: 137.35
branching on 2 with b.
4916   766    38         131.7500   137.3500   4.2505     % 
LB close or above UB, fathomed
4917   765    38         131.7500   137.3500   4.2505     % 
UB: 137.35
branching on 3 with b.
4918   766    39         131.7500   137.3500   4.2505     % 
UB: 137.35
branching on 1 with b.
4919   767    40         131.7500   137.3500   4.2505     % 
UB: 137.35
branching on 2 with b.
4920   768    40         131.7500   137.3500   4.2505     % 
UB: 137.35
branching on 2 with b.
4921   769    39         131.7500   137.3500   4.2505     % 
LB close or above UB, fathomed
4922   768    37         131.7500   137.3500   4.2505     % 
LB close or above UB, fathomed
4923   767    36         131.7500   137.3500   4.2505     % 
LB close or above UB, fathomed
4924   766    18         131.7500   137.3500   4.2505     % 
UB: 137.35
branching on CartesianIndex(1, 3) with a.
4925   767    18         131.7500   137.3500   4.2505     % 
UB: 137.35
branching on CartesianIndex(1, 3) with a.
4926   768    22         131.7500   137.3500   4.2505     % 
UB: 137.35
branching on CartesianIndex(1, 4) with c.
4927   769    23         131.7500   137.3500   4.2505     % 
UB: 137.35
branching on CartesianIndex(2, 4) with c.
4928   770    23         131.7500   137.3500   4.2505     % 
LB close or above UB, fathomed
4929   769    22         131.7500   137.3500   4.2505     % 
LB close or above UB, fathomed
4930   768    22         131.7500   137.3500   4.2505     % 
UB: 137.35
branching on CartesianIndex(5, 3) with a.
4931   769    23         131.7500   137.3500   4.2505     % 
UB: 137.35
branching on CartesianIndex(6, 3) with a.
4932   770    24         131.7500   137.3500   4.2505     % 
LB close or above UB, fathomed
4933   769    24         131.7500   137.3500   4.2505     % 
LB close or above UB, fathomed
4934   768    23         131.7500   137.3500   4.2505     % 
LB close or above UB, fathomed
4935   767    22         131.7500   137.3500   4.2505     % 
LB close or above UB, fathomed
4936   766    28         131.7500   137.3500   4.2505     % 
LB close or above UB, fathomed
4937   765    28         131.7500   137.3500   4.2505     % 
UB: 137.35
branching on CartesianIndex(1, 4) with c.
4938   766    29         131.7500   137.3500   4.2505     % 
LB close or above UB, fathomed
4939   765    29         131.7500   137.3500   4.2505     % 
LB close or above UB, fathomed
4940   764    26         131.7500   137.3500   4.2505     % 
UB: 137.35
branching on CartesianIndex(6, 2) with a.
4941   765    27         131.7500   137.3500   4.2505     % 
UB: 137.35
branching on CartesianIndex(7, 2) with a.
4942   766    28         131.7500   137.3500   4.2505     % 
LB close or above UB, fathomed
4943   765    28         131.7500   137.3500   4.2505     % 
LB close or above UB, fathomed
4944   764    27         131.7500   137.3500   4.2505     % 
LB close or above UB, fathomed
4945   763    26         131.7500   137.3500   4.2505     % 
LB close or above UB, fathomed
4946   762    25         131.7500   137.3500   4.2505     % 
UB: 137.35
branching on 3 with b.
4947   763    25         131.7500   137.3500   4.2505     % 
UB: 137.35
branching on CartesianIndex(1, 4) with c.
4948   764    25         131.7500   137.3500   4.2505     % 
UB: 137.35
branching on CartesianIndex(2, 4) with c.
4949   765    26         131.7500   137.3500   4.2505     % 
UB: 137.35
branching on 3 with b.
4950   766    27         131.7500   137.3500   4.2505     % 
LB close or above UB, fathomed
4951   765    27         131.7500   137.3500   4.2505     % 
UB: 137.35
branching on CartesianIndex(3, 4) with c.
4952   766    28         131.7500   137.3500   4.2505     % 
UB: 137.35
branching on CartesianIndex(4, 4) with c.
4953   767    29         131.7500   137.3500   4.2505     % 
UB: 137.35
branching on CartesianIndex(5, 4) with c.
4954   768    30         131.7500   137.3500   4.2505     % 
UB: 137.35
branching on CartesianIndex(1, 5) with c.
4955   769    31         131.7500   137.3500   4.2505     % 
UB: 137.35
branching on CartesianIndex(2, 5) with c.
4956   770    32         131.7500   137.3500   4.2505     % 
LB close or above UB, fathomed
4957   769    32         131.7500   137.3500   4.2505     % 
UB: 137.35
branching on CartesianIndex(1, 6) with c.
4958   770    33         131.7500   137.3500   4.2505     % 
LB close or above UB, fathomed
4959   769    33         131.7500   137.3500   4.2505     % 
UB: 137.35
branching on CartesianIndex(1, 7) with c.
4960   770    34         131.7500   137.3500   4.2505     % 
UB: 137.35
branching on CartesianIndex(2, 7) with c.
4961   771    35         131.7500   137.3500   4.2505     % 
LB close or above UB, fathomed
4962   770    35         131.7500   137.3500   4.2505     % 
UB: 137.35
branching on 1 with b.
4963   771    36         131.7500   137.3500   4.2505     % 
UB: 137.35
branching on 2 with b.
4964   772    36         131.7500   137.3500   4.2505     % 
UB: 137.35
branching on 2 with b.
4965   773    37         131.7500   137.3500   4.2505     % 
UB: 137.35
branching on 3 with b.
4966   774    38         131.7500   137.3500   4.2505     % 
UB: 137.35
branching on 1 with b.
4967   775    39         131.7500   137.3500   4.2505     % 
UB: 137.35
branching on 2 with b.
4968   776    40         131.7500   137.3500   4.2505     % 
UB: 137.35
branching on 3 with b.
4969   777    41         131.7500   137.3500   4.2505     % 
LB close or above UB, fathomed
4970   776    41         131.7500   137.3500   4.2505     % 
LB close or above UB, fathomed
4971   775    40         131.7500   137.3500   4.2505     % 
LB close or above UB, fathomed
4972   774    39         131.7500   137.3500   4.2505     % 
UB: 137.35
branching on 2 with b.
4973   775    40         131.7500   137.3500   4.2505     % 
UB: 137.35
branching on 3 with b.
4974   776    41         131.7500   137.3500   4.2505     % 
LB close or above UB, fathomed
4975   775    41         131.7500   137.3500   4.2505     % 
LB close or above UB, fathomed
4976   774    40         131.7500   137.3500   4.2505     % 
LB close or above UB, fathomed
4977   773    38         131.7500   137.3500   4.2505     % 
LB close or above UB, fathomed
4978   772    37         131.7500   137.3500   4.2505     % 
LB close or above UB, fathomed
4979   771    34         131.7500   137.3500   4.2505     % 
LB close or above UB, fathomed
4980   770    31         131.7500   137.3500   4.2505     % 
LB close or above UB, fathomed
4981   769    30         131.7500   137.3500   4.2505     % 
LB close or above UB, fathomed
4982   768    29         131.7500   137.3500   4.2505     % 
LB close or above UB, fathomed
4983   767    28         131.7500   137.3500   4.2505     % 
LB close or above UB, fathomed
4984   766    26         131.7500   137.3500   4.2505     % 
LB close or above UB, fathomed
4985   765    25         131.7500   137.3500   4.2505     % 
LB close or above UB, fathomed
4986   764    28         131.7500   137.3500   4.2505     % 
UB: 137.35
branching on CartesianIndex(7, 3) with a.
4987   765    29         131.7500   137.3500   4.2505     % 
LB close or above UB, fathomed
4988   764    29         131.7500   137.3500   4.2505     % 
LB close or above UB, fathomed
4989   763    28         131.7500   137.3500   4.2505     % 
LB close or above UB, fathomed
4990   762    17         131.7500   137.3500   4.2505     % 
UB: 137.35
branching on CartesianIndex(7, 1) with a.
4991   763    18         131.7500   137.3500   4.2505     % 
UB: 137.35
branching on CartesianIndex(8, 1) with a.
4992   764    19         131.7500   137.3500   4.2505     % 
LB close or above UB, fathomed
4993   763    19         131.7500   137.3500   4.2505     % 
UB: 137.35
branching on CartesianIndex(1, 2) with a.
4994   764    20         131.7500   137.3500   4.2505     % 
UB: 137.35
branching on CartesianIndex(2, 2) with a.
4995   765    20         131.7500   137.3500   4.2505     % 
LB close or above UB, fathomed
4996   764    18         131.7500   137.3500   4.2505     % 
LB close or above UB, fathomed
4997   763    17         131.7500   137.3500   4.2505     % 
LB close or above UB, fathomed
4998   762    22         131.7500   137.3500   4.2505     % 
UB: 137.35
branching on CartesianIndex(7, 3) with a.
4999   763    23         131.7500   137.3500   4.2505     % 
LB close or above UB, fathomed
5000   762    23         131.7500   137.3500   4.2505     % 
UB: 137.35
branching on 2 with b.
5001   763    22         131.7500   137.3500   4.2505     % 
LB close or above UB, fathomed
5002   762    28         131.7500   137.3500   4.2505     % 
UB: 137.35
branching on CartesianIndex(4, 4) with c.
5003   763    29         131.7500   137.3500   4.2505     % 
UB: 137.35
branching on 3 with b.
5004   764    30         131.7500   137.3500   4.2505     % 
UB: 137.35
branching on CartesianIndex(5, 4) with c.
5005   765    31         131.7500   137.3500   4.2505     % 
LB close or above UB, fathomed
5006   764    31         131.7500   137.3500   4.2505     % 
LB close or above UB, fathomed
5007   763    30         131.7500   137.3500   4.2505     % 
LB close or above UB, fathomed
5008   762    29         131.7500   137.3500   4.2505     % 
LB close or above UB, fathomed
5009   761    28         131.7500   137.3500   4.2505     % 
LB close or above UB, fathomed
5010   760    22         131.7500   137.3500   4.2505     % 
UB: 137.35
branching on CartesianIndex(2, 3) with a.
5011   761    23         131.7500   137.3500   4.2505     % 
UB: 137.35
branching on CartesianIndex(3, 3) with a.
5012   762    24         131.7500   137.3500   4.2505     % 
UB: 137.35
branching on 2 with b.
5013   763    25         131.7500   137.3500   4.2505     % 
UB: 137.35
branching on 3 with b.
5014   764    26         131.7500   137.3500   4.2505     % 
LB close or above UB, fathomed
5015   763    26         131.7500   137.3500   4.2505     % 
LB close or above UB, fathomed
5016   762    25         131.7500   137.3500   4.2505     % 
LB close or above UB, fathomed
5017   761    24         131.7500   137.3500   4.2505     % 
LB close or above UB, fathomed
5018   760    23         131.7500   137.3500   4.2505     % 
LB close or above UB, fathomed
5019   759    22         131.7500   137.3500   4.2505     % 
LB close or above UB, fathomed
5020   758    23         131.7500   137.3500   4.2505     % 
LB close or above UB, fathomed
5021   757    23         131.7500   137.3500   4.2505     % 
UB: 137.35
branching on 3 with b.
5022   758    24         131.7500   137.3500   4.2505     % 
LB close or above UB, fathomed
5023   757    24         131.7500   137.3500   4.2505     % 
UB: 137.35
branching on CartesianIndex(1, 3) with a.
5024   758    25         131.7500   137.3500   4.2505     % 
UB: 137.35
branching on CartesianIndex(2, 3) with a.
5025   759    26         131.7500   137.3500   4.2505     % 
UB: 137.35
branching on CartesianIndex(3, 3) with a.
5026   760    27         131.7500   137.3500   4.2505     % 
UB: 137.35
branching on CartesianIndex(4, 3) with a.
5027   761    28         131.7500   137.3500   4.2505     % 
LB close or above UB, fathomed
5028   760    28         131.7500   137.3500   4.2505     % 
UB: 137.35
branching on 1 with b.
5029   761    29         131.7500   137.3500   4.2505     % 
UB: 137.35
branching on CartesianIndex(1, 4) with c.
5030   762    29         131.7500   137.3500   4.2505     % 
LB close or above UB, fathomed
5031   761    27         131.7500   137.3500   4.2505     % 
LB close or above UB, fathomed
5032   760    26         131.7500   137.3500   4.2505     % 
LB close or above UB, fathomed
5033   759    25         131.7500   137.3500   4.2505     % 
LB close or above UB, fathomed
5034   758    29         131.7500   137.3500   4.2505     % 
LB close or above UB, fathomed
5035   757    29         131.7500   137.3500   4.2505     % 
LB close or above UB, fathomed
5036   756    19         131.7500   137.3500   4.2505     % 
LB close or above UB, fathomed
5037   755    19         131.7500   137.3500   4.2505     % 
UB: 137.35
branching on CartesianIndex(1, 2) with a.
5038   756    20         131.7500   137.3500   4.2505     % 
UB: 137.35
branching on CartesianIndex(2, 2) with a.
5039   757    21         131.7500   137.3500   4.2505     % 
UB: 137.35
branching on CartesianIndex(3, 2) with a.
5040   758    22         131.7500   137.3500   4.2505     % 
UB: 137.35
branching on CartesianIndex(4, 2) with a.
5041   759    23         131.7500   137.3500   4.2505     % 
UB: 137.35
branching on CartesianIndex(5, 2) with a.
5042   760    24         131.7500   137.3500   4.2505     % 
UB: 137.35
branching on CartesianIndex(6, 2) with a.
5043   761    25         131.7500   137.3500   4.2505     % 
LB close or above UB, fathomed
5044   760    25         131.7500   137.3500   4.2505     % 
LB close or above UB, fathomed
5045   759    24         131.7500   137.3500   4.2505     % 
LB close or above UB, fathomed
5046   758    23         131.7500   137.3500   4.2505     % 
LB close or above UB, fathomed
5047   757    22         131.7500   137.3500   4.2505     % 
LB close or above UB, fathomed
5048   756    21         131.7500   137.3500   4.2505     % 
LB close or above UB, fathomed
5049   755    20         131.7500   137.3500   4.2505     % 
LB close or above UB, fathomed
5050   754    26         131.7500   137.3500   4.2505     % 
UB: 137.35
branching on CartesianIndex(1, 3) with a.
5051   755    27         131.7500   137.3500   4.2505     % 
UB: 137.35
branching on CartesianIndex(2, 3) with a.
5052   756    28         131.7500   137.3500   4.2505     % 
UB: 137.35
branching on CartesianIndex(3, 3) with a.
5053   757    29         131.7500   137.3500   4.2505     % 
UB: 137.35
branching on CartesianIndex(4, 3) with a.
5054   758    29         131.7500   137.3500   4.2505     % 
LB close or above UB, fathomed
5055   757    28         131.7500   137.3500   4.2505     % 
LB close or above UB, fathomed
5056   756    27         131.7500   137.3500   4.2505     % 
LB close or above UB, fathomed
5057   755    26         131.7500   137.3500   4.2505     % 
LB close or above UB, fathomed
5058   754    26         131.7500   137.3500   4.2505     % 
UB: 137.35
branching on CartesianIndex(1, 4) with c.
5059   755    27         131.7500   137.3500   4.2505     % 
LB close or above UB, fathomed
5060   754    27         131.7500   137.3500   4.2505     % 
LB close or above UB, fathomed
5061   753    26         131.7500   137.3500   4.2505     % 
LB close or above UB, fathomed
5062   752    19         131.7500   137.3500   4.2505     % 
LB close or above UB, fathomed
5063   751    19         131.7500   137.3500   4.2505     % 
LB close or above UB, fathomed
5064   750    19         131.7500   137.3500   4.2505     % 
UB: 137.35
branching on CartesianIndex(2, 4) with c.
5065   751    20         131.7500   137.3500   4.2505     % 
LB close or above UB, fathomed
5066   750    20         131.7500   137.3500   4.2505     % 
UB: 137.35
branching on 1 with b.
5067   751    21         131.7500   137.3500   4.2505     % 
UB: 137.35
branching on CartesianIndex(1, 5) with c.
5068   752    21         131.7500   137.3500   4.2505     % 
LB close or above UB, fathomed
5069   751    19         131.7500   137.3500   4.2505     % 
LB close or above UB, fathomed
5070   750    10         131.7500   137.3500   4.2505     % 
UB: 137.35
branching on CartesianIndex(2, 3) with a.
5071   751    11         131.7500   137.3500   4.2505     % 
UB: 137.35
branching on CartesianIndex(3, 3) with a.
5072   752    12         131.7500   137.3500   4.2505     % 
UB: 137.35
branching on CartesianIndex(4, 3) with a.
5073   753    13         131.7500   137.3500   4.2505     % 
UB: 137.35
branching on 2 with b.
5074   754    13         131.7500   137.3500   4.2505     % 
UB: 137.35
branching on CartesianIndex(1, 4) with c.
5075   755    14         131.7500   137.3500   4.2505     % 
LB close or above UB, fathomed
5076   754    14         131.7500   137.3500   4.2505     % 
LB close or above UB, fathomed
5077   753    12         131.7500   137.3500   4.2505     % 
LB close or above UB, fathomed
5078   752    11         131.7500   137.3500   4.2505     % 
LB close or above UB, fathomed
5079   751    10         131.7500   137.3500   4.2505     % 
LB close or above UB, fathomed
5080   750    21         131.7500   137.3500   4.2505     % 
LB close or above UB, fathomed
5081   749    21         131.7500   137.3500   4.2505     % 
UB: 137.35
branching on CartesianIndex(1, 4) with c.
5082   750    22         131.7500   137.3500   4.2505     % 
UB: 137.35
branching on 3 with b.
5083   751    23         131.7500   137.3500   4.2505     % 
LB close or above UB, fathomed
5084   750    23         131.7500   137.3500   4.2505     % 
UB: 137.35
branching on CartesianIndex(2, 4) with c.
5085   751    24         131.7500   137.3500   4.2505     % 
LB close or above UB, fathomed
5086   750    24         131.7500   137.3500   4.2505     % 
UB: 137.35
branching on CartesianIndex(1, 5) with c.
5087   751    22         131.7500   137.3500   4.2505     % 
LB close or above UB, fathomed
5088   750    24         131.7500   137.3500   4.2505     % 
LB close or above UB, fathomed
5089   749    24         131.7500   137.3500   4.2505     % 
UB: 137.35
branching on 1 with b.
5090   750    25         131.7500   137.3500   4.2505     % 
UB: 137.35
branching on CartesianIndex(1, 4) with c.
5091   751    25         131.7500   137.3500   4.2505     % 
UB: 137.35
branching on CartesianIndex(1, 4) with c.
5092   752    26         131.7500   137.3500   4.2505     % 
UB: 137.35
branching on CartesianIndex(2, 4) with c.
5093   753    27         131.7500   137.3500   4.2505     % 
UB: 137.35
branching on CartesianIndex(3, 4) with c.
5094   754    27         131.7500   137.3500   4.2505     % 
LB close or above UB, fathomed
5095   753    26         131.7500   137.3500   4.2505     % 
LB close or above UB, fathomed
5096   752    17         131.7500   137.3500   4.2505     % 
UB: 137.35
branching on 3 with b.
5097   753    18         131.7500   137.3500   4.2505     % 
UB: 137.35
branching on CartesianIndex(2, 4) with c.
5098   754    19         131.7500   137.3500   4.2505     % 
LB close or above UB, fathomed
5099   753    19         131.7500   137.3500   4.2505     % 
UB: 137.35
branching on CartesianIndex(1, 5) with c.
5100   754    18         131.7500   137.3500   4.2505     % 
LB close or above UB, fathomed
5101   753    17         131.7500   137.3500   4.2505     % 
LB close or above UB, fathomed
5102   752    19         131.7500   137.3500   4.2505     % 
UB: 137.35
branching on 3 with b.
5103   753    20         131.7500   137.3500   4.2505     % 
UB: 137.35
branching on CartesianIndex(4, 4) with c.
5104   754    21         131.7500   137.3500   4.2505     % 
LB close or above UB, fathomed
5105   753    21         131.7500   137.3500   4.2505     % 
UB: 137.35
branching on CartesianIndex(1, 5) with c.
5106   754    20         131.7500   137.3500   4.2505     % 
LB close or above UB, fathomed
5107   753    19         131.7500   137.3500   4.2505     % 
LB close or above UB, fathomed
5108   752    18         131.7500   137.3500   4.2505     % 
UB: 137.35
branching on 1 with b.
5109   753    18         131.7500   137.3500   4.2505     % 
LB close or above UB, fathomed
5110   752    19         131.7500   137.3500   4.2505     % 
UB: 137.35
branching on CartesianIndex(2, 4) with c.
5111   753    20         131.7500   137.3500   4.2505     % 
UB: 137.35
branching on CartesianIndex(3, 4) with c.
5112   754    21         131.7500   137.3500   4.2505     % 
UB: 137.35
branching on CartesianIndex(4, 4) with c.
5113   755    22         131.7500   137.3500   4.2505     % 
UB: 137.35
branching on CartesianIndex(5, 4) with c.
5114   756    23         131.7500   137.3500   4.2505     % 
UB: 137.35
branching on 1 with b.
5115   757    24         131.7500   137.3500   4.2505     % 
UB: 137.35
branching on 2 with b.
5116   758    25         131.7500   137.3500   4.2505     % 
LB close or above UB, fathomed
5117   757    25         131.7500   137.3500   4.2505     % 
LB close or above UB, fathomed
5118   756    24         131.7500   137.3500   4.2505     % 
LB close or above UB, fathomed
5119   755    23         131.7500   137.3500   4.2505     % 
LB close or above UB, fathomed
5120   754    22         131.7500   137.3500   4.2505     % 
LB close or above UB, fathomed
5121   753    21         131.7500   137.3500   4.2505     % 
LB close or above UB, fathomed
5122   752    20         131.7500   137.3500   4.2505     % 
LB close or above UB, fathomed
5123   751    19         131.7500   137.3500   4.2505     % 
LB close or above UB, fathomed
5124   750    18         131.7500   137.3500   4.2505     % 
UB: 137.35
branching on CartesianIndex(6, 2) with a.
5125   751    19         131.7500   137.3500   4.2505     % 
UB: 137.35
branching on CartesianIndex(7, 2) with a.
5126   752    19         131.7500   137.3500   4.2505     % 
LB close or above UB, fathomed
5127   751    18         131.7500   137.3500   4.2505     % 
LB close or above UB, fathomed
5128   750    19         131.7500   137.3500   4.2505     % 
LB close or above UB, fathomed
5129   749    19         131.7500   137.3500   4.2505     % 
UB: 137.35
branching on 3 with b.
5130   750    20         131.7500   137.3500   4.2505     % 
UB: 137.35
branching on CartesianIndex(1, 3) with a.
5131   751    21         131.7500   137.3500   4.2505     % 
UB: 137.35
branching on CartesianIndex(2, 3) with a.
5132   752    22         131.7500   137.3500   4.2505     % 
UB: 137.35
branching on CartesianIndex(3, 3) with a.
5133   753    23         131.7500   137.3500   4.2505     % 
UB: 137.35
branching on CartesianIndex(4, 3) with a.
5134   754    23         131.7500   137.3500   4.2505     % 
LB close or above UB, fathomed
5135   753    22         131.7500   137.3500   4.2505     % 
LB close or above UB, fathomed
5136   752    21         131.7500   137.3500   4.2505     % 
LB close or above UB, fathomed
5137   751    20         131.7500   137.3500   4.2505     % 
LB close or above UB, fathomed
5138   750    17         131.7500   137.3500   4.2505     % 
UB: 137.35
branching on CartesianIndex(4, 3) with a.
5139   751    18         131.7500   137.3500   4.2505     % 
UB: 137.35
branching on CartesianIndex(5, 3) with a.
5140   752    18         131.7500   137.3500   4.2505     % 
LB close or above UB, fathomed
5141   751    17         131.7500   137.3500   4.2505     % 
LB close or above UB, fathomed
5142   750    22         131.7500   137.3500   4.2505     % 
UB: 137.35
branching on CartesianIndex(6, 3) with a.
5143   751    23         131.7500   137.3500   4.2505     % 
LB close or above UB, fathomed
5144   750    23         131.7500   137.3500   4.2505     % 
LB close or above UB, fathomed
5145   749    22         131.7500   137.3500   4.2505     % 
LB close or above UB, fathomed
5146   748    11         131.7500   137.3500   4.2505     % 
UB: 137.35
branching on CartesianIndex(4, 1) with a.
5147   749    12         131.7500   137.3500   4.2505     % 
LB close or above UB, fathomed
5148   748    12         131.7500   137.3500   4.2505     % 
LB close or above UB, fathomed
5149   747    11         131.7500   137.3500   4.2505     % 
UB: 137.35
branching on CartesianIndex(4, 1) with a.
5150   748    14         131.7500   137.3500   4.2505     % 
LB close or above UB, fathomed
5151   747    14         131.7500   137.3500   4.2505     % 
LB close or above UB, fathomed
5152   746    35         131.7500   137.3500   4.2505     % 
LB close or above UB, fathomed
5153   745    35         131.7500   137.3500   4.2505     % 
UB: 137.35
branching on CartesianIndex(3, 5) with c.
5154   746    36         131.7500   137.3500   4.2505     % 
UB: 137.35
branching on CartesianIndex(4, 5) with c.
5155   747    37         131.7500   137.3500   4.2505     % 
UB: 137.35
branching on CartesianIndex(5, 5) with c.
5156   748    38         131.7500   137.3500   4.2505     % 
UB: 137.35
branching on CartesianIndex(1, 6) with c.
5157   749    39         131.7500   137.3500   4.2505     % 
LB close or above UB, fathomed
5158   748    39         131.7500   137.3500   4.2505     % 
UB: 137.35
branching on CartesianIndex(1, 7) with c.
5159   749    40         131.7500   137.3500   4.2505     % 
UB: 137.35
branching on CartesianIndex(2, 7) with c.
5160   750    41         131.7500   137.3500   4.2505     % 
LB close or above UB, fathomed
5161   749    41         131.7500   137.3500   4.2505     % 
UB: 137.35
branching on 3 with b.
5162   750    42         131.7500   137.3500   4.2505     % 
LB close or above UB, fathomed
5163   749    42         131.7500   137.3500   4.2505     % 
LB close or above UB, fathomed
5164   748    40         131.7500   137.3500   4.2505     % 
LB close or above UB, fathomed
5165   747    38         131.7500   137.3500   4.2505     % 
LB close or above UB, fathomed
5166   746    37         131.7500   137.3500   4.2505     % 
LB close or above UB, fathomed
5167   745    36         131.7500   137.3500   4.2505     % 
LB close or above UB, fathomed
5168   744    31         131.7500   137.3500   4.2505     % 
UB: 137.35
branching on CartesianIndex(1, 5) with c.
5169   745    32         131.7500   137.3500   4.2505     % 
UB: 137.35
branching on CartesianIndex(2, 5) with c.
5170   746    33         131.7500   137.3500   4.2505     % 
LB close or above UB, fathomed
5171   745    33         131.7500   137.3500   4.2505     % 
UB: 137.35
branching on CartesianIndex(1, 6) with c.
5172   746    32         131.7500   137.3500   4.2505     % 
LB close or above UB, fathomed
5173   745    31         131.7500   137.3500   4.2505     % 
LB close or above UB, fathomed
5174   744    24         131.7500   137.3500   4.2505     % 
LB close or above UB, fathomed
5175   743    24         131.7500   137.3500   4.2505     % 
UB: 137.35
branching on 1 with b.
5176   744    25         131.7500   137.3500   4.2505     % 
LB close or above UB, fathomed
5177   743    25         131.7500   137.3500   4.2505     % 
LB close or above UB, fathomed
5178   742    41         131.7500   137.3500   4.2505     % 
UB: 137.35
branching on CartesianIndex(2, 6) with c.
5179   743    42         131.7500   137.3500   4.2505     % 
LB close or above UB, fathomed
5180   742    42         131.7500   137.3500   4.2505     % 
UB: 137.35
branching on CartesianIndex(1, 7) with c.
5181   743    43         131.7500   137.3500   4.2505     % 
LB close or above UB, fathomed
5182   742    43         131.7500   137.3500   4.2505     % 
UB: 137.35
branching on 3 with b.
5183   743    44         131.7500   137.3500   4.2505     % 
UB: 137.35
branching on 1 with b.
5184   743    45         131.7500   137.3500   4.2505     % 
UB: 137.35
branching on 2 with b.
5185   744    46         131.7500   137.3500   4.2505     % 
UB: 137.35
branching on 3 with b.
5186   745    46         131.7500   137.3500   4.2505     % 
UB: 137.35
branching on 3 with b.
5187   746    47         131.7500   137.3500   4.2505     % 
LB close or above UB, fathomed
5188   745    47         131.7500   137.3500   4.2505     % 
LB close or above UB, fathomed
5189   744    44         131.7500   137.3500   4.2505     % 
LB close or above UB, fathomed
5190   743    41         131.7500   137.3500   4.2505     % 
LB close or above UB, fathomed
5191   742    40         131.7500   137.3500   4.2505     % 
UB: 137.35
branching on CartesianIndex(2, 6) with c.
5192   743    40         131.7500   137.3500   4.2505     % 
LB close or above UB, fathomed
5193   742    30         131.7500   137.3500   4.2505     % 
UB: 137.35
branching on CartesianIndex(2, 5) with c.
5194   743    31         131.7500   137.3500   4.2505     % 
UB: 137.35
branching on CartesianIndex(3, 5) with c.
5195   744    32         131.7500   137.3500   4.2505     % 
UB: 137.35
branching on CartesianIndex(4, 5) with c.
5196   745    33         131.7500   137.3500   4.2505     % 
UB: 137.35
branching on CartesianIndex(5, 5) with c.
5197   746    33         131.7500   137.3500   4.2505     % 
LB close or above UB, fathomed
5198   745    32         131.7500   137.3500   4.2505     % 
LB close or above UB, fathomed
5199   744    31         131.7500   137.3500   4.2505     % 
LB close or above UB, fathomed
5200   743    30         131.7500   137.3500   4.2505     % 
LB close or above UB, fathomed
5201   742    31         131.7500   137.3500   4.2505     % 
UB: 137.35
branching on CartesianIndex(5, 4) with c.
5202   743    32         131.7500   137.3500   4.2505     % 
UB: 137.35
branching on CartesianIndex(1, 5) with c.
5203   744    33         131.7500   137.3500   4.2505     % 
UB: 137.35
branching on 3 with b.
5204   745    34         131.7500   137.3500   4.2505     % 
UB: 137.35
branching on CartesianIndex(2, 5) with c.
5205   746    35         131.7500   137.3500   4.2505     % 
LB close or above UB, fathomed
5206   745    35         131.7500   137.3500   4.2505     % 
UB: 137.35
branching on CartesianIndex(1, 6) with c.
5207   746    34         131.7500   137.3500   4.2505     % 
LB close or above UB, fathomed
5208   745    33         131.7500   137.3500   4.2505     % 
LB close or above UB, fathomed
5209   744    32         131.7500   137.3500   4.2505     % 
LB close or above UB, fathomed
5210   743    31         131.7500   137.3500   4.2505     % 
LB close or above UB, fathomed
5211   742    24         131.7500   137.3500   4.2505     % 
LB close or above UB, fathomed
5212   741    24         131.7500   137.3500   4.2505     % 
UB: 137.35
branching on 3 with b.
5213   742    25         131.7500   137.3500   4.2505     % 
LB close or above UB, fathomed
5214   741    25         131.7500   137.3500   4.2505     % 
UB: 137.35
branching on CartesianIndex(1, 6) with c.
5215   742    26         131.7500   137.3500   4.2505     % 
UB: 137.35
branching on CartesianIndex(2, 6) with c.
5216   743    27         131.7500   137.3500   4.2505     % 
LB close or above UB, fathomed
5217   742    27         131.7500   137.3500   4.2505     % 
UB: 137.35
branching on CartesianIndex(1, 7) with c.
5218   743    28         131.7500   137.3500   4.2505     % 
UB: 137.35
branching on CartesianIndex(2, 7) with c.
5219   744    29         131.7500   137.3500   4.2505     % 
UB: 137.35
branching on CartesianIndex(3, 7) with c.
5220   745    30         131.7500   137.3500   4.2505     % 
UB: 137.35
branching on CartesianIndex(4, 7) with c.
5221   746    31         131.7500   137.3500   4.2505     % 
UB: 137.35
branching on CartesianIndex(5, 7) with c.
5222   747    32         131.7500   137.3500   4.2505     % 
UB: 137.35
branching on 1 with b.
5223   748    33         131.7500   137.3500   4.2505     % 
LB close or above UB, fathomed
5224   747    33         131.7500   137.3500   4.2505     % 
LB close or above UB, fathomed
5225   746    32         131.7500   137.3500   4.2505     % 
LB close or above UB, fathomed
5226   745    31         131.7500   137.3500   4.2505     % 
LB close or above UB, fathomed
5227   744    30         131.7500   137.3500   4.2505     % 
LB close or above UB, fathomed
5228   743    29         131.7500   137.3500   4.2505     % 
LB close or above UB, fathomed
5229   742    28         131.7500   137.3500   4.2505     % 
LB close or above UB, fathomed
5230   741    26         131.7500   137.3500   4.2505     % 
LB close or above UB, fathomed
5231   740    38         131.7500   137.3500   4.2505     % 
UB: 137.35
branching on 1 with b.
5232   741    39         131.7500   137.3500   4.2505     % 
UB: 137.35
branching on 2 with b.
5233   742    40         131.7500   137.3500   4.2505     % 
LB close or above UB, fathomed
5234   741    40         131.7500   137.3500   4.2505     % 
UB: 137.35
branching on 3 with b.
5235   742    41         131.7500   137.3500   4.2505     % 
LB close or above UB, fathomed
5236   741    41         131.7500   137.3500   4.2505     % 
LB close or above UB, fathomed
5237   740    39         131.7500   137.3500   4.2505     % 
UB: 137.35
branching on 2 with b.
5238   741    40         131.7500   137.3500   4.2505     % 
LB close or above UB, fathomed
5239   740    40         131.7500   137.3500   4.2505     % 
UB: 137.35
branching on 3 with b.
5240   741    41         131.7500   137.3500   4.2505     % 
LB close or above UB, fathomed
5241   740    41         131.7500   137.3500   4.2505     % 
LB close or above UB, fathomed
5242   739    38         131.7500   137.3500   4.2505     % 
LB close or above UB, fathomed
5243   738    39         131.7500   137.3500   4.2505     % 
LB close or above UB, fathomed
5244   737    39         131.7500   137.3500   4.2505     % 
UB: 137.35
branching on CartesianIndex(1, 6) with c.
5245   738    30         131.7500   137.3500   4.2505     % 
UB: 137.35
branching on CartesianIndex(1, 6) with c.
5246   739    31         131.7500   137.3500   4.2505     % 
LB close or above UB, fathomed
5247   738    31         131.7500   137.3500   4.2505     % 
UB: 137.35
branching on CartesianIndex(1, 7) with c.
5248   739    32         131.7500   137.3500   4.2505     % 
UB: 137.35
branching on 2 with b.
5249   740    33         131.7500   137.3500   4.2505     % 
LB close or above UB, fathomed
5250   739    33         131.7500   137.3500   4.2505     % 
UB: 137.35
branching on CartesianIndex(2, 7) with c.
5251   740    32         131.7500   137.3500   4.2505     % 
LB close or above UB, fathomed
5252   739    30         131.7500   137.3500   4.2505     % 
LB close or above UB, fathomed
5253   738    12         131.7500   137.3500   4.2505     % 
UB: 137.35
branching on CartesianIndex(3, 3) with a.
5254   739    13         131.7500   137.3500   4.2505     % 
UB: 137.35
branching on CartesianIndex(4, 3) with a.
5255   740    14         131.7500   137.3500   4.2505     % 
UB: 137.35
branching on 2 with b.
5256   741    14         131.7500   137.3500   4.2505     % 
LB close or above UB, fathomed
5257   740    13         131.7500   137.3500   4.2505     % 
LB close or above UB, fathomed
5258   739    12         131.7500   137.3500   4.2505     % 
LB close or above UB, fathomed
5259   738    33         131.7500   137.3500   4.2505     % 
UB: 137.35
branching on 1 with b.
5260   739    34         131.7500   137.3500   4.2505     % 
LB close or above UB, fathomed
5261   738    34         131.7500   137.3500   4.2505     % 
LB close or above UB, fathomed
5262   737    33         131.7500   137.3500   4.2505     % 
LB close or above UB, fathomed
5263   736    32         133.1500   137.3500   3.1543     % 
UB: 137.35
branching on CartesianIndex(8, 3) with a.
5264   737    32         133.1500   137.3500   3.1543     % 
LB close or above UB, fathomed
5265   736    5          134.5000   137.3500   2.1190     % 
UB: 137.35
branching on 1 with b.
5266   737    6          134.5000   137.3500   2.1190     % 
UB: 137.35
branching on 1 with b.
5267   738    7          134.5000   137.3500   2.1190     % 
UB: 137.35
branching on CartesianIndex(2, 1) with a.
5268   739    8          134.5000   137.3500   2.1190     % 
UB: 137.35
branching on CartesianIndex(3, 1) with a.
5269   740    9          134.5000   137.3500   2.1190     % 
UB: 137.35
branching on CartesianIndex(4, 1) with a.
5270   741    10         134.5000   137.3500   2.1190     % 
UB: 137.35
branching on 2 with b.
5271   742    11         134.5000   137.3500   2.1190     % 
LB close or above UB, fathomed
5272   741    11         134.5000   137.3500   2.1190     % 
LB close or above UB, fathomed
5273   740    10         134.5000   137.3500   2.1190     % 
LB close or above UB, fathomed
5274   739    9          134.5000   137.3500   2.1190     % 
LB close or above UB, fathomed
5275   738    8          134.5000   137.3500   2.1190     % 
LB close or above UB, fathomed
5276   737    7          134.5000   137.3500   2.1190     % 
LB close or above UB, fathomed
5277   736    6          134.5000   137.3500   2.1190     % 
LB close or above UB, fathomed
5278   735    5          134.5000   137.3500   2.1190     % 
LB close or above UB, fathomed
5279   734    28         134.5052   137.3500   2.1150     % 
UB: 137.35
branching on CartesianIndex(2, 5) with c.
5280   735    29         134.5052   137.3500   2.1150     % 
LB close or above UB, fathomed
5281   734    29         134.5052   137.3500   2.1150     % 
LB close or above UB, fathomed
5282   733    28         134.5052   137.3500   2.1150     % 
LB close or above UB, fathomed
5283   732    31         134.5089   137.3500   2.1122     % 
UB: 137.35
branching on CartesianIndex(4, 4) with c.
5284   733    32         134.5089   137.3500   2.1122     % 
LB close or above UB, fathomed
5285   732    32         134.5089   137.3500   2.1122     % 
LB close or above UB, fathomed
5286   731    31         134.5089   137.3500   2.1122     % 
LB close or above UB, fathomed
5287   730    20         134.5500   137.3500   2.0810     % 
LB close or above UB, fathomed
5288   729    20         134.5500   137.3500   2.0810     % 
LB close or above UB, fathomed
5289   728    33         134.5500   137.3500   2.0810     % 
LB close or above UB, fathomed
5290   727    33         134.5500   137.3500   2.0810     % 
UB: 137.35
branching on CartesianIndex(1, 4) with c.
5291   728    34         134.5500   137.3500   2.0810     % 
LB close or above UB, fathomed
5292   727    34         134.5500   137.3500   2.0810     % 
LB close or above UB, fathomed
5293   726    19         134.5500   137.3500   2.0810     % 
UB: 137.35
branching on CartesianIndex(2, 4) with c.
5294   727    20         134.5500   137.3500   2.0810     % 
LB close or above UB, fathomed
5295   726    20         134.5500   137.3500   2.0810     % 
LB close or above UB, fathomed
5296   725    19         134.5500   137.3500   2.0810     % 
LB close or above UB, fathomed
5297   724    22         134.5500   137.3500   2.0810     % 
UB: 137.35
branching on CartesianIndex(2, 5) with c.
5298   725    23         134.5500   137.3500   2.0810     % 
UB: 137.35
branching on 1 with b.
5299   726    24         134.5500   137.3500   2.0810     % 
UB: 137.35
branching on CartesianIndex(3, 5) with c.
5300   727    25         134.5500   137.3500   2.0810     % 
UB: 137.35
branching on 2 with b.
5301   728    26         134.5500   137.3500   2.0810     % 
LB close or above UB, fathomed
5302   727    26         134.5500   137.3500   2.0810     % 
LB close or above UB, fathomed
5303   726    25         134.5500   137.3500   2.0810     % 
LB close or above UB, fathomed
5304   725    24         134.5500   137.3500   2.0810     % 
LB close or above UB, fathomed
5305   724    23         134.5500   137.3500   2.0810     % 
LB close or above UB, fathomed
5306   723    22         134.5500   137.3500   2.0810     % 
LB close or above UB, fathomed
5307   722    30         134.5500   137.3500   2.0810     % 
UB: 137.35
branching on CartesianIndex(2, 4) with c.
5308   723    31         134.5500   137.3500   2.0810     % 
UB: 137.35
branching on CartesianIndex(3, 4) with c.
5309   724    32         134.5500   137.3500   2.0810     % 
LB close or above UB, fathomed
5310   723    32         134.5500   137.3500   2.0810     % 
LB close or above UB, fathomed
5311   722    31         134.5500   137.3500   2.0810     % 
LB close or above UB, fathomed
5312   721    30         134.5500   137.3500   2.0810     % 
LB close or above UB, fathomed
5313   720    37         134.5500   137.3500   2.0810     % 
UB: 137.35
branching on 3 with b.
5314   721    38         134.5500   137.3500   2.0810     % 
UB: 137.35
branching on 1 with b.
5315   722    39         134.5500   137.3500   2.0810     % 
LB close or above UB, fathomed
5316   721    39         134.5500   137.3500   2.0810     % 
UB: 137.35
branching on 2 with b.
5317   722    40         134.5500   137.3500   2.0810     % 
UB: 137.35
branching on 3 with b.
5318   723    41         134.5500   137.3500   2.0810     % 
LB close or above UB, fathomed
5319   722    41         134.5500   137.3500   2.0810     % 
LB close or above UB, fathomed
5320   721    40         134.5500   137.3500   2.0810     % 
LB close or above UB, fathomed
5321   720    38         134.5500   137.3500   2.0810     % 
LB close or above UB, fathomed
5322   719    37         134.5500   137.3500   2.0810     % 
LB close or above UB, fathomed
5323   718    26         134.5500   137.3500   2.0810     % 
UB: 137.35
branching on CartesianIndex(2, 4) with c.
5324   719    27         134.5500   137.3500   2.0810     % 
UB: 137.35
branching on CartesianIndex(3, 4) with c.
5325   720    28         134.5500   137.3500   2.0810     % 
UB: 137.35
branching on CartesianIndex(4, 4) with c.
5326   721    29         134.5500   137.3500   2.0810     % 
LB close or above UB, fathomed
5327   720    29         134.5500   137.3500   2.0810     % 
LB close or above UB, fathomed
5328   719    28         134.5500   137.3500   2.0810     % 
LB close or above UB, fathomed
5329   718    27         134.5500   137.3500   2.0810     % 
LB close or above UB, fathomed
5330   717    26         134.5500   137.3500   2.0810     % 
LB close or above UB, fathomed
5331   716    26         134.5500   137.3500   2.0810     % 
LB close or above UB, fathomed
5332   715    26         134.5500   137.3500   2.0810     % 
UB: 137.35
branching on CartesianIndex(1, 4) with c.
5333   716    24         134.5500   137.3500   2.0810     % 
LB close or above UB, fathomed
5334   715    24         134.5500   137.3500   2.0810     % 
LB close or above UB, fathomed
5335   714    41         134.5500   137.3500   2.0810     % 
LB close or above UB, fathomed
5336   713    41         134.5500   137.3500   2.0810     % 
LB close or above UB, fathomed
5337   712    21         134.5500   137.3500   2.0810     % 
UB: 137.35
branching on 2 with b.
5338   713    22         134.5500   137.3500   2.0810     % 
UB: 137.35
branching on CartesianIndex(2, 4) with c.
5339   714    22         134.5500   137.3500   2.0810     % 
LB close or above UB, fathomed
5340   713    21         134.5500   137.3500   2.0810     % 
LB close or above UB, fathomed
5341   712    26         134.5500   137.3500   2.0810     % 
UB: 137.35
branching on 3 with b.
5342   713    27         134.5500   137.3500   2.0810     % 
UB: 137.35
branching on 1 with b.
5343   714    28         134.5500   137.3500   2.0810     % 
LB close or above UB, fathomed
5344   713    28         134.5500   137.3500   2.0810     % 
LB close or above UB, fathomed
5345   712    27         134.5500   137.3500   2.0810     % 
LB close or above UB, fathomed
5346   711    26         134.5500   137.3500   2.0810     % 
LB close or above UB, fathomed
5347   710    18         134.5500   137.3500   2.0810     % 
LB close or above UB, fathomed
5348   709    18         134.5500   137.3500   2.0810     % 
LB close or above UB, fathomed
5349   708    15         134.5500   137.3500   2.0810     % 
UB: 137.35
branching on CartesianIndex(4, 3) with a.
5350   709    16         134.5500   137.3500   2.0810     % 
LB close or above UB, fathomed
5351   708    16         134.5500   137.3500   2.0810     % 
LB close or above UB, fathomed
5352   707    15         134.5500   137.3500   2.0810     % 
LB close or above UB, fathomed
5353   706    20         134.5500   137.3500   2.0810     % 
UB: 137.35
branching on CartesianIndex(2, 4) with c.
5354   707    21         134.5500   137.3500   2.0810     % 
LB close or above UB, fathomed
5355   706    21         134.5500   137.3500   2.0810     % 
LB close or above UB, fathomed
5356   705    20         134.5500   137.3500   2.0810     % 
LB close or above UB, fathomed
5357   704    31         134.5500   137.3500   2.0810     % 
LB close or above UB, fathomed
5358   703    31         134.5500   137.3500   2.0810     % 
UB: 137.35
branching on CartesianIndex(1, 7) with c.
5359   704    32         134.5500   137.3500   2.0810     % 
UB: 137.35
branching on CartesianIndex(2, 7) with c.
5360   705    33         134.5500   137.3500   2.0810     % 
LB close or above UB, fathomed
5361   704    33         134.5500   137.3500   2.0810     % 
UB: 137.35
branching on 2 with b.
5362   705    34         134.5500   137.3500   2.0810     % 
LB close or above UB, fathomed
5363   704    34         134.5500   137.3500   2.0810     % 
UB: 137.35
branching on 3 with b.
5364   705    35         134.5500   137.3500   2.0810     % 
LB close or above UB, fathomed
5365   704    35         134.5500   137.3500   2.0810     % 
UB: 137.35
branching on 1 with b.
5366   705    36         134.5500   137.3500   2.0810     % 
UB: 137.35
branching on 2 with b.
5367   706    37         134.5500   137.3500   2.0810     % 
LB close or above UB, fathomed
5368   705    37         134.5500   137.3500   2.0810     % 
UB: 137.35
branching on 3 with b.
5369   706    38         134.5500   137.3500   2.0810     % 
UB: 137.35
branching on 1 with b.
5370   706    39         134.5500   137.3500   2.0810     % 
UB: 137.35
branching on 2 with b.
5371   707    40         134.5500   137.3500   2.0810     % 
UB: 137.35
branching on 3 with b.
5372   708    41         134.5500   137.3500   2.0810     % 
LB close or above UB, fathomed
5373   707    41         134.5500   137.3500   2.0810     % 
LB close or above UB, fathomed
5374   706    40         134.5500   137.3500   2.0810     % 
UB: 137.35
branching on 3 with b.
5375   707    41         134.5500   137.3500   2.0810     % 
LB close or above UB, fathomed
5376   706    41         134.5500   137.3500   2.0810     % 
LB close or above UB, fathomed
5377   705    38         134.5500   137.3500   2.0810     % 
LB close or above UB, fathomed
5378   704    36         134.5500   137.3500   2.0810     % 
UB: 137.35
branching on 2 with b.
5379   705    32         134.5500   137.3500   2.0810     % 
LB close or above UB, fathomed
5380   704    23         134.5500   137.3500   2.0810     % 
LB close or above UB, fathomed
5381   703    23         134.5500   137.3500   2.0810     % 
LB close or above UB, fathomed
5382   702    47         134.5500   137.3500   2.0810     % 
UB: 137.35
branching on 3 with b.
5383   703    48         134.5500   137.3500   2.0810     % 
LB close or above UB, fathomed
5384   702    48         134.5500   137.3500   2.0810     % 
LB close or above UB, fathomed
5385   701    47         134.5500   137.3500   2.0810     % 
LB close or above UB, fathomed
5386   700    21         134.5500   137.3500   2.0810     % 
UB: 137.35
branching on CartesianIndex(3, 2) with a.
5387   701    22         134.5500   137.3500   2.0810     % 
UB: 137.35
branching on CartesianIndex(4, 2) with a.
5388   702    23         134.5500   137.3500   2.0810     % 
LB close or above UB, fathomed
5389   701    23         134.5500   137.3500   2.0810     % 
LB close or above UB, fathomed
5390   700    22         134.5500   137.3500   2.0810     % 
LB close or above UB, fathomed
5391   699    21         134.5500   137.3500   2.0810     % 
UB: 137.35
branching on CartesianIndex(3, 2) with a.
5392   700    22         134.5500   137.3500   2.0810     % 
UB: 137.35
branching on CartesianIndex(4, 2) with a.
5393   701    23         134.5500   137.3500   2.0810     % 
LB close or above UB, fathomed
5394   700    23         134.5500   137.3500   2.0810     % 
LB close or above UB, fathomed
5395   699    22         134.5500   137.3500   2.0810     % 
LB close or above UB, fathomed
5396   698    25         134.5500   137.3500   2.0810     % 
UB: 137.35
branching on CartesianIndex(8, 2) with a.
5397   699    26         134.5500   137.3500   2.0810     % 
LB close or above UB, fathomed
5398   698    26         134.5500   137.3500   2.0810     % 
UB: 137.35
branching on CartesianIndex(1, 3) with a.
5399   699    27         134.5500   137.3500   2.0810     % 
LB close or above UB, fathomed
5400   698    27         134.5500   137.3500   2.0810     % 
LB close or above UB, fathomed
5401   697    25         134.5500   137.3500   2.0810     % 
LB close or above UB, fathomed
5402   696    25         134.5500   137.3500   2.0810     % 
UB: 137.35
branching on CartesianIndex(8, 2) with a.
5403   697    25         134.5500   137.3500   2.0810     % 
LB close or above UB, fathomed
5404   696    31         134.5500   137.3500   2.0810     % 
UB: 137.35
branching on CartesianIndex(1, 6) with c.
5405   697    31         134.5500   137.3500   2.0810     % 
LB close or above UB, fathomed
5406   696    22         134.5500   137.3500   2.0810     % 
UB: 137.35
branching on 1 with b.
5407   696    23         134.5500   137.3500   2.0810     % 
UB: 137.35
branching on 2 with b.
5408   697    24         134.5500   137.3500   2.0810     % 
LB close or above UB, fathomed
5409   696    24         134.5500   137.3500   2.0810     % 
LB close or above UB, fathomed
5410   695    22         134.5500   137.3500   2.0810     % 
LB close or above UB, fathomed
5411   694    33         134.5500   137.3500   2.0810     % 
UB: 137.35
branching on CartesianIndex(2, 7) with c.
5412   695    34         134.5500   137.3500   2.0810     % 
UB: 137.35
branching on CartesianIndex(3, 7) with c.
5413   696    35         134.5500   137.3500   2.0810     % 
UB: 137.35
branching on CartesianIndex(4, 7) with c.
5414   697    36         134.5500   137.3500   2.0810     % 
UB: 137.35
branching on CartesianIndex(5, 7) with c.
5415   698    36         134.5500   137.3500   2.0810     % 
LB close or above UB, fathomed
5416   697    35         134.5500   137.3500   2.0810     % 
LB close or above UB, fathomed
5417   696    34         134.5500   137.3500   2.0810     % 
LB close or above UB, fathomed
5418   695    33         134.5500   137.3500   2.0810     % 
LB close or above UB, fathomed
5419   694    27         134.5500   137.3500   2.0810     % 
UB: 137.35
branching on CartesianIndex(4, 4) with c.
5420   695    28         134.5500   137.3500   2.0810     % 
UB: 137.35
branching on CartesianIndex(5, 4) with c.
5421   696    29         134.5500   137.3500   2.0810     % 
LB close or above UB, fathomed
5422   695    29         134.5500   137.3500   2.0810     % 
LB close or above UB, fathomed
5423   694    28         134.5500   137.3500   2.0810     % 
LB close or above UB, fathomed
5424   693    27         134.5500   137.3500   2.0810     % 
LB close or above UB, fathomed
5425   692    24         134.5500   137.3500   2.0810     % 
LB close or above UB, fathomed
5426   691    24         134.5500   137.3500   2.0810     % 
UB: 137.35
branching on CartesianIndex(1, 6) with c.
5427   692    25         134.5500   137.3500   2.0810     % 
UB: 137.35
branching on CartesianIndex(2, 6) with c.
5428   693    26         134.5500   137.3500   2.0810     % 
LB close or above UB, fathomed
5429   692    26         134.5500   137.3500   2.0810     % 
UB: 137.35
branching on CartesianIndex(1, 7) with c.
5430   693    27         134.5500   137.3500   2.0810     % 
LB close or above UB, fathomed
5431   692    27         134.5500   137.3500   2.0810     % 
LB close or above UB, fathomed
5432   691    25         134.5500   137.3500   2.0810     % 
LB close or above UB, fathomed
5433   690    51         134.5500   137.3500   2.0810     % 
LB close or above UB, fathomed
5434   689    51         134.5500   137.3500   2.0810     % 
UB: 137.35
branching on 1 with b.
5435   689    52         134.5500   137.3500   2.0810     % 
UB: 137.35
branching on 2 with b.
5436   690    53         134.5500   137.3500   2.0810     % 
LB close or above UB, fathomed
5437   689    53         134.5500   137.3500   2.0810     % 
UB: 137.35
branching on 3 with b.
5438   690    54         134.5500   137.3500   2.0810     % 
LB close or above UB, fathomed
5439   689    54         134.5500   137.3500   2.0810     % 
LB close or above UB, fathomed
5440   688    49         134.5500   137.3500   2.0810     % 
LB close or above UB, fathomed
5441   687    49         134.5500   137.3500   2.0810     % 
LB close or above UB, fathomed
5442   686    50         134.5500   137.3500   2.0810     % 
LB close or above UB, fathomed
5443   685    50         134.5500   137.3500   2.0810     % 
UB: 137.35
branching on 3 with b.
5444   686    51         134.5500   137.3500   2.0810     % 
LB close or above UB, fathomed
5445   685    51         134.5500   137.3500   2.0810     % 
UB: 137.35
branching on 1 with b.
5446   686    52         134.5500   137.3500   2.0810     % 
UB: 137.35
branching on 2 with b.
5447   686    53         134.5500   137.3500   2.0810     % 
UB: 137.35
branching on 3 with b.
5448   687    54         134.5500   137.3500   2.0810     % 
LB close or above UB, fathomed
5449   686    54         134.5500   137.3500   2.0810     % 
LB close or above UB, fathomed
5450   685    52         134.5500   137.3500   2.0810     % 
UB: 137.35
branching on 2 with b.
5451   685    53         134.5500   137.3500   2.0810     % 
UB: 137.35
branching on 3 with b.
5452   686    54         134.5500   137.3500   2.0810     % 
LB close or above UB, fathomed
5453   685    54         134.5500   137.3500   2.0810     % 
LB close or above UB, fathomed
5454   684    23         134.5500   137.3500   2.0810     % 
UB: 137.35
branching on CartesianIndex(3, 3) with a.
5455   685    24         134.5500   137.3500   2.0810     % 
LB close or above UB, fathomed
5456   684    24         134.5500   137.3500   2.0810     % 
UB: 137.35
branching on CartesianIndex(1, 4) with c.
5457   685    23         134.5500   137.3500   2.0810     % 
LB close or above UB, fathomed
5458   684    43         134.5500   137.3500   2.0810     % 
LB close or above UB, fathomed
5459   683    43         134.5500   137.3500   2.0810     % 
UB: 137.35
branching on 3 with b.
5460   684    44         134.5500   137.3500   2.0810     % 
LB close or above UB, fathomed
5461   683    44         134.5500   137.3500   2.0810     % 
LB close or above UB, fathomed
5462   682    41         134.5500   137.3500   2.0810     % 
UB: 137.35
branching on 1 with b.
5463   683    42         134.5500   137.3500   2.0810     % 
LB close or above UB, fathomed
5464   682    42         134.5500   137.3500   2.0810     % 
LB close or above UB, fathomed
5465   681    41         134.5500   137.3500   2.0810     % 
LB close or above UB, fathomed
5466   680    50         134.5500   137.3500   2.0810     % 
UB: 137.35
branching on 3 with b.
5467   681    51         134.5500   137.3500   2.0810     % 
LB close or above UB, fathomed
5468   680    51         134.5500   137.3500   2.0810     % 
UB: 137.35
branching on 1 with b.
5469   681    52         134.5500   137.3500   2.0810     % 
UB: 137.35
branching on 2 with b.
5470   682    53         134.5500   137.3500   2.0810     % 
UB: 137.35
branching on 3 with b.
5471   683    54         134.5500   137.3500   2.0810     % 
LB close or above UB, fathomed
5472   682    54         134.5500   137.3500   2.0810     % 
LB close or above UB, fathomed
5473   681    53         134.5500   137.3500   2.0810     % 
LB close or above UB, fathomed
5474   680    52         134.5500   137.3500   2.0810     % 
UB: 137.35
branching on 2 with b.
5475   681    53         134.5500   137.3500   2.0810     % 
UB: 137.35
branching on 3 with b.
5476   682    54         134.5500   137.3500   2.0810     % 
LB close or above UB, fathomed
5477   681    54         134.5500   137.3500   2.0810     % 
LB close or above UB, fathomed
5478   680    53         134.5500   137.3500   2.0810     % 
LB close or above UB, fathomed
5479   679    30         134.5500   137.3500   2.0810     % 
LB close or above UB, fathomed
5480   678    30         134.5500   137.3500   2.0810     % 
LB close or above UB, fathomed
5481   677    28         134.5500   137.3500   2.0810     % 
LB close or above UB, fathomed
5482   676    28         134.5500   137.3500   2.0810     % 
LB close or above UB, fathomed
5483   675    42         134.5500   137.3500   2.0810     % 
LB close or above UB, fathomed
5484   674    42         134.5500   137.3500   2.0810     % 
UB: 137.35
branching on 1 with b.
5485   675    43         134.5500   137.3500   2.0810     % 
LB close or above UB, fathomed
5486   674    43         134.5500   137.3500   2.0810     % 
LB close or above UB, fathomed
5487   673    48         134.5500   137.3500   2.0810     % 
UB: 137.35
branching on 3 with b.
5488   673    49         134.5500   137.3500   2.0810     % 
UB: 137.35
branching on 1 with b.
5489   674    50         134.5500   137.3500   2.0810     % 
LB close or above UB, fathomed
5490   673    50         134.5500   137.3500   2.0810     % 
UB: 137.35
branching on 2 with b.
5491   673    51         134.5500   137.3500   2.0810     % 
UB: 137.35
branching on 3 with b.
5492   673    52         134.5500   137.3500   2.0810     % 
UB: 137.35
branching on 1 with b.
5493   674    53         134.5500   137.3500   2.0810     % 
LB close or above UB, fathomed
5494   673    53         134.5500   137.3500   2.0810     % 
LB close or above UB, fathomed
5495   672    48         134.5500   137.3500   2.0810     % 
UB: 137.35
branching on 3 with b.
5496   672    49         134.5500   137.3500   2.0810     % 
UB: 137.35
branching on 1 with b.
5497   673    50         134.5500   137.3500   2.0810     % 
LB close or above UB, fathomed
5498   672    50         134.5500   137.3500   2.0810     % 
UB: 137.35
branching on 2 with b.
5499   672    51         134.5500   137.3500   2.0810     % 
UB: 137.35
branching on 3 with b.
5500   672    52         134.5500   137.3500   2.0810     % 
UB: 137.35
branching on 1 with b.
5501   673    53         134.5500   137.3500   2.0810     % 
LB close or above UB, fathomed
5502   672    53         134.5500   137.3500   2.0810     % 
LB close or above UB, fathomed
5503   671    48         134.5500   137.3500   2.0810     % 
UB: 137.35
branching on 3 with b.
5504   672    49         134.5500   137.3500   2.0810     % 
LB close or above UB, fathomed
5505   671    49         134.5500   137.3500   2.0810     % 
UB: 137.35
branching on 1 with b.
5506   672    50         134.5500   137.3500   2.0810     % 
LB close or above UB, fathomed
5507   671    50         134.5500   137.3500   2.0810     % 
UB: 137.35
branching on 2 with b.
5508   671    51         134.5500   137.3500   2.0810     % 
UB: 137.35
branching on 3 with b.
5509   672    52         134.5500   137.3500   2.0810     % 
LB close or above UB, fathomed
5510   671    52         134.5500   137.3500   2.0810     % 
UB: 137.35
branching on 1 with b.
5511   672    53         134.5500   137.3500   2.0810     % 
LB close or above UB, fathomed
5512   671    53         134.5500   137.3500   2.0810     % 
LB close or above UB, fathomed
5513   670    48         134.5500   137.3500   2.0810     % 
UB: 137.35
branching on 3 with b.
5514   671    49         134.5500   137.3500   2.0810     % 
LB close or above UB, fathomed
5515   670    49         134.5500   137.3500   2.0810     % 
UB: 137.35
branching on 1 with b.
5516   671    50         134.5500   137.3500   2.0810     % 
LB close or above UB, fathomed
5517   670    50         134.5500   137.3500   2.0810     % 
UB: 137.35
branching on 2 with b.
5518   670    51         134.5500   137.3500   2.0810     % 
UB: 137.35
branching on 3 with b.
5519   671    52         134.5500   137.3500   2.0810     % 
LB close or above UB, fathomed
5520   670    52         134.5500   137.3500   2.0810     % 
UB: 137.35
branching on 1 with b.
5521   671    53         134.5500   137.3500   2.0810     % 
LB close or above UB, fathomed
5522   670    53         134.5500   137.3500   2.0810     % 
LB close or above UB, fathomed
5523   669    29         134.5500   137.3500   2.0810     % 
LB close or above UB, fathomed
5524   668    29         134.5500   137.3500   2.0810     % 
LB close or above UB, fathomed
5525   667    23         134.5500   137.3500   2.0810     % 
LB close or above UB, fathomed
5526   666    23         134.5500   137.3500   2.0810     % 
UB: 137.35
branching on CartesianIndex(1, 6) with c.
5527   667    24         134.5500   137.3500   2.0810     % 
LB close or above UB, fathomed
5528   666    24         134.5500   137.3500   2.0810     % 
LB close or above UB, fathomed
5529   665    24         134.5500   137.3500   2.0810     % 
UB: 137.35
branching on CartesianIndex(2, 4) with c.
5530   666    25         134.5500   137.3500   2.0810     % 
LB close or above UB, fathomed
5531   665    25         134.5500   137.3500   2.0810     % 
LB close or above UB, fathomed
5532   664    24         134.5500   137.3500   2.0810     % 
LB close or above UB, fathomed
5533   663    18         134.5500   137.3500   2.0810     % 
LB close or above UB, fathomed
5534   662    18         134.5500   137.3500   2.0810     % 
LB close or above UB, fathomed
5535   661    45         134.5500   137.3500   2.0810     % 
UB: 137.35
branching on 2 with b.
5536   662    46         134.5500   137.3500   2.0810     % 
LB close or above UB, fathomed
5537   661    46         134.5500   137.3500   2.0810     % 
LB close or above UB, fathomed
5538   660    40         134.5500   137.3500   2.0810     % 
UB: 137.35
branching on 3 with b.
5539   661    41         134.5500   137.3500   2.0810     % 
LB close or above UB, fathomed
5540   660    41         134.5500   137.3500   2.0810     % 
LB close or above UB, fathomed
5541   659    40         134.5500   137.3500   2.0810     % 
UB: 137.35
branching on 3 with b.
5542   660    41         134.5500   137.3500   2.0810     % 
LB close or above UB, fathomed
5543   659    41         134.5500   137.3500   2.0810     % 
LB close or above UB, fathomed
5544   658    48         134.5500   137.3500   2.0810     % 
UB: 137.35
branching on 3 with b.
5545   659    49         134.5500   137.3500   2.0810     % 
LB close or above UB, fathomed
5546   658    49         134.5500   137.3500   2.0810     % 
UB: 137.35
branching on 1 with b.
5547   659    50         134.5500   137.3500   2.0810     % 
LB close or above UB, fathomed
5548   658    50         134.5500   137.3500   2.0810     % 
UB: 137.35
branching on 2 with b.
5549   659    51         134.5500   137.3500   2.0810     % 
UB: 137.35
branching on 3 with b.
5550   660    52         134.5500   137.3500   2.0810     % 
LB close or above UB, fathomed
5551   659    52         134.5500   137.3500   2.0810     % 
UB: 137.35
branching on 1 with b.
5552   660    53         134.5500   137.3500   2.0810     % 
LB close or above UB, fathomed
5553   659    53         134.5500   137.3500   2.0810     % 
LB close or above UB, fathomed
5554   658    51         134.5500   137.3500   2.0810     % 
LB close or above UB, fathomed
5555   657    48         134.5500   137.3500   2.0810     % 
LB close or above UB, fathomed
5556   656    18         134.5500   137.3500   2.0810     % 
UB: 137.35
branching on 1 with b.
5557   657    19         134.5500   137.3500   2.0810     % 
LB close or above UB, fathomed
5558   656    19         134.5500   137.3500   2.0810     % 
LB close or above UB, fathomed
5559   655    18         134.5500   137.3500   2.0810     % 
LB close or above UB, fathomed
5560   654    18         134.5500   137.3500   2.0810     % 
UB: 137.35
branching on CartesianIndex(6, 3) with a.
5561   655    19         134.5500   137.3500   2.0810     % 
UB: 137.35
branching on CartesianIndex(7, 3) with a.
5562   656    20         134.5500   137.3500   2.0810     % 
UB: 137.35
branching on CartesianIndex(8, 3) with a.
5563   657    21         134.5500   137.3500   2.0810     % 
LB close or above UB, fathomed
5564   656    21         134.5500   137.3500   2.0810     % 
LB close or above UB, fathomed
5565   655    20         134.5500   137.3500   2.0810     % 
LB close or above UB, fathomed
5566   654    19         134.5500   137.3500   2.0810     % 
LB close or above UB, fathomed
5567   653    18         134.5500   137.3500   2.0810     % 
LB close or above UB, fathomed
5568   652    23         134.5500   137.3500   2.0810     % 
UB: 137.35
branching on CartesianIndex(2, 5) with c.
5569   653    24         134.5500   137.3500   2.0810     % 
LB close or above UB, fathomed
5570   652    24         134.5500   137.3500   2.0810     % 
LB close or above UB, fathomed
5571   651    23         134.5500   137.3500   2.0810     % 
LB close or above UB, fathomed
5572   650    41         134.5500   137.3500   2.0810     % 
UB: 137.35
branching on 3 with b.
5573   651    42         134.5500   137.3500   2.0810     % 
LB close or above UB, fathomed
5574   650    42         134.5500   137.3500   2.0810     % 
LB close or above UB, fathomed
5575   649    41         134.5500   137.3500   2.0810     % 
LB close or above UB, fathomed
5576   648    41         134.5500   137.3500   2.0810     % 
LB close or above UB, fathomed
5577   647    41         134.5500   137.3500   2.0810     % 
LB close or above UB, fathomed
5578   646    41         134.5500   137.3500   2.0810     % 
LB close or above UB, fathomed
5579   645    41         134.5500   137.3500   2.0810     % 
LB close or above UB, fathomed
5580   644    40         134.5500   137.3500   2.0810     % 
LB close or above UB, fathomed
5581   643    40         134.5500   137.3500   2.0810     % 
UB: 137.35
branching on 3 with b.
5582   644    41         134.5500   137.3500   2.0810     % 
LB close or above UB, fathomed
5583   643    41         134.5500   137.3500   2.0810     % 
LB close or above UB, fathomed
5584   642    41         134.5500   137.3500   2.0810     % 
LB close or above UB, fathomed
5585   641    41         134.5500   137.3500   2.0810     % 
LB close or above UB, fathomed
5586   640    21         134.5500   137.3500   2.0810     % 
UB: 137.35
branching on CartesianIndex(1, 5) with c.
5587   641    22         134.5500   137.3500   2.0810     % 
UB: 137.35
branching on CartesianIndex(2, 5) with c.
5588   642    23         134.5500   137.3500   2.0810     % 
UB: 137.35
branching on CartesianIndex(3, 5) with c.
5589   643    24         134.5500   137.3500   2.0810     % 
UB: 137.35
branching on CartesianIndex(4, 5) with c.
5590   644    25         134.5500   137.3500   2.0810     % 
LB close or above UB, fathomed
5591   643    25         134.5500   137.3500   2.0810     % 
LB close or above UB, fathomed
5592   642    24         134.5500   137.3500   2.0810     % 
LB close or above UB, fathomed
5593   641    23         134.5500   137.3500   2.0810     % 
LB close or above UB, fathomed
5594   640    22         134.5500   137.3500   2.0810     % 
LB close or above UB, fathomed
5595   639    21         134.5500   137.3500   2.0810     % 
LB close or above UB, fathomed
5596   638    24         134.5500   137.3500   2.0810     % 
UB: 137.35
branching on CartesianIndex(2, 4) with c.
5597   639    25         134.5500   137.3500   2.0810     % 
LB close or above UB, fathomed
5598   638    25         134.5500   137.3500   2.0810     % 
LB close or above UB, fathomed
5599   637    24         134.5500   137.3500   2.0810     % 
LB close or above UB, fathomed
5600   636    21         134.5500   137.3500   2.0810     % 
LB close or above UB, fathomed
5601   635    21         134.5500   137.3500   2.0810     % 
LB close or above UB, fathomed
5602   634    29         134.5500   137.3500   2.0810     % 
LB close or above UB, fathomed
5603   633    29         134.5500   137.3500   2.0810     % 
LB close or above UB, fathomed
5604   632    26         134.5500   137.3500   2.0810     % 
LB close or above UB, fathomed
5605   631    26         134.5500   137.3500   2.0810     % 
LB close or above UB, fathomed
5606   630    26         134.5500   137.3500   2.0810     % 
LB close or above UB, fathomed
5607   629    26         134.5500   137.3500   2.0810     % 
LB close or above UB, fathomed
5608   628    31         134.5500   137.3500   2.0810     % 
UB: 137.35
branching on CartesianIndex(2, 6) with c.
5609   629    32         134.5500   137.3500   2.0810     % 
LB close or above UB, fathomed
5610   628    32         134.5500   137.3500   2.0810     % 
UB: 137.35
branching on CartesianIndex(1, 7) with c.
5611   629    33         134.5500   137.3500   2.0810     % 
UB: 137.35
branching on CartesianIndex(2, 7) with c.
5612   630    34         134.5500   137.3500   2.0810     % 
UB: 137.35
branching on CartesianIndex(3, 7) with c.
5613   631    35         134.5500   137.3500   2.0810     % 
UB: 137.35
branching on CartesianIndex(4, 7) with c.
5614   632    36         134.5500   137.3500   2.0810     % 
LB close or above UB, fathomed
5615   631    36         134.5500   137.3500   2.0810     % 
LB close or above UB, fathomed
5616   630    35         134.5500   137.3500   2.0810     % 
LB close or above UB, fathomed
5617   629    34         134.5500   137.3500   2.0810     % 
LB close or above UB, fathomed
5618   628    33         134.5500   137.3500   2.0810     % 
LB close or above UB, fathomed
5619   627    31         134.5500   137.3500   2.0810     % 
LB close or above UB, fathomed
5620   626    17         134.5500   137.3500   2.0810     % 
UB: 137.35
branching on CartesianIndex(3, 4) with c.
5621   627    18         134.5500   137.3500   2.0810     % 
UB: 137.35
branching on 3 with b.
5622   628    19         134.5500   137.3500   2.0810     % 
UB: 137.35
branching on CartesianIndex(4, 4) with c.
5623   629    20         134.5500   137.3500   2.0810     % 
LB close or above UB, fathomed
5624   628    20         134.5500   137.3500   2.0810     % 
LB close or above UB, fathomed
5625   627    19         134.5500   137.3500   2.0810     % 
LB close or above UB, fathomed
5626   626    18         134.5500   137.3500   2.0810     % 
LB close or above UB, fathomed
5627   625    17         134.5500   137.3500   2.0810     % 
LB close or above UB, fathomed
5628   624    19         134.5500   137.3500   2.0810     % 
UB: 137.35
branching on CartesianIndex(1, 3) with a.
5629   625    20         134.5500   137.3500   2.0810     % 
UB: 137.35
branching on 2 with b.
5630   626    21         134.5500   137.3500   2.0810     % 
LB close or above UB, fathomed
5631   625    21         134.5500   137.3500   2.0810     % 
LB close or above UB, fathomed
5632   624    20         134.5500   137.3500   2.0810     % 
LB close or above UB, fathomed
5633   623    19         134.5500   137.3500   2.0810     % 
LB close or above UB, fathomed
5634   622    17         134.5500   137.3500   2.0810     % 
LB close or above UB, fathomed
5635   621    17         134.5500   137.3500   2.0810     % 
LB close or above UB, fathomed
5636   620    29         134.5500   137.3500   2.0810     % 
LB close or above UB, fathomed
5637   619    29         134.5500   137.3500   2.0810     % 
UB: 137.35
branching on CartesianIndex(1, 4) with c.
5638   620    30         134.5500   137.3500   2.0810     % 
LB close or above UB, fathomed
5639   619    30         134.5500   137.3500   2.0810     % 
LB close or above UB, fathomed
5640   618    19         134.5500   137.3500   2.0810     % 
UB: 137.35
branching on CartesianIndex(2, 4) with c.
5641   619    20         134.5500   137.3500   2.0810     % 
LB close or above UB, fathomed
5642   618    20         134.5500   137.3500   2.0810     % 
LB close or above UB, fathomed
5643   617    19         134.5500   137.3500   2.0810     % 
LB close or above UB, fathomed
5644   616    33         134.5500   137.3500   2.0810     % 
UB: 137.35
branching on CartesianIndex(1, 5) with c.
5645   617    34         134.5500   137.3500   2.0810     % 
LB close or above UB, fathomed
5646   616    34         134.5500   137.3500   2.0810     % 
UB: 137.35
branching on CartesianIndex(1, 6) with c.
5647   617    35         134.5500   137.3500   2.0810     % 
UB: 137.35
branching on CartesianIndex(2, 6) with c.
5648   618    36         134.5500   137.3500   2.0810     % 
LB close or above UB, fathomed
5649   617    36         134.5500   137.3500   2.0810     % 
UB: 137.35
branching on CartesianIndex(1, 7) with c.
5650   618    37         134.5500   137.3500   2.0810     % 
UB: 137.35
branching on CartesianIndex(2, 7) with c.
5651   619    38         134.5500   137.3500   2.0810     % 
UB: 137.35
branching on CartesianIndex(3, 7) with c.
5652   620    39         134.5500   137.3500   2.0810     % 
UB: 137.35
branching on CartesianIndex(4, 7) with c.
5653   621    40         134.5500   137.3500   2.0810     % 
LB close or above UB, fathomed
5654   620    40         134.5500   137.3500   2.0810     % 
LB close or above UB, fathomed
5655   619    39         134.5500   137.3500   2.0810     % 
LB close or above UB, fathomed
5656   618    38         134.5500   137.3500   2.0810     % 
LB close or above UB, fathomed
5657   617    37         134.5500   137.3500   2.0810     % 
LB close or above UB, fathomed
5658   616    35         134.5500   137.3500   2.0810     % 
LB close or above UB, fathomed
5659   615    33         134.5500   137.3500   2.0810     % 
LB close or above UB, fathomed
5660   614    25         134.5500   137.3500   2.0810     % 
UB: 137.35
branching on 2 with b.
5661   615    26         134.5500   137.3500   2.0810     % 
LB close or above UB, fathomed
5662   614    26         134.5500   137.3500   2.0810     % 
LB close or above UB, fathomed
5663   613    25         134.5500   137.3500   2.0810     % 
LB close or above UB, fathomed
5664   612    26         134.5500   137.3500   2.0810     % 
UB: 137.35
branching on 3 with b.
5665   613    27         134.5500   137.3500   2.0810     % 
LB close or above UB, fathomed
5666   612    27         134.5500   137.3500   2.0810     % 
UB: 137.35
branching on CartesianIndex(2, 4) with c.
5667   613    28         134.5500   137.3500   2.0810     % 
UB: 137.35
branching on CartesianIndex(3, 4) with c.
5668   614    28         134.5500   137.3500   2.0810     % 
LB close or above UB, fathomed
5669   613    26         134.5500   137.3500   2.0810     % 
LB close or above UB, fathomed
5670   612    21         134.5500   137.3500   2.0810     % 
UB: 137.35
branching on CartesianIndex(1, 4) with c.
5671   613    22         134.5500   137.3500   2.0810     % 
UB: 137.35
branching on CartesianIndex(2, 4) with c.
5672   614    23         134.5500   137.3500   2.0810     % 
UB: 137.35
branching on 2 with b.
5673   615    24         134.5500   137.3500   2.0810     % 
UB: 137.35
branching on 3 with b.
5674   616    25         134.5500   137.3500   2.0810     % 
LB close or above UB, fathomed
5675   615    25         134.5500   137.3500   2.0810     % 
UB: 137.35
branching on CartesianIndex(3, 4) with c.
5676   616    26         134.5500   137.3500   2.0810     % 
UB: 137.35
branching on CartesianIndex(4, 4) with c.
5677   617    27         134.5500   137.3500   2.0810     % 
LB close or above UB, fathomed
5678   616    27         134.5500   137.3500   2.0810     % 
LB close or above UB, fathomed
5679   615    26         134.5500   137.3500   2.0810     % 
LB close or above UB, fathomed
5680   614    24         134.5500   137.3500   2.0810     % 
LB close or above UB, fathomed
5681   613    23         134.5500   137.3500   2.0810     % 
LB close or above UB, fathomed
5682   612    22         134.5500   137.3500   2.0810     % 
LB close or above UB, fathomed
5683   611    21         134.5500   137.3500   2.0810     % 
LB close or above UB, fathomed
5684   610    21         134.5500   137.3500   2.0810     % 
LB close or above UB, fathomed
5685   609    21         134.5500   137.3500   2.0810     % 
UB: 137.35
branching on CartesianIndex(2, 3) with a.
5686   610    22         134.5500   137.3500   2.0810     % 
UB: 137.35
branching on CartesianIndex(3, 3) with a.
5687   611    23         134.5500   137.3500   2.0810     % 
UB: 137.35
branching on CartesianIndex(4, 3) with a.
5688   612    24         134.5500   137.3500   2.0810     % 
LB close or above UB, fathomed
5689   611    24         134.5500   137.3500   2.0810     % 
LB close or above UB, fathomed
5690   610    23         134.5500   137.3500   2.0810     % 
LB close or above UB, fathomed
5691   609    22         134.5500   137.3500   2.0810     % 
LB close or above UB, fathomed
5692   608    21         134.5500   137.3500   2.0810     % 
LB close or above UB, fathomed
5693   607    29         134.5500   137.3500   2.0810     % 
LB close or above UB, fathomed
5694   606    29         134.5500   137.3500   2.0810     % 
LB close or above UB, fathomed
5695   605    24         134.5500   137.3500   2.0810     % 
LB close or above UB, fathomed
5696   604    24         134.5500   137.3500   2.0810     % 
LB close or above UB, fathomed
5697   603    21         134.5500   137.3500   2.0810     % 
LB close or above UB, fathomed
5698   602    21         134.5500   137.3500   2.0810     % 
LB close or above UB, fathomed
5699   601    16         134.5500   137.3500   2.0810     % 
LB close or above UB, fathomed
5700   600    16         134.5500   137.3500   2.0810     % 
LB close or above UB, fathomed
5701   599    16         134.5500   137.3500   2.0810     % 
LB close or above UB, fathomed
5702   598    16         134.5500   137.3500   2.0810     % 
LB close or above UB, fathomed
5703   597    22         134.5500   137.3500   2.0810     % 
LB close or above UB, fathomed
5704   596    22         134.5500   137.3500   2.0810     % 
LB close or above UB, fathomed
5705   595    18         134.5500   137.3500   2.0810     % 
UB: 137.35
branching on CartesianIndex(4, 4) with c.
5706   596    19         134.5500   137.3500   2.0810     % 
LB close or above UB, fathomed
5707   595    19         134.5500   137.3500   2.0810     % 
UB: 137.35
branching on CartesianIndex(1, 5) with c.
5708   596    20         134.5500   137.3500   2.0810     % 
UB: 137.35
branching on 2 with b.
5709   597    21         134.5500   137.3500   2.0810     % 
UB: 137.35
branching on CartesianIndex(2, 5) with c.
5710   598    22         134.5500   137.3500   2.0810     % 
UB: 137.35
branching on 3 with b.
5711   599    23         134.5500   137.3500   2.0810     % 
UB: 137.35
branching on CartesianIndex(3, 5) with c.
5712   600    24         134.5500   137.3500   2.0810     % 
UB: 137.35
branching on CartesianIndex(4, 5) with c.
5713   601    25         134.5500   137.3500   2.0810     % 
UB: 137.35
branching on CartesianIndex(5, 5) with c.
5714   602    26         134.5500   137.3500   2.0810     % 
UB: 137.35
branching on CartesianIndex(1, 6) with c.
5715   603    27         134.5500   137.3500   2.0810     % 
LB close or above UB, fathomed
5716   602    27         134.5500   137.3500   2.0810     % 
UB: 137.35
branching on 1 with b.
5717   602    28         134.5500   137.3500   2.0810     % 
UB: 137.35
branching on 2 with b.
5718   603    29         134.5500   137.3500   2.0810     % 
LB close or above UB, fathomed
5719   602    29         134.5500   137.3500   2.0810     % 
LB close or above UB, fathomed
5720   601    26         134.5500   137.3500   2.0810     % 
LB close or above UB, fathomed
5721   600    25         134.5500   137.3500   2.0810     % 
LB close or above UB, fathomed
5722   599    24         134.5500   137.3500   2.0810     % 
LB close or above UB, fathomed
5723   598    23         134.5500   137.3500   2.0810     % 
LB close or above UB, fathomed
5724   597    22         134.5500   137.3500   2.0810     % 
LB close or above UB, fathomed
5725   596    21         134.5500   137.3500   2.0810     % 
LB close or above UB, fathomed
5726   595    20         134.5500   137.3500   2.0810     % 
LB close or above UB, fathomed
5727   594    18         134.5500   137.3500   2.0810     % 
LB close or above UB, fathomed
5728   593    27         134.5500   137.3500   2.0810     % 
UB: 137.35
branching on CartesianIndex(2, 4) with c.
5729   594    28         134.5500   137.3500   2.0810     % 
LB close or above UB, fathomed
5730   593    28         134.5500   137.3500   2.0810     % 
LB close or above UB, fathomed
5731   592    27         134.5500   137.3500   2.0810     % 
LB close or above UB, fathomed
5732   591    25         134.5500   137.3500   2.0810     % 
UB: 137.35
branching on CartesianIndex(2, 3) with a.
5733   592    26         134.5500   137.3500   2.0810     % 
UB: 137.35
branching on CartesianIndex(3, 3) with a.
5734   593    27         134.5500   137.3500   2.0810     % 
LB close or above UB, fathomed
5735   592    27         134.5500   137.3500   2.0810     % 
LB close or above UB, fathomed
5736   591    26         134.5500   137.3500   2.0810     % 
LB close or above UB, fathomed
5737   590    25         134.5500   137.3500   2.0810     % 
LB close or above UB, fathomed
5738   589    26         134.5500   137.3500   2.0810     % 
LB close or above UB, fathomed
5739   588    26         134.5500   137.3500   2.0810     % 
UB: 137.35
branching on CartesianIndex(3, 4) with c.
5740   589    27         134.5500   137.3500   2.0810     % 
UB: 137.35
branching on CartesianIndex(4, 4) with c.
5741   590    28         134.5500   137.3500   2.0810     % 
UB: 137.35
branching on CartesianIndex(5, 4) with c.
5742   591    29         134.5500   137.3500   2.0810     % 
UB: 137.35
branching on 1 with b.
5743   592    30         134.5500   137.3500   2.0810     % 
UB: 137.35
branching on CartesianIndex(1, 5) with c.
5744   593    31         134.5500   137.3500   2.0810     % 
LB close or above UB, fathomed
5745   592    31         134.5500   137.3500   2.0810     % 
LB close or above UB, fathomed
5746   591    30         134.5500   137.3500   2.0810     % 
LB close or above UB, fathomed
5747   590    29         134.5500   137.3500   2.0810     % 
LB close or above UB, fathomed
5748   589    28         134.5500   137.3500   2.0810     % 
LB close or above UB, fathomed
5749   588    27         134.5500   137.3500   2.0810     % 
LB close or above UB, fathomed
5750   587    24         134.5500   137.3500   2.0810     % 
LB close or above UB, fathomed
5751   586    24         134.5500   137.3500   2.0810     % 
LB close or above UB, fathomed
5752   585    35         134.5500   137.3500   2.0810     % 
UB: 137.35
branching on CartesianIndex(1, 6) with c.
5753   586    36         134.5500   137.3500   2.0810     % 
UB: 137.35
branching on CartesianIndex(2, 6) with c.
5754   587    37         134.5500   137.3500   2.0810     % 
LB close or above UB, fathomed
5755   586    37         134.5500   137.3500   2.0810     % 
UB: 137.35
branching on 3 with b.
5756   587    38         134.5500   137.3500   2.0810     % 
UB: 137.35
branching on CartesianIndex(1, 7) with c.
5757   588    39         134.5500   137.3500   2.0810     % 
UB: 137.35
branching on CartesianIndex(2, 7) with c.
5758   589    40         134.5500   137.3500   2.0810     % 
UB: 137.35
branching on CartesianIndex(3, 7) with c.
5759   590    41         134.5500   137.3500   2.0810     % 
UB: 137.35
branching on CartesianIndex(4, 7) with c.
5760   591    42         134.5500   137.3500   2.0810     % 
LB close or above UB, fathomed
5761   590    42         134.5500   137.3500   2.0810     % 
LB close or above UB, fathomed
5762   589    41         134.5500   137.3500   2.0810     % 
LB close or above UB, fathomed
5763   588    40         134.5500   137.3500   2.0810     % 
LB close or above UB, fathomed
5764   587    39         134.5500   137.3500   2.0810     % 
LB close or above UB, fathomed
5765   586    38         134.5500   137.3500   2.0810     % 
LB close or above UB, fathomed
5766   585    36         134.5500   137.3500   2.0810     % 
LB close or above UB, fathomed
5767   584    35         134.5500   137.3500   2.0810     % 
LB close or above UB, fathomed
5768   583    19         134.5500   137.3500   2.0810     % 
UB: 137.35
branching on 2 with b.
5769   584    20         134.5500   137.3500   2.0810     % 
LB close or above UB, fathomed
5770   583    20         134.5500   137.3500   2.0810     % 
UB: 137.35
branching on 3 with b.
5771   584    21         134.5500   137.3500   2.0810     % 
LB close or above UB, fathomed
5772   583    21         134.5500   137.3500   2.0810     % 
LB close or above UB, fathomed
5773   582    19         134.5500   137.3500   2.0810     % 
LB close or above UB, fathomed
5774   581    25         134.5500   137.3500   2.0810     % 
LB close or above UB, fathomed
5775   580    25         134.5500   137.3500   2.0810     % 
UB: 137.35
branching on CartesianIndex(1, 5) with c.
5776   581    26         134.5500   137.3500   2.0810     % 
LB close or above UB, fathomed
5777   580    26         134.5500   137.3500   2.0810     % 
UB: 137.35
branching on CartesianIndex(1, 6) with c.
5778   581    27         134.5500   137.3500   2.0810     % 
UB: 137.35
branching on CartesianIndex(2, 6) with c.
5779   582    28         134.5500   137.3500   2.0810     % 
LB close or above UB, fathomed
5780   581    28         134.5500   137.3500   2.0810     % 
UB: 137.35
branching on CartesianIndex(1, 7) with c.
5781   582    29         134.5500   137.3500   2.0810     % 
UB: 137.35
branching on CartesianIndex(2, 7) with c.
5782   583    30         134.5500   137.3500   2.0810     % 
UB: 137.35
branching on CartesianIndex(3, 7) with c.
5783   584    31         134.5500   137.3500   2.0810     % 
UB: 137.35
branching on CartesianIndex(4, 7) with c.
5784   585    32         134.5500   137.3500   2.0810     % 
UB: 137.35
branching on CartesianIndex(5, 7) with c.
5785   586    33         134.5500   137.3500   2.0810     % 
UB: 137.35
branching on 2 with b.
5786   587    34         134.5500   137.3500   2.0810     % 
LB close or above UB, fathomed
5787   586    34         134.5500   137.3500   2.0810     % 
UB: 137.35
branching on 3 with b.
5788   587    35         134.5500   137.3500   2.0810     % 
UB: 137.35
branching on 1 with b.
5789   588    36         134.5500   137.3500   2.0810     % 
LB close or above UB, fathomed
5790   587    36         134.5500   137.3500   2.0810     % 
LB close or above UB, fathomed
5791   586    35         134.5500   137.3500   2.0810     % 
LB close or above UB, fathomed
5792   585    33         134.5500   137.3500   2.0810     % 
LB close or above UB, fathomed
5793   584    32         134.5500   137.3500   2.0810     % 
LB close or above UB, fathomed
5794   583    31         134.5500   137.3500   2.0810     % 
LB close or above UB, fathomed
5795   582    30         134.5500   137.3500   2.0810     % 
LB close or above UB, fathomed
5796   581    29         134.5500   137.3500   2.0810     % 
LB close or above UB, fathomed
5797   580    27         134.5500   137.3500   2.0810     % 
LB close or above UB, fathomed
5798   579    18         134.5500   137.3500   2.0810     % 
LB close or above UB, fathomed
5799   578    18         134.5500   137.3500   2.0810     % 
LB close or above UB, fathomed
5800   577    21         134.5500   137.3500   2.0810     % 
UB: 137.35
branching on CartesianIndex(2, 3) with a.
5801   578    22         134.5500   137.3500   2.0810     % 
LB close or above UB, fathomed
5802   577    22         134.5500   137.3500   2.0810     % 
LB close or above UB, fathomed
5803   576    21         134.5500   137.3500   2.0810     % 
LB close or above UB, fathomed
5804   575    18         134.5500   137.3500   2.0810     % 
UB: 137.35
branching on 2 with b.
5805   576    19         134.5500   137.3500   2.0810     % 
LB close or above UB, fathomed
5806   575    19         134.5500   137.3500   2.0810     % 
LB close or above UB, fathomed
5807   574    18         134.5500   137.3500   2.0810     % 
LB close or above UB, fathomed
5808   573    39         134.5500   137.3500   2.0810     % 
UB: 137.35
branching on CartesianIndex(4, 7) with c.
5809   574    40         134.5500   137.3500   2.0810     % 
LB close or above UB, fathomed
5810   573    40         134.5500   137.3500   2.0810     % 
LB close or above UB, fathomed
5811   572    39         134.5500   137.3500   2.0810     % 
LB close or above UB, fathomed
5812   571    22         134.5500   137.3500   2.0810     % 
UB: 137.35
branching on CartesianIndex(3, 4) with c.
5813   572    23         134.5500   137.3500   2.0810     % 
UB: 137.35
branching on 1 with b.
5814   573    24         134.5500   137.3500   2.0810     % 
LB close or above UB, fathomed
5815   572    24         134.5500   137.3500   2.0810     % 
UB: 137.35
branching on 2 with b.
5816   573    25         134.5500   137.3500   2.0810     % 
LB close or above UB, fathomed
5817   572    25         134.5500   137.3500   2.0810     % 
UB: 137.35
branching on CartesianIndex(4, 4) with c.
5818   573    26         134.5500   137.3500   2.0810     % 
LB close or above UB, fathomed
5819   572    26         134.5500   137.3500   2.0810     % 
LB close or above UB, fathomed
5820   571    23         134.5500   137.3500   2.0810     % 
LB close or above UB, fathomed
5821   570    22         134.5500   137.3500   2.0810     % 
LB close or above UB, fathomed
5822   569    27         134.5500   137.3500   2.0810     % 
LB close or above UB, fathomed
5823   568    27         134.5500   137.3500   2.0810     % 
LB close or above UB, fathomed
5824   567    22         134.5500   137.3500   2.0810     % 
UB: 137.35
branching on 2 with b.
5825   568    23         134.5500   137.3500   2.0810     % 
UB: 137.35
branching on CartesianIndex(2, 4) with c.
5826   569    24         134.5500   137.3500   2.0810     % 
UB: 137.35
branching on CartesianIndex(3, 4) with c.
5827   570    25         134.5500   137.3500   2.0810     % 
UB: 137.35
branching on 3 with b.
5828   571    26         134.5500   137.3500   2.0810     % 
LB close or above UB, fathomed
5829   570    26         134.5500   137.3500   2.0810     % 
UB: 137.35
branching on CartesianIndex(4, 4) with c.
5830   571    25         134.5500   137.3500   2.0810     % 
LB close or above UB, fathomed
5831   570    24         134.5500   137.3500   2.0810     % 
LB close or above UB, fathomed
5832   569    23         134.5500   137.3500   2.0810     % 
LB close or above UB, fathomed
5833   568    22         134.5500   137.3500   2.0810     % 
LB close or above UB, fathomed
5834   567    20         134.5500   137.3500   2.0810     % 
UB: 137.35
branching on 1 with b.
5835   568    21         134.5500   137.3500   2.0810     % 
UB: 137.35
branching on CartesianIndex(7, 3) with a.
5836   569    22         134.5500   137.3500   2.0810     % 
UB: 137.35
branching on 2 with b.
5837   570    23         134.5500   137.3500   2.0810     % 
UB: 137.35
branching on CartesianIndex(8, 3) with a.
5838   571    24         134.5500   137.3500   2.0810     % 
LB close or above UB, fathomed
5839   570    24         134.5500   137.3500   2.0810     % 
UB: 137.35
branching on CartesianIndex(1, 4) with c.
5840   571    25         134.5500   137.3500   2.0810     % 
LB close or above UB, fathomed
5841   570    25         134.5500   137.3500   2.0810     % 
UB: 137.35
branching on 3 with b.
5842   571    26         134.5500   137.3500   2.0810     % 
UB: 137.35
branching on CartesianIndex(1, 5) with c.
5843   572    27         134.5500   137.3500   2.0810     % 
UB: 137.35
branching on CartesianIndex(2, 5) with c.
5844   573    28         134.5500   137.3500   2.0810     % 
UB: 137.35
branching on CartesianIndex(3, 5) with c.
5845   574    29         134.5500   137.3500   2.0810     % 
LB close or above UB, fathomed
5846   573    29         134.5500   137.3500   2.0810     % 
LB close or above UB, fathomed
5847   572    28         134.5500   137.3500   2.0810     % 
LB close or above UB, fathomed
5848   571    27         134.5500   137.3500   2.0810     % 
LB close or above UB, fathomed
5849   570    26         134.5500   137.3500   2.0810     % 
LB close or above UB, fathomed
5850   569    23         134.5500   137.3500   2.0810     % 
LB close or above UB, fathomed
5851   568    22         134.5500   137.3500   2.0810     % 
LB close or above UB, fathomed
5852   567    21         134.5500   137.3500   2.0810     % 
LB close or above UB, fathomed
5853   566    20         134.5500   137.3500   2.0810     % 
LB close or above UB, fathomed
5854   565    12         134.5500   137.3500   2.0810     % 
LB close or above UB, fathomed
5855   564    12         134.5500   137.3500   2.0810     % 
LB close or above UB, fathomed
5856   563    27         134.5500   137.3500   2.0810     % 
LB close or above UB, fathomed
5857   562    27         134.5500   137.3500   2.0810     % 
LB close or above UB, fathomed
5858   561    29         134.5500   137.3500   2.0810     % 
UB: 137.35
branching on CartesianIndex(4, 4) with c.
5859   562    30         134.5500   137.3500   2.0810     % 
LB close or above UB, fathomed
5860   561    30         134.5500   137.3500   2.0810     % 
UB: 137.35
branching on CartesianIndex(1, 5) with c.
5861   562    31         134.5500   137.3500   2.0810     % 
UB: 137.35
branching on CartesianIndex(2, 5) with c.
5862   563    32         134.5500   137.3500   2.0810     % 
UB: 137.35
branching on CartesianIndex(3, 5) with c.
5863   564    33         134.5500   137.3500   2.0810     % 
UB: 137.35
branching on CartesianIndex(4, 5) with c.
5864   565    34         134.5500   137.3500   2.0810     % 
UB: 137.35
branching on CartesianIndex(5, 5) with c.
5865   566    35         134.5500   137.3500   2.0810     % 
UB: 137.35
branching on CartesianIndex(1, 6) with c.
5866   567    36         134.5500   137.3500   2.0810     % 
LB close or above UB, fathomed
5867   566    36         134.5500   137.3500   2.0810     % 
UB: 137.35
branching on CartesianIndex(1, 7) with c.
5868   567    37         134.5500   137.3500   2.0810     % 
UB: 137.35
branching on CartesianIndex(2, 7) with c.
5869   568    38         134.5500   137.3500   2.0810     % 
LB close or above UB, fathomed
5870   567    38         134.5500   137.3500   2.0810     % 
UB: 137.35
branching on 1 with b.
5871   568    39         134.5500   137.3500   2.0810     % 
LB close or above UB, fathomed
5872   567    39         134.5500   137.3500   2.0810     % 
LB close or above UB, fathomed
5873   566    37         134.5500   137.3500   2.0810     % 
LB close or above UB, fathomed
5874   565    35         134.5500   137.3500   2.0810     % 
LB close or above UB, fathomed
5875   564    34         134.5500   137.3500   2.0810     % 
LB close or above UB, fathomed
5876   563    33         134.5500   137.3500   2.0810     % 
LB close or above UB, fathomed
5877   562    32         134.5500   137.3500   2.0810     % 
LB close or above UB, fathomed
5878   561    31         134.5500   137.3500   2.0810     % 
LB close or above UB, fathomed
5879   560    29         134.5500   137.3500   2.0810     % 
LB close or above UB, fathomed
5880   559    25         134.5500   137.3500   2.0810     % 
UB: 137.35
branching on CartesianIndex(2, 4) with c.
5881   560    26         134.5500   137.3500   2.0810     % 
UB: 137.35
branching on CartesianIndex(3, 4) with c.
5882   561    27         134.5500   137.3500   2.0810     % 
UB: 137.35
branching on CartesianIndex(4, 4) with c.
5883   562    28         134.5500   137.3500   2.0810     % 
LB close or above UB, fathomed
5884   561    28         134.5500   137.3500   2.0810     % 
LB close or above UB, fathomed
5885   560    27         134.5500   137.3500   2.0810     % 
LB close or above UB, fathomed
5886   559    26         134.5500   137.3500   2.0810     % 
LB close or above UB, fathomed
5887   558    25         134.5500   137.3500   2.0810     % 
LB close or above UB, fathomed
5888   557    37         134.5500   137.3500   2.0810     % 
UB: 137.35
branching on 1 with b.
5889   558    38         134.5500   137.3500   2.0810     % 
LB close or above UB, fathomed
5890   557    38         134.5500   137.3500   2.0810     % 
LB close or above UB, fathomed
5891   556    37         134.5500   137.3500   2.0810     % 
LB close or above UB, fathomed
5892   555    32         134.5500   137.3500   2.0810     % 
LB close or above UB, fathomed
5893   554    32         134.5500   137.3500   2.0810     % 
UB: 137.35
branching on CartesianIndex(1, 7) with c.
5894   555    33         134.5500   137.3500   2.0810     % 
UB: 137.35
branching on 3 with b.
5895   556    34         134.5500   137.3500   2.0810     % 
LB close or above UB, fathomed
5896   555    34         134.5500   137.3500   2.0810     % 
UB: 137.35
branching on CartesianIndex(2, 7) with c.
5897   556    35         134.5500   137.3500   2.0810     % 
LB close or above UB, fathomed
5898   555    35         134.5500   137.3500   2.0810     % 
UB: 137.35
branching on 1 with b.
5899   556    36         134.5500   137.3500   2.0810     % 
UB: 137.35
branching on 2 with b.
5900   557    37         134.5500   137.3500   2.0810     % 
UB: 137.35
branching on 3 with b.
5901   558    38         134.5500   137.3500   2.0810     % 
UB: 137.35
branching on 1 with b.
5902   559    39         134.5500   137.3500   2.0810     % 
LB close or above UB, fathomed
5903   558    39         134.5500   137.3500   2.0810     % 
UB: 137.35
branching on 2 with b.
5904   559    40         134.5500   137.3500   2.0810     % 
UB: 137.35
branching on 3 with b.
5905   560    41         134.5500   137.3500   2.0810     % 
LB close or above UB, fathomed
5906   559    41         134.5500   137.3500   2.0810     % 
LB close or above UB, fathomed
5907   558    40         134.5500   137.3500   2.0810     % 
LB close or above UB, fathomed
5908   557    38         134.5500   137.3500   2.0810     % 
LB close or above UB, fathomed
5909   556    37         134.5500   137.3500   2.0810     % 
LB close or above UB, fathomed
5910   555    36         134.5500   137.3500   2.0810     % 
UB: 137.35
branching on 2 with b.
5911   556    37         134.5500   137.3500   2.0810     % 
UB: 137.35
branching on 3 with b.
5912   557    38         134.5500   137.3500   2.0810     % 
UB: 137.35
branching on 1 with b.
5913   557    39         134.5500   137.3500   2.0810     % 
UB: 137.35
branching on 2 with b.
5914   558    40         134.5500   137.3500   2.0810     % 
UB: 137.35
branching on 3 with b.
5915   559    41         134.5500   137.3500   2.0810     % 
LB close or above UB, fathomed
5916   558    41         134.5500   137.3500   2.0810     % 
LB close or above UB, fathomed
5917   557    40         134.5500   137.3500   2.0810     % 
LB close or above UB, fathomed
5918   556    38         134.5500   137.3500   2.0810     % 
LB close or above UB, fathomed
5919   555    37         134.5500   137.3500   2.0810     % 
LB close or above UB, fathomed
5920   554    33         134.5500   137.3500   2.0810     % 
LB close or above UB, fathomed
5921   553    26         134.5500   137.3500   2.0810     % 
LB close or above UB, fathomed
5922   552    26         134.5500   137.3500   2.0810     % 
UB: 137.35
branching on CartesianIndex(1, 3) with a.
5923   553    27         134.5500   137.3500   2.0810     % 
UB: 137.35
branching on CartesianIndex(2, 3) with a.
5924   554    28         134.5500   137.3500   2.0810     % 
UB: 137.35
branching on CartesianIndex(3, 3) with a.
5925   555    29         134.5500   137.3500   2.0810     % 
LB close or above UB, fathomed
5926   554    29         134.5500   137.3500   2.0810     % 
UB: 137.35
branching on 1 with b.
5927   555    30         134.5500   137.3500   2.0810     % 
LB close or above UB, fathomed
5928   554    30         134.5500   137.3500   2.0810     % 
LB close or above UB, fathomed
5929   553    28         134.5500   137.3500   2.0810     % 
LB close or above UB, fathomed
5930   552    27         134.5500   137.3500   2.0810     % 
LB close or above UB, fathomed
5931   551    37         134.5500   137.3500   2.0810     % 
LB close or above UB, fathomed
5932   550    37         134.5500   137.3500   2.0810     % 
UB: 137.35
branching on 3 with b.
5933   551    38         134.5500   137.3500   2.0810     % 
UB: 137.35
branching on 1 with b.
5934   552    39         134.5500   137.3500   2.0810     % 
UB: 137.35
branching on 2 with b.
5935   553    40         134.5500   137.3500   2.0810     % 
UB: 137.35
branching on 3 with b.
5936   554    41         134.5500   137.3500   2.0810     % 
LB close or above UB, fathomed
5937   553    41         134.5500   137.3500   2.0810     % 
LB close or above UB, fathomed
5938   552    40         134.5500   137.3500   2.0810     % 
UB: 137.35
branching on 3 with b.
5939   553    41         134.5500   137.3500   2.0810     % 
LB close or above UB, fathomed
5940   552    41         134.5500   137.3500   2.0810     % 
LB close or above UB, fathomed
5941   551    39         134.5500   137.3500   2.0810     % 
UB: 137.35
branching on 2 with b.
5942   552    40         134.5500   137.3500   2.0810     % 
UB: 137.35
branching on 3 with b.
5943   553    41         134.5500   137.3500   2.0810     % 
LB close or above UB, fathomed
5944   552    41         134.5500   137.3500   2.0810     % 
LB close or above UB, fathomed
5945   551    40         134.5500   137.3500   2.0810     % 
UB: 137.35
branching on 3 with b.
5946   552    41         134.5500   137.3500   2.0810     % 
LB close or above UB, fathomed
5947   551    41         134.5500   137.3500   2.0810     % 
LB close or above UB, fathomed
5948   550    38         134.5500   137.3500   2.0810     % 
LB close or above UB, fathomed
5949   549    23         134.5500   137.3500   2.0810     % 
LB close or above UB, fathomed
5950   548    23         134.5500   137.3500   2.0810     % 
LB close or above UB, fathomed
5951   547    27         134.5500   137.3500   2.0810     % 
UB: 137.35
branching on CartesianIndex(2, 4) with c.
5952   548    28         134.5500   137.3500   2.0810     % 
LB close or above UB, fathomed
5953   547    28         134.5500   137.3500   2.0810     % 
LB close or above UB, fathomed
5954   546    27         134.5500   137.3500   2.0810     % 
LB close or above UB, fathomed
5955   545    33         134.5500   137.3500   2.0810     % 
LB close or above UB, fathomed
5956   544    33         134.5500   137.3500   2.0810     % 
LB close or above UB, fathomed
5957   543    15         134.5500   137.3500   2.0810     % 
LB close or above UB, fathomed
5958   542    15         134.5500   137.3500   2.0810     % 
UB: 137.35
branching on CartesianIndex(5, 3) with a.
5959   543    16         134.5500   137.3500   2.0810     % 
UB: 137.35
branching on 3 with b.
5960   544    17         134.5500   137.3500   2.0810     % 
UB: 137.35
branching on CartesianIndex(6, 3) with a.
5961   545    18         134.5500   137.3500   2.0810     % 
LB close or above UB, fathomed
5962   544    18         134.5500   137.3500   2.0810     % 
LB close or above UB, fathomed
5963   543    17         134.5500   137.3500   2.0810     % 
LB close or above UB, fathomed
5964   542    16         134.5500   137.3500   2.0810     % 
LB close or above UB, fathomed
5965   541    34         134.5500   137.3500   2.0810     % 
LB close or above UB, fathomed
5966   540    34         134.5500   137.3500   2.0810     % 
UB: 137.35
branching on 3 with b.
5967   541    35         134.5500   137.3500   2.0810     % 
UB: 137.35
branching on 1 with b.
5968   542    36         134.5500   137.3500   2.0810     % 
UB: 137.35
branching on 2 with b.
5969   543    37         134.5500   137.3500   2.0810     % 
LB close or above UB, fathomed
5970   542    37         134.5500   137.3500   2.0810     % 
UB: 137.35
branching on 3 with b.
5971   543    38         134.5500   137.3500   2.0810     % 
LB close or above UB, fathomed
5972   542    38         134.5500   137.3500   2.0810     % 
LB close or above UB, fathomed
5973   541    36         134.5500   137.3500   2.0810     % 
LB close or above UB, fathomed
5974   540    35         134.5500   137.3500   2.0810     % 
LB close or above UB, fathomed
5975   539    40         134.5500   137.3500   2.0810     % 
UB: 137.35
branching on CartesianIndex(2, 6) with c.
5976   540    41         134.5500   137.3500   2.0810     % 
LB close or above UB, fathomed
5977   539    41         134.5500   137.3500   2.0810     % 
UB: 137.35
branching on CartesianIndex(1, 7) with c.
5978   540    42         134.5500   137.3500   2.0810     % 
LB close or above UB, fathomed
5979   539    42         134.5500   137.3500   2.0810     % 
UB: 137.35
branching on 2 with b.
5980   540    43         134.5500   137.3500   2.0810     % 
UB: 137.35
branching on 3 with b.
5981   541    44         134.5500   137.3500   2.0810     % 
UB: 137.35
branching on 1 with b.
5982   542    45         134.5500   137.3500   2.0810     % 
LB close or above UB, fathomed
5983   541    45         134.5500   137.3500   2.0810     % 
UB: 137.35
branching on 2 with b.
5984   542    46         134.5500   137.3500   2.0810     % 
UB: 137.35
branching on 3 with b.
5985   543    47         134.5500   137.3500   2.0810     % 
LB close or above UB, fathomed
5986   542    47         134.5500   137.3500   2.0810     % 
LB close or above UB, fathomed
5987   541    46         134.5500   137.3500   2.0810     % 
LB close or above UB, fathomed
5988   540    44         134.5500   137.3500   2.0810     % 
LB close or above UB, fathomed
5989   539    43         134.5500   137.3500   2.0810     % 
LB close or above UB, fathomed
5990   538    40         134.5500   137.3500   2.0810     % 
LB close or above UB, fathomed
5991   537    36         134.5500   137.3500   2.0810     % 
LB close or above UB, fathomed
5992   536    36         134.5500   137.3500   2.0810     % 
UB: 137.35
branching on CartesianIndex(1, 7) with c.
5993   537    37         134.5500   137.3500   2.0810     % 
UB: 137.35
branching on CartesianIndex(2, 7) with c.
5994   538    38         134.5500   137.3500   2.0810     % 
LB close or above UB, fathomed
5995   537    38         134.5500   137.3500   2.0810     % 
UB: 137.35
branching on 1 with b.
5996   538    39         134.5500   137.3500   2.0810     % 
LB close or above UB, fathomed
5997   537    39         134.5500   137.3500   2.0810     % 
LB close or above UB, fathomed
5998   536    37         134.5500   137.3500   2.0810     % 
LB close or above UB, fathomed
5999   535    34         134.5500   137.3500   2.0810     % 
UB: 137.35
branching on CartesianIndex(1, 6) with c.
6000   536    35         134.5500   137.3500   2.0810     % 
UB: 137.35
branching on CartesianIndex(2, 6) with c.
6001   537    36         134.5500   137.3500   2.0810     % 
LB close or above UB, fathomed
6002   536    36         134.5500   137.3500   2.0810     % 
UB: 137.35
branching on CartesianIndex(1, 7) with c.
6003   537    37         134.5500   137.3500   2.0810     % 
LB close or above UB, fathomed
6004   536    37         134.5500   137.3500   2.0810     % 
UB: 137.35
branching on 3 with b.
6005   537    38         134.5500   137.3500   2.0810     % 
UB: 137.35
branching on 1 with b.
6006   538    39         134.5500   137.3500   2.0810     % 
UB: 137.35
branching on 2 with b.
6007   539    40         134.5500   137.3500   2.0810     % 
LB close or above UB, fathomed
6008   538    40         134.5500   137.3500   2.0810     % 
UB: 137.35
branching on 3 with b.
6009   539    41         134.5500   137.3500   2.0810     % 
UB: 137.35
branching on 1 with b.
6010   540    42         134.5500   137.3500   2.0810     % 
LB close or above UB, fathomed
6011   539    42         134.5500   137.3500   2.0810     % 
LB close or above UB, fathomed
6012   538    41         134.5500   137.3500   2.0810     % 
LB close or above UB, fathomed
6013   537    39         134.5500   137.3500   2.0810     % 
LB close or above UB, fathomed
6014   536    38         134.5500   137.3500   2.0810     % 
LB close or above UB, fathomed
6015   535    35         134.5500   137.3500   2.0810     % 
LB close or above UB, fathomed
6016   534    34         134.5500   137.3500   2.0810     % 
LB close or above UB, fathomed
6017   533    47         134.5500   137.3500   2.0810     % 
LB close or above UB, fathomed
6018   532    47         134.5500   137.3500   2.0810     % 
LB close or above UB, fathomed
6019   531    34         134.5500   137.3500   2.0810     % 
LB close or above UB, fathomed
6020   530    34         134.5500   137.3500   2.0810     % 
UB: 137.35
branching on CartesianIndex(1, 7) with c.
6021   531    35         134.5500   137.3500   2.0810     % 
UB: 137.35
branching on CartesianIndex(2, 7) with c.
6022   532    36         134.5500   137.3500   2.0810     % 
LB close or above UB, fathomed
6023   531    36         134.5500   137.3500   2.0810     % 
UB: 137.35
branching on 2 with b.
6024   532    37         134.5500   137.3500   2.0810     % 
LB close or above UB, fathomed
6025   531    37         134.5500   137.3500   2.0810     % 
UB: 137.35
branching on 3 with b.
6026   532    38         134.5500   137.3500   2.0810     % 
UB: 137.35
branching on 1 with b.
6027   533    39         134.5500   137.3500   2.0810     % 
LB close or above UB, fathomed
6028   532    39         134.5500   137.3500   2.0810     % 
UB: 137.35
branching on 2 with b.
6029   533    40         134.5500   137.3500   2.0810     % 
UB: 137.35
branching on 3 with b.
6030   534    41         134.5500   137.3500   2.0810     % 
LB close or above UB, fathomed
6031   533    41         134.5500   137.3500   2.0810     % 
LB close or above UB, fathomed
6032   532    40         134.5500   137.3500   2.0810     % 
UB: 137.35
branching on 3 with b.
6033   533    41         134.5500   137.3500   2.0810     % 
LB close or above UB, fathomed
6034   532    41         134.5500   137.3500   2.0810     % 
LB close or above UB, fathomed
6035   531    38         134.5500   137.3500   2.0810     % 
LB close or above UB, fathomed
6036   530    35         134.5500   137.3500   2.0810     % 
LB close or above UB, fathomed
6037   529    12         134.5500   137.3500   2.0810     % 
LB close or above UB, fathomed
6038   528    12         134.5500   137.3500   2.0810     % 
LB close or above UB, fathomed
6039   527    19         134.5500   137.3500   2.0810     % 
LB close or above UB, fathomed
6040   526    19         134.5500   137.3500   2.0810     % 
LB close or above UB, fathomed
6041   525    24         134.5500   137.3500   2.0810     % 
LB close or above UB, fathomed
6042   524    24         134.5500   137.3500   2.0810     % 
LB close or above UB, fathomed
6043   523    20         134.5500   137.3500   2.0810     % 
LB close or above UB, fathomed
6044   522    20         134.5500   137.3500   2.0810     % 
LB close or above UB, fathomed
6045   521    20         134.5500   137.3500   2.0810     % 
UB: 137.35
branching on CartesianIndex(2, 5) with c.
6046   522    21         134.5500   137.3500   2.0810     % 
UB: 137.35
branching on CartesianIndex(3, 5) with c.
6047   523    22         134.5500   137.3500   2.0810     % 
UB: 137.35
branching on 1 with b.
6048   524    23         134.5500   137.3500   2.0810     % 
UB: 137.35
branching on 2 with b.
6049   525    24         134.5500   137.3500   2.0810     % 
LB close or above UB, fathomed
6050   524    24         134.5500   137.3500   2.0810     % 
UB: 137.35
branching on CartesianIndex(4, 5) with c.
6051   525    25         134.5500   137.3500   2.0810     % 
UB: 137.35
branching on 3 with b.
6052   526    26         134.5500   137.3500   2.0810     % 
LB close or above UB, fathomed
6053   525    26         134.5500   137.3500   2.0810     % 
UB: 137.35
branching on CartesianIndex(5, 5) with c.
6054   526    27         134.5500   137.3500   2.0810     % 
UB: 137.35
branching on CartesianIndex(1, 6) with c.
6055   527    28         134.5500   137.3500   2.0810     % 
LB close or above UB, fathomed
6056   526    28         134.5500   137.3500   2.0810     % 
UB: 137.35
branching on CartesianIndex(1, 7) with c.
6057   527    29         134.5500   137.3500   2.0810     % 
UB: 137.35
branching on CartesianIndex(2, 7) with c.
6058   528    30         134.5500   137.3500   2.0810     % 
LB close or above UB, fathomed
6059   527    30         134.5500   137.3500   2.0810     % 
UB: 137.35
branching on 1 with b.
6060   528    31         134.5500   137.3500   2.0810     % 
LB close or above UB, fathomed
6061   527    31         134.5500   137.3500   2.0810     % 
LB close or above UB, fathomed
6062   526    29         134.5500   137.3500   2.0810     % 
LB close or above UB, fathomed
6063   525    27         134.5500   137.3500   2.0810     % 
LB close or above UB, fathomed
6064   524    25         134.5500   137.3500   2.0810     % 
LB close or above UB, fathomed
6065   523    23         134.5500   137.3500   2.0810     % 
LB close or above UB, fathomed
6066   522    22         134.5500   137.3500   2.0810     % 
LB close or above UB, fathomed
6067   521    21         134.5500   137.3500   2.0810     % 
LB close or above UB, fathomed
6068   520    20         134.5500   137.3500   2.0810     % 
LB close or above UB, fathomed
6069   519    28         134.5500   137.3500   2.0810     % 
UB: 137.35
branching on CartesianIndex(4, 4) with c.
6070   520    29         134.5500   137.3500   2.0810     % 
UB: 137.35
branching on CartesianIndex(5, 4) with c.
6071   521    30         134.5500   137.3500   2.0810     % 
UB: 137.35
branching on CartesianIndex(1, 5) with c.
6072   522    31         134.5500   137.3500   2.0810     % 
UB: 137.35
branching on CartesianIndex(2, 5) with c.
6073   523    32         134.5500   137.3500   2.0810     % 
UB: 137.35
branching on CartesianIndex(3, 5) with c.
6074   524    33         134.5500   137.3500   2.0810     % 
UB: 137.35
branching on CartesianIndex(4, 5) with c.
6075   525    34         134.5500   137.3500   2.0810     % 
LB close or above UB, fathomed
6076   524    34         134.5500   137.3500   2.0810     % 
LB close or above UB, fathomed
6077   523    33         134.5500   137.3500   2.0810     % 
LB close or above UB, fathomed
6078   522    32         134.5500   137.3500   2.0810     % 
LB close or above UB, fathomed
6079   521    31         134.5500   137.3500   2.0810     % 
LB close or above UB, fathomed
6080   520    30         134.5500   137.3500   2.0810     % 
LB close or above UB, fathomed
6081   519    29         134.5500   137.3500   2.0810     % 
LB close or above UB, fathomed
6082   518    28         134.5500   137.3500   2.0810     % 
LB close or above UB, fathomed
6083   517    26         134.5500   137.3500   2.0810     % 
UB: 137.35
branching on 2 with b.
6084   518    27         134.5500   137.3500   2.0810     % 
UB: 137.35
branching on CartesianIndex(2, 4) with c.
6085   519    28         134.5500   137.3500   2.0810     % 
LB close or above UB, fathomed
6086   518    28         134.5500   137.3500   2.0810     % 
LB close or above UB, fathomed
6087   517    27         134.5500   137.3500   2.0810     % 
LB close or above UB, fathomed
6088   516    26         134.5500   137.3500   2.0810     % 
LB close or above UB, fathomed
6089   515    25         134.5500   137.3500   2.0810     % 
UB: 137.35
branching on CartesianIndex(2, 5) with c.
6090   516    26         134.5500   137.3500   2.0810     % 
UB: 137.35
branching on CartesianIndex(3, 5) with c.
6091   517    27         134.5500   137.3500   2.0810     % 
UB: 137.35
branching on CartesianIndex(4, 5) with c.
6092   518    28         134.5500   137.3500   2.0810     % 
UB: 137.35
branching on 1 with b.
6093   519    29         134.5500   137.3500   2.0810     % 
LB close or above UB, fathomed
6094   518    29         134.5500   137.3500   2.0810     % 
UB: 137.35
branching on CartesianIndex(5, 5) with c.
6095   519    30         134.5500   137.3500   2.0810     % 
UB: 137.35
branching on CartesianIndex(1, 6) with c.
6096   520    31         134.5500   137.3500   2.0810     % 
LB close or above UB, fathomed
6097   519    31         134.5500   137.3500   2.0810     % 
UB: 137.35
branching on CartesianIndex(1, 7) with c.
6098   520    32         134.5500   137.3500   2.0810     % 
UB: 137.35
branching on CartesianIndex(2, 7) with c.
6099   521    33         134.5500   137.3500   2.0810     % 
LB close or above UB, fathomed
6100   520    33         134.5500   137.3500   2.0810     % 
UB: 137.35
branching on 2 with b.
6101   521    34         134.5500   137.3500   2.0810     % 
LB close or above UB, fathomed
6102   520    34         134.5500   137.3500   2.0810     % 
LB close or above UB, fathomed
6103   519    32         134.5500   137.3500   2.0810     % 
LB close or above UB, fathomed
6104   518    30         134.5500   137.3500   2.0810     % 
LB close or above UB, fathomed
6105   517    28         134.5500   137.3500   2.0810     % 
LB close or above UB, fathomed
6106   516    27         134.5500   137.3500   2.0810     % 
LB close or above UB, fathomed
6107   515    26         134.5500   137.3500   2.0810     % 
LB close or above UB, fathomed
6108   514    25         134.5500   137.3500   2.0810     % 
LB close or above UB, fathomed
6109   513    14         134.5500   137.3500   2.0810     % 
LB close or above UB, fathomed
6110   512    14         134.5500   137.3500   2.0810     % 
LB close or above UB, fathomed
6111   511    22         134.5500   137.3500   2.0810     % 
LB close or above UB, fathomed
6112   510    22         134.5500   137.3500   2.0810     % 
UB: 137.35
branching on CartesianIndex(1, 6) with c.
6113   511    23         134.5500   137.3500   2.0810     % 
UB: 137.35
branching on CartesianIndex(2, 6) with c.
6114   512    24         134.5500   137.3500   2.0810     % 
UB: 137.35
branching on 2 with b.
6115   513    25         134.5500   137.3500   2.0810     % 
UB: 137.35
branching on CartesianIndex(3, 6) with c.
6116   514    26         134.5500   137.3500   2.0810     % 
UB: 137.35
branching on CartesianIndex(4, 6) with c.
6117   515    27         134.5500   137.3500   2.0810     % 
LB close or above UB, fathomed
6118   514    27         134.5500   137.3500   2.0810     % 
LB close or above UB, fathomed
6119   513    26         134.5500   137.3500   2.0810     % 
LB close or above UB, fathomed
6120   512    25         134.5500   137.3500   2.0810     % 
LB close or above UB, fathomed
6121   511    24         134.5500   137.3500   2.0810     % 
LB close or above UB, fathomed
6122   510    23         134.5500   137.3500   2.0810     % 
LB close or above UB, fathomed
6123   509    30         134.5500   137.3500   2.0810     % 
LB close or above UB, fathomed
6124   508    30         134.5500   137.3500   2.0810     % 
LB close or above UB, fathomed
6125   507    24         134.5500   137.3500   2.0810     % 
UB: 137.35
branching on CartesianIndex(1, 4) with c.
6126   508    25         134.5500   137.3500   2.0810     % 
UB: 137.35
branching on CartesianIndex(2, 4) with c.
6127   509    26         134.5500   137.3500   2.0810     % 
LB close or above UB, fathomed
6128   508    26         134.5500   137.3500   2.0810     % 
LB close or above UB, fathomed
6129   507    25         134.5500   137.3500   2.0810     % 
LB close or above UB, fathomed
6130   506    24         134.5500   137.3500   2.0810     % 
LB close or above UB, fathomed
6131   505    21         134.5500   137.3500   2.0810     % 
LB close or above UB, fathomed
6132   504    21         134.5500   137.3500   2.0810     % 
LB close or above UB, fathomed
6133   503    19         134.5500   137.3500   2.0810     % 
UB: 137.35
branching on 1 with b.
6134   504    20         134.5500   137.3500   2.0810     % 
LB close or above UB, fathomed
6135   503    20         134.5500   137.3500   2.0810     % 
LB close or above UB, fathomed
6136   502    19         134.5500   137.3500   2.0810     % 
LB close or above UB, fathomed
6137   501    19         134.5500   137.3500   2.0810     % 
UB: 137.35
branching on CartesianIndex(2, 3) with a.
6138   502    20         134.5500   137.3500   2.0810     % 
UB: 137.35
branching on 1 with b.
6139   503    21         134.5500   137.3500   2.0810     % 
LB close or above UB, fathomed
6140   502    21         134.5500   137.3500   2.0810     % 
LB close or above UB, fathomed
6141   501    20         134.5500   137.3500   2.0810     % 
LB close or above UB, fathomed
6142   500    19         134.5500   137.3500   2.0810     % 
LB close or above UB, fathomed
6143   499    41         134.5500   137.3500   2.0810     % 
LB close or above UB, fathomed
6144   498    41         134.5500   137.3500   2.0810     % 
LB close or above UB, fathomed
6145   497    27         134.5500   137.3500   2.0810     % 
LB close or above UB, fathomed
6146   496    27         134.5500   137.3500   2.0810     % 
UB: 137.35
branching on CartesianIndex(1, 5) with c.
6147   497    28         134.5500   137.3500   2.0810     % 
LB close or above UB, fathomed
6148   496    28         134.5500   137.3500   2.0810     % 
LB close or above UB, fathomed
6149   495    24         134.5500   137.3500   2.0810     % 
UB: 137.35
branching on 1 with b.
6150   496    25         134.5500   137.3500   2.0810     % 
LB close or above UB, fathomed
6151   495    25         134.5500   137.3500   2.0810     % 
LB close or above UB, fathomed
6152   494    24         134.5500   137.3500   2.0810     % 
LB close or above UB, fathomed
6153   493    16         134.5500   137.3500   2.0810     % 
UB: 137.35
branching on CartesianIndex(5, 3) with a.
6154   494    17         134.5500   137.3500   2.0810     % 
UB: 137.35
branching on CartesianIndex(6, 3) with a.
6155   495    18         134.5500   137.3500   2.0810     % 
LB close or above UB, fathomed
6156   494    18         134.5500   137.3500   2.0810     % 
LB close or above UB, fathomed
6157   493    17         134.5500   137.3500   2.0810     % 
LB close or above UB, fathomed
6158   492    16         134.5500   137.3500   2.0810     % 
LB close or above UB, fathomed
6159   491    28         134.5500   137.3500   2.0810     % 
LB close or above UB, fathomed
6160   490    28         134.5500   137.3500   2.0810     % 
UB: 137.35
branching on 2 with b.
6161   491    29         134.5500   137.3500   2.0810     % 
LB close or above UB, fathomed
6162   490    29         134.5500   137.3500   2.0810     % 
UB: 137.35
branching on 3 with b.
6163   491    30         134.5500   137.3500   2.0810     % 
LB close or above UB, fathomed
6164   490    30         134.5500   137.3500   2.0810     % 
UB: 137.35
branching on 1 with b.
6165   491    31         134.5500   137.3500   2.0810     % 
LB close or above UB, fathomed
6166   490    31         134.5500   137.3500   2.0810     % 
UB: 137.35
branching on 2 with b.
6167   491    32         134.5500   137.3500   2.0810     % 
LB close or above UB, fathomed
6168   490    32         134.5500   137.3500   2.0810     % 
UB: 137.35
branching on 3 with b.
6169   491    33         134.5500   137.3500   2.0810     % 
UB: 137.35
branching on 1 with b.
6170   492    34         134.5500   137.3500   2.0810     % 
UB: 137.35
branching on 2 with b.
6171   493    35         134.5500   137.3500   2.0810     % 
LB close or above UB, fathomed
6172   492    35         134.5500   137.3500   2.0810     % 
UB: 137.35
branching on 3 with b.
6173   493    36         134.5500   137.3500   2.0810     % 
LB close or above UB, fathomed
6174   492    36         134.5500   137.3500   2.0810     % 
LB close or above UB, fathomed
6175   491    34         134.5500   137.3500   2.0810     % 
UB: 137.35
branching on 2 with b.
6176   492    35         134.5500   137.3500   2.0810     % 
LB close or above UB, fathomed
6177   491    35         134.5500   137.3500   2.0810     % 
UB: 137.35
branching on 3 with b.
6178   492    36         134.5500   137.3500   2.0810     % 
LB close or above UB, fathomed
6179   491    36         134.5500   137.3500   2.0810     % 
LB close or above UB, fathomed
6180   490    33         134.5500   137.3500   2.0810     % 
LB close or above UB, fathomed
6181   489    18         134.5500   137.3500   2.0810     % 
UB: 137.35
branching on 2 with b.
6182   490    19         134.5500   137.3500   2.0810     % 
LB close or above UB, fathomed
6183   489    19         134.5500   137.3500   2.0810     % 
LB close or above UB, fathomed
6184   488    18         134.5500   137.3500   2.0810     % 
LB close or above UB, fathomed
6185   487    30         134.5500   137.3500   2.0810     % 
UB: 137.35
branching on 1 with b.
6186   488    31         134.5500   137.3500   2.0810     % 
LB close or above UB, fathomed
6187   487    31         134.5500   137.3500   2.0810     % 
UB: 137.35
branching on 2 with b.
6188   488    32         134.5500   137.3500   2.0810     % 
UB: 137.35
branching on CartesianIndex(2, 4) with c.
6189   489    33         134.5500   137.3500   2.0810     % 
LB close or above UB, fathomed
6190   488    33         134.5500   137.3500   2.0810     % 
LB close or above UB, fathomed
6191   487    32         134.5500   137.3500   2.0810     % 
UB: 137.35
branching on CartesianIndex(2, 4) with c.
6192   488    33         134.5500   137.3500   2.0810     % 
LB close or above UB, fathomed
6193   487    33         134.5500   137.3500   2.0810     % 
LB close or above UB, fathomed
6194   486    30         134.5500   137.3500   2.0810     % 
LB close or above UB, fathomed
6195   485    20         134.5500   137.3500   2.0810     % 
UB: 137.35
branching on CartesianIndex(1, 4) with c.
6196   486    21         134.5500   137.3500   2.0810     % 
UB: 137.35
branching on 1 with b.
6197   487    22         134.5500   137.3500   2.0810     % 
LB close or above UB, fathomed
6198   486    22         134.5500   137.3500   2.0810     % 
UB: 137.35
branching on CartesianIndex(2, 4) with c.
6199   487    23         134.5500   137.3500   2.0810     % 
LB close or above UB, fathomed
6200   486    23         134.5500   137.3500   2.0810     % 
LB close or above UB, fathomed
6201   485    21         134.5500   137.3500   2.0810     % 
LB close or above UB, fathomed
6202   484    20         134.5500   137.3500   2.0810     % 
LB close or above UB, fathomed
6203   483    30         134.5500   137.3500   2.0810     % 
LB close or above UB, fathomed
6204   482    30         134.5500   137.3500   2.0810     % 
LB close or above UB, fathomed
6205   481    47         134.5500   137.3500   2.0810     % 
UB: 137.35
branching on 3 with b.
6206   482    48         134.5500   137.3500   2.0810     % 
LB close or above UB, fathomed
6207   481    48         134.5500   137.3500   2.0810     % 
LB close or above UB, fathomed
6208   480    47         134.5500   137.3500   2.0810     % 
UB: 137.35
branching on 3 with b.
6209   481    48         134.5500   137.3500   2.0810     % 
LB close or above UB, fathomed
6210   480    48         134.5500   137.3500   2.0810     % 
LB close or above UB, fathomed
6211   479    47         134.5500   137.3500   2.0810     % 
LB close or above UB, fathomed
6212   478    47         134.5500   137.3500   2.0810     % 
UB: 137.35
branching on 3 with b.
6213   479    48         134.5500   137.3500   2.0810     % 
LB close or above UB, fathomed
6214   478    48         134.5500   137.3500   2.0810     % 
LB close or above UB, fathomed
6215   477    47         134.5500   137.3500   2.0810     % 
LB close or above UB, fathomed
6216   476    47         134.5500   137.3500   2.0810     % 
UB: 137.35
branching on 3 with b.
6217   477    48         134.5500   137.3500   2.0810     % 
LB close or above UB, fathomed
6218   476    48         134.5500   137.3500   2.0810     % 
LB close or above UB, fathomed
6219   475    32         134.5500   137.3500   2.0810     % 
LB close or above UB, fathomed
6220   474    32         134.5500   137.3500   2.0810     % 
LB close or above UB, fathomed
6221   473    47         134.5500   137.3500   2.0810     % 
UB: 137.35
branching on 3 with b.
6222   474    48         134.5500   137.3500   2.0810     % 
LB close or above UB, fathomed
6223   473    48         134.5500   137.3500   2.0810     % 
LB close or above UB, fathomed
6224   472    47         134.5500   137.3500   2.0810     % 
LB close or above UB, fathomed
6225   471    35         134.5500   137.3500   2.0810     % 
LB close or above UB, fathomed
6226   470    35         134.5500   137.3500   2.0810     % 
UB: 137.35
branching on CartesianIndex(1, 6) with c.
6227   471    36         134.5500   137.3500   2.0810     % 
UB: 137.35
branching on CartesianIndex(2, 6) with c.
6228   472    37         134.5500   137.3500   2.0810     % 
LB close or above UB, fathomed
6229   471    37         134.5500   137.3500   2.0810     % 
UB: 137.35
branching on CartesianIndex(1, 7) with c.
6230   472    38         134.5500   137.3500   2.0810     % 
UB: 137.35
branching on CartesianIndex(2, 7) with c.
6231   473    39         134.5500   137.3500   2.0810     % 
UB: 137.35
branching on CartesianIndex(3, 7) with c.
6232   474    40         134.5500   137.3500   2.0810     % 
UB: 137.35
branching on CartesianIndex(4, 7) with c.
6233   475    41         134.5500   137.3500   2.0810     % 
UB: 137.35
branching on CartesianIndex(5, 7) with c.
6234   476    42         134.5500   137.3500   2.0810     % 
UB: 137.35
branching on 1 with b.
6235   477    43         134.5500   137.3500   2.0810     % 
UB: 137.35
branching on 2 with b.
6236   478    44         134.5500   137.3500   2.0810     % 
UB: 137.35
branching on 3 with b.
6237   479    45         134.5500   137.3500   2.0810     % 
UB: 137.35
branching on 1 with b.
6238   480    46         134.5500   137.3500   2.0810     % 
LB close or above UB, fathomed
6239   479    46         134.5500   137.3500   2.0810     % 
LB close or above UB, fathomed
6240   478    45         134.5500   137.3500   2.0810     % 
LB close or above UB, fathomed
6241   477    44         134.5500   137.3500   2.0810     % 
LB close or above UB, fathomed
6242   476    43         134.5500   137.3500   2.0810     % 
LB close or above UB, fathomed
6243   475    42         134.5500   137.3500   2.0810     % 
LB close or above UB, fathomed
6244   474    41         134.5500   137.3500   2.0810     % 
LB close or above UB, fathomed
6245   473    40         134.5500   137.3500   2.0810     % 
LB close or above UB, fathomed
6246   472    39         134.5500   137.3500   2.0810     % 
LB close or above UB, fathomed
6247   471    38         134.5500   137.3500   2.0810     % 
LB close or above UB, fathomed
6248   470    36         134.5500   137.3500   2.0810     % 
LB close or above UB, fathomed
6249   469    43         134.5500   137.3500   2.0810     % 
UB: 137.35
branching on 2 with b.
6250   470    44         134.5500   137.3500   2.0810     % 
UB: 137.35
branching on 3 with b.
6251   471    45         134.5500   137.3500   2.0810     % 
LB close or above UB, fathomed
6252   470    45         134.5500   137.3500   2.0810     % 
UB: 137.35
branching on 1 with b.
6253   471    46         134.5500   137.3500   2.0810     % 
LB close or above UB, fathomed
6254   470    46         134.5500   137.3500   2.0810     % 
LB close or above UB, fathomed
6255   469    44         134.5500   137.3500   2.0810     % 
LB close or above UB, fathomed
6256   468    43         134.5500   137.3500   2.0810     % 
LB close or above UB, fathomed
6257   467    28         134.5500   137.3500   2.0810     % 
LB close or above UB, fathomed
6258   466    28         134.5500   137.3500   2.0810     % 
LB close or above UB, fathomed
6259   465    27         134.5500   137.3500   2.0810     % 
LB close or above UB, fathomed
6260   464    27         134.5500   137.3500   2.0810     % 
UB: 137.35
branching on CartesianIndex(1, 4) with c.
6261   465    28         134.5500   137.3500   2.0810     % 
UB: 137.35
branching on CartesianIndex(2, 4) with c.
6262   466    29         134.5500   137.3500   2.0810     % 
LB close or above UB, fathomed
6263   465    29         134.5500   137.3500   2.0810     % 
LB close or above UB, fathomed
6264   464    28         134.5500   137.3500   2.0810     % 
LB close or above UB, fathomed
6265   463    35         134.5500   137.3500   2.0810     % 
LB close or above UB, fathomed
6266   462    35         134.5500   137.3500   2.0810     % 
LB close or above UB, fathomed
6267   461    26         134.5500   137.3500   2.0810     % 
UB: 137.35
branching on CartesianIndex(4, 5) with c.
6268   462    27         134.5500   137.3500   2.0810     % 
UB: 137.35
branching on 3 with b.
6269   463    28         134.5500   137.3500   2.0810     % 
LB close or above UB, fathomed
6270   462    28         134.5500   137.3500   2.0810     % 
UB: 137.35
branching on CartesianIndex(5, 5) with c.
6271   463    29         134.5500   137.3500   2.0810     % 
UB: 137.35
branching on CartesianIndex(1, 6) with c.
6272   464    30         134.5500   137.3500   2.0810     % 
LB close or above UB, fathomed
6273   463    30         134.5500   137.3500   2.0810     % 
UB: 137.35
branching on CartesianIndex(1, 7) with c.
6274   464    31         134.5500   137.3500   2.0810     % 
UB: 137.35
branching on CartesianIndex(2, 7) with c.
6275   465    32         134.5500   137.3500   2.0810     % 
LB close or above UB, fathomed
6276   464    32         134.5500   137.3500   2.0810     % 
UB: 137.35
branching on 1 with b.
6277   465    33         134.5500   137.3500   2.0810     % 
LB close or above UB, fathomed
6278   464    33         134.5500   137.3500   2.0810     % 
UB: 137.35
branching on 2 with b.
6279   465    34         134.5500   137.3500   2.0810     % 
LB close or above UB, fathomed
6280   464    34         134.5500   137.3500   2.0810     % 
UB: 137.35
branching on 3 with b.
6281   465    35         134.5500   137.3500   2.0810     % 
UB: 137.35
branching on 1 with b.
6282   466    36         134.5500   137.3500   2.0810     % 
UB: 137.35
branching on 2 with b.
6283   467    37         134.5500   137.3500   2.0810     % 
UB: 137.35
branching on 3 with b.
6284   468    38         134.5500   137.3500   2.0810     % 
LB close or above UB, fathomed
6285   467    38         134.5500   137.3500   2.0810     % 
LB close or above UB, fathomed
6286   466    37         134.5500   137.3500   2.0810     % 
UB: 137.35
branching on 3 with b.
6287   467    38         134.5500   137.3500   2.0810     % 
LB close or above UB, fathomed
6288   466    38         134.5500   137.3500   2.0810     % 
LB close or above UB, fathomed
6289   465    36         134.5500   137.3500   2.0810     % 
UB: 137.35
branching on 2 with b.
6290   466    37         134.5500   137.3500   2.0810     % 
UB: 137.35
branching on 3 with b.
6291   467    38         134.5500   137.3500   2.0810     % 
LB close or above UB, fathomed
6292   466    38         134.5500   137.3500   2.0810     % 
LB close or above UB, fathomed
6293   465    37         134.5500   137.3500   2.0810     % 
UB: 137.35
branching on 3 with b.
6294   466    38         134.5500   137.3500   2.0810     % 
LB close or above UB, fathomed
6295   465    38         134.5500   137.3500   2.0810     % 
LB close or above UB, fathomed
6296   464    35         134.5500   137.3500   2.0810     % 
LB close or above UB, fathomed
6297   463    31         134.5500   137.3500   2.0810     % 
LB close or above UB, fathomed
6298   462    29         134.5500   137.3500   2.0810     % 
LB close or above UB, fathomed
6299   461    27         134.5500   137.3500   2.0810     % 
LB close or above UB, fathomed
6300   460    26         134.5500   137.3500   2.0810     % 
LB close or above UB, fathomed
6301   459    21         134.5500   137.3500   2.0810     % 
UB: 137.35
branching on CartesianIndex(2, 3) with a.
6302   460    22         134.5500   137.3500   2.0810     % 
UB: 137.35
branching on CartesianIndex(3, 3) with a.
6303   461    23         134.5500   137.3500   2.0810     % 
LB close or above UB, fathomed
6304   460    23         134.5500   137.3500   2.0810     % 
UB: 137.35
branching on CartesianIndex(1, 4) with c.
6305   461    24         134.5500   137.3500   2.0810     % 
LB close or above UB, fathomed
6306   460    24         134.5500   137.3500   2.0810     % 
LB close or above UB, fathomed
6307   459    22         134.5500   137.3500   2.0810     % 
LB close or above UB, fathomed
6308   458    21         134.5500   137.3500   2.0810     % 
LB close or above UB, fathomed
6309   457    49         134.5500   137.3500   2.0810     % 
LB close or above UB, fathomed
6310   456    49         134.5500   137.3500   2.0810     % 
UB: 137.35
branching on 2 with b.
6311   456    50         134.5500   137.3500   2.0810     % 
UB: 137.35
branching on 3 with b.
6312   457    51         134.5500   137.3500   2.0810     % 
LB close or above UB, fathomed
6313   456    51         134.5500   137.3500   2.0810     % 
UB: 137.35
branching on 1 with b.
6314   457    52         134.5500   137.3500   2.0810     % 
LB close or above UB, fathomed
6315   456    52         134.5500   137.3500   2.0810     % 
UB: 137.35
branching on 2 with b.
6316   457    53         134.5500   137.3500   2.0810     % 
UB: 137.35
branching on 3 with b.
6317   458    54         134.5500   137.3500   2.0810     % 
LB close or above UB, fathomed
6318   457    54         134.5500   137.3500   2.0810     % 
LB close or above UB, fathomed
6319   456    53         134.5500   137.3500   2.0810     % 
LB close or above UB, fathomed
6320   455    49         134.5500   137.3500   2.0810     % 
UB: 137.35
branching on 2 with b.
6321   456    50         134.5500   137.3500   2.0810     % 
UB: 137.35
branching on 3 with b.
6322   457    51         134.5500   137.3500   2.0810     % 
LB close or above UB, fathomed
6323   456    51         134.5500   137.3500   2.0810     % 
UB: 137.35
branching on 1 with b.
6324   456    52         134.5500   137.3500   2.0810     % 
UB: 137.35
branching on 2 with b.
6325   456    53         134.5500   137.3500   2.0810     % 
UB: 137.35
branching on 3 with b.
6326   457    54         134.5500   137.3500   2.0810     % 
LB close or above UB, fathomed
6327   456    54         134.5500   137.3500   2.0810     % 
LB close or above UB, fathomed
6328   455    50         134.5500   137.3500   2.0810     % 
LB close or above UB, fathomed
6329   454    49         134.5500   137.3500   2.0810     % 
LB close or above UB, fathomed
6330   453    49         134.5500   137.3500   2.0810     % 
UB: 137.35
branching on 2 with b.
6331   454    50         134.5500   137.3500   2.0810     % 
LB close or above UB, fathomed
6332   453    50         134.5500   137.3500   2.0810     % 
UB: 137.35
branching on 3 with b.
6333   454    51         134.5500   137.3500   2.0810     % 
LB close or above UB, fathomed
6334   453    51         134.5500   137.3500   2.0810     % 
UB: 137.35
branching on 1 with b.
6335   454    52         134.5500   137.3500   2.0810     % 
LB close or above UB, fathomed
6336   453    52         134.5500   137.3500   2.0810     % 
UB: 137.35
branching on 2 with b.
6337   453    53         134.5500   137.3500   2.0810     % 
UB: 137.35
branching on 3 with b.
6338   454    54         134.5500   137.3500   2.0810     % 
LB close or above UB, fathomed
6339   453    54         134.5500   137.3500   2.0810     % 
LB close or above UB, fathomed
6340   452    48         134.5500   137.3500   2.0810     % 
LB close or above UB, fathomed
6341   451    48         134.5500   137.3500   2.0810     % 
LB close or above UB, fathomed
6342   450    40         134.5500   137.3500   2.0810     % 
LB close or above UB, fathomed
6343   449    40         134.5500   137.3500   2.0810     % 
LB close or above UB, fathomed
6344   448    28         134.5500   137.3500   2.0810     % 
LB close or above UB, fathomed
6345   447    28         134.5500   137.3500   2.0810     % 
LB close or above UB, fathomed
6346   446    22         134.5500   137.3500   2.0810     % 
LB close or above UB, fathomed
6347   445    22         134.5500   137.3500   2.0810     % 
LB close or above UB, fathomed
6348   444    32         134.5500   137.3500   2.0810     % 
UB: 137.35
branching on CartesianIndex(4, 4) with c.
6349   445    33         134.5500   137.3500   2.0810     % 
LB close or above UB, fathomed
6350   444    33         134.5500   137.3500   2.0810     % 
LB close or above UB, fathomed
6351   443    32         134.5500   137.3500   2.0810     % 
LB close or above UB, fathomed
6352   442    25         134.5500   137.3500   2.0810     % 
UB: 137.35
branching on CartesianIndex(4, 3) with a.
6353   443    26         134.5500   137.3500   2.0810     % 
LB close or above UB, fathomed
6354   442    26         134.5500   137.3500   2.0810     % 
UB: 137.35
branching on CartesianIndex(1, 4) with c.
6355   443    27         134.5500   137.3500   2.0810     % 
UB: 137.35
branching on CartesianIndex(2, 4) with c.
6356   444    28         134.5500   137.3500   2.0810     % 
LB close or above UB, fathomed
6357   443    28         134.5500   137.3500   2.0810     % 
LB close or above UB, fathomed
6358   442    27         134.5500   137.3500   2.0810     % 
LB close or above UB, fathomed
6359   441    25         134.5500   137.3500   2.0810     % 
LB close or above UB, fathomed
6360   440    20         134.5500   137.3500   2.0810     % 
UB: 137.35
branching on CartesianIndex(1, 3) with a.
6361   441    21         134.5500   137.3500   2.0810     % 
LB close or above UB, fathomed
6362   440    21         134.5500   137.3500   2.0810     % 
LB close or above UB, fathomed
6363   439    20         134.5500   137.3500   2.0810     % 
LB close or above UB, fathomed
6364   438    32         134.5500   137.3500   2.0810     % 
LB close or above UB, fathomed
6365   437    32         134.5500   137.3500   2.0810     % 
LB close or above UB, fathomed
6366   436    23         134.5500   137.3500   2.0810     % 
LB close or above UB, fathomed
6367   435    23         134.5500   137.3500   2.0810     % 
LB close or above UB, fathomed
6368   434    23         134.5500   137.3500   2.0810     % 
LB close or above UB, fathomed
6369   433    23         134.5500   137.3500   2.0810     % 
LB close or above UB, fathomed
6370   432    26         134.5500   137.3500   2.0810     % 
LB close or above UB, fathomed
6371   431    26         134.5500   137.3500   2.0810     % 
LB close or above UB, fathomed
6372   430    35         134.5500   137.3500   2.0810     % 
LB close or above UB, fathomed
6373   429    35         134.5500   137.3500   2.0810     % 
UB: 137.35
branching on 3 with b.
6374   430    36         134.5500   137.3500   2.0810     % 
LB close or above UB, fathomed
6375   429    36         134.5500   137.3500   2.0810     % 
LB close or above UB, fathomed
6376   428    32         134.5500   137.3500   2.0810     % 
UB: 137.35
branching on CartesianIndex(2, 5) with c.
6377   429    33         134.5500   137.3500   2.0810     % 
UB: 137.35
branching on CartesianIndex(3, 5) with c.
6378   430    34         134.5500   137.3500   2.0810     % 
UB: 137.35
branching on CartesianIndex(4, 5) with c.
6379   431    35         134.5500   137.3500   2.0810     % 
UB: 137.35
branching on CartesianIndex(5, 5) with c.
6380   432    36         134.5500   137.3500   2.0810     % 
UB: 137.35
branching on CartesianIndex(1, 6) with c.
6381   433    37         134.5500   137.3500   2.0810     % 
LB close or above UB, fathomed
6382   432    37         134.5500   137.3500   2.0810     % 
UB: 137.35
branching on CartesianIndex(1, 7) with c.
6383   433    38         134.5500   137.3500   2.0810     % 
UB: 137.35
branching on CartesianIndex(2, 7) with c.
6384   434    39         134.5500   137.3500   2.0810     % 
LB close or above UB, fathomed
6385   433    39         134.5500   137.3500   2.0810     % 
UB: 137.35
branching on 2 with b.
6386   434    40         134.5500   137.3500   2.0810     % 
UB: 137.35
branching on 3 with b.
6387   435    41         134.5500   137.3500   2.0810     % 
UB: 137.35
branching on 1 with b.
6388   436    42         134.5500   137.3500   2.0810     % 
UB: 137.35
branching on 2 with b.
6389   437    43         134.5500   137.3500   2.0810     % 
LB close or above UB, fathomed
6390   436    43         134.5500   137.3500   2.0810     % 
LB close or above UB, fathomed
6391   435    42         134.5500   137.3500   2.0810     % 
LB close or above UB, fathomed
6392   434    41         134.5500   137.3500   2.0810     % 
LB close or above UB, fathomed
6393   433    40         134.5500   137.3500   2.0810     % 
LB close or above UB, fathomed
6394   432    38         134.5500   137.3500   2.0810     % 
LB close or above UB, fathomed
6395   431    36         134.5500   137.3500   2.0810     % 
LB close or above UB, fathomed
6396   430    35         134.5500   137.3500   2.0810     % 
LB close or above UB, fathomed
6397   429    34         134.5500   137.3500   2.0810     % 
LB close or above UB, fathomed
6398   428    33         134.5500   137.3500   2.0810     % 
LB close or above UB, fathomed
6399   427    32         134.5500   137.3500   2.0810     % 
LB close or above UB, fathomed
6400   426    33         134.5500   137.3500   2.0810     % 
UB: 137.35
branching on CartesianIndex(4, 5) with c.
6401   427    34         134.5500   137.3500   2.0810     % 
UB: 137.35
branching on CartesianIndex(5, 5) with c.
6402   428    35         134.5500   137.3500   2.0810     % 
UB: 137.35
branching on CartesianIndex(1, 6) with c.
6403   429    36         134.5500   137.3500   2.0810     % 
LB close or above UB, fathomed
6404   428    36         134.5500   137.3500   2.0810     % 
UB: 137.35
branching on CartesianIndex(1, 7) with c.
6405   429    37         134.5500   137.3500   2.0810     % 
UB: 137.35
branching on CartesianIndex(2, 7) with c.
6406   430    38         134.5500   137.3500   2.0810     % 
LB close or above UB, fathomed
6407   429    38         134.5500   137.3500   2.0810     % 
UB: 137.35
branching on 3 with b.
6408   430    39         134.5500   137.3500   2.0810     % 
UB: 137.35
branching on 1 with b.
6409   431    40         134.5500   137.3500   2.0810     % 
UB: 137.35
branching on 2 with b.
6410   432    41         134.5500   137.3500   2.0810     % 
UB: 137.35
branching on 3 with b.
6411   433    42         134.5500   137.3500   2.0810     % 
LB close or above UB, fathomed
6412   432    42         134.5500   137.3500   2.0810     % 
LB close or above UB, fathomed
6413   431    41         134.5500   137.3500   2.0810     % 
LB close or above UB, fathomed
6414   430    40         134.5500   137.3500   2.0810     % 
UB: 137.35
branching on 2 with b.
6415   431    41         134.5500   137.3500   2.0810     % 
UB: 137.35
branching on 3 with b.
6416   432    42         134.5500   137.3500   2.0810     % 
LB close or above UB, fathomed
6417   431    42         134.5500   137.3500   2.0810     % 
LB close or above UB, fathomed
6418   430    41         134.5500   137.3500   2.0810     % 
LB close or above UB, fathomed
6419   429    39         134.5500   137.3500   2.0810     % 
LB close or above UB, fathomed
6420   428    37         134.5500   137.3500   2.0810     % 
LB close or above UB, fathomed
6421   427    35         134.5500   137.3500   2.0810     % 
LB close or above UB, fathomed
6422   426    34         134.5500   137.3500   2.0810     % 
LB close or above UB, fathomed
6423   425    33         134.5500   137.3500   2.0810     % 
LB close or above UB, fathomed
6424   424    35         134.5500   137.3500   2.0810     % 
UB: 137.35
branching on CartesianIndex(1, 6) with c.
6425   425    36         134.5500   137.3500   2.0810     % 
LB close or above UB, fathomed
6426   424    36         134.5500   137.3500   2.0810     % 
UB: 137.35
branching on CartesianIndex(1, 7) with c.
6427   425    37         134.5500   137.3500   2.0810     % 
UB: 137.35
branching on CartesianIndex(2, 7) with c.
6428   426    38         134.5500   137.3500   2.0810     % 
LB close or above UB, fathomed
6429   425    38         134.5500   137.3500   2.0810     % 
UB: 137.35
branching on 3 with b.
6430   426    39         134.5500   137.3500   2.0810     % 
UB: 137.35
branching on 1 with b.
6431   427    40         134.5500   137.3500   2.0810     % 
UB: 137.35
branching on 2 with b.
6432   428    41         134.5500   137.3500   2.0810     % 
LB close or above UB, fathomed
6433   427    41         134.5500   137.3500   2.0810     % 
UB: 137.35
branching on 3 with b.
6434   428    42         134.5500   137.3500   2.0810     % 
LB close or above UB, fathomed
6435   427    42         134.5500   137.3500   2.0810     % 
LB close or above UB, fathomed
6436   426    40         134.5500   137.3500   2.0810     % 
UB: 137.35
branching on 2 with b.
6437   427    41         134.5500   137.3500   2.0810     % 
LB close or above UB, fathomed
6438   426    41         134.5500   137.3500   2.0810     % 
UB: 137.35
branching on 3 with b.
6439   427    42         134.5500   137.3500   2.0810     % 
LB close or above UB, fathomed
6440   426    42         134.5500   137.3500   2.0810     % 
LB close or above UB, fathomed
6441   425    39         134.5500   137.3500   2.0810     % 
LB close or above UB, fathomed
6442   424    37         134.5500   137.3500   2.0810     % 
LB close or above UB, fathomed
6443   423    35         134.5500   137.3500   2.0810     % 
LB close or above UB, fathomed
6444   422    22         134.5500   137.3500   2.0810     % 
LB close or above UB, fathomed
6445   421    22         134.5500   137.3500   2.0810     % 
UB: 137.35
branching on 2 with b.
6446   422    23         134.5500   137.3500   2.0810     % 
UB: 137.35
branching on CartesianIndex(1, 6) with c.
6447   423    24         134.5500   137.3500   2.0810     % 
UB: 137.35
branching on 3 with b.
6448   424    25         134.5500   137.3500   2.0810     % 
LB close or above UB, fathomed
6449   423    25         134.5500   137.3500   2.0810     % 
LB close or above UB, fathomed
6450   422    24         134.5500   137.3500   2.0810     % 
LB close or above UB, fathomed
6451   421    23         134.5500   137.3500   2.0810     % 
UB: 137.35
branching on CartesianIndex(1, 6) with c.
6452   422    24         134.5500   137.3500   2.0810     % 
UB: 137.35
branching on CartesianIndex(2, 6) with c.
6453   423    25         134.5500   137.3500   2.0810     % 
UB: 137.35
branching on 3 with b.
6454   424    26         134.5500   137.3500   2.0810     % 
LB close or above UB, fathomed
6455   423    26         134.5500   137.3500   2.0810     % 
LB close or above UB, fathomed
6456   422    25         134.5500   137.3500   2.0810     % 
LB close or above UB, fathomed
6457   421    24         134.5500   137.3500   2.0810     % 
LB close or above UB, fathomed
6458   420    34         134.5500   137.3500   2.0810     % 
LB close or above UB, fathomed
6459   419    34         134.5500   137.3500   2.0810     % 
UB: 137.35
branching on CartesianIndex(1, 7) with c.
6460   420    35         134.5500   137.3500   2.0810     % 
UB: 137.35
branching on CartesianIndex(2, 7) with c.
6461   421    36         134.5500   137.3500   2.0810     % 
LB close or above UB, fathomed
6462   420    36         134.5500   137.3500   2.0810     % 
UB: 137.35
branching on 2 with b.
6463   421    37         134.5500   137.3500   2.0810     % 
LB close or above UB, fathomed
6464   420    37         134.5500   137.3500   2.0810     % 
UB: 137.35
branching on 3 with b.
6465   421    38         134.5500   137.3500   2.0810     % 
UB: 137.35
branching on 1 with b.
6466   421    39         134.5500   137.3500   2.0810     % 
UB: 137.35
branching on 2 with b.
6467   422    40         134.5500   137.3500   2.0810     % 
UB: 137.35
branching on 3 with b.
6468   423    41         134.5500   137.3500   2.0810     % 
LB close or above UB, fathomed
6469   422    41         134.5500   137.3500   2.0810     % 
LB close or above UB, fathomed
6470   421    40         134.5500   137.3500   2.0810     % 
UB: 137.35
branching on 3 with b.
6471   422    41         134.5500   137.3500   2.0810     % 
LB close or above UB, fathomed
6472   421    41         134.5500   137.3500   2.0810     % 
LB close or above UB, fathomed
6473   420    38         134.5500   137.3500   2.0810     % 
LB close or above UB, fathomed
6474   419    35         134.5500   137.3500   2.0810     % 
LB close or above UB, fathomed
6475   418    20         134.5500   137.3500   2.0810     % 
UB: 137.35
branching on 3 with b.
6476   419    21         134.5500   137.3500   2.0810     % 
LB close or above UB, fathomed
6477   418    21         134.5500   137.3500   2.0810     % 
LB close or above UB, fathomed
6478   417    20         134.5500   137.3500   2.0810     % 
LB close or above UB, fathomed
6479   416    28         134.5500   137.3500   2.0810     % 
LB close or above UB, fathomed
6480   415    28         134.5500   137.3500   2.0810     % 
UB: 137.35
branching on CartesianIndex(1, 5) with c.
6481   416    29         134.5500   137.3500   2.0810     % 
UB: 137.35
branching on CartesianIndex(2, 5) with c.
6482   417    30         134.5500   137.3500   2.0810     % 
LB close or above UB, fathomed
6483   416    30         134.5500   137.3500   2.0810     % 
LB close or above UB, fathomed
6484   415    29         134.5500   137.3500   2.0810     % 
LB close or above UB, fathomed
6485   414    31         134.5500   137.3500   2.0810     % 
LB close or above UB, fathomed
6486   413    31         134.5500   137.3500   2.0810     % 
LB close or above UB, fathomed
6487   412    23         134.5500   137.3500   2.0810     % 
UB: 137.35
branching on CartesianIndex(5, 2) with a.
6488   413    24         134.5500   137.3500   2.0810     % 
LB close or above UB, fathomed
6489   412    24         134.5500   137.3500   2.0810     % 
LB close or above UB, fathomed
6490   411    23         134.5500   137.3500   2.0810     % 
LB close or above UB, fathomed
6491   410    47         134.5500   137.3500   2.0810     % 
LB close or above UB, fathomed
6492   409    47         134.5500   137.3500   2.0810     % 
LB close or above UB, fathomed
6493   408    47         134.5500   137.3500   2.0810     % 
LB close or above UB, fathomed
6494   407    47         134.5500   137.3500   2.0810     % 
LB close or above UB, fathomed
6495   406    55         134.5500   137.3500   2.0810     % 
LB close or above UB, fathomed
6496   405    55         134.5500   137.3500   2.0810     % 
UB: 137.35
branching on 2 with b.
6497   405    56         134.5500   137.3500   2.0810     % 
UB: 137.35
branching on 3 with b.
6498   406    57         134.5500   137.3500   2.0810     % 
LB close or above UB, fathomed
6499   405    57         134.5500   137.3500   2.0810     % 
LB close or above UB, fathomed
6500   404    58         134.5500   137.3500   2.0810     % 
UB: 137.35
branching on 2 with b.
6501   404    59         134.5500   137.3500   2.0810     % 
UB: 137.35
branching on 3 with b.
6502   405    60         134.5500   137.3500   2.0810     % 
LB close or above UB, fathomed
6503   404    60         134.5500   137.3500   2.0810     % 
LB close or above UB, fathomed
6504   403    56         134.5500   137.3500   2.0810     % 
UB: 137.35
branching on 3 with b.
6505   404    57         134.5500   137.3500   2.0810     % 
LB close or above UB, fathomed
6506   403    57         134.5500   137.3500   2.0810     % 
LB close or above UB, fathomed
6507   402    55         134.5500   137.3500   2.0810     % 
LB close or above UB, fathomed
6508   401    55         134.5500   137.3500   2.0810     % 
UB: 137.35
branching on 2 with b.
6509   401    56         134.5500   137.3500   2.0810     % 
UB: 137.35
branching on 3 with b.
6510   402    57         134.5500   137.3500   2.0810     % 
LB close or above UB, fathomed
6511   401    57         134.5500   137.3500   2.0810     % 
LB close or above UB, fathomed
6512   400    55         134.5500   137.3500   2.0810     % 
LB close or above UB, fathomed
6513   399    55         134.5500   137.3500   2.0810     % 
UB: 137.35
branching on 2 with b.
6514   399    56         134.5500   137.3500   2.0810     % 
UB: 137.35
branching on 3 with b.
6515   400    57         134.5500   137.3500   2.0810     % 
LB close or above UB, fathomed
6516   399    57         134.5500   137.3500   2.0810     % 
LB close or above UB, fathomed
6517   398    58         134.5500   137.3500   2.0810     % 
UB: 137.35
branching on 2 with b.
6518   398    59         134.5500   137.3500   2.0810     % 
UB: 137.35
branching on 3 with b.
6519   399    60         134.5500   137.3500   2.0810     % 
LB close or above UB, fathomed
6520   398    60         134.5500   137.3500   2.0810     % 
LB close or above UB, fathomed
6521   397    56         134.5500   137.3500   2.0810     % 
UB: 137.35
branching on 3 with b.
6522   398    57         134.5500   137.3500   2.0810     % 
LB close or above UB, fathomed
6523   397    57         134.5500   137.3500   2.0810     % 
LB close or above UB, fathomed
6524   396    55         134.5500   137.3500   2.0810     % 
LB close or above UB, fathomed
6525   395    55         134.5500   137.3500   2.0810     % 
UB: 137.35
branching on 2 with b.
6526   395    56         134.5500   137.3500   2.0810     % 
UB: 137.35
branching on 3 with b.
6527   396    57         134.5500   137.3500   2.0810     % 
LB close or above UB, fathomed
6528   395    57         134.5500   137.3500   2.0810     % 
LB close or above UB, fathomed
6529   394    49         134.5500   137.3500   2.0810     % 
UB: 137.35
branching on 2 with b.
6530   395    50         134.5500   137.3500   2.0810     % 
LB close or above UB, fathomed
6531   394    50         134.5500   137.3500   2.0810     % 
UB: 137.35
branching on 3 with b.
6532   395    51         134.5500   137.3500   2.0810     % 
LB close or above UB, fathomed
6533   394    51         134.5500   137.3500   2.0810     % 
UB: 137.35
branching on 1 with b.
6534   395    52         134.5500   137.3500   2.0810     % 
UB: 137.35
branching on 2 with b.
6535   396    53         134.5500   137.3500   2.0810     % 
UB: 137.35
branching on 3 with b.
6536   397    54         134.5500   137.3500   2.0810     % 
LB close or above UB, fathomed
6537   396    54         134.5500   137.3500   2.0810     % 
LB close or above UB, fathomed
6538   395    53         134.5500   137.3500   2.0810     % 
UB: 137.35
branching on 3 with b.
6539   396    54         134.5500   137.3500   2.0810     % 
LB close or above UB, fathomed
6540   395    54         134.5500   137.3500   2.0810     % 
LB close or above UB, fathomed
6541   394    52         134.5500   137.3500   2.0810     % 
UB: 137.35
branching on 2 with b.
6542   395    53         134.5500   137.3500   2.0810     % 
UB: 137.35
branching on 3 with b.
6543   396    54         134.5500   137.3500   2.0810     % 
LB close or above UB, fathomed
6544   395    54         134.5500   137.3500   2.0810     % 
LB close or above UB, fathomed
6545   394    53         134.5500   137.3500   2.0810     % 
UB: 137.35
branching on 3 with b.
6546   395    54         134.5500   137.3500   2.0810     % 
LB close or above UB, fathomed
6547   394    54         134.5500   137.3500   2.0810     % 
LB close or above UB, fathomed
6548   393    55         134.5500   137.3500   2.0810     % 
UB: 137.35
branching on 2 with b.
6549   393    56         134.5500   137.3500   2.0810     % 
UB: 137.35
branching on 3 with b.
6550   394    57         134.5500   137.3500   2.0810     % 
LB close or above UB, fathomed
6551   393    57         134.5500   137.3500   2.0810     % 
LB close or above UB, fathomed
6552   392    55         134.5500   137.3500   2.0810     % 
UB: 137.35
branching on 2 with b.
6553   392    56         134.5500   137.3500   2.0810     % 
UB: 137.35
branching on 3 with b.
6554   393    57         134.5500   137.3500   2.0810     % 
LB close or above UB, fathomed
6555   392    57         134.5500   137.3500   2.0810     % 
LB close or above UB, fathomed
6556   391    51         134.5500   137.3500   2.0810     % 
LB close or above UB, fathomed
6557   390    51         134.5500   137.3500   2.0810     % 
UB: 137.35
branching on 1 with b.
6558   391    52         134.5500   137.3500   2.0810     % 
UB: 137.35
branching on 2 with b.
6559   391    53         134.5500   137.3500   2.0810     % 
UB: 137.35
branching on 3 with b.
6560   392    54         134.5500   137.3500   2.0810     % 
LB close or above UB, fathomed
6561   391    54         134.5500   137.3500   2.0810     % 
LB close or above UB, fathomed
6562   390    52         134.5500   137.3500   2.0810     % 
UB: 137.35
branching on 2 with b.
6563   390    53         134.5500   137.3500   2.0810     % 
UB: 137.35
branching on 3 with b.
6564   391    54         134.5500   137.3500   2.0810     % 
LB close or above UB, fathomed
6565   390    54         134.5500   137.3500   2.0810     % 
LB close or above UB, fathomed
6566   389    43         134.5500   137.3500   2.0810     % 
LB close or above UB, fathomed
6567   388    43         134.5500   137.3500   2.0810     % 
UB: 137.35
branching on 3 with b.
6568   389    44         134.5500   137.3500   2.0810     % 
LB close or above UB, fathomed
6569   388    44         134.5500   137.3500   2.0810     % 
LB close or above UB, fathomed
6570   387    54         134.5500   137.3500   2.0810     % 
LB close or above UB, fathomed
6571   386    54         134.5500   137.3500   2.0810     % 
LB close or above UB, fathomed
6572   385    55         134.5500   137.3500   2.0810     % 
UB: 137.35
branching on 2 with b.
6573   385    56         134.5500   137.3500   2.0810     % 
UB: 137.35
branching on 3 with b.
6574   386    57         134.5500   137.3500   2.0810     % 
LB close or above UB, fathomed
6575   385    57         134.5500   137.3500   2.0810     % 
LB close or above UB, fathomed
6576   384    54         134.5500   137.3500   2.0810     % 
LB close or above UB, fathomed
6577   383    54         134.5500   137.3500   2.0810     % 
LB close or above UB, fathomed
6578   382    55         134.5500   137.3500   2.0810     % 
UB: 137.35
branching on 2 with b.
6579   382    56         134.5500   137.3500   2.0810     % 
UB: 137.35
branching on 3 with b.
6580   383    57         134.5500   137.3500   2.0810     % 
LB close or above UB, fathomed
6581   382    57         134.5500   137.3500   2.0810     % 
LB close or above UB, fathomed
6582   381    33         134.5500   137.3500   2.0810     % 
UB: 137.35
branching on 2 with b.
6583   382    34         134.5500   137.3500   2.0810     % 
LB close or above UB, fathomed
6584   381    34         134.5500   137.3500   2.0810     % 
LB close or above UB, fathomed
6585   380    33         134.5500   137.3500   2.0810     % 
LB close or above UB, fathomed
6586   379    27         134.5500   137.3500   2.0810     % 
UB: 137.35
branching on CartesianIndex(2, 5) with c.
6587   380    28         134.5500   137.3500   2.0810     % 
LB close or above UB, fathomed
6588   379    28         134.5500   137.3500   2.0810     % 
LB close or above UB, fathomed
6589   378    27         134.5500   137.3500   2.0810     % 
LB close or above UB, fathomed
6590   377    21         134.5500   137.3500   2.0810     % 
LB close or above UB, fathomed
6591   376    21         134.5500   137.3500   2.0810     % 
LB close or above UB, fathomed
6592   375    33         134.5500   137.3500   2.0810     % 
LB close or above UB, fathomed
6593   374    33         134.5500   137.3500   2.0810     % 
UB: 137.35
branching on CartesianIndex(1, 7) with c.
6594   375    34         134.5500   137.3500   2.0810     % 
UB: 137.35
branching on CartesianIndex(2, 7) with c.
6595   376    35         134.5500   137.3500   2.0810     % 
LB close or above UB, fathomed
6596   375    35         134.5500   137.3500   2.0810     % 
UB: 137.35
branching on 1 with b.
6597   376    36         134.5500   137.3500   2.0810     % 
UB: 137.35
branching on 2 with b.
6598   377    37         134.5500   137.3500   2.0810     % 
UB: 137.35
branching on 3 with b.
6599   378    38         134.5500   137.3500   2.0810     % 
UB: 137.35
branching on 1 with b.
6600   378    39         134.5500   137.3500   2.0810     % 
UB: 137.35
branching on 2 with b.
6601   379    40         134.5500   137.3500   2.0810     % 
UB: 137.35
branching on 3 with b.
6602   380    41         134.5500   137.3500   2.0810     % 
LB close or above UB, fathomed
6603   379    41         134.5500   137.3500   2.0810     % 
LB close or above UB, fathomed
6604   378    40         134.5500   137.3500   2.0810     % 
LB close or above UB, fathomed
6605   377    38         134.5500   137.3500   2.0810     % 
LB close or above UB, fathomed
6606   376    37         134.5500   137.3500   2.0810     % 
LB close or above UB, fathomed
6607   375    36         134.5500   137.3500   2.0810     % 
UB: 137.35
branching on 2 with b.
6608   376    37         134.5500   137.3500   2.0810     % 
UB: 137.35
branching on 3 with b.
6609   377    38         134.5500   137.3500   2.0810     % 
UB: 137.35
branching on 1 with b.
6610   378    39         134.5500   137.3500   2.0810     % 
UB: 137.35
branching on 2 with b.
6611   379    40         134.5500   137.3500   2.0810     % 
UB: 137.35
branching on 3 with b.
6612   380    41         134.5500   137.3500   2.0810     % 
LB close or above UB, fathomed
6613   379    41         134.5500   137.3500   2.0810     % 
LB close or above UB, fathomed
6614   378    40         134.5500   137.3500   2.0810     % 
LB close or above UB, fathomed
6615   377    39         134.5500   137.3500   2.0810     % 
LB close or above UB, fathomed
6616   376    38         134.5500   137.3500   2.0810     % 
LB close or above UB, fathomed
6617   375    37         134.5500   137.3500   2.0810     % 
LB close or above UB, fathomed
6618   374    34         134.5500   137.3500   2.0810     % 
LB close or above UB, fathomed
6619   373    22         134.5500   137.3500   2.0810     % 
LB close or above UB, fathomed
6620   372    22         134.5500   137.3500   2.0810     % 
LB close or above UB, fathomed
6621   371    42         134.5500   137.3500   2.0810     % 
UB: 137.35
branching on 1 with b.
6622   372    43         134.5500   137.3500   2.0810     % 
LB close or above UB, fathomed
6623   371    43         134.5500   137.3500   2.0810     % 
LB close or above UB, fathomed
6624   370    42         134.5500   137.3500   2.0810     % 
LB close or above UB, fathomed
6625   369    46         134.5500   137.3500   2.0810     % 
UB: 137.35
branching on 1 with b.
6626   370    47         134.5500   137.3500   2.0810     % 
LB close or above UB, fathomed
6627   369    47         134.5500   137.3500   2.0810     % 
LB close or above UB, fathomed
6628   368    46         134.5500   137.3500   2.0810     % 
LB close or above UB, fathomed
6629   367    46         134.5500   137.3500   2.0810     % 
LB close or above UB, fathomed
6630   366    46         134.5500   137.3500   2.0810     % 
UB: 137.35
branching on 1 with b.
6631   367    47         134.5500   137.3500   2.0810     % 
LB close or above UB, fathomed
6632   366    47         134.5500   137.3500   2.0810     % 
LB close or above UB, fathomed
6633   365    37         134.5500   137.3500   2.0810     % 
UB: 137.35
branching on CartesianIndex(2, 6) with c.
6634   366    38         134.5500   137.3500   2.0810     % 
LB close or above UB, fathomed
6635   365    38         134.5500   137.3500   2.0810     % 
UB: 137.35
branching on CartesianIndex(1, 7) with c.
6636   366    39         134.5500   137.3500   2.0810     % 
LB close or above UB, fathomed
6637   365    39         134.5500   137.3500   2.0810     % 
UB: 137.35
branching on 2 with b.
6638   366    40         134.5500   137.3500   2.0810     % 
LB close or above UB, fathomed
6639   365    40         134.5500   137.3500   2.0810     % 
UB: 137.35
branching on 3 with b.
6640   366    41         134.5500   137.3500   2.0810     % 
UB: 137.35
branching on 1 with b.
6641   367    42         134.5500   137.3500   2.0810     % 
LB close or above UB, fathomed
6642   366    42         134.5500   137.3500   2.0810     % 
UB: 137.35
branching on 2 with b.
6643   367    43         134.5500   137.3500   2.0810     % 
UB: 137.35
branching on 3 with b.
6644   368    44         134.5500   137.3500   2.0810     % 
UB: 137.35
branching on 1 with b.
6645   368    45         134.5500   137.3500   2.0810     % 
UB: 137.35
branching on 2 with b.
6646   369    46         134.5500   137.3500   2.0810     % 
UB: 137.35
branching on 3 with b.
6647   370    47         134.5500   137.3500   2.0810     % 
LB close or above UB, fathomed
6648   369    47         134.5500   137.3500   2.0810     % 
LB close or above UB, fathomed
6649   368    46         134.5500   137.3500   2.0810     % 
LB close or above UB, fathomed
6650   367    44         134.5500   137.3500   2.0810     % 
LB close or above UB, fathomed
6651   366    43         134.5500   137.3500   2.0810     % 
LB close or above UB, fathomed
6652   365    41         134.5500   137.3500   2.0810     % 
LB close or above UB, fathomed
6653   364    37         134.5500   137.3500   2.0810     % 
LB close or above UB, fathomed
6654   363    28         134.5500   137.3500   2.0810     % 
UB: 137.35
branching on CartesianIndex(2, 5) with c.
6655   364    29         134.5500   137.3500   2.0810     % 
UB: 137.35
branching on CartesianIndex(3, 5) with c.
6656   365    30         134.5500   137.3500   2.0810     % 
UB: 137.35
branching on CartesianIndex(4, 5) with c.
6657   366    31         134.5500   137.3500   2.0810     % 
UB: 137.35
branching on CartesianIndex(5, 5) with c.
6658   367    32         134.5500   137.3500   2.0810     % 
UB: 137.35
branching on CartesianIndex(1, 6) with c.
6659   368    33         134.5500   137.3500   2.0810     % 
UB: 137.35
branching on CartesianIndex(2, 6) with c.
6660   369    34         134.5500   137.3500   2.0810     % 
LB close or above UB, fathomed
6661   368    34         134.5500   137.3500   2.0810     % 
UB: 137.35
branching on CartesianIndex(1, 7) with c.
6662   369    35         134.5500   137.3500   2.0810     % 
LB close or above UB, fathomed
6663   368    35         134.5500   137.3500   2.0810     % 
UB: 137.35
branching on 1 with b.
6664   369    36         134.5500   137.3500   2.0810     % 
LB close or above UB, fathomed
6665   368    36         134.5500   137.3500   2.0810     % 
UB: 137.35
branching on 2 with b.
6666   369    37         134.5500   137.3500   2.0810     % 
LB close or above UB, fathomed
6667   368    37         134.5500   137.3500   2.0810     % 
LB close or above UB, fathomed
6668   367    33         134.5500   137.3500   2.0810     % 
LB close or above UB, fathomed
6669   366    32         134.5500   137.3500   2.0810     % 
LB close or above UB, fathomed
6670   365    31         134.5500   137.3500   2.0810     % 
LB close or above UB, fathomed
6671   364    30         134.5500   137.3500   2.0810     % 
LB close or above UB, fathomed
6672   363    29         134.5500   137.3500   2.0810     % 
LB close or above UB, fathomed
6673   362    28         134.5500   137.3500   2.0810     % 
LB close or above UB, fathomed
6674   361    24         134.5500   137.3500   2.0810     % 
UB: 137.35
branching on 3 with b.
6675   362    25         134.5500   137.3500   2.0810     % 
UB: 137.35
branching on CartesianIndex(7, 3) with a.
6676   363    26         134.5500   137.3500   2.0810     % 
UB: 137.35
branching on 1 with b.
6677   364    27         134.5500   137.3500   2.0810     % 
LB close or above UB, fathomed
6678   363    27         134.5500   137.3500   2.0810     % 
LB close or above UB, fathomed
6679   362    26         134.5500   137.3500   2.0810     % 
LB close or above UB, fathomed
6680   361    25         134.5500   137.3500   2.0810     % 
LB close or above UB, fathomed
6681   360    24         134.5500   137.3500   2.0810     % 
LB close or above UB, fathomed
6682   359    31         134.5500   137.3500   2.0810     % 
UB: 137.35
branching on CartesianIndex(1, 6) with c.
6683   360    32         134.5500   137.3500   2.0810     % 
UB: 137.35
branching on CartesianIndex(2, 6) with c.
6684   361    33         134.5500   137.3500   2.0810     % 
LB close or above UB, fathomed
6685   360    33         134.5500   137.3500   2.0810     % 
UB: 137.35
branching on CartesianIndex(1, 7) with c.
6686   361    34         134.5500   137.3500   2.0810     % 
LB close or above UB, fathomed
6687   360    34         134.5500   137.3500   2.0810     % 
UB: 137.35
branching on 3 with b.
6688   361    35         134.5500   137.3500   2.0810     % 
LB close or above UB, fathomed
6689   360    35         134.5500   137.3500   2.0810     % 
UB: 137.35
branching on 1 with b.
6690   361    36         134.5500   137.3500   2.0810     % 
LB close or above UB, fathomed
6691   360    36         134.5500   137.3500   2.0810     % 
LB close or above UB, fathomed
6692   359    32         134.5500   137.3500   2.0810     % 
LB close or above UB, fathomed
6693   358    31         134.5500   137.3500   2.0810     % 
LB close or above UB, fathomed
6694   357    33         134.5500   137.3500   2.0810     % 
LB close or above UB, fathomed
6695   356    33         134.5500   137.3500   2.0810     % 
LB close or above UB, fathomed
6696   355    32         134.5500   137.3500   2.0810     % 
LB close or above UB, fathomed
6697   354    32         134.5500   137.3500   2.0810     % 
LB close or above UB, fathomed
6698   353    30         134.5500   137.3500   2.0810     % 
LB close or above UB, fathomed
6699   352    30         134.5500   137.3500   2.0810     % 
LB close or above UB, fathomed
6700   351    33         134.5500   137.3500   2.0810     % 
UB: 137.35
branching on CartesianIndex(2, 5) with c.
6701   352    34         134.5500   137.3500   2.0810     % 
UB: 137.35
branching on CartesianIndex(3, 5) with c.
6702   353    35         134.5500   137.3500   2.0810     % 
UB: 137.35
branching on CartesianIndex(4, 5) with c.
6703   354    36         134.5500   137.3500   2.0810     % 
UB: 137.35
branching on CartesianIndex(5, 5) with c.
6704   355    37         134.5500   137.3500   2.0810     % 
UB: 137.35
branching on CartesianIndex(1, 6) with c.
6705   356    38         134.5500   137.3500   2.0810     % 
LB close or above UB, fathomed
6706   355    38         134.5500   137.3500   2.0810     % 
LB close or above UB, fathomed
6707   354    37         134.5500   137.3500   2.0810     % 
LB close or above UB, fathomed
6708   353    36         134.5500   137.3500   2.0810     % 
LB close or above UB, fathomed
6709   352    35         134.5500   137.3500   2.0810     % 
LB close or above UB, fathomed
6710   351    34         134.5500   137.3500   2.0810     % 
LB close or above UB, fathomed
6711   350    33         134.5500   137.3500   2.0810     % 
LB close or above UB, fathomed
6712   349    31         134.5500   137.3500   2.0810     % 
UB: 137.35
branching on CartesianIndex(8, 3) with a.
6713   350    32         134.5500   137.3500   2.0810     % 
LB close or above UB, fathomed
6714   349    32         134.5500   137.3500   2.0810     % 
UB: 137.35
branching on 3 with b.
6715   350    33         134.5500   137.3500   2.0810     % 
UB: 137.35
branching on CartesianIndex(1, 4) with c.
6716   351    34         134.5500   137.3500   2.0810     % 
LB close or above UB, fathomed
6717   350    34         134.5500   137.3500   2.0810     % 
LB close or above UB, fathomed
6718   349    33         134.5500   137.3500   2.0810     % 
LB close or above UB, fathomed
6719   348    31         134.5500   137.3500   2.0810     % 
LB close or above UB, fathomed
6720   347    24         134.5500   137.3500   2.0810     % 
UB: 137.35
branching on CartesianIndex(4, 4) with c.
6721   348    25         134.5500   137.3500   2.0810     % 
LB close or above UB, fathomed
6722   347    25         134.5500   137.3500   2.0810     % 
LB close or above UB, fathomed
6723   346    24         134.5500   137.3500   2.0810     % 
LB close or above UB, fathomed
6724   345    23         134.5500   137.3500   2.0810     % 
UB: 137.35
branching on CartesianIndex(2, 5) with c.
6725   346    24         134.5500   137.3500   2.0810     % 
UB: 137.35
branching on CartesianIndex(3, 5) with c.
6726   347    25         134.5500   137.3500   2.0810     % 
UB: 137.35
branching on CartesianIndex(4, 5) with c.
6727   348    26         134.5500   137.3500   2.0810     % 
UB: 137.35
branching on CartesianIndex(5, 5) with c.
6728   349    27         134.5500   137.3500   2.0810     % 
UB: 137.35
branching on CartesianIndex(1, 6) with c.
6729   350    28         134.5500   137.3500   2.0810     % 
LB close or above UB, fathomed
6730   349    28         134.5500   137.3500   2.0810     % 
LB close or above UB, fathomed
6731   348    27         134.5500   137.3500   2.0810     % 
LB close or above UB, fathomed
6732   347    26         134.5500   137.3500   2.0810     % 
LB close or above UB, fathomed
6733   346    25         134.5500   137.3500   2.0810     % 
LB close or above UB, fathomed
6734   345    24         134.5500   137.3500   2.0810     % 
LB close or above UB, fathomed
6735   344    23         134.5500   137.3500   2.0810     % 
LB close or above UB, fathomed
6736   343    25         134.5500   137.3500   2.0810     % 
UB: 137.35
branching on CartesianIndex(4, 4) with c.
6737   344    26         134.5500   137.3500   2.0810     % 
UB: 137.35
branching on CartesianIndex(5, 4) with c.
6738   345    27         134.5500   137.3500   2.0810     % 
UB: 137.35
branching on 2 with b.
6739   346    28         134.5500   137.3500   2.0810     % 
UB: 137.35
branching on CartesianIndex(1, 5) with c.
6740   347    29         134.5500   137.3500   2.0810     % 
UB: 137.35
branching on 3 with b.
6741   348    30         134.5500   137.3500   2.0810     % 
LB close or above UB, fathomed
6742   347    30         134.5500   137.3500   2.0810     % 
UB: 137.35
branching on CartesianIndex(2, 5) with c.
6743   348    31         134.5500   137.3500   2.0810     % 
LB close or above UB, fathomed
6744   347    31         134.5500   137.3500   2.0810     % 
LB close or above UB, fathomed
6745   346    29         134.5500   137.3500   2.0810     % 
LB close or above UB, fathomed
6746   345    28         134.5500   137.3500   2.0810     % 
LB close or above UB, fathomed
6747   344    27         134.5500   137.3500   2.0810     % 
LB close or above UB, fathomed
6748   343    26         134.5500   137.3500   2.0810     % 
LB close or above UB, fathomed
6749   342    25         134.5500   137.3500   2.0810     % 
LB close or above UB, fathomed
6750   341    41         134.5500   137.3500   2.0810     % 
UB: 137.35
branching on 1 with b.
6751   342    42         134.5500   137.3500   2.0810     % 
UB: 137.35
branching on 2 with b.
6752   343    43         134.5500   137.3500   2.0810     % 
UB: 137.35
branching on 3 with b.
6753   344    44         134.5500   137.3500   2.0810     % 
LB close or above UB, fathomed
6754   343    44         134.5500   137.3500   2.0810     % 
LB close or above UB, fathomed
6755   342    43         134.5500   137.3500   2.0810     % 
LB close or above UB, fathomed
6756   341    42         134.5500   137.3500   2.0810     % 
UB: 137.35
branching on 2 with b.
6757   342    43         134.5500   137.3500   2.0810     % 
UB: 137.35
branching on 3 with b.
6758   343    44         134.5500   137.3500   2.0810     % 
LB close or above UB, fathomed
6759   342    44         134.5500   137.3500   2.0810     % 
LB close or above UB, fathomed
6760   341    43         134.5500   137.3500   2.0810     % 
LB close or above UB, fathomed
6761   340    41         134.5500   137.3500   2.0810     % 
LB close or above UB, fathomed
6762   339    44         134.5500   137.3500   2.0810     % 
LB close or above UB, fathomed
6763   338    44         134.5500   137.3500   2.0810     % 
LB close or above UB, fathomed
6764   337    44         134.5500   137.3500   2.0810     % 
LB close or above UB, fathomed
6765   336    44         134.5500   137.3500   2.0810     % 
LB close or above UB, fathomed
6766   335    37         134.5500   137.3500   2.0810     % 
LB close or above UB, fathomed
6767   334    37         134.5500   137.3500   2.0810     % 
UB: 137.35
branching on CartesianIndex(1, 7) with c.
6768   335    38         134.5500   137.3500   2.0810     % 
UB: 137.35
branching on CartesianIndex(2, 7) with c.
6769   336    39         134.5500   137.3500   2.0810     % 
LB close or above UB, fathomed
6770   335    39         134.5500   137.3500   2.0810     % 
UB: 137.35
branching on 2 with b.
6771   336    40         134.5500   137.3500   2.0810     % 
UB: 137.35
branching on 3 with b.
6772   337    41         134.5500   137.3500   2.0810     % 
UB: 137.35
branching on 1 with b.
6773   338    42         134.5500   137.3500   2.0810     % 
LB close or above UB, fathomed
6774   337    42         134.5500   137.3500   2.0810     % 
UB: 137.35
branching on 2 with b.
6775   338    43         134.5500   137.3500   2.0810     % 
LB close or above UB, fathomed
6776   337    43         134.5500   137.3500   2.0810     % 
LB close or above UB, fathomed
6777   336    41         134.5500   137.3500   2.0810     % 
LB close or above UB, fathomed
6778   335    40         134.5500   137.3500   2.0810     % 
LB close or above UB, fathomed
6779   334    38         134.5500   137.3500   2.0810     % 
LB close or above UB, fathomed
6780   333    30         134.5500   137.3500   2.0810     % 
UB: 137.35
branching on CartesianIndex(7, 3) with a.
6781   334    31         134.5500   137.3500   2.0810     % 
LB close or above UB, fathomed
6782   333    31         134.5500   137.3500   2.0810     % 
LB close or above UB, fathomed
6783   332    30         134.5500   137.3500   2.0810     % 
LB close or above UB, fathomed
6784   331    27         134.5500   137.3500   2.0810     % 
LB close or above UB, fathomed
6785   330    27         134.5500   137.3500   2.0810     % 
LB close or above UB, fathomed
6786   329    19         134.5500   137.3500   2.0810     % 
UB: 137.35
branching on CartesianIndex(2, 3) with a.
6787   330    20         134.5500   137.3500   2.0810     % 
UB: 137.35
branching on CartesianIndex(3, 3) with a.
6788   331    21         134.5500   137.3500   2.0810     % 
UB: 137.35
branching on 3 with b.
6789   332    22         134.5500   137.3500   2.0810     % 
UB: 137.35
branching on CartesianIndex(4, 3) with a.
6790   333    23         134.5500   137.3500   2.0810     % 
LB close or above UB, fathomed
6791   332    23         134.5500   137.3500   2.0810     % 
LB close or above UB, fathomed
6792   331    22         134.5500   137.3500   2.0810     % 
LB close or above UB, fathomed
6793   330    21         134.5500   137.3500   2.0810     % 
LB close or above UB, fathomed
6794   329    20         134.5500   137.3500   2.0810     % 
LB close or above UB, fathomed
6795   328    19         134.5500   137.3500   2.0810     % 
LB close or above UB, fathomed
6796   327    25         134.5500   137.3500   2.0810     % 
LB close or above UB, fathomed
6797   326    25         134.5500   137.3500   2.0810     % 
LB close or above UB, fathomed
6798   325    44         134.5500   137.3500   2.0810     % 
LB close or above UB, fathomed
6799   324    44         134.5500   137.3500   2.0810     % 
LB close or above UB, fathomed
6800   323    41         134.5500   137.3500   2.0810     % 
UB: 137.35
branching on 1 with b.
6801   323    42         134.5500   137.3500   2.0810     % 
UB: 137.35
branching on 2 with b.
6802   324    43         134.5500   137.3500   2.0810     % 
LB close or above UB, fathomed
6803   323    43         134.5500   137.3500   2.0810     % 
UB: 137.35
branching on 3 with b.
6804   324    44         134.5500   137.3500   2.0810     % 
LB close or above UB, fathomed
6805   323    44         134.5500   137.3500   2.0810     % 
LB close or above UB, fathomed
6806   322    41         134.5500   137.3500   2.0810     % 
LB close or above UB, fathomed
6807   321    33         134.5500   137.3500   2.0810     % 
UB: 137.35
branching on CartesianIndex(1, 7) with c.
6808   322    34         134.5500   137.3500   2.0810     % 
UB: 137.35
branching on 1 with b.
6809   323    35         134.5500   137.3500   2.0810     % 
LB close or above UB, fathomed
6810   322    35         134.5500   137.3500   2.0810     % 
LB close or above UB, fathomed
6811   321    34         134.5500   137.3500   2.0810     % 
LB close or above UB, fathomed
6812   320    33         134.5500   137.3500   2.0810     % 
LB close or above UB, fathomed
6813   319    41         134.5500   137.3500   2.0810     % 
LB close or above UB, fathomed
6814   318    41         134.5500   137.3500   2.0810     % 
UB: 137.35
branching on CartesianIndex(1, 7) with c.
6815   319    42         134.5500   137.3500   2.0810     % 
LB close or above UB, fathomed
6816   318    42         134.5500   137.3500   2.0810     % 
UB: 137.35
branching on 2 with b.
6817   319    43         134.5500   137.3500   2.0810     % 
UB: 137.35
branching on 3 with b.
6818   320    44         134.5500   137.3500   2.0810     % 
UB: 137.35
branching on 1 with b.
6819   320    45         134.5500   137.3500   2.0810     % 
UB: 137.35
branching on 2 with b.
6820   321    46         134.5500   137.3500   2.0810     % 
UB: 137.35
branching on 3 with b.
6821   322    47         134.5500   137.3500   2.0810     % 
LB close or above UB, fathomed
6822   321    47         134.5500   137.3500   2.0810     % 
LB close or above UB, fathomed
6823   320    46         134.5500   137.3500   2.0810     % 
LB close or above UB, fathomed
6824   319    44         134.5500   137.3500   2.0810     % 
LB close or above UB, fathomed
6825   318    43         134.5500   137.3500   2.0810     % 
LB close or above UB, fathomed
6826   317    40         134.5500   137.3500   2.0810     % 
UB: 137.35
branching on CartesianIndex(2, 6) with c.
6827   318    41         134.5500   137.3500   2.0810     % 
LB close or above UB, fathomed
6828   317    41         134.5500   137.3500   2.0810     % 
UB: 137.35
branching on CartesianIndex(1, 7) with c.
6829   318    42         134.5500   137.3500   2.0810     % 
LB close or above UB, fathomed
6830   317    42         134.5500   137.3500   2.0810     % 
UB: 137.35
branching on 2 with b.
6831   318    43         134.5500   137.3500   2.0810     % 
LB close or above UB, fathomed
6832   317    43         134.5500   137.3500   2.0810     % 
UB: 137.35
branching on 3 with b.
6833   318    44         134.5500   137.3500   2.0810     % 
UB: 137.35
branching on 1 with b.
6834   319    45         134.5500   137.3500   2.0810     % 
LB close or above UB, fathomed
6835   318    45         134.5500   137.3500   2.0810     % 
UB: 137.35
branching on 2 with b.
6836   319    46         134.5500   137.3500   2.0810     % 
LB close or above UB, fathomed
6837   318    46         134.5500   137.3500   2.0810     % 
UB: 137.35
branching on 3 with b.
6838   319    47         134.5500   137.3500   2.0810     % 
LB close or above UB, fathomed
6839   318    47         134.5500   137.3500   2.0810     % 
LB close or above UB, fathomed
6840   317    44         134.5500   137.3500   2.0810     % 
LB close or above UB, fathomed
6841   316    40         134.5500   137.3500   2.0810     % 
LB close or above UB, fathomed
6842   315    37         134.5500   137.3500   2.0810     % 
LB close or above UB, fathomed
6843   314    37         134.5500   137.3500   2.0810     % 
UB: 137.35
branching on 3 with b.
6844   315    38         134.5500   137.3500   2.0810     % 
UB: 137.35
branching on 1 with b.
6845   316    39         134.5500   137.3500   2.0810     % 
LB close or above UB, fathomed
6846   315    39         134.5500   137.3500   2.0810     % 
UB: 137.35
branching on 2 with b.
6847   316    40         134.5500   137.3500   2.0810     % 
LB close or above UB, fathomed
6848   315    40         134.5500   137.3500   2.0810     % 
UB: 137.35
branching on 3 with b.
6849   316    41         134.5500   137.3500   2.0810     % 
LB close or above UB, fathomed
6850   315    41         134.5500   137.3500   2.0810     % 
LB close or above UB, fathomed
6851   314    38         134.5500   137.3500   2.0810     % 
LB close or above UB, fathomed
6852   313    48         134.5500   137.3500   2.0810     % 
UB: 137.35
branching on 3 with b.
6853   313    49         134.5500   137.3500   2.0810     % 
UB: 137.35
branching on 1 with b.
6854   314    50         134.5500   137.3500   2.0810     % 
LB close or above UB, fathomed
6855   313    50         134.5500   137.3500   2.0810     % 
UB: 137.35
branching on 2 with b.
6856   314    51         134.5500   137.3500   2.0810     % 
UB: 137.35
branching on 3 with b.
6857   314    52         134.5500   137.3500   2.0810     % 
UB: 137.35
branching on 1 with b.
6858   315    53         134.5500   137.3500   2.0810     % 
LB close or above UB, fathomed
6859   314    53         134.5500   137.3500   2.0810     % 
LB close or above UB, fathomed
6860   313    51         134.5500   137.3500   2.0810     % 
LB close or above UB, fathomed
6861   312    48         134.5500   137.3500   2.0810     % 
LB close or above UB, fathomed
6862   311    37         134.5500   137.3500   2.0810     % 
LB close or above UB, fathomed
6863   310    37         134.5500   137.3500   2.0810     % 
UB: 137.35
branching on 3 with b.
6864   311    38         134.5500   137.3500   2.0810     % 
LB close or above UB, fathomed
6865   310    38         134.5500   137.3500   2.0810     % 
LB close or above UB, fathomed
6866   309    39         134.5500   137.3500   2.0810     % 
LB close or above UB, fathomed
6867   308    39         134.5500   137.3500   2.0810     % 
LB close or above UB, fathomed
6868   307    20         134.5500   137.3500   2.0810     % 
LB close or above UB, fathomed
6869   306    20         134.5500   137.3500   2.0810     % 
LB close or above UB, fathomed
6870   305    42         134.5500   137.3500   2.0810     % 
LB close or above UB, fathomed
6871   304    42         134.5500   137.3500   2.0810     % 
LB close or above UB, fathomed
6872   303    35         134.5500   137.3500   2.0810     % 
LB close or above UB, fathomed
6873   302    35         134.5500   137.3500   2.0810     % 
UB: 137.35
branching on CartesianIndex(1, 7) with c.
6874   303    36         134.5500   137.3500   2.0810     % 
UB: 137.35
branching on CartesianIndex(2, 7) with c.
6875   304    37         134.5500   137.3500   2.0810     % 
LB close or above UB, fathomed
6876   303    37         134.5500   137.3500   2.0810     % 
UB: 137.35
branching on 3 with b.
6877   304    38         134.5500   137.3500   2.0810     % 
UB: 137.35
branching on 1 with b.
6878   305    39         134.5500   137.3500   2.0810     % 
LB close or above UB, fathomed
6879   304    39         134.5500   137.3500   2.0810     % 
LB close or above UB, fathomed
6880   303    38         134.5500   137.3500   2.0810     % 
LB close or above UB, fathomed
6881   302    36         134.5500   137.3500   2.0810     % 
LB close or above UB, fathomed
6882   301    46         134.5500   137.3500   2.0810     % 
UB: 137.35
branching on 3 with b.
6883   302    47         134.5500   137.3500   2.0810     % 
LB close or above UB, fathomed
6884   301    47         134.5500   137.3500   2.0810     % 
LB close or above UB, fathomed
6885   300    46         134.5500   137.3500   2.0810     % 
LB close or above UB, fathomed
6886   299    41         134.5500   137.3500   2.0810     % 
LB close or above UB, fathomed
6887   298    41         134.5500   137.3500   2.0810     % 
LB close or above UB, fathomed
6888   297    41         134.5500   137.3500   2.0810     % 
LB close or above UB, fathomed
6889   296    41         134.5500   137.3500   2.0810     % 
LB close or above UB, fathomed
6890   295    30         134.5500   137.3500   2.0810     % 
UB: 137.35
branching on CartesianIndex(1, 4) with c.
6891   296    31         134.5500   137.3500   2.0810     % 
UB: 137.35
branching on CartesianIndex(2, 4) with c.
6892   297    32         134.5500   137.3500   2.0810     % 
LB close or above UB, fathomed
6893   296    32         134.5500   137.3500   2.0810     % 
LB close or above UB, fathomed
6894   295    31         134.5500   137.3500   2.0810     % 
LB close or above UB, fathomed
6895   294    30         134.5500   137.3500   2.0810     % 
LB close or above UB, fathomed
6896   293    33         134.5500   137.3500   2.0810     % 
UB: 137.35
branching on 1 with b.
6897   294    34         134.5500   137.3500   2.0810     % 
LB close or above UB, fathomed
6898   293    34         134.5500   137.3500   2.0810     % 
LB close or above UB, fathomed
6899   292    33         134.5500   137.3500   2.0810     % 
LB close or above UB, fathomed
6900   291    23         134.5500   137.3500   2.0810     % 
UB: 137.35
branching on CartesianIndex(2, 5) with c.
6901   292    24         134.5500   137.3500   2.0810     % 
UB: 137.35
branching on CartesianIndex(3, 5) with c.
6902   293    25         134.5500   137.3500   2.0810     % 
UB: 137.35
branching on CartesianIndex(4, 5) with c.
6903   294    26         134.5500   137.3500   2.0810     % 
UB: 137.35
branching on CartesianIndex(5, 5) with c.
6904   295    27         134.5500   137.3500   2.0810     % 
UB: 137.35
branching on 2 with b.
6905   296    28         134.5500   137.3500   2.0810     % 
LB close or above UB, fathomed
6906   295    28         134.5500   137.3500   2.0810     % 
UB: 137.35
branching on CartesianIndex(1, 6) with c.
6907   296    29         134.5500   137.3500   2.0810     % 
LB close or above UB, fathomed
6908   295    29         134.5500   137.3500   2.0810     % 
UB: 137.35
branching on CartesianIndex(1, 7) with c.
6909   296    30         134.5500   137.3500   2.0810     % 
UB: 137.35
branching on 3 with b.
6910   297    31         134.5500   137.3500   2.0810     % 
LB close or above UB, fathomed
6911   296    31         134.5500   137.3500   2.0810     % 
UB: 137.35
branching on CartesianIndex(2, 7) with c.
6912   297    32         134.5500   137.3500   2.0810     % 
LB close or above UB, fathomed
6913   296    32         134.5500   137.3500   2.0810     % 
UB: 137.35
branching on 1 with b.
6914   297    33         134.5500   137.3500   2.0810     % 
UB: 137.35
branching on 2 with b.
6915   298    34         134.5500   137.3500   2.0810     % 
LB close or above UB, fathomed
6916   297    34         134.5500   137.3500   2.0810     % 
LB close or above UB, fathomed
6917   296    33         134.5500   137.3500   2.0810     % 
UB: 137.35
branching on 2 with b.
6918   297    34         134.5500   137.3500   2.0810     % 
LB close or above UB, fathomed
6919   296    34         134.5500   137.3500   2.0810     % 
LB close or above UB, fathomed
6920   295    30         134.5500   137.3500   2.0810     % 
LB close or above UB, fathomed
6921   294    27         134.5500   137.3500   2.0810     % 
LB close or above UB, fathomed
6922   293    26         134.5500   137.3500   2.0810     % 
LB close or above UB, fathomed
6923   292    25         134.5500   137.3500   2.0810     % 
LB close or above UB, fathomed
6924   291    24         134.5500   137.3500   2.0810     % 
LB close or above UB, fathomed
6925   290    23         134.5500   137.3500   2.0810     % 
LB close or above UB, fathomed
6926   289    38         134.5500   137.3500   2.0810     % 
LB close or above UB, fathomed
6927   288    38         134.5500   137.3500   2.0810     % 
UB: 137.35
branching on 3 with b.
6928   289    39         134.5500   137.3500   2.0810     % 
UB: 137.35
branching on 1 with b.
6929   290    40         134.5500   137.3500   2.0810     % 
LB close or above UB, fathomed
6930   289    40         134.5500   137.3500   2.0810     % 
UB: 137.35
branching on 2 with b.
6931   290    41         134.5500   137.3500   2.0810     % 
LB close or above UB, fathomed
6932   289    41         134.5500   137.3500   2.0810     % 
LB close or above UB, fathomed
6933   288    39         134.5500   137.3500   2.0810     % 
LB close or above UB, fathomed
6934   287    24         134.5500   137.3500   2.0810     % 
UB: 137.35
branching on 2 with b.
6935   288    25         134.5500   137.3500   2.0810     % 
UB: 137.35
branching on 3 with b.
6936   289    26         134.5500   137.3500   2.0810     % 
LB close or above UB, fathomed
6937   288    26         134.5500   137.3500   2.0810     % 
UB: 137.35
branching on CartesianIndex(2, 5) with c.
6938   289    27         134.5500   137.3500   2.0810     % 
LB close or above UB, fathomed
6939   288    27         134.5500   137.3500   2.0810     % 
LB close or above UB, fathomed
6940   287    25         134.5500   137.3500   2.0810     % 
LB close or above UB, fathomed
6941   286    24         134.5500   137.3500   2.0810     % 
LB close or above UB, fathomed
6942   285    23         134.5500   137.3500   2.0810     % 
LB close or above UB, fathomed
6943   284    23         134.5500   137.3500   2.0810     % 
UB: 137.35
branching on CartesianIndex(1, 4) with c.
6944   285    24         134.5500   137.3500   2.0810     % 
LB close or above UB, fathomed
6945   284    24         134.5500   137.3500   2.0810     % 
LB close or above UB, fathomed
6946   283    42         134.5500   137.3500   2.0810     % 
LB close or above UB, fathomed
6947   282    42         134.5500   137.3500   2.0810     % 
LB close or above UB, fathomed
6948   281    43         134.5500   137.3500   2.0810     % 
UB: 137.35
branching on 2 with b.
6949   281    44         134.5500   137.3500   2.0810     % 
UB: 137.35
branching on 3 with b.
6950   282    45         134.5500   137.3500   2.0810     % 
UB: 137.35
branching on 1 with b.
6951   282    46         134.5500   137.3500   2.0810     % 
UB: 137.35
branching on 2 with b.
6952   282    47         134.5500   137.3500   2.0810     % 
UB: 137.35
branching on 3 with b.
6953   283    48         134.5500   137.3500   2.0810     % 
LB close or above UB, fathomed
6954   282    48         134.5500   137.3500   2.0810     % 
LB close or above UB, fathomed
6955   281    45         134.5500   137.3500   2.0810     % 
LB close or above UB, fathomed
6956   280    43         134.5500   137.3500   2.0810     % 
UB: 137.35
branching on 2 with b.
6957   281    44         134.5500   137.3500   2.0810     % 
LB close or above UB, fathomed
6958   280    44         134.5500   137.3500   2.0810     % 
UB: 137.35
branching on 3 with b.
6959   281    45         134.5500   137.3500   2.0810     % 
UB: 137.35
branching on 1 with b.
6960   281    46         134.5500   137.3500   2.0810     % 
UB: 137.35
branching on 2 with b.
6961   282    47         134.5500   137.3500   2.0810     % 
LB close or above UB, fathomed
6962   281    47         134.5500   137.3500   2.0810     % 
UB: 137.35
branching on 3 with b.
6963   282    48         134.5500   137.3500   2.0810     % 
LB close or above UB, fathomed
6964   281    48         134.5500   137.3500   2.0810     % 
LB close or above UB, fathomed
6965   280    45         134.5500   137.3500   2.0810     % 
LB close or above UB, fathomed
6966   279    41         134.5500   137.3500   2.0810     % 
LB close or above UB, fathomed
6967   278    41         134.5500   137.3500   2.0810     % 
UB: 137.35
branching on 3 with b.
6968   279    42         134.5500   137.3500   2.0810     % 
LB close or above UB, fathomed
6969   278    42         134.5500   137.3500   2.0810     % 
LB close or above UB, fathomed
6970   277    42         134.5500   137.3500   2.0810     % 
UB: 137.35
branching on 2 with b.
6971   278    43         134.5500   137.3500   2.0810     % 
UB: 137.35
branching on 3 with b.
6972   279    44         134.5500   137.3500   2.0810     % 
UB: 137.35
branching on 1 with b.
6973   279    45         134.5500   137.3500   2.0810     % 
UB: 137.35
branching on 2 with b.
6974   280    46         134.5500   137.3500   2.0810     % 
UB: 137.35
branching on 3 with b.
6975   281    47         134.5500   137.3500   2.0810     % 
LB close or above UB, fathomed
6976   280    47         134.5500   137.3500   2.0810     % 
LB close or above UB, fathomed
6977   279    46         134.5500   137.3500   2.0810     % 
LB close or above UB, fathomed
6978   278    44         134.5500   137.3500   2.0810     % 
LB close or above UB, fathomed
6979   277    43         134.5500   137.3500   2.0810     % 
LB close or above UB, fathomed
6980   276    42         134.5500   137.3500   2.0810     % 
UB: 137.35
branching on 2 with b.
6981   277    43         134.5500   137.3500   2.0810     % 
UB: 137.35
branching on 3 with b.
6982   278    44         134.5500   137.3500   2.0810     % 
UB: 137.35
branching on 1 with b.
6983   278    45         134.5500   137.3500   2.0810     % 
UB: 137.35
branching on 2 with b.
6984   279    46         134.5500   137.3500   2.0810     % 
UB: 137.35
branching on 3 with b.
6985   280    47         134.5500   137.3500   2.0810     % 
LB close or above UB, fathomed
6986   279    47         134.5500   137.3500   2.0810     % 
LB close or above UB, fathomed
6987   278    46         134.5500   137.3500   2.0810     % 
LB close or above UB, fathomed
6988   277    44         134.5500   137.3500   2.0810     % 
LB close or above UB, fathomed
6989   276    43         134.5500   137.3500   2.0810     % 
LB close or above UB, fathomed
6990   275    42         134.5500   137.3500   2.0810     % 
UB: 137.35
branching on 2 with b.
6991   276    43         134.5500   137.3500   2.0810     % 
UB: 137.35
branching on 3 with b.
6992   277    44         134.5500   137.3500   2.0810     % 
UB: 137.35
branching on 1 with b.
6993   277    45         134.5500   137.3500   2.0810     % 
UB: 137.35
branching on 2 with b.
6994   278    46         134.5500   137.3500   2.0810     % 
UB: 137.35
branching on 3 with b.
6995   279    47         134.5500   137.3500   2.0810     % 
LB close or above UB, fathomed
6996   278    47         134.5500   137.3500   2.0810     % 
LB close or above UB, fathomed
6997   277    46         134.5500   137.3500   2.0810     % 
LB close or above UB, fathomed
6998   276    44         134.5500   137.3500   2.0810     % 
LB close or above UB, fathomed
6999   275    43         134.5500   137.3500   2.0810     % 
LB close or above UB, fathomed
7000   274    42         134.5500   137.3500   2.0810     % 
UB: 137.35
branching on 2 with b.
7001   275    43         134.5500   137.3500   2.0810     % 
UB: 137.35
branching on 3 with b.
7002   276    44         134.5500   137.3500   2.0810     % 
UB: 137.35
branching on 1 with b.
7003   276    45         134.5500   137.3500   2.0810     % 
UB: 137.35
branching on 2 with b.
7004   277    46         134.5500   137.3500   2.0810     % 
UB: 137.35
branching on 3 with b.
7005   278    47         134.5500   137.3500   2.0810     % 
LB close or above UB, fathomed
7006   277    47         134.5500   137.3500   2.0810     % 
LB close or above UB, fathomed
7007   276    46         134.5500   137.3500   2.0810     % 
LB close or above UB, fathomed
7008   275    44         134.5500   137.3500   2.0810     % 
LB close or above UB, fathomed
7009   274    43         134.5500   137.3500   2.0810     % 
LB close or above UB, fathomed
7010   273    23         134.5500   137.3500   2.0810     % 
LB close or above UB, fathomed
7011   272    23         134.5500   137.3500   2.0810     % 
LB close or above UB, fathomed
7012   271    42         134.5500   137.3500   2.0810     % 
LB close or above UB, fathomed
7013   270    42         134.5500   137.3500   2.0810     % 
LB close or above UB, fathomed
7014   269    42         134.5500   137.3500   2.0810     % 
UB: 137.35
branching on 2 with b.
7015   270    43         134.5500   137.3500   2.0810     % 
UB: 137.35
branching on 3 with b.
7016   271    44         134.5500   137.3500   2.0810     % 
UB: 137.35
branching on 1 with b.
7017   271    45         134.5500   137.3500   2.0810     % 
UB: 137.35
branching on 2 with b.
7018   271    46         134.5500   137.3500   2.0810     % 
UB: 137.35
branching on 3 with b.
7019   272    47         134.5500   137.3500   2.0810     % 
LB close or above UB, fathomed
7020   271    47         134.5500   137.3500   2.0810     % 
LB close or above UB, fathomed
7021   270    44         134.5500   137.3500   2.0810     % 
LB close or above UB, fathomed
7022   269    43         134.5500   137.3500   2.0810     % 
UB: 137.35
branching on 3 with b.
7023   270    44         134.5500   137.3500   2.0810     % 
UB: 137.35
branching on 1 with b.
7024   270    45         134.5500   137.3500   2.0810     % 
UB: 137.35
branching on 2 with b.
7025   270    46         134.5500   137.3500   2.0810     % 
UB: 137.35
branching on 3 with b.
7026   271    47         134.5500   137.3500   2.0810     % 
LB close or above UB, fathomed
7027   270    47         134.5500   137.3500   2.0810     % 
LB close or above UB, fathomed
7028   269    44         134.5500   137.3500   2.0810     % 
LB close or above UB, fathomed
7029   268    42         134.5500   137.3500   2.0810     % 
UB: 137.35
branching on 2 with b.
7030   269    43         134.5500   137.3500   2.0810     % 
UB: 137.35
branching on 3 with b.
7031   270    44         134.5500   137.3500   2.0810     % 
UB: 137.35
branching on 1 with b.
7032   270    45         134.5500   137.3500   2.0810     % 
UB: 137.35
branching on 2 with b.
7033   271    46         134.5500   137.3500   2.0810     % 
UB: 137.35
branching on 3 with b.
7034   272    47         134.5500   137.3500   2.0810     % 
LB close or above UB, fathomed
7035   271    47         134.5500   137.3500   2.0810     % 
LB close or above UB, fathomed
7036   270    46         134.5500   137.3500   2.0810     % 
UB: 137.35
branching on 3 with b.
7037   271    47         134.5500   137.3500   2.0810     % 
LB close or above UB, fathomed
7038   270    47         134.5500   137.3500   2.0810     % 
LB close or above UB, fathomed
7039   269    44         134.5500   137.3500   2.0810     % 
LB close or above UB, fathomed
7040   268    43         134.5500   137.3500   2.0810     % 
UB: 137.35
branching on 3 with b.
7041   269    44         134.5500   137.3500   2.0810     % 
UB: 137.35
branching on 1 with b.
7042   269    45         134.5500   137.3500   2.0810     % 
UB: 137.35
branching on 2 with b.
7043   270    46         134.5500   137.3500   2.0810     % 
UB: 137.35
branching on 3 with b.
7044   271    47         134.5500   137.3500   2.0810     % 
LB close or above UB, fathomed
7045   270    47         134.5500   137.3500   2.0810     % 
LB close or above UB, fathomed
7046   269    46         134.5500   137.3500   2.0810     % 
UB: 137.35
branching on 3 with b.
7047   270    47         134.5500   137.3500   2.0810     % 
LB close or above UB, fathomed
7048   269    47         134.5500   137.3500   2.0810     % 
LB close or above UB, fathomed
7049   268    44         134.5500   137.3500   2.0810     % 
LB close or above UB, fathomed
7050   267    42         134.5500   137.3500   2.0810     % 
UB: 137.35
branching on 2 with b.
7051   268    43         134.5500   137.3500   2.0810     % 
UB: 137.35
branching on 3 with b.
7052   269    44         134.5500   137.3500   2.0810     % 
UB: 137.35
branching on 1 with b.
7053   269    45         134.5500   137.3500   2.0810     % 
UB: 137.35
branching on 2 with b.
7054   269    46         134.5500   137.3500   2.0810     % 
UB: 137.35
branching on 3 with b.
7055   270    47         134.5500   137.3500   2.0810     % 
LB close or above UB, fathomed
7056   269    47         134.5500   137.3500   2.0810     % 
LB close or above UB, fathomed
7057   268    44         134.5500   137.3500   2.0810     % 
LB close or above UB, fathomed
7058   267    43         134.5500   137.3500   2.0810     % 
UB: 137.35
branching on 3 with b.
7059   268    44         134.5500   137.3500   2.0810     % 
UB: 137.35
branching on 1 with b.
7060   268    45         134.5500   137.3500   2.0810     % 
UB: 137.35
branching on 2 with b.
7061   268    46         134.5500   137.3500   2.0810     % 
UB: 137.35
branching on 3 with b.
7062   269    47         134.5500   137.3500   2.0810     % 
LB close or above UB, fathomed
7063   268    47         134.5500   137.3500   2.0810     % 
LB close or above UB, fathomed
7064   267    44         134.5500   137.3500   2.0810     % 
LB close or above UB, fathomed
7065   266    42         134.5500   137.3500   2.0810     % 
UB: 137.35
branching on 2 with b.
7066   267    43         134.5500   137.3500   2.0810     % 
UB: 137.35
branching on 3 with b.
7067   268    44         134.5500   137.3500   2.0810     % 
UB: 137.35
branching on 1 with b.
7068   268    45         134.5500   137.3500   2.0810     % 
UB: 137.35
branching on 2 with b.
7069   269    46         134.5500   137.3500   2.0810     % 
UB: 137.35
branching on 3 with b.
7070   270    47         134.5500   137.3500   2.0810     % 
LB close or above UB, fathomed
7071   269    47         134.5500   137.3500   2.0810     % 
LB close or above UB, fathomed
7072   268    46         134.5500   137.3500   2.0810     % 
UB: 137.35
branching on 3 with b.
7073   269    47         134.5500   137.3500   2.0810     % 
LB close or above UB, fathomed
7074   268    47         134.5500   137.3500   2.0810     % 
LB close or above UB, fathomed
7075   267    44         134.5500   137.3500   2.0810     % 
LB close or above UB, fathomed
7076   266    43         134.5500   137.3500   2.0810     % 
UB: 137.35
branching on 3 with b.
7077   267    44         134.5500   137.3500   2.0810     % 
UB: 137.35
branching on 1 with b.
7078   267    45         134.5500   137.3500   2.0810     % 
UB: 137.35
branching on 2 with b.
7079   268    46         134.5500   137.3500   2.0810     % 
UB: 137.35
branching on 3 with b.
7080   269    47         134.5500   137.3500   2.0810     % 
LB close or above UB, fathomed
7081   268    47         134.5500   137.3500   2.0810     % 
LB close or above UB, fathomed
7082   267    46         134.5500   137.3500   2.0810     % 
UB: 137.35
branching on 3 with b.
7083   268    47         134.5500   137.3500   2.0810     % 
LB close or above UB, fathomed
7084   267    47         134.5500   137.3500   2.0810     % 
LB close or above UB, fathomed
7085   266    44         134.5500   137.3500   2.0810     % 
LB close or above UB, fathomed
7086   265    24         134.5500   137.3500   2.0810     % 
LB close or above UB, fathomed
7087   264    24         134.5500   137.3500   2.0810     % 
LB close or above UB, fathomed
7088   263    23         134.5500   137.3500   2.0810     % 
UB: 137.35
branching on 3 with b.
7089   264    24         134.5500   137.3500   2.0810     % 
LB close or above UB, fathomed
7090   263    24         134.5500   137.3500   2.0810     % 
UB: 137.35
branching on CartesianIndex(2, 6) with c.
7091   264    25         134.5500   137.3500   2.0810     % 
LB close or above UB, fathomed
7092   263    25         134.5500   137.3500   2.0810     % 
UB: 137.35
branching on CartesianIndex(1, 7) with c.
7093   264    26         134.5500   137.3500   2.0810     % 
UB: 137.35
branching on CartesianIndex(2, 7) with c.
7094   265    27         134.5500   137.3500   2.0810     % 
UB: 137.35
branching on CartesianIndex(3, 7) with c.
7095   266    28         134.5500   137.3500   2.0810     % 
UB: 137.35
branching on CartesianIndex(4, 7) with c.
7096   267    29         134.5500   137.3500   2.0810     % 
UB: 137.35
branching on CartesianIndex(5, 7) with c.
7097   268    30         134.5500   137.3500   2.0810     % 
UB: 137.35
branching on 1 with b.
7098   269    31         134.5500   137.3500   2.0810     % 
LB close or above UB, fathomed
7099   268    31         134.5500   137.3500   2.0810     % 
LB close or above UB, fathomed
7100   267    30         134.5500   137.3500   2.0810     % 
LB close or above UB, fathomed
7101   266    29         134.5500   137.3500   2.0810     % 
LB close or above UB, fathomed
7102   265    28         134.5500   137.3500   2.0810     % 
LB close or above UB, fathomed
7103   264    27         134.5500   137.3500   2.0810     % 
LB close or above UB, fathomed
7104   263    26         134.5500   137.3500   2.0810     % 
LB close or above UB, fathomed
7105   262    23         134.5500   137.3500   2.0810     % 
LB close or above UB, fathomed
7106   261    25         134.5500   137.3500   2.0810     % 
LB close or above UB, fathomed
7107   260    25         134.5500   137.3500   2.0810     % 
UB: 137.35
branching on CartesianIndex(1, 4) with c.
7108   261    26         134.5500   137.3500   2.0810     % 
LB close or above UB, fathomed
7109   260    26         134.5500   137.3500   2.0810     % 
LB close or above UB, fathomed
7110   259    32         134.5500   137.3500   2.0810     % 
LB close or above UB, fathomed
7111   258    32         134.5500   137.3500   2.0810     % 
LB close or above UB, fathomed
7112   257    28         134.5500   137.3500   2.0810     % 
LB close or above UB, fathomed
7113   256    28         134.5500   137.3500   2.0810     % 
LB close or above UB, fathomed
7114   255    27         134.5500   137.3500   2.0810     % 
LB close or above UB, fathomed
7115   254    27         134.5500   137.3500   2.0810     % 
UB: 137.35
branching on CartesianIndex(1, 6) with c.
7116   255    28         134.5500   137.3500   2.0810     % 
UB: 137.35
branching on CartesianIndex(2, 6) with c.
7117   256    29         134.5500   137.3500   2.0810     % 
UB: 137.35
branching on CartesianIndex(3, 6) with c.
7118   257    30         134.5500   137.3500   2.0810     % 
UB: 137.35
branching on CartesianIndex(4, 6) with c.
7119   258    31         134.5500   137.3500   2.0810     % 
UB: 137.35
branching on CartesianIndex(5, 6) with c.
7120   259    32         134.5500   137.3500   2.0810     % 
UB: 137.35
branching on CartesianIndex(1, 7) with c.
7121   260    33         134.5500   137.3500   2.0810     % 
UB: 137.35
branching on CartesianIndex(2, 7) with c.
7122   261    34         134.5500   137.3500   2.0810     % 
LB close or above UB, fathomed
7123   260    34         134.5500   137.3500   2.0810     % 
UB: 137.35
branching on 1 with b.
7124   261    35         134.5500   137.3500   2.0810     % 
LB close or above UB, fathomed
7125   260    35         134.5500   137.3500   2.0810     % 
LB close or above UB, fathomed
7126   259    33         134.5500   137.3500   2.0810     % 
LB close or above UB, fathomed
7127   258    32         134.5500   137.3500   2.0810     % 
LB close or above UB, fathomed
7128   257    31         134.5500   137.3500   2.0810     % 
LB close or above UB, fathomed
7129   256    30         134.5500   137.3500   2.0810     % 
LB close or above UB, fathomed
7130   255    29         134.5500   137.3500   2.0810     % 
LB close or above UB, fathomed
7131   254    28         134.5500   137.3500   2.0810     % 
LB close or above UB, fathomed
7132   253    23         134.5500   137.3500   2.0810     % 
LB close or above UB, fathomed
7133   252    23         134.5500   137.3500   2.0810     % 
LB close or above UB, fathomed
7134   251    24         134.5500   137.3500   2.0810     % 
LB close or above UB, fathomed
7135   250    24         134.5500   137.3500   2.0810     % 
LB close or above UB, fathomed
7136   249    25         134.5500   137.3500   2.0810     % 
LB close or above UB, fathomed
7137   248    25         134.5500   137.3500   2.0810     % 
LB close or above UB, fathomed
7138   247    25         134.5500   137.3500   2.0810     % 
LB close or above UB, fathomed
7139   246    25         134.5500   137.3500   2.0810     % 
UB: 137.35
branching on CartesianIndex(1, 4) with c.
7140   247    26         134.5500   137.3500   2.0810     % 
LB close or above UB, fathomed
7141   246    26         134.5500   137.3500   2.0810     % 
LB close or above UB, fathomed
7142   245    26         134.5500   137.3500   2.0810     % 
UB: 137.35
branching on 3 with b.
7143   246    27         134.5500   137.3500   2.0810     % 
LB close or above UB, fathomed
7144   245    27         134.5500   137.3500   2.0810     % 
UB: 137.35
branching on CartesianIndex(2, 4) with c.
7145   246    28         134.5500   137.3500   2.0810     % 
LB close or above UB, fathomed
7146   245    28         134.5500   137.3500   2.0810     % 
LB close or above UB, fathomed
7147   244    26         134.5500   137.3500   2.0810     % 
LB close or above UB, fathomed
7148   243    33         134.5500   137.3500   2.0810     % 
UB: 137.35
branching on CartesianIndex(2, 7) with c.
7149   244    34         134.5500   137.3500   2.0810     % 
UB: 137.35
branching on CartesianIndex(3, 7) with c.
7150   245    35         134.5500   137.3500   2.0810     % 
UB: 137.35
branching on CartesianIndex(4, 7) with c.
7151   246    36         134.5500   137.3500   2.0810     % 
LB close or above UB, fathomed
7152   245    36         134.5500   137.3500   2.0810     % 
LB close or above UB, fathomed
7153   244    35         134.5500   137.3500   2.0810     % 
LB close or above UB, fathomed
7154   243    34         134.5500   137.3500   2.0810     % 
LB close or above UB, fathomed
7155   242    33         134.5500   137.3500   2.0810     % 
LB close or above UB, fathomed
7156   241    40         134.5500   137.3500   2.0810     % 
LB close or above UB, fathomed
7157   240    40         134.5500   137.3500   2.0810     % 
UB: 137.35
branching on 3 with b.
7158   241    41         134.5500   137.3500   2.0810     % 
UB: 137.35
branching on 1 with b.
7159   242    42         134.5500   137.3500   2.0810     % 
LB close or above UB, fathomed
7160   241    42         134.5500   137.3500   2.0810     % 
UB: 137.35
branching on 2 with b.
7161   242    43         134.5500   137.3500   2.0810     % 
LB close or above UB, fathomed
7162   241    43         134.5500   137.3500   2.0810     % 
UB: 137.35
branching on 3 with b.
7163   242    44         134.5500   137.3500   2.0810     % 
LB close or above UB, fathomed
7164   241    44         134.5500   137.3500   2.0810     % 
LB close or above UB, fathomed
7165   240    41         134.5500   137.3500   2.0810     % 
LB close or above UB, fathomed
7166   239    27         134.5500   137.3500   2.0810     % 
LB close or above UB, fathomed
7167   238    27         134.5500   137.3500   2.0810     % 
LB close or above UB, fathomed
7168   237    40         134.5500   137.3500   2.0810     % 
UB: 137.35
branching on 3 with b.
7169   238    41         134.5500   137.3500   2.0810     % 
LB close or above UB, fathomed
7170   237    41         134.5500   137.3500   2.0810     % 
LB close or above UB, fathomed
7171   236    40         134.5500   137.3500   2.0810     % 
LB close or above UB, fathomed
7172   235    42         134.5500   137.3500   2.0810     % 
LB close or above UB, fathomed
7173   234    42         134.5500   137.3500   2.0810     % 
LB close or above UB, fathomed
7174   233    27         134.5500   137.3500   2.0810     % 
UB: 137.35
branching on CartesianIndex(2, 5) with c.
7175   234    28         134.5500   137.3500   2.0810     % 
UB: 137.35
branching on CartesianIndex(3, 5) with c.
7176   235    29         134.5500   137.3500   2.0810     % 
UB: 137.35
branching on CartesianIndex(4, 5) with c.
7177   236    30         134.5500   137.3500   2.0810     % 
UB: 137.35
branching on 2 with b.
7178   237    31         134.5500   137.3500   2.0810     % 
UB: 137.35
branching on 3 with b.
7179   238    32         134.5500   137.3500   2.0810     % 
LB close or above UB, fathomed
7180   237    32         134.5500   137.3500   2.0810     % 
UB: 137.35
branching on CartesianIndex(5, 5) with c.
7181   238    33         134.5500   137.3500   2.0810     % 
UB: 137.35
branching on CartesianIndex(1, 6) with c.
7182   239    34         134.5500   137.3500   2.0810     % 
LB close or above UB, fathomed
7183   238    34         134.5500   137.3500   2.0810     % 
UB: 137.35
branching on 1 with b.
7184   239    35         134.5500   137.3500   2.0810     % 
LB close or above UB, fathomed
7185   238    35         134.5500   137.3500   2.0810     % 
UB: 137.35
branching on CartesianIndex(1, 7) with c.
7186   239    36         134.5500   137.3500   2.0810     % 
UB: 137.35
branching on CartesianIndex(2, 7) with c.
7187   240    37         134.5500   137.3500   2.0810     % 
LB close or above UB, fathomed
7188   239    37         134.5500   137.3500   2.0810     % 
UB: 137.35
branching on 2 with b.
7189   240    38         134.5500   137.3500   2.0810     % 
UB: 137.35
branching on 3 with b.
7190   241    39         134.5500   137.3500   2.0810     % 
UB: 137.35
branching on 1 with b.
7191   242    40         134.5500   137.3500   2.0810     % 
UB: 137.35
branching on 2 with b.
7192   243    41         134.5500   137.3500   2.0810     % 
LB close or above UB, fathomed
7193   242    41         134.5500   137.3500   2.0810     % 
UB: 137.35
branching on 3 with b.
7194   243    42         134.5500   137.3500   2.0810     % 
LB close or above UB, fathomed
7195   242    42         134.5500   137.3500   2.0810     % 
LB close or above UB, fathomed
7196   241    40         134.5500   137.3500   2.0810     % 
UB: 137.35
branching on 2 with b.
7197   242    41         134.5500   137.3500   2.0810     % 
LB close or above UB, fathomed
7198   241    41         134.5500   137.3500   2.0810     % 
UB: 137.35
branching on 3 with b.
7199   242    42         134.5500   137.3500   2.0810     % 
LB close or above UB, fathomed
7200   241    42         134.5500   137.3500   2.0810     % 
LB close or above UB, fathomed
7201   240    39         134.5500   137.3500   2.0810     % 
LB close or above UB, fathomed
7202   239    38         134.5500   137.3500   2.0810     % 
UB: 137.35
branching on 3 with b.
7203   240    39         134.5500   137.3500   2.0810     % 
UB: 137.35
branching on 1 with b.
7204   241    40         134.5500   137.3500   2.0810     % 
UB: 137.35
branching on 2 with b.
7205   242    41         134.5500   137.3500   2.0810     % 
UB: 137.35
branching on 3 with b.
7206   243    42         134.5500   137.3500   2.0810     % 
LB close or above UB, fathomed
7207   242    42         134.5500   137.3500   2.0810     % 
LB close or above UB, fathomed
7208   241    41         134.5500   137.3500   2.0810     % 
LB close or above UB, fathomed
7209   240    40         134.5500   137.3500   2.0810     % 
UB: 137.35
branching on 2 with b.
7210   241    41         134.5500   137.3500   2.0810     % 
UB: 137.35
branching on 3 with b.
7211   242    42         134.5500   137.3500   2.0810     % 
LB close or above UB, fathomed
7212   241    42         134.5500   137.3500   2.0810     % 
LB close or above UB, fathomed
7213   240    41         134.5500   137.3500   2.0810     % 
LB close or above UB, fathomed
7214   239    39         134.5500   137.3500   2.0810     % 
LB close or above UB, fathomed
7215   238    36         134.5500   137.3500   2.0810     % 
LB close or above UB, fathomed
7216   237    33         134.5500   137.3500   2.0810     % 
LB close or above UB, fathomed
7217   236    31         134.5500   137.3500   2.0810     % 
LB close or above UB, fathomed
7218   235    30         134.5500   137.3500   2.0810     % 
LB close or above UB, fathomed
7219   234    29         134.5500   137.3500   2.0810     % 
LB close or above UB, fathomed
7220   233    28         134.5500   137.3500   2.0810     % 
LB close or above UB, fathomed
7221   232    27         134.5500   137.3500   2.0810     % 
LB close or above UB, fathomed
7222   231    23         134.5500   137.3500   2.0810     % 
UB: 137.35
branching on CartesianIndex(4, 4) with c.
7223   232    24         134.5500   137.3500   2.0810     % 
LB close or above UB, fathomed
7224   231    24         134.5500   137.3500   2.0810     % 
LB close or above UB, fathomed
7225   230    23         134.5500   137.3500   2.0810     % 
LB close or above UB, fathomed
7226   229    25         134.5500   137.3500   2.0810     % 
LB close or above UB, fathomed
7227   228    25         134.5500   137.3500   2.0810     % 
LB close or above UB, fathomed
7228   227    32         134.5500   137.3500   2.0810     % 
LB close or above UB, fathomed
7229   226    32         134.5500   137.3500   2.0810     % 
LB close or above UB, fathomed
7230   225    29         134.5500   137.3500   2.0810     % 
UB: 137.35
branching on CartesianIndex(2, 5) with c.
7231   226    30         134.5500   137.3500   2.0810     % 
LB close or above UB, fathomed
7232   225    30         134.5500   137.3500   2.0810     % 
LB close or above UB, fathomed
7233   224    29         134.5500   137.3500   2.0810     % 
LB close or above UB, fathomed
7234   223    29         134.5500   137.3500   2.0810     % 
LB close or above UB, fathomed
7235   222    29         134.5500   137.3500   2.0810     % 
UB: 137.35
branching on CartesianIndex(1, 5) with c.
7236   223    30         134.5500   137.3500   2.0810     % 
LB close or above UB, fathomed
7237   222    30         134.5500   137.3500   2.0810     % 
UB: 137.35
branching on CartesianIndex(1, 6) with c.
7238   223    31         134.5500   137.3500   2.0810     % 
UB: 137.35
branching on CartesianIndex(2, 6) with c.
7239   224    32         134.5500   137.3500   2.0810     % 
LB close or above UB, fathomed
7240   223    32         134.5500   137.3500   2.0810     % 
UB: 137.35
branching on CartesianIndex(1, 7) with c.
7241   224    33         134.5500   137.3500   2.0810     % 
UB: 137.35
branching on CartesianIndex(2, 7) with c.
7242   225    34         134.5500   137.3500   2.0810     % 
UB: 137.35
branching on 2 with b.
7243   226    35         134.5500   137.3500   2.0810     % 
UB: 137.35
branching on CartesianIndex(3, 7) with c.
7244   227    36         134.5500   137.3500   2.0810     % 
UB: 137.35
branching on CartesianIndex(4, 7) with c.
7245   228    37         134.5500   137.3500   2.0810     % 
LB close or above UB, fathomed
7246   227    37         134.5500   137.3500   2.0810     % 
LB close or above UB, fathomed
7247   226    36         134.5500   137.3500   2.0810     % 
LB close or above UB, fathomed
7248   225    35         134.5500   137.3500   2.0810     % 
LB close or above UB, fathomed
7249   224    34         134.5500   137.3500   2.0810     % 
LB close or above UB, fathomed
7250   223    33         134.5500   137.3500   2.0810     % 
LB close or above UB, fathomed
7251   222    31         134.5500   137.3500   2.0810     % 
LB close or above UB, fathomed
7252   221    17         134.5500   137.3500   2.0810     % 
LB close or above UB, fathomed
7253   220    17         134.5500   137.3500   2.0810     % 
LB close or above UB, fathomed
7254   219    19         134.5500   137.3500   2.0810     % 
LB close or above UB, fathomed
7255   218    19         134.5500   137.3500   2.0810     % 
LB close or above UB, fathomed
7256   217    20         134.5500   137.3500   2.0810     % 
LB close or above UB, fathomed
7257   216    20         134.5500   137.3500   2.0810     % 
UB: 137.35
branching on CartesianIndex(1, 4) with c.
7258   217    21         134.5500   137.3500   2.0810     % 
LB close or above UB, fathomed
7259   216    21         134.5500   137.3500   2.0810     % 
LB close or above UB, fathomed
7260   215    27         134.5500   137.3500   2.0810     % 
UB: 137.35
branching on CartesianIndex(4, 3) with a.
7261   216    28         134.5500   137.3500   2.0810     % 
LB close or above UB, fathomed
7262   215    28         134.5500   137.3500   2.0810     % 
LB close or above UB, fathomed
7263   214    27         134.5500   137.3500   2.0810     % 
LB close or above UB, fathomed
7264   213    31         134.5500   137.3500   2.0810     % 
LB close or above UB, fathomed
7265   212    31         134.5500   137.3500   2.0810     % 
LB close or above UB, fathomed
7266   211    30         134.5500   137.3500   2.0810     % 
LB close or above UB, fathomed
7267   210    30         134.5500   137.3500   2.0810     % 
UB: 137.35
branching on CartesianIndex(1, 4) with c.
7268   211    31         134.5500   137.3500   2.0810     % 
LB close or above UB, fathomed
7269   210    31         134.5500   137.3500   2.0810     % 
UB: 137.35
branching on CartesianIndex(1, 5) with c.
7270   211    32         134.5500   137.3500   2.0810     % 
UB: 137.35
branching on CartesianIndex(2, 5) with c.
7271   212    33         134.5500   137.3500   2.0810     % 
LB close or above UB, fathomed
7272   211    33         134.5500   137.3500   2.0810     % 
LB close or above UB, fathomed
7273   210    32         134.5500   137.3500   2.0810     % 
LB close or above UB, fathomed
7274   209    24         134.5500   137.3500   2.0810     % 
UB: 137.35
branching on 2 with b.
7275   210    25         134.5500   137.3500   2.0810     % 
UB: 137.35
branching on CartesianIndex(1, 4) with c.
7276   211    26         134.5500   137.3500   2.0810     % 
UB: 137.35
branching on CartesianIndex(2, 4) with c.
7277   212    27         134.5500   137.3500   2.0810     % 
LB close or above UB, fathomed
7278   211    27         134.5500   137.3500   2.0810     % 
LB close or above UB, fathomed
7279   210    26         134.5500   137.3500   2.0810     % 
LB close or above UB, fathomed
7280   209    25         134.5500   137.3500   2.0810     % 
LB close or above UB, fathomed
7281   208    24         134.5500   137.3500   2.0810     % 
LB close or above UB, fathomed
7282   207    15         134.5500   137.3500   2.0810     % 
UB: 137.35
branching on 2 with b.
7283   208    16         134.5500   137.3500   2.0810     % 
UB: 137.35
branching on CartesianIndex(5, 2) with a.
7284   209    17         134.5500   137.3500   2.0810     % 
LB close or above UB, fathomed
7285   208    17         134.5500   137.3500   2.0810     % 
UB: 137.35
branching on 3 with b.
7286   209    18         134.5500   137.3500   2.0810     % 
UB: 137.35
branching on CartesianIndex(1, 3) with a.
7287   210    19         134.5500   137.3500   2.0810     % 
UB: 137.35
branching on CartesianIndex(2, 3) with a.
7288   211    20         134.5500   137.3500   2.0810     % 
UB: 137.35
branching on CartesianIndex(3, 3) with a.
7289   212    21         134.5500   137.3500   2.0810     % 
LB close or above UB, fathomed
7290   211    21         134.5500   137.3500   2.0810     % 
UB: 137.35
branching on 1 with b.
7291   212    22         134.5500   137.3500   2.0810     % 
LB close or above UB, fathomed
7292   211    22         134.5500   137.3500   2.0810     % 
LB close or above UB, fathomed
7293   210    20         134.5500   137.3500   2.0810     % 
LB close or above UB, fathomed
7294   209    19         134.5500   137.3500   2.0810     % 
LB close or above UB, fathomed
7295   208    18         134.5500   137.3500   2.0810     % 
LB close or above UB, fathomed
7296   207    16         134.5500   137.3500   2.0810     % 
LB close or above UB, fathomed
7297   206    15         134.5500   137.3500   2.0810     % 
LB close or above UB, fathomed
7298   205    32         134.5500   137.3500   2.0810     % 
LB close or above UB, fathomed
7299   204    32         134.5500   137.3500   2.0810     % 
LB close or above UB, fathomed
7300   203    22         134.5500   137.3500   2.0810     % 
UB: 137.35
branching on 1 with b.
7301   204    23         134.5500   137.3500   2.0810     % 
UB: 137.35
branching on CartesianIndex(2, 3) with a.
7302   205    24         134.5500   137.3500   2.0810     % 
UB: 137.35
branching on CartesianIndex(3, 3) with a.
7303   206    25         134.5500   137.3500   2.0810     % 
UB: 137.35
branching on CartesianIndex(4, 3) with a.
7304   207    26         134.5500   137.3500   2.0810     % 
UB: 137.35
branching on CartesianIndex(5, 3) with a.
7305   208    27         134.5500   137.3500   2.0810     % 
UB: 137.35
branching on CartesianIndex(6, 3) with a.
7306   209    28         134.5500   137.3500   2.0810     % 
LB close or above UB, fathomed
7307   208    28         134.5500   137.3500   2.0810     % 
LB close or above UB, fathomed
7308   207    27         134.5500   137.3500   2.0810     % 
LB close or above UB, fathomed
7309   206    26         134.5500   137.3500   2.0810     % 
LB close or above UB, fathomed
7310   205    25         134.5500   137.3500   2.0810     % 
LB close or above UB, fathomed
7311   204    24         134.5500   137.3500   2.0810     % 
LB close or above UB, fathomed
7312   203    23         134.5500   137.3500   2.0810     % 
LB close or above UB, fathomed
7313   202    22         134.5500   137.3500   2.0810     % 
LB close or above UB, fathomed
7314   201    22         134.5500   137.3500   2.0810     % 
LB close or above UB, fathomed
7315   200    22         134.5500   137.3500   2.0810     % 
LB close or above UB, fathomed
7316   199    24         134.5500   137.3500   2.0810     % 
UB: 137.35
branching on CartesianIndex(2, 4) with c.
7317   200    25         134.5500   137.3500   2.0810     % 
LB close or above UB, fathomed
7318   199    25         134.5500   137.3500   2.0810     % 
LB close or above UB, fathomed
7319   198    24         134.5500   137.3500   2.0810     % 
LB close or above UB, fathomed
7320   197    19         134.5500   137.3500   2.0810     % 
LB close or above UB, fathomed
7321   196    19         134.5500   137.3500   2.0810     % 
LB close or above UB, fathomed
7322   195    27         134.5500   137.3500   2.0810     % 
LB close or above UB, fathomed
7323   194    27         134.5500   137.3500   2.0810     % 
LB close or above UB, fathomed
7324   193    24         134.5500   137.3500   2.0810     % 
UB: 137.35
branching on CartesianIndex(2, 3) with a.
7325   194    25         134.5500   137.3500   2.0810     % 
UB: 137.35
branching on CartesianIndex(3, 3) with a.
7326   195    26         134.5500   137.3500   2.0810     % 
UB: 137.35
branching on CartesianIndex(4, 3) with a.
7327   196    27         134.5500   137.3500   2.0810     % 
LB close or above UB, fathomed
7328   195    27         134.5500   137.3500   2.0810     % 
LB close or above UB, fathomed
7329   194    26         134.5500   137.3500   2.0810     % 
LB close or above UB, fathomed
7330   193    25         134.5500   137.3500   2.0810     % 
LB close or above UB, fathomed
7331   192    24         134.5500   137.3500   2.0810     % 
UB: 137.35
branching on CartesianIndex(2, 3) with a.
7332   193    25         134.5500   137.3500   2.0810     % 
UB: 137.35
branching on CartesianIndex(3, 3) with a.
7333   194    26         134.5500   137.3500   2.0810     % 
UB: 137.35
branching on CartesianIndex(4, 3) with a.
7334   195    27         134.5500   137.3500   2.0810     % 
LB close or above UB, fathomed
7335   194    27         134.5500   137.3500   2.0810     % 
LB close or above UB, fathomed
7336   193    26         134.5500   137.3500   2.0810     % 
LB close or above UB, fathomed
7337   192    25         134.5500   137.3500   2.0810     % 
LB close or above UB, fathomed
7338   191    29         134.5500   137.3500   2.0810     % 
UB: 137.35
branching on CartesianIndex(6, 3) with a.
7339   192    30         134.5500   137.3500   2.0810     % 
UB: 137.35
branching on CartesianIndex(7, 3) with a.
7340   193    31         134.5500   137.3500   2.0810     % 
UB: 137.35
branching on CartesianIndex(8, 3) with a.
7341   194    32         134.5500   137.3500   2.0810     % 
LB close or above UB, fathomed
7342   193    32         134.5500   137.3500   2.0810     % 
UB: 137.35
branching on CartesianIndex(1, 4) with c.
7343   194    33         134.5500   137.3500   2.0810     % 
LB close or above UB, fathomed
7344   193    33         134.5500   137.3500   2.0810     % 
LB close or above UB, fathomed
7345   192    31         134.5500   137.3500   2.0810     % 
LB close or above UB, fathomed
7346   191    30         134.5500   137.3500   2.0810     % 
LB close or above UB, fathomed
7347   190    29         134.5500   137.3500   2.0810     % 
LB close or above UB, fathomed
7348   189    26         134.5500   137.3500   2.0810     % 
UB: 137.35
branching on CartesianIndex(3, 3) with a.
7349   190    27         134.5500   137.3500   2.0810     % 
UB: 137.35
branching on CartesianIndex(4, 3) with a.
7350   191    28         134.5500   137.3500   2.0810     % 
UB: 137.35
branching on CartesianIndex(5, 3) with a.
7351   192    29         134.5500   137.3500   2.0810     % 
UB: 137.35
branching on 2 with b.
7352   193    30         134.5500   137.3500   2.0810     % 
UB: 137.35
branching on CartesianIndex(6, 3) with a.
7353   194    31         134.5500   137.3500   2.0810     % 
UB: 137.35
branching on CartesianIndex(7, 3) with a.
7354   195    32         134.5500   137.3500   2.0810     % 
UB: 137.35
branching on CartesianIndex(8, 3) with a.
7355   196    33         134.5500   137.3500   2.0810     % 
LB close or above UB, fathomed
7356   195    33         134.5500   137.3500   2.0810     % 
UB: 137.35
branching on CartesianIndex(1, 4) with c.
7357   196    34         134.5500   137.3500   2.0810     % 
LB close or above UB, fathomed
7358   195    34         134.5500   137.3500   2.0810     % 
UB: 137.35
branching on CartesianIndex(1, 5) with c.
7359   196    35         134.5500   137.3500   2.0810     % 
UB: 137.35
branching on 3 with b.
7360   197    36         134.5500   137.3500   2.0810     % 
UB: 137.35
branching on CartesianIndex(2, 5) with c.
7361   198    37         134.5500   137.3500   2.0810     % 
LB close or above UB, fathomed
7362   197    37         134.5500   137.3500   2.0810     % 
LB close or above UB, fathomed
7363   196    36         134.5500   137.3500   2.0810     % 
LB close or above UB, fathomed
7364   195    35         134.5500   137.3500   2.0810     % 
LB close or above UB, fathomed
7365   194    32         134.5500   137.3500   2.0810     % 
LB close or above UB, fathomed
7366   193    31         134.5500   137.3500   2.0810     % 
LB close or above UB, fathomed
7367   192    30         134.5500   137.3500   2.0810     % 
LB close or above UB, fathomed
7368   191    29         134.5500   137.3500   2.0810     % 
LB close or above UB, fathomed
7369   190    28         134.5500   137.3500   2.0810     % 
LB close or above UB, fathomed
7370   189    27         134.5500   137.3500   2.0810     % 
LB close or above UB, fathomed
7371   188    26         134.5500   137.3500   2.0810     % 
LB close or above UB, fathomed
7372   187    26         134.5500   137.3500   2.0810     % 
UB: 137.35
branching on CartesianIndex(4, 3) with a.
7373   188    27         134.5500   137.3500   2.0810     % 
UB: 137.35
branching on CartesianIndex(5, 3) with a.
7374   189    28         134.5500   137.3500   2.0810     % 
UB: 137.35
branching on CartesianIndex(6, 3) with a.
7375   190    29         134.5500   137.3500   2.0810     % 
LB close or above UB, fathomed
7376   189    29         134.5500   137.3500   2.0810     % 
LB close or above UB, fathomed
7377   188    28         134.5500   137.3500   2.0810     % 
LB close or above UB, fathomed
7378   187    27         134.5500   137.3500   2.0810     % 
LB close or above UB, fathomed
7379   186    26         134.5500   137.3500   2.0810     % 
LB close or above UB, fathomed
7380   185    23         134.5500   137.3500   2.0810     % 
LB close or above UB, fathomed
7381   184    23         134.5500   137.3500   2.0810     % 
LB close or above UB, fathomed
7382   183    33         134.5500   137.3500   2.0810     % 
UB: 137.35
branching on CartesianIndex(2, 5) with c.
7383   184    34         134.5500   137.3500   2.0810     % 
UB: 137.35
branching on CartesianIndex(3, 5) with c.
7384   185    35         134.5500   137.3500   2.0810     % 
UB: 137.35
branching on CartesianIndex(4, 5) with c.
7385   186    36         134.5500   137.3500   2.0810     % 
UB: 137.35
branching on CartesianIndex(5, 5) with c.
7386   187    37         134.5500   137.3500   2.0810     % 
UB: 137.35
branching on CartesianIndex(1, 6) with c.
7387   188    38         134.5500   137.3500   2.0810     % 
UB: 137.35
branching on CartesianIndex(2, 6) with c.
7388   189    39         134.5500   137.3500   2.0810     % 
LB close or above UB, fathomed
7389   188    39         134.5500   137.3500   2.0810     % 
UB: 137.35
branching on CartesianIndex(1, 7) with c.
7390   189    40         134.5500   137.3500   2.0810     % 
LB close or above UB, fathomed
7391   188    40         134.5500   137.3500   2.0810     % 
UB: 137.35
branching on 2 with b.
7392   189    41         134.5500   137.3500   2.0810     % 
UB: 137.35
branching on 3 with b.
7393   190    42         134.5500   137.3500   2.0810     % 
UB: 137.35
branching on 1 with b.
7394   190    43         134.5500   137.3500   2.0810     % 
UB: 137.35
branching on 2 with b.
7395   191    44         134.5500   137.3500   2.0810     % 
LB close or above UB, fathomed
7396   190    44         134.5500   137.3500   2.0810     % 
UB: 137.35
branching on 3 with b.
7397   191    45         134.5500   137.3500   2.0810     % 
UB: 137.35
branching on 1 with b.
7398   191    46         134.5500   137.3500   2.0810     % 
UB: 137.35
branching on 2 with b.
7399   192    47         134.5500   137.3500   2.0810     % 
LB close or above UB, fathomed
7400   191    47         134.5500   137.3500   2.0810     % 
UB: 137.35
branching on 3 with b.
7401   192    48         134.5500   137.3500   2.0810     % 
LB close or above UB, fathomed
7402   191    48         134.5500   137.3500   2.0810     % 
LB close or above UB, fathomed
7403   190    45         134.5500   137.3500   2.0810     % 
LB close or above UB, fathomed
7404   189    42         134.5500   137.3500   2.0810     % 
LB close or above UB, fathomed
7405   188    41         134.5500   137.3500   2.0810     % 
UB: 137.35
branching on 3 with b.
7406   189    42         134.5500   137.3500   2.0810     % 
UB: 137.35
branching on 1 with b.
7407   189    43         134.5500   137.3500   2.0810     % 
UB: 137.35
branching on 2 with b.
7408   190    44         134.5500   137.3500   2.0810     % 
UB: 137.35
branching on 3 with b.
7409   191    45         134.5500   137.3500   2.0810     % 
UB: 137.35
branching on 1 with b.
7410   191    46         134.5500   137.3500   2.0810     % 
UB: 137.35
branching on 2 with b.
7411   191    47         134.5500   137.3500   2.0810     % 
UB: 137.35
branching on 3 with b.
7412   192    48         134.5500   137.3500   2.0810     % 
LB close or above UB, fathomed
7413   191    48         134.5500   137.3500   2.0810     % 
LB close or above UB, fathomed
7414   190    45         134.5500   137.3500   2.0810     % 
LB close or above UB, fathomed
7415   189    44         134.5500   137.3500   2.0810     % 
LB close or above UB, fathomed
7416   188    42         134.5500   137.3500   2.0810     % 
LB close or above UB, fathomed
7417   187    38         134.5500   137.3500   2.0810     % 
LB close or above UB, fathomed
7418   186    37         134.5500   137.3500   2.0810     % 
LB close or above UB, fathomed
7419   185    36         134.5500   137.3500   2.0810     % 
LB close or above UB, fathomed
7420   184    35         134.5500   137.3500   2.0810     % 
LB close or above UB, fathomed
7421   183    34         134.5500   137.3500   2.0810     % 
LB close or above UB, fathomed
7422   182    33         134.5500   137.3500   2.0810     % 
LB close or above UB, fathomed
7423   181    43         134.5500   137.3500   2.0810     % 
LB close or above UB, fathomed
7424   180    43         134.5500   137.3500   2.0810     % 
UB: 137.35
branching on 3 with b.
7425   181    44         134.5500   137.3500   2.0810     % 
UB: 137.35
branching on 1 with b.
7426   181    45         134.5500   137.3500   2.0810     % 
UB: 137.35
branching on 2 with b.
7427   182    46         134.5500   137.3500   2.0810     % 
LB close or above UB, fathomed
7428   181    46         134.5500   137.3500   2.0810     % 
UB: 137.35
branching on 3 with b.
7429   182    47         134.5500   137.3500   2.0810     % 
LB close or above UB, fathomed
7430   181    47         134.5500   137.3500   2.0810     % 
LB close or above UB, fathomed
7431   180    44         134.5500   137.3500   2.0810     % 
LB close or above UB, fathomed
7432   179    43         134.5500   137.3500   2.0810     % 
UB: 137.35
branching on 3 with b.
7433   180    44         134.5500   137.3500   2.0810     % 
UB: 137.35
branching on 1 with b.
7434   180    45         134.5500   137.3500   2.0810     % 
UB: 137.35
branching on 2 with b.
7435   181    46         134.5500   137.3500   2.0810     % 
UB: 137.35
branching on 3 with b.
7436   182    47         134.5500   137.3500   2.0810     % 
LB close or above UB, fathomed
7437   181    47         134.5500   137.3500   2.0810     % 
LB close or above UB, fathomed
7438   180    46         134.5500   137.3500   2.0810     % 
LB close or above UB, fathomed
7439   179    44         134.5500   137.3500   2.0810     % 
LB close or above UB, fathomed
7440   178    43         134.5500   137.3500   2.0810     % 
LB close or above UB, fathomed
7441   177    44         134.5500   137.3500   2.0810     % 
UB: 137.35
branching on 1 with b.
7442   178    45         134.5500   137.3500   2.0810     % 
LB close or above UB, fathomed
7443   177    45         134.5500   137.3500   2.0810     % 
LB close or above UB, fathomed
7444   176    44         134.5500   137.3500   2.0810     % 
LB close or above UB, fathomed
7445   175    25         134.5500   137.3500   2.0810     % 
UB: 137.35
branching on CartesianIndex(3, 3) with a.
7446   176    26         134.5500   137.3500   2.0810     % 
LB close or above UB, fathomed
7447   175    26         134.5500   137.3500   2.0810     % 
LB close or above UB, fathomed
7448   174    25         134.5500   137.3500   2.0810     % 
LB close or above UB, fathomed
7449   173    19         134.5500   137.3500   2.0810     % 
UB: 137.35
branching on CartesianIndex(6, 3) with a.
7450   174    20         134.5500   137.3500   2.0810     % 
LB close or above UB, fathomed
7451   173    20         134.5500   137.3500   2.0810     % 
LB close or above UB, fathomed
7452   172    19         134.5500   137.3500   2.0810     % 
LB close or above UB, fathomed
7453   171    20         134.5500   137.3500   2.0810     % 
LB close or above UB, fathomed
7454   170    20         134.5500   137.3500   2.0810     % 
LB close or above UB, fathomed
7455   169    35         134.5500   137.3500   2.0810     % 
UB: 137.35
branching on 3 with b.
7456   170    36         134.5500   137.3500   2.0810     % 
UB: 137.35
branching on 1 with b.
7457   171    37         134.5500   137.3500   2.0810     % 
LB close or above UB, fathomed
7458   170    37         134.5500   137.3500   2.0810     % 
LB close or above UB, fathomed
7459   169    36         134.5500   137.3500   2.0810     % 
LB close or above UB, fathomed
7460   168    35         134.5500   137.3500   2.0810     % 
LB close or above UB, fathomed
7461   167    21         134.5500   137.3500   2.0810     % 
UB: 137.35
branching on CartesianIndex(2, 3) with a.
7462   168    22         134.5500   137.3500   2.0810     % 
UB: 137.35
branching on CartesianIndex(3, 3) with a.
7463   169    23         134.5500   137.3500   2.0810     % 
UB: 137.35
branching on CartesianIndex(4, 3) with a.
7464   170    24         134.5500   137.3500   2.0810     % 
LB close or above UB, fathomed
7465   169    24         134.5500   137.3500   2.0810     % 
LB close or above UB, fathomed
7466   168    23         134.5500   137.3500   2.0810     % 
LB close or above UB, fathomed
7467   167    22         134.5500   137.3500   2.0810     % 
LB close or above UB, fathomed
7468   166    21         134.5500   137.3500   2.0810     % 
LB close or above UB, fathomed
7469   165    25         134.5500   137.3500   2.0810     % 
UB: 137.35
branching on CartesianIndex(5, 3) with a.
7470   166    26         134.5500   137.3500   2.0810     % 
UB: 137.35
branching on CartesianIndex(6, 3) with a.
7471   167    27         134.5500   137.3500   2.0810     % 
UB: 137.35
branching on CartesianIndex(7, 3) with a.
7472   168    28         134.5500   137.3500   2.0810     % 
UB: 137.35
branching on CartesianIndex(8, 3) with a.
7473   169    29         134.5500   137.3500   2.0810     % 
LB close or above UB, fathomed
7474   168    29         134.5500   137.3500   2.0810     % 
UB: 137.35
branching on CartesianIndex(1, 4) with c.
7475   169    30         134.5500   137.3500   2.0810     % 
LB close or above UB, fathomed
7476   168    30         134.5500   137.3500   2.0810     % 
LB close or above UB, fathomed
7477   167    28         134.5500   137.3500   2.0810     % 
LB close or above UB, fathomed
7478   166    27         134.5500   137.3500   2.0810     % 
LB close or above UB, fathomed
7479   165    26         134.5500   137.3500   2.0810     % 
LB close or above UB, fathomed
7480   164    25         134.5500   137.3500   2.0810     % 
LB close or above UB, fathomed
7481   163    33         134.5500   137.3500   2.0810     % 
LB close or above UB, fathomed
7482   162    33         134.5500   137.3500   2.0810     % 
LB close or above UB, fathomed
7483   161    22         134.5500   137.3500   2.0810     % 
UB: 137.35
branching on CartesianIndex(2, 3) with a.
7484   162    23         134.5500   137.3500   2.0810     % 
UB: 137.35
branching on CartesianIndex(3, 3) with a.
7485   163    24         134.5500   137.3500   2.0810     % 
UB: 137.35
branching on CartesianIndex(4, 3) with a.
7486   164    25         134.5500   137.3500   2.0810     % 
LB close or above UB, fathomed
7487   163    25         134.5500   137.3500   2.0810     % 
LB close or above UB, fathomed
7488   162    24         134.5500   137.3500   2.0810     % 
LB close or above UB, fathomed
7489   161    23         134.5500   137.3500   2.0810     % 
LB close or above UB, fathomed
7490   160    22         134.5500   137.3500   2.0810     % 
LB close or above UB, fathomed
7491   159    39         134.5500   137.3500   2.0810     % 
UB: 137.35
branching on CartesianIndex(2, 6) with c.
7492   160    40         134.5500   137.3500   2.0810     % 
LB close or above UB, fathomed
7493   159    40         134.5500   137.3500   2.0810     % 
UB: 137.35
branching on CartesianIndex(1, 7) with c.
7494   160    41         134.5500   137.3500   2.0810     % 
LB close or above UB, fathomed
7495   159    41         134.5500   137.3500   2.0810     % 
UB: 137.35
branching on 1 with b.
7496   160    42         134.5500   137.3500   2.0810     % 
UB: 137.35
branching on 2 with b.
7497   161    43         134.5500   137.3500   2.0810     % 
LB close or above UB, fathomed
7498   160    43         134.5500   137.3500   2.0810     % 
UB: 137.35
branching on 3 with b.
7499   161    44         134.5500   137.3500   2.0810     % 
UB: 137.35
branching on 1 with b.
7500   162    45         134.5500   137.3500   2.0810     % 
LB close or above UB, fathomed
7501   161    45         134.5500   137.3500   2.0810     % 
UB: 137.35
branching on 2 with b.
7502   162    46         134.5500   137.3500   2.0810     % 
LB close or above UB, fathomed
7503   161    46         134.5500   137.3500   2.0810     % 
UB: 137.35
branching on 3 with b.
7504   162    47         134.5500   137.3500   2.0810     % 
LB close or above UB, fathomed
7505   161    47         134.5500   137.3500   2.0810     % 
LB close or above UB, fathomed
7506   160    44         134.5500   137.3500   2.0810     % 
LB close or above UB, fathomed
7507   159    42         134.5500   137.3500   2.0810     % 
UB: 137.35
branching on 2 with b.
7508   160    43         134.5500   137.3500   2.0810     % 
LB close or above UB, fathomed
7509   159    43         134.5500   137.3500   2.0810     % 
UB: 137.35
branching on 3 with b.
7510   160    44         134.5500   137.3500   2.0810     % 
UB: 137.35
branching on 1 with b.
7511   160    45         134.5500   137.3500   2.0810     % 
UB: 137.35
branching on 2 with b.
7512   161    46         134.5500   137.3500   2.0810     % 
LB close or above UB, fathomed
7513   160    46         134.5500   137.3500   2.0810     % 
UB: 137.35
branching on 3 with b.
7514   161    47         134.5500   137.3500   2.0810     % 
LB close or above UB, fathomed
7515   160    47         134.5500   137.3500   2.0810     % 
LB close or above UB, fathomed
7516   159    44         134.5500   137.3500   2.0810     % 
LB close or above UB, fathomed
7517   158    39         134.5500   137.3500   2.0810     % 
LB close or above UB, fathomed
7518   157    27         134.5500   137.3500   2.0810     % 
LB close or above UB, fathomed
7519   156    27         134.5500   137.3500   2.0810     % 
UB: 137.35
branching on CartesianIndex(1, 5) with c.
7520   157    28         134.5500   137.3500   2.0810     % 
UB: 137.35
branching on CartesianIndex(2, 5) with c.
7521   158    29         134.5500   137.3500   2.0810     % 
LB close or above UB, fathomed
7522   157    29         134.5500   137.3500   2.0810     % 
LB close or above UB, fathomed
7523   156    28         134.5500   137.3500   2.0810     % 
LB close or above UB, fathomed
7524   155    31         134.5500   137.3500   2.0810     % 
UB: 137.35
branching on CartesianIndex(1, 5) with c.
7525   156    32         134.5500   137.3500   2.0810     % 
UB: 137.35
branching on CartesianIndex(2, 5) with c.
7526   157    33         134.5500   137.3500   2.0810     % 
UB: 137.35
branching on CartesianIndex(3, 5) with c.
7527   158    34         134.5500   137.3500   2.0810     % 
UB: 137.35
branching on CartesianIndex(4, 5) with c.
7528   159    35         134.5500   137.3500   2.0810     % 
UB: 137.35
branching on CartesianIndex(5, 5) with c.
7529   160    36         134.5500   137.3500   2.0810     % 
UB: 137.35
branching on CartesianIndex(1, 6) with c.
7530   161    37         134.5500   137.3500   2.0810     % 
LB close or above UB, fathomed
7531   160    37         134.5500   137.3500   2.0810     % 
UB: 137.35
branching on CartesianIndex(1, 7) with c.
7532   161    38         134.5500   137.3500   2.0810     % 
UB: 137.35
branching on CartesianIndex(2, 7) with c.
7533   162    39         134.5500   137.3500   2.0810     % 
LB close or above UB, fathomed
7534   161    39         134.5500   137.3500   2.0810     % 
UB: 137.35
branching on 1 with b.
7535   161    40         134.5500   137.3500   2.0810     % 
UB: 137.35
branching on 2 with b.
7536   162    41         134.5500   137.3500   2.0810     % 
UB: 137.35
branching on 3 with b.
7537   163    42         134.5500   137.3500   2.0810     % 
LB close or above UB, fathomed
7538   162    42         134.5500   137.3500   2.0810     % 
LB close or above UB, fathomed
7539   161    41         134.5500   137.3500   2.0810     % 
LB close or above UB, fathomed
7540   160    38         134.5500   137.3500   2.0810     % 
LB close or above UB, fathomed
7541   159    36         134.5500   137.3500   2.0810     % 
LB close or above UB, fathomed
7542   158    35         134.5500   137.3500   2.0810     % 
LB close or above UB, fathomed
7543   157    34         134.5500   137.3500   2.0810     % 
LB close or above UB, fathomed
7544   156    33         134.5500   137.3500   2.0810     % 
LB close or above UB, fathomed
7545   155    32         134.5500   137.3500   2.0810     % 
LB close or above UB, fathomed
7546   154    31         134.5500   137.3500   2.0810     % 
LB close or above UB, fathomed
7547   153    31         134.5500   137.3500   2.0810     % 
UB: 137.35
branching on CartesianIndex(4, 4) with c.
7548   154    32         134.5500   137.3500   2.0810     % 
LB close or above UB, fathomed
7549   153    32         134.5500   137.3500   2.0810     % 
LB close or above UB, fathomed
7550   152    31         134.5500   137.3500   2.0810     % 
LB close or above UB, fathomed
7551   151    20         134.5500   137.3500   2.0810     % 
UB: 137.35
branching on CartesianIndex(6, 3) with a.
7552   152    21         134.5500   137.3500   2.0810     % 
LB close or above UB, fathomed
7553   151    21         134.5500   137.3500   2.0810     % 
LB close or above UB, fathomed
7554   150    20         134.5500   137.3500   2.0810     % 
LB close or above UB, fathomed
7555   149    23         134.5500   137.3500   2.0810     % 
UB: 137.35
branching on CartesianIndex(6, 3) with a.
7556   150    24         134.5500   137.3500   2.0810     % 
LB close or above UB, fathomed
7557   149    24         134.5500   137.3500   2.0810     % 
LB close or above UB, fathomed
7558   148    23         134.5500   137.3500   2.0810     % 
LB close or above UB, fathomed
7559   147    25         134.5500   137.3500   2.0810     % 
UB: 137.35
branching on 3 with b.
7560   148    26         134.5500   137.3500   2.0810     % 
LB close or above UB, fathomed
7561   147    26         134.5500   137.3500   2.0810     % 
LB close or above UB, fathomed
7562   146    25         134.5500   137.3500   2.0810     % 
LB close or above UB, fathomed
7563   145    24         134.5500   137.3500   2.0810     % 
LB close or above UB, fathomed
7564   144    24         134.5500   137.3500   2.0810     % 
LB close or above UB, fathomed
7565   143    24         134.5500   137.3500   2.0810     % 
LB close or above UB, fathomed
7566   142    24         134.5500   137.3500   2.0810     % 
UB: 137.35
branching on CartesianIndex(3, 3) with a.
7567   143    25         134.5500   137.3500   2.0810     % 
LB close or above UB, fathomed
7568   142    25         134.5500   137.3500   2.0810     % 
LB close or above UB, fathomed
7569   141    20         134.5500   137.3500   2.0810     % 
LB close or above UB, fathomed
7570   140    20         134.5500   137.3500   2.0810     % 
LB close or above UB, fathomed
7571   139    18         134.5500   137.3500   2.0810     % 
UB: 137.35
branching on CartesianIndex(2, 4) with c.
7572   140    19         134.5500   137.3500   2.0810     % 
LB close or above UB, fathomed
7573   139    19         134.5500   137.3500   2.0810     % 
LB close or above UB, fathomed
7574   138    18         134.5500   137.3500   2.0810     % 
LB close or above UB, fathomed
7575   137    21         134.5500   137.3500   2.0810     % 
UB: 137.35
branching on CartesianIndex(2, 4) with c.
7576   138    22         134.5500   137.3500   2.0810     % 
LB close or above UB, fathomed
7577   137    22         134.5500   137.3500   2.0810     % 
LB close or above UB, fathomed
7578   136    21         134.5500   137.3500   2.0810     % 
LB close or above UB, fathomed
7579   135    23         134.5500   137.3500   2.0810     % 
UB: 137.35
branching on CartesianIndex(1, 4) with c.
7580   136    24         134.5500   137.3500   2.0810     % 
UB: 137.35
branching on 3 with b.
7581   137    25         134.5500   137.3500   2.0810     % 
UB: 137.35
branching on CartesianIndex(2, 4) with c.
7582   138    26         134.5500   137.3500   2.0810     % 
LB close or above UB, fathomed
7583   137    26         134.5500   137.3500   2.0810     % 
LB close or above UB, fathomed
7584   136    25         134.5500   137.3500   2.0810     % 
LB close or above UB, fathomed
7585   135    24         134.5500   137.3500   2.0810     % 
LB close or above UB, fathomed
7586   134    23         134.5500   137.3500   2.0810     % 
UB: 137.35
branching on CartesianIndex(1, 4) with c.
7587   135    24         134.5500   137.3500   2.0810     % 
UB: 137.35
branching on 3 with b.
7588   136    25         134.5500   137.3500   2.0810     % 
UB: 137.35
branching on CartesianIndex(2, 4) with c.
7589   137    26         134.5500   137.3500   2.0810     % 
LB close or above UB, fathomed
7590   136    26         134.5500   137.3500   2.0810     % 
LB close or above UB, fathomed
7591   135    25         134.5500   137.3500   2.0810     % 
LB close or above UB, fathomed
7592   134    24         134.5500   137.3500   2.0810     % 
LB close or above UB, fathomed
7593   133    28         134.5500   137.3500   2.0810     % 
UB: 137.35
branching on CartesianIndex(4, 4) with c.
7594   134    29         134.5500   137.3500   2.0810     % 
UB: 137.35
branching on CartesianIndex(5, 4) with c.
7595   135    30         134.5500   137.3500   2.0810     % 
LB close or above UB, fathomed
7596   134    30         134.5500   137.3500   2.0810     % 
LB close or above UB, fathomed
7597   133    29         134.5500   137.3500   2.0810     % 
LB close or above UB, fathomed
7598   132    28         134.5500   137.3500   2.0810     % 
LB close or above UB, fathomed
7599   131    21         134.5500   137.3500   2.0810     % 
UB: 137.35
branching on CartesianIndex(2, 3) with a.
7600   132    22         134.5500   137.3500   2.0810     % 
UB: 137.35
branching on 2 with b.
7601   133    23         134.5500   137.3500   2.0810     % 
UB: 137.35
branching on CartesianIndex(3, 3) with a.
7602   134    24         134.5500   137.3500   2.0810     % 
UB: 137.35
branching on CartesianIndex(4, 3) with a.
7603   135    25         134.5500   137.3500   2.0810     % 
LB close or above UB, fathomed
7604   134    25         134.5500   137.3500   2.0810     % 
LB close or above UB, fathomed
7605   133    24         134.5500   137.3500   2.0810     % 
LB close or above UB, fathomed
7606   132    23         134.5500   137.3500   2.0810     % 
LB close or above UB, fathomed
7607   131    22         134.5500   137.3500   2.0810     % 
LB close or above UB, fathomed
7608   130    21         134.5500   137.3500   2.0810     % 
LB close or above UB, fathomed
7609   129    28         134.5500   137.3500   2.0810     % 
LB close or above UB, fathomed
7610   128    28         134.5500   137.3500   2.0810     % 
LB close or above UB, fathomed
7611   127    28         134.5500   137.3500   2.0810     % 
LB close or above UB, fathomed
7612   126    28         134.5500   137.3500   2.0810     % 
LB close or above UB, fathomed
7613   125    27         134.5500   137.3500   2.0810     % 
LB close or above UB, fathomed
7614   124    27         134.5500   137.3500   2.0810     % 
LB close or above UB, fathomed
7615   123    22         134.5500   137.3500   2.0810     % 
UB: 137.35
branching on CartesianIndex(3, 5) with c.
7616   124    23         134.5500   137.3500   2.0810     % 
UB: 137.35
branching on 2 with b.
7617   125    24         134.5500   137.3500   2.0810     % 
LB close or above UB, fathomed
7618   124    24         134.5500   137.3500   2.0810     % 
UB: 137.35
branching on CartesianIndex(4, 5) with c.
7619   125    25         134.5500   137.3500   2.0810     % 
UB: 137.35
branching on CartesianIndex(5, 5) with c.
7620   126    26         134.5500   137.3500   2.0810     % 
UB: 137.35
branching on CartesianIndex(1, 6) with c.
7621   127    27         134.5500   137.3500   2.0810     % 
LB close or above UB, fathomed
7622   126    27         134.5500   137.3500   2.0810     % 
UB: 137.35
branching on CartesianIndex(1, 7) with c.
7623   127    28         134.5500   137.3500   2.0810     % 
UB: 137.35
branching on CartesianIndex(2, 7) with c.
7624   128    29         134.5500   137.3500   2.0810     % 
LB close or above UB, fathomed
7625   127    29         134.5500   137.3500   2.0810     % 
UB: 137.35
branching on 3 with b.
7626   128    30         134.5500   137.3500   2.0810     % 
LB close or above UB, fathomed
7627   127    30         134.5500   137.3500   2.0810     % 
UB: 137.35
branching on 1 with b.
7628   128    31         134.5500   137.3500   2.0810     % 
UB: 137.35
branching on 2 with b.
7629   129    32         134.5500   137.3500   2.0810     % 
LB close or above UB, fathomed
7630   128    32         134.5500   137.3500   2.0810     % 
UB: 137.35
branching on 3 with b.
7631   129    33         134.5500   137.3500   2.0810     % 
UB: 137.35
branching on 1 with b.
7632   130    34         134.5500   137.3500   2.0810     % 
UB: 137.35
branching on 2 with b.
7633   131    35         134.5500   137.3500   2.0810     % 
LB close or above UB, fathomed
7634   130    35         134.5500   137.3500   2.0810     % 
UB: 137.35
branching on 3 with b.
7635   131    36         134.5500   137.3500   2.0810     % 
LB close or above UB, fathomed
7636   130    36         134.5500   137.3500   2.0810     % 
LB close or above UB, fathomed
7637   129    34         134.5500   137.3500   2.0810     % 
UB: 137.35
branching on 2 with b.
7638   130    35         134.5500   137.3500   2.0810     % 
LB close or above UB, fathomed
7639   129    35         134.5500   137.3500   2.0810     % 
UB: 137.35
branching on 3 with b.
7640   130    36         134.5500   137.3500   2.0810     % 
LB close or above UB, fathomed
7641   129    36         134.5500   137.3500   2.0810     % 
LB close or above UB, fathomed
7642   128    33         134.5500   137.3500   2.0810     % 
LB close or above UB, fathomed
7643   127    31         134.5500   137.3500   2.0810     % 
UB: 137.35
branching on 2 with b.
7644   128    32         134.5500   137.3500   2.0810     % 
LB close or above UB, fathomed
7645   127    32         134.5500   137.3500   2.0810     % 
UB: 137.35
branching on 3 with b.
7646   128    33         134.5500   137.3500   2.0810     % 
UB: 137.35
branching on 1 with b.
7647   128    34         134.5500   137.3500   2.0810     % 
UB: 137.35
branching on 2 with b.
7648   129    35         134.5500   137.3500   2.0810     % 
LB close or above UB, fathomed
7649   128    35         134.5500   137.3500   2.0810     % 
UB: 137.35
branching on 3 with b.
7650   129    36         134.5500   137.3500   2.0810     % 
LB close or above UB, fathomed
7651   128    36         134.5500   137.3500   2.0810     % 
LB close or above UB, fathomed
7652   127    33         134.5500   137.3500   2.0810     % 
LB close or above UB, fathomed
7653   126    28         134.5500   137.3500   2.0810     % 
LB close or above UB, fathomed
7654   125    26         134.5500   137.3500   2.0810     % 
LB close or above UB, fathomed
7655   124    25         134.5500   137.3500   2.0810     % 
LB close or above UB, fathomed
7656   123    23         134.5500   137.3500   2.0810     % 
LB close or above UB, fathomed
7657   122    22         134.5500   137.3500   2.0810     % 
LB close or above UB, fathomed
7658   121    26         134.5500   137.3500   2.0810     % 
LB close or above UB, fathomed
7659   120    26         134.5500   137.3500   2.0810     % 
LB close or above UB, fathomed
7660   119    22         134.5500   137.3500   2.0810     % 
UB: 137.35
branching on CartesianIndex(2, 4) with c.
7661   120    23         134.5500   137.3500   2.0810     % 
LB close or above UB, fathomed
7662   119    23         134.5500   137.3500   2.0810     % 
LB close or above UB, fathomed
7663   118    22         134.5500   137.3500   2.0810     % 
LB close or above UB, fathomed
7664   117    22         134.5500   137.3500   2.0810     % 
UB: 137.35
branching on 3 with b.
7665   118    23         134.5500   137.3500   2.0810     % 
LB close or above UB, fathomed
7666   117    23         134.5500   137.3500   2.0810     % 
LB close or above UB, fathomed
7667   116    22         134.5500   137.3500   2.0810     % 
LB close or above UB, fathomed
7668   115    23         134.5500   137.3500   2.0810     % 
LB close or above UB, fathomed
7669   114    23         134.5500   137.3500   2.0810     % 
LB close or above UB, fathomed
7670   113    24         134.5500   137.3500   2.0810     % 
UB: 137.35
branching on CartesianIndex(6, 3) with a.
7671   114    25         134.5500   137.3500   2.0810     % 
LB close or above UB, fathomed
7672   113    25         134.5500   137.3500   2.0810     % 
LB close or above UB, fathomed
7673   112    24         134.5500   137.3500   2.0810     % 
LB close or above UB, fathomed
7674   111    27         134.5500   137.3500   2.0810     % 
LB close or above UB, fathomed
7675   110    27         134.5500   137.3500   2.0810     % 
LB close or above UB, fathomed
7676   109    17         134.5500   137.3500   2.0810     % 
LB close or above UB, fathomed
7677   108    17         134.5500   137.3500   2.0810     % 
LB close or above UB, fathomed
7678   107    21         134.5500   137.3500   2.0810     % 
LB close or above UB, fathomed
7679   106    21         134.5500   137.3500   2.0810     % 
LB close or above UB, fathomed
7680   105    20         134.5500   137.3500   2.0810     % 
LB close or above UB, fathomed
7681   104    20         134.5500   137.3500   2.0810     % 
LB close or above UB, fathomed
7682   103    16         134.5500   137.3500   2.0810     % 
LB close or above UB, fathomed
7683   102    16         134.5500   137.3500   2.0810     % 
LB close or above UB, fathomed
7684   101    45         134.5500   137.3500   2.0810     % 
UB: 137.35
branching on 1 with b.
7685   101    46         134.5500   137.3500   2.0810     % 
UB: 137.35
branching on 2 with b.
7686   102    47         134.5500   137.3500   2.0810     % 
LB close or above UB, fathomed
7687   101    47         134.5500   137.3500   2.0810     % 
UB: 137.35
branching on 3 with b.
7688   102    48         134.5500   137.3500   2.0810     % 
LB close or above UB, fathomed
7689   101    48         134.5500   137.3500   2.0810     % 
LB close or above UB, fathomed
7690   100    45         134.5500   137.3500   2.0810     % 
LB close or above UB, fathomed
7691   99     45         134.5500   137.3500   2.0810     % 
UB: 137.35
branching on 1 with b.
7692   100    46         134.5500   137.3500   2.0810     % 
LB close or above UB, fathomed
7693   99     46         134.5500   137.3500   2.0810     % 
LB close or above UB, fathomed
7694   98     45         134.5500   137.3500   2.0810     % 
LB close or above UB, fathomed
7695   97     27         134.5500   137.3500   2.0810     % 
LB close or above UB, fathomed
7696   96     27         134.5500   137.3500   2.0810     % 
LB close or above UB, fathomed
7697   95     24         134.5500   137.3500   2.0810     % 
LB close or above UB, fathomed
7698   94     24         134.5500   137.3500   2.0810     % 
LB close or above UB, fathomed
7699   93     27         134.5500   137.3500   2.0810     % 
LB close or above UB, fathomed
7700   92     27         134.5500   137.3500   2.0810     % 
LB close or above UB, fathomed
7701   91     33         134.5500   137.3500   2.0810     % 
UB: 137.35
branching on CartesianIndex(4, 5) with c.
7702   92     34         134.5500   137.3500   2.0810     % 
LB close or above UB, fathomed
7703   91     34         134.5500   137.3500   2.0810     % 
UB: 137.35
branching on CartesianIndex(1, 6) with c.
7704   92     35         134.5500   137.3500   2.0810     % 
LB close or above UB, fathomed
7705   91     35         134.5500   137.3500   2.0810     % 
LB close or above UB, fathomed
7706   90     33         134.5500   137.3500   2.0810     % 
LB close or above UB, fathomed
7707   89     24         134.5500   137.3500   2.0810     % 
LB close or above UB, fathomed
7708   88     24         134.5500   137.3500   2.0810     % 
LB close or above UB, fathomed
7709   87     25         134.5500   137.3500   2.0810     % 
LB close or above UB, fathomed
7710   86     25         134.5500   137.3500   2.0810     % 
LB close or above UB, fathomed
7711   85     30         134.5500   137.3500   2.0810     % 
LB close or above UB, fathomed
7712   84     30         134.5500   137.3500   2.0810     % 
LB close or above UB, fathomed
7713   83     30         134.5500   137.3500   2.0810     % 
UB: 137.35
branching on CartesianIndex(2, 4) with c.
7714   84     31         134.5500   137.3500   2.0810     % 
UB: 137.35
branching on CartesianIndex(3, 4) with c.
7715   85     32         134.5500   137.3500   2.0810     % 
UB: 137.35
branching on 1 with b.
7716   86     33         134.5500   137.3500   2.0810     % 
LB close or above UB, fathomed
7717   85     33         134.5500   137.3500   2.0810     % 
LB close or above UB, fathomed
7718   84     32         134.5500   137.3500   2.0810     % 
LB close or above UB, fathomed
7719   83     31         134.5500   137.3500   2.0810     % 
LB close or above UB, fathomed
7720   82     30         134.5500   137.3500   2.0810     % 
LB close or above UB, fathomed
7721   81     31         134.5500   137.3500   2.0810     % 
LB close or above UB, fathomed
7722   80     31         134.5500   137.3500   2.0810     % 
LB close or above UB, fathomed
7723   79     28         134.5500   137.3500   2.0810     % 
LB close or above UB, fathomed
7724   78     28         134.5500   137.3500   2.0810     % 
LB close or above UB, fathomed
7725   77     25         134.5500   137.3500   2.0810     % 
UB: 137.35
branching on CartesianIndex(2, 3) with a.
7726   78     26         134.5500   137.3500   2.0810     % 
UB: 137.35
branching on 2 with b.
7727   79     27         134.5500   137.3500   2.0810     % 
LB close or above UB, fathomed
7728   78     27         134.5500   137.3500   2.0810     % 
UB: 137.35
branching on CartesianIndex(3, 3) with a.
7729   79     28         134.5500   137.3500   2.0810     % 
LB close or above UB, fathomed
7730   78     28         134.5500   137.3500   2.0810     % 
LB close or above UB, fathomed
7731   77     26         134.5500   137.3500   2.0810     % 
LB close or above UB, fathomed
7732   76     25         134.5500   137.3500   2.0810     % 
LB close or above UB, fathomed
7733   75     24         134.5500   137.3500   2.0810     % 
LB close or above UB, fathomed
7734   74     24         134.5500   137.3500   2.0810     % 
LB close or above UB, fathomed
7735   73     27         134.5500   137.3500   2.0810     % 
LB close or above UB, fathomed
7736   72     27         134.5500   137.3500   2.0810     % 
LB close or above UB, fathomed
7737   71     31         134.5500   137.3500   2.0810     % 
UB: 137.35
branching on CartesianIndex(2, 5) with c.
7738   72     32         134.5500   137.3500   2.0810     % 
UB: 137.35
branching on CartesianIndex(3, 5) with c.
7739   73     33         134.5500   137.3500   2.0810     % 
UB: 137.35
branching on CartesianIndex(4, 5) with c.
7740   74     34         134.5500   137.3500   2.0810     % 
UB: 137.35
branching on CartesianIndex(5, 5) with c.
7741   75     35         134.5500   137.3500   2.0810     % 
UB: 137.35
branching on CartesianIndex(1, 6) with c.
7742   76     36         134.5500   137.3500   2.0810     % 
LB close or above UB, fathomed
7743   75     36         134.5500   137.3500   2.0810     % 
UB: 137.35
branching on CartesianIndex(1, 7) with c.
7744   76     37         134.5500   137.3500   2.0810     % 
UB: 137.35
branching on CartesianIndex(2, 7) with c.
7745   77     38         134.5500   137.3500   2.0810     % 
LB close or above UB, fathomed
7746   76     38         134.5500   137.3500   2.0810     % 
UB: 137.35
branching on 3 with b.
7747   77     39         134.5500   137.3500   2.0810     % 
UB: 137.35
branching on 1 with b.
7748   77     40         134.5500   137.3500   2.0810     % 
UB: 137.35
branching on 2 with b.
7749   78     41         134.5500   137.3500   2.0810     % 
LB close or above UB, fathomed
7750   77     41         134.5500   137.3500   2.0810     % 
UB: 137.35
branching on 3 with b.
7751   78     42         134.5500   137.3500   2.0810     % 
LB close or above UB, fathomed
7752   77     42         134.5500   137.3500   2.0810     % 
LB close or above UB, fathomed
7753   76     39         134.5500   137.3500   2.0810     % 
LB close or above UB, fathomed
7754   75     37         134.5500   137.3500   2.0810     % 
LB close or above UB, fathomed
7755   74     35         134.5500   137.3500   2.0810     % 
LB close or above UB, fathomed
7756   73     34         134.5500   137.3500   2.0810     % 
LB close or above UB, fathomed
7757   72     33         134.5500   137.3500   2.0810     % 
LB close or above UB, fathomed
7758   71     32         134.5500   137.3500   2.0810     % 
LB close or above UB, fathomed
7759   70     31         134.5500   137.3500   2.0810     % 
LB close or above UB, fathomed
7760   69     25         134.5500   137.3500   2.0810     % 
LB close or above UB, fathomed
7761   68     25         134.5500   137.3500   2.0810     % 
LB close or above UB, fathomed
7762   67     23         134.5500   137.3500   2.0810     % 
UB: 137.35
branching on 1 with b.
7763   68     24         134.5500   137.3500   2.0810     % 
LB close or above UB, fathomed
7764   67     24         134.5500   137.3500   2.0810     % 
LB close or above UB, fathomed
7765   66     23         134.5500   137.3500   2.0810     % 
LB close or above UB, fathomed
7766   65     17         134.5500   137.3500   2.0810     % 
LB close or above UB, fathomed
7767   64     17         134.5500   137.3500   2.0810     % 
LB close or above UB, fathomed
7768   63     33         134.5500   137.3500   2.0810     % 
UB: 137.35
branching on CartesianIndex(4, 5) with c.
7769   64     34         134.5500   137.3500   2.0810     % 
LB close or above UB, fathomed
7770   63     34         134.5500   137.3500   2.0810     % 
LB close or above UB, fathomed
7771   62     33         134.5500   137.3500   2.0810     % 
LB close or above UB, fathomed
7772   61     26         134.5500   137.3500   2.0810     % 
LB close or above UB, fathomed
7773   60     26         134.5500   137.3500   2.0810     % 
UB: 137.35
branching on CartesianIndex(1, 5) with c.
7774   61     27         134.5500   137.3500   2.0810     % 
UB: 137.35
branching on CartesianIndex(2, 5) with c.
7775   62     27         134.5500   137.3500   2.0810     % 
LB close or above UB, fathomed
7776   61     23         134.5500   137.3500   2.0810     % 
UB: 137.35
branching on CartesianIndex(1, 4) with c.
7777   62     24         134.5500   137.3500   2.0810     % 
UB: 137.35
branching on CartesianIndex(2, 4) with c.
7778   63     25         134.5500   137.3500   2.0810     % 
UB: 137.35
branching on CartesianIndex(3, 4) with c.
7779   64     26         134.5500   137.3500   2.0810     % 
UB: 137.35
branching on CartesianIndex(4, 4) with c.
7780   65     27         134.5500   137.3500   2.0810     % 
LB close or above UB, fathomed
7781   64     27         134.5500   137.3500   2.0810     % 
LB close or above UB, fathomed
7782   63     26         134.5500   137.3500   2.0810     % 
LB close or above UB, fathomed
7783   62     25         134.5500   137.3500   2.0810     % 
LB close or above UB, fathomed
7784   61     24         134.5500   137.3500   2.0810     % 
LB close or above UB, fathomed
7785   60     23         134.5500   137.3500   2.0810     % 
LB close or above UB, fathomed
7786   59     21         134.5500   137.3500   2.0810     % 
LB close or above UB, fathomed
7787   58     21         134.5500   137.3500   2.0810     % 
LB close or above UB, fathomed
7788   57     25         134.5500   137.3500   2.0810     % 
LB close or above UB, fathomed
7789   56     25         134.5500   137.3500   2.0810     % 
UB: 137.35
branching on 3 with b.
7790   57     26         134.5500   137.3500   2.0810     % 
UB: 137.35
branching on CartesianIndex(1, 5) with c.
7791   58     27         134.5500   137.3500   2.0810     % 
UB: 137.35
branching on CartesianIndex(2, 5) with c.
7792   59     28         134.5500   137.3500   2.0810     % 
LB close or above UB, fathomed
7793   58     28         134.5500   137.3500   2.0810     % 
LB close or above UB, fathomed
7794   57     27         134.5500   137.3500   2.0810     % 
LB close or above UB, fathomed
7795   56     26         134.5500   137.3500   2.0810     % 
LB close or above UB, fathomed
7796   55     20         134.5500   137.3500   2.0810     % 
UB: 137.35
branching on 2 with b.
7797   56     21         134.5500   137.3500   2.0810     % 
LB close or above UB, fathomed
7798   55     21         134.5500   137.3500   2.0810     % 
UB: 137.35
branching on 3 with b.
7799   56     22         134.5500   137.3500   2.0810     % 
LB close or above UB, fathomed
7800   55     22         134.5500   137.3500   2.0810     % 
LB close or above UB, fathomed
7801   54     20         134.5500   137.3500   2.0810     % 
LB close or above UB, fathomed
7802   53     19         134.5500   137.3500   2.0810     % 
LB close or above UB, fathomed
7803   52     19         134.5500   137.3500   2.0810     % 
LB close or above UB, fathomed
7804   51     17         134.5500   137.3500   2.0810     % 
UB: 137.35
branching on CartesianIndex(3, 3) with a.
7805   52     18         134.5500   137.3500   2.0810     % 
UB: 137.35
branching on CartesianIndex(4, 3) with a.
7806   53     19         134.5500   137.3500   2.0810     % 
UB: 137.35
branching on CartesianIndex(5, 3) with a.
7807   54     20         134.5500   137.3500   2.0810     % 
UB: 137.35
branching on CartesianIndex(6, 3) with a.
7808   55     21         134.5500   137.3500   2.0810     % 
UB: 137.35
branching on CartesianIndex(7, 3) with a.
7809   56     22         134.5500   137.3500   2.0810     % 
UB: 137.35
branching on CartesianIndex(8, 3) with a.
7810   57     23         134.5500   137.3500   2.0810     % 
LB close or above UB, fathomed
7811   56     23         134.5500   137.3500   2.0810     % 
UB: 137.35
branching on CartesianIndex(1, 4) with c.
7812   57     22         134.5500   137.3500   2.0810     % 
LB close or above UB, fathomed
7813   56     21         134.5500   137.3500   2.0810     % 
LB close or above UB, fathomed
7814   55     20         134.5500   137.3500   2.0810     % 
LB close or above UB, fathomed
7815   54     19         134.5500   137.3500   2.0810     % 
LB close or above UB, fathomed
7816   53     18         134.5500   137.3500   2.0810     % 
LB close or above UB, fathomed
7817   52     17         134.5500   137.3500   2.0810     % 
LB close or above UB, fathomed
7818   51     17         134.5500   137.3500   2.0810     % 
LB close or above UB, fathomed
7819   50     17         134.5500   137.3500   2.0810     % 
LB close or above UB, fathomed
7820   49     25         134.5500   137.3500   2.0810     % 
UB: 137.35
branching on CartesianIndex(3, 5) with c.
7821   50     26         134.5500   137.3500   2.0810     % 
UB: 137.35
branching on CartesianIndex(4, 5) with c.
7822   51     27         134.5500   137.3500   2.0810     % 
UB: 137.35
branching on CartesianIndex(5, 5) with c.
7823   52     28         134.5500   137.3500   2.0810     % 
UB: 137.35
branching on CartesianIndex(1, 6) with c.
7824   53     29         134.5500   137.3500   2.0810     % 
UB: 137.35
branching on CartesianIndex(2, 6) with c.
7825   54     30         134.5500   137.3500   2.0810     % 
LB close or above UB, fathomed
7826   53     30         134.5500   137.3500   2.0810     % 
UB: 137.35
branching on CartesianIndex(1, 7) with c.
7827   54     31         134.5500   137.3500   2.0810     % 
LB close or above UB, fathomed
7828   53     31         134.5500   137.3500   2.0810     % 
UB: 137.35
branching on 2 with b.
7829   54     32         134.5500   137.3500   2.0810     % 
LB close or above UB, fathomed
7830   53     32         134.5500   137.3500   2.0810     % 
UB: 137.35
branching on 3 with b.
7831   54     33         134.5500   137.3500   2.0810     % 
LB close or above UB, fathomed
7832   53     33         134.5500   137.3500   2.0810     % 
UB: 137.35
branching on 1 with b.
7833   54     34         134.5500   137.3500   2.0810     % 
LB close or above UB, fathomed
7834   53     34         134.5500   137.3500   2.0810     % 
UB: 137.35
branching on 2 with b.
7835   54     35         134.5500   137.3500   2.0810     % 
LB close or above UB, fathomed
7836   53     35         134.5500   137.3500   2.0810     % 
UB: 137.35
branching on 3 with b.
7837   54     36         134.5500   137.3500   2.0810     % 
UB: 137.35
branching on 1 with b.
7838   54     37         134.5500   137.3500   2.0810     % 
UB: 137.35
branching on 2 with b.
7839   55     38         134.5500   137.3500   2.0810     % 
LB close or above UB, fathomed
7840   54     38         134.5500   137.3500   2.0810     % 
UB: 137.35
branching on 3 with b.
7841   55     39         134.5500   137.3500   2.0810     % 
UB: 137.35
branching on 1 with b.
7842   55     40         134.5500   137.3500   2.0810     % 
UB: 137.35
branching on 2 with b.
7843   56     41         134.5500   137.3500   2.0810     % 
LB close or above UB, fathomed
7844   55     41         134.5500   137.3500   2.0810     % 
LB close or above UB, fathomed
7845   54     39         134.5500   137.3500   2.0810     % 
LB close or above UB, fathomed
7846   53     36         134.5500   137.3500   2.0810     % 
LB close or above UB, fathomed
7847   52     29         134.5500   137.3500   2.0810     % 
LB close or above UB, fathomed
7848   51     28         134.5500   137.3500   2.0810     % 
LB close or above UB, fathomed
7849   50     27         134.5500   137.3500   2.0810     % 
LB close or above UB, fathomed
7850   49     26         134.5500   137.3500   2.0810     % 
LB close or above UB, fathomed
7851   48     25         134.5500   137.3500   2.0810     % 
LB close or above UB, fathomed
7852   47     36         134.5500   137.3500   2.0810     % 
LB close or above UB, fathomed
7853   46     36         134.5500   137.3500   2.0810     % 
LB close or above UB, fathomed
7854   45     27         134.5500   137.3500   2.0810     % 
LB close or above UB, fathomed
7855   44     27         134.5500   137.3500   2.0810     % 
LB close or above UB, fathomed
7856   43     26         134.5500   137.3500   2.0810     % 
UB: 137.35
branching on CartesianIndex(2, 3) with a.
7857   44     27         134.5500   137.3500   2.0810     % 
UB: 137.35
branching on CartesianIndex(3, 3) with a.
7858   45     28         134.5500   137.3500   2.0810     % 
UB: 137.35
branching on CartesianIndex(4, 3) with a.
7859   46     29         134.5500   137.3500   2.0810     % 
LB close or above UB, fathomed
7860   45     29         134.5500   137.3500   2.0810     % 
LB close or above UB, fathomed
7861   44     28         134.5500   137.3500   2.0810     % 
LB close or above UB, fathomed
7862   43     27         134.5500   137.3500   2.0810     % 
LB close or above UB, fathomed
7863   42     26         134.5500   137.3500   2.0810     % 
LB close or above UB, fathomed
7864   41     25         134.5500   137.3500   2.0810     % 
UB: 137.35
branching on CartesianIndex(2, 4) with c.
7865   42     26         134.5500   137.3500   2.0810     % 
UB: 137.35
branching on CartesianIndex(3, 4) with c.
7866   43     27         134.5500   137.3500   2.0810     % 
UB: 137.35
branching on 3 with b.
7867   44     28         134.5500   137.3500   2.0810     % 
LB close or above UB, fathomed
7868   43     28         134.5500   137.3500   2.0810     % 
UB: 137.35
branching on CartesianIndex(4, 4) with c.
7869   44     29         134.5500   137.3500   2.0810     % 
UB: 137.35
branching on CartesianIndex(5, 4) with c.
7870   45     30         134.5500   137.3500   2.0810     % 
UB: 137.35
branching on CartesianIndex(1, 5) with c.
7871   46     31         134.5500   137.3500   2.0810     % 
UB: 137.35
branching on CartesianIndex(2, 5) with c.
7872   47     32         134.5500   137.3500   2.0810     % 
LB close or above UB, fathomed
7873   46     32         134.5500   137.3500   2.0810     % 
UB: 137.35
branching on 1 with b.
7874   47     33         134.5500   137.3500   2.0810     % 
UB: 137.35
branching on CartesianIndex(1, 6) with c.
7875   48     34         134.5500   137.3500   2.0810     % 
LB close or above UB, fathomed
7876   47     34         134.5500   137.3500   2.0810     % 
UB: 137.35
branching on CartesianIndex(1, 7) with c.
7877   48     35         134.5500   137.3500   2.0810     % 
UB: 137.35
branching on CartesianIndex(2, 7) with c.
7878   49     36         134.5500   137.3500   2.0810     % 
LB close or above UB, fathomed
7879   48     36         134.5500   137.3500   2.0810     % 
UB: 137.35
branching on 2 with b.
7880   49     37         134.5500   137.3500   2.0810     % 
UB: 137.35
branching on 3 with b.
7881   50     38         134.5500   137.3500   2.0810     % 
UB: 137.35
branching on 1 with b.
7882   51     39         134.5500   137.3500   2.0810     % 
UB: 137.35
branching on 2 with b.
7883   52     40         134.5500   137.3500   2.0810     % 
UB: 137.35
branching on 3 with b.
7884   53     41         134.5500   137.3500   2.0810     % 
LB close or above UB, fathomed
7885   52     41         134.5500   137.3500   2.0810     % 
LB close or above UB, fathomed
7886   51     40         134.5500   137.3500   2.0810     % 
LB close or above UB, fathomed
7887   50     39         134.5500   137.3500   2.0810     % 
LB close or above UB, fathomed
7888   49     38         134.5500   137.3500   2.0810     % 
LB close or above UB, fathomed
7889   48     37         134.5500   137.3500   2.0810     % 
LB close or above UB, fathomed
7890   47     35         134.5500   137.3500   2.0810     % 
LB close or above UB, fathomed
7891   46     33         134.5500   137.3500   2.0810     % 
LB close or above UB, fathomed
7892   45     31         134.5500   137.3500   2.0810     % 
LB close or above UB, fathomed
7893   44     30         134.5500   137.3500   2.0810     % 
LB close or above UB, fathomed
7894   43     29         134.5500   137.3500   2.0810     % 
LB close or above UB, fathomed
7895   42     27         134.5500   137.3500   2.0810     % 
LB close or above UB, fathomed
7896   41     26         134.5500   137.3500   2.0810     % 
LB close or above UB, fathomed
7897   40     25         134.5500   137.3500   2.0810     % 
LB close or above UB, fathomed
7898   39     25         134.5500   137.3500   2.0810     % 
UB: 137.35
branching on CartesianIndex(2, 4) with c.
7899   40     26         134.5500   137.3500   2.0810     % 
UB: 137.35
branching on 3 with b.
7900   41     27         134.5500   137.3500   2.0810     % 
LB close or above UB, fathomed
7901   40     27         134.5500   137.3500   2.0810     % 
UB: 137.35
branching on CartesianIndex(3, 4) with c.
7902   41     28         134.5500   137.3500   2.0810     % 
UB: 137.35
branching on CartesianIndex(4, 4) with c.
7903   42     29         134.5500   137.3500   2.0810     % 
UB: 137.35
branching on CartesianIndex(5, 4) with c.
7904   43     30         134.5500   137.3500   2.0810     % 
UB: 137.35
branching on CartesianIndex(1, 5) with c.
7905   44     31         134.5500   137.3500   2.0810     % 
UB: 137.35
branching on CartesianIndex(2, 5) with c.
7906   45     32         134.5500   137.3500   2.0810     % 
LB close or above UB, fathomed
7907   44     32         134.5500   137.3500   2.0810     % 
UB: 137.35
branching on CartesianIndex(1, 6) with c.
7908   45     33         134.5500   137.3500   2.0810     % 
LB close or above UB, fathomed
7909   44     33         134.5500   137.3500   2.0810     % 
UB: 137.35
branching on CartesianIndex(1, 7) with c.
7910   45     34         134.5500   137.3500   2.0810     % 
UB: 137.35
branching on CartesianIndex(2, 7) with c.
7911   46     35         134.5500   137.3500   2.0810     % 
LB close or above UB, fathomed
7912   45     35         134.5500   137.3500   2.0810     % 
UB: 137.35
branching on 1 with b.
7913   46     36         134.5500   137.3500   2.0810     % 
LB close or above UB, fathomed
7914   45     36         134.5500   137.3500   2.0810     % 
LB close or above UB, fathomed
7915   44     34         134.5500   137.3500   2.0810     % 
LB close or above UB, fathomed
7916   43     31         134.5500   137.3500   2.0810     % 
LB close or above UB, fathomed
7917   42     30         134.5500   137.3500   2.0810     % 
LB close or above UB, fathomed
7918   41     29         134.5500   137.3500   2.0810     % 
LB close or above UB, fathomed
7919   40     28         134.5500   137.3500   2.0810     % 
LB close or above UB, fathomed
7920   39     26         134.5500   137.3500   2.0810     % 
LB close or above UB, fathomed
7921   38     25         134.5500   137.3500   2.0810     % 
LB close or above UB, fathomed
7922   37     24         134.5500   137.3500   2.0810     % 
LB close or above UB, fathomed
7923   36     24         134.5500   137.3500   2.0810     % 
LB close or above UB, fathomed
7924   35     32         134.5500   137.3500   2.0810     % 
LB close or above UB, fathomed
7925   34     32         134.5500   137.3500   2.0810     % 
LB close or above UB, fathomed
7926   33     16         134.5500   137.3500   2.0810     % 
UB: 137.35
branching on CartesianIndex(2, 3) with a.
7927   34     17         134.5500   137.3500   2.0810     % 
UB: 137.35
branching on 1 with b.
7928   35     18         134.5500   137.3500   2.0810     % 
LB close or above UB, fathomed
7929   34     18         134.5500   137.3500   2.0810     % 
LB close or above UB, fathomed
7930   33     17         134.5500   137.3500   2.0810     % 
LB close or above UB, fathomed
7931   32     16         134.5500   137.3500   2.0810     % 
LB close or above UB, fathomed
7932   31     23         134.5500   137.3500   2.0810     % 
UB: 137.35
branching on 1 with b.
7933   32     24         134.5500   137.3500   2.0810     % 
LB close or above UB, fathomed
7934   31     24         134.5500   137.3500   2.0810     % 
LB close or above UB, fathomed
7935   30     23         134.5500   137.3500   2.0810     % 
LB close or above UB, fathomed
7936   29     24         134.5500   137.3500   2.0810     % 
UB: 137.35
branching on CartesianIndex(4, 2) with a.
7937   30     25         134.5500   137.3500   2.0810     % 
LB close or above UB, fathomed
7938   29     25         134.5500   137.3500   2.0810     % 
LB close or above UB, fathomed
7939   28     24         134.5500   137.3500   2.0810     % 
LB close or above UB, fathomed
7940   27     22         134.5500   137.3500   2.0810     % 
UB: 137.35
branching on CartesianIndex(2, 3) with a.
7941   28     23         134.5500   137.3500   2.0810     % 
UB: 137.35
branching on 1 with b.
7942   29     24         134.5500   137.3500   2.0810     % 
UB: 137.35
branching on CartesianIndex(3, 3) with a.
7943   30     25         134.5500   137.3500   2.0810     % 
UB: 137.35
branching on CartesianIndex(4, 3) with a.
7944   31     26         134.5500   137.3500   2.0810     % 
LB close or above UB, fathomed
7945   30     26         134.5500   137.3500   2.0810     % 
LB close or above UB, fathomed
7946   29     25         134.5500   137.3500   2.0810     % 
LB close or above UB, fathomed
7947   28     24         134.5500   137.3500   2.0810     % 
LB close or above UB, fathomed
7948   27     23         134.5500   137.3500   2.0810     % 
LB close or above UB, fathomed
7949   26     22         134.5500   137.3500   2.0810     % 
LB close or above UB, fathomed
7950   25     15         134.5500   137.3500   2.0810     % 
UB: 137.35
branching on 2 with b.
7951   26     16         134.5500   137.3500   2.0810     % 
LB close or above UB, fathomed
7952   25     16         134.5500   137.3500   2.0810     % 
LB close or above UB, fathomed
7953   24     15         134.5500   137.3500   2.0810     % 
LB close or above UB, fathomed
7954   23     19         134.5500   137.3500   2.0810     % 
LB close or above UB, fathomed
7955   22     19         134.5500   137.3500   2.0810     % 
LB close or above UB, fathomed
7956   21     20         134.5500   137.3500   2.0810     % 
UB: 137.35
branching on CartesianIndex(1, 3) with a.
7957   22     21         134.5500   137.3500   2.0810     % 
UB: 137.35
branching on CartesianIndex(2, 3) with a.
7958   23     22         134.5500   137.3500   2.0810     % 
UB: 137.35
branching on CartesianIndex(3, 3) with a.
7959   24     23         134.5500   137.3500   2.0810     % 
UB: 137.35
branching on CartesianIndex(4, 3) with a.
7960   25     24         134.5500   137.3500   2.0810     % 
UB: 137.35
branching on CartesianIndex(5, 3) with a.
7961   26     25         134.5500   137.3500   2.0810     % 
UB: 137.35
branching on CartesianIndex(6, 3) with a.
7962   27     26         134.5500   137.3500   2.0810     % 
UB: 137.35
branching on 1 with b.
7963   28     27         134.5500   137.3500   2.0810     % 
LB close or above UB, fathomed
7964   27     27         134.5500   137.3500   2.0810     % 
LB close or above UB, fathomed
7965   26     26         134.5500   137.3500   2.0810     % 
LB close or above UB, fathomed
7966   25     25         134.5500   137.3500   2.0810     % 
LB close or above UB, fathomed
7967   24     24         134.5500   137.3500   2.0810     % 
LB close or above UB, fathomed
7968   23     23         134.5500   137.3500   2.0810     % 
LB close or above UB, fathomed
7969   22     22         134.5500   137.3500   2.0810     % 
LB close or above UB, fathomed
7970   21     21         134.5500   137.3500   2.0810     % 
LB close or above UB, fathomed
7971   20     20         134.5500   137.3500   2.0810     % 
UB: 137.35
branching on CartesianIndex(1, 3) with a.
7972   21     21         134.5500   137.3500   2.0810     % 
UB: 137.35
branching on CartesianIndex(2, 3) with a.
7973   22     22         134.5500   137.3500   2.0810     % 
UB: 137.35
branching on CartesianIndex(3, 3) with a.
7974   23     23         134.5500   137.3500   2.0810     % 
LB close or above UB, fathomed
7975   22     23         134.5500   137.3500   2.0810     % 
LB close or above UB, fathomed
7976   21     22         134.5500   137.3500   2.0810     % 
LB close or above UB, fathomed
7977   20     21         134.5500   137.3500   2.0810     % 
LB close or above UB, fathomed
7978   19     12         134.5500   137.3500   2.0810     % 
UB: 137.35
branching on 2 with b.
7979   20     13         134.5500   137.3500   2.0810     % 
UB: 137.35
branching on 3 with b.
7980   21     14         134.5500   137.3500   2.0810     % 
UB: 137.35
branching on 1 with b.
7981   22     15         134.5500   137.3500   2.0810     % 
LB close or above UB, fathomed
7982   21     15         134.5500   137.3500   2.0810     % 
UB: 137.35
branching on CartesianIndex(2, 2) with a.
7983   22     16         134.5500   137.3500   2.0810     % 
UB: 137.35
branching on CartesianIndex(3, 2) with a.
7984   23     17         134.5500   137.3500   2.0810     % 
UB: 137.35
branching on CartesianIndex(4, 2) with a.
7985   24     18         134.5500   137.3500   2.0810     % 
UB: 137.35
branching on 2 with b.
7986   25     19         134.5500   137.3500   2.0810     % 
LB close or above UB, fathomed
7987   24     19         134.5500   137.3500   2.0810     % 
LB close or above UB, fathomed
7988   23     18         134.5500   137.3500   2.0810     % 
LB close or above UB, fathomed
7989   22     17         134.5500   137.3500   2.0810     % 
LB close or above UB, fathomed
7990   21     16         134.5500   137.3500   2.0810     % 
LB close or above UB, fathomed
7991   20     14         134.5500   137.3500   2.0810     % 
LB close or above UB, fathomed
7992   19     13         134.5500   137.3500   2.0810     % 
LB close or above UB, fathomed
7993   18     12         134.5500   137.3500   2.0810     % 
LB close or above UB, fathomed
7994   17     29         134.5500   137.3500   2.0810     % 
UB: 137.35
branching on CartesianIndex(1, 4) with c.
7995   18     30         134.5500   137.3500   2.0810     % 
LB close or above UB, fathomed
7996   17     30         134.5500   137.3500   2.0810     % 
LB close or above UB, fathomed
7997   16     29         134.5500   137.3500   2.0810     % 
UB: 137.35
branching on CartesianIndex(1, 4) with c.
7998   17     30         134.5500   137.3500   2.0810     % 
LB close or above UB, fathomed
7999   16     30         134.5500   137.3500   2.0810     % 
LB close or above UB, fathomed
8000   15     21         134.5500   137.3500   2.0810     % 
UB: 137.35
branching on CartesianIndex(2, 3) with a.
8001   16     22         134.5500   137.3500   2.0810     % 
UB: 137.35
branching on 3 with b.
8002   17     23         134.5500   137.3500   2.0810     % 
LB close or above UB, fathomed
8003   16     23         134.5500   137.3500   2.0810     % 
LB close or above UB, fathomed
8004   15     22         134.5500   137.3500   2.0810     % 
LB close or above UB, fathomed
8005   14     21         134.5500   137.3500   2.0810     % 
LB close or above UB, fathomed
8006   13     26         134.5500   137.3500   2.0810     % 
LB close or above UB, fathomed
8007   12     26         134.5500   137.3500   2.0810     % 
LB close or above UB, fathomed
8008   11     16         134.5500   137.3500   2.0810     % 
LB close or above UB, fathomed
8009   10     16         134.5500   137.3500   2.0810     % 
LB close or above UB, fathomed
8010   9      11         134.5500   137.3500   2.0810     % 
UB: 137.35
branching on CartesianIndex(2, 4) with c.
8011   10     12         134.5500   137.3500   2.0810     % 
LB close or above UB, fathomed
8012   9      12         134.5500   137.3500   2.0810     % 
LB close or above UB, fathomed
8013   8      11         134.5500   137.3500   2.0810     % 
LB close or above UB, fathomed
8014   7      28         134.5500   137.3500   2.0810     % 
LB close or above UB, fathomed
8015   6      28         134.5500   137.3500   2.0810     % 
LB close or above UB, fathomed
8016   5      41         134.5500   137.3500   2.0810     % 
LB close or above UB, fathomed
8017   4      41         134.5500   137.3500   2.0810     % 
UB: 137.35
branching on CartesianIndex(1, 7) with c.
8018   5      42         134.5500   137.3500   2.0810     % 
LB close or above UB, fathomed
8019   4      42         134.5500   137.3500   2.0810     % 
UB: 137.35
branching on 2 with b.
8020   5      43         134.5500   137.3500   2.0810     % 
LB close or above UB, fathomed
8021   4      43         134.5500   137.3500   2.0810     % 
UB: 137.35
branching on 3 with b.
8022   5      44         134.5500   137.3500   2.0810     % 
UB: 137.35
branching on 1 with b.
8023   5      45         134.5500   137.3500   2.0810     % 
UB: 137.35
branching on 2 with b.
8024   6      46         134.5500   137.3500   2.0810     % 
LB close or above UB, fathomed
8025   5      46         134.5500   137.3500   2.0810     % 
UB: 137.35
branching on 3 with b.
8026   6      47         134.5500   137.3500   2.0810     % 
LB close or above UB, fathomed
8027   5      47         134.5500   137.3500   2.0810     % 
LB close or above UB, fathomed
8028   4      44         134.5500   137.3500   2.0810     % 
LB close or above UB, fathomed
8029   3      24         134.5500   137.3500   2.0810     % 
LB close or above UB, fathomed
8030   2      24         134.5500   137.3500   2.0810     % 
LB close or above UB, fathomed
8031   1      22         134.6118   137.3500   2.0342     % 
LB close or above UB, fathomed
8032   0      22         134.6118   137.3500   2.0342     % 
LB close or above UB, fathomed
all node solved
solved nodes:  8033
8033                                                  1.3716e+02     1.3735e+02     0.1420  % 
9×3 Matrix{Float64}:
 0.0  0.0  0.0
 0.0  0.0  0.0
 1.0  0.0  0.0
 0.0  0.0  0.0
 0.0  0.0  0.0
 0.0  0.0  0.0
 0.0  0.0  1.0
 0.0  1.0  0.0
 0.0  0.0  0.0
3-element Vector{Float64}:
 0.5765358039490454
 0.1402996511027442
 0.26671318883228545
6×7 Matrix{Float64}:
 0.0  0.0  0.0  0.0  0.0  0.0  1.0
 0.0  0.0  0.0  1.0  0.0  1.0  0.0
 0.0  0.0  0.0  0.0  0.0  0.0  0.0
 0.0  0.0  0.0  0.0  0.0  0.0  0.0
 0.0  0.0  0.0  0.0  0.0  0.0  0.0
 0.0  0.0  0.0  0.0  1.0  0.0  0.0
3-element Vector{Float64}:
 1.0
 1.0
 1.0
9×3 Matrix{Float64}:
 0.0  0.0  0.0
 0.0  0.0  0.0
 1.0  0.0  0.0
 0.0  0.0  1.0
 0.0  0.0  0.0
 0.0  0.0  0.0
 0.0  0.0  0.0
 0.0  1.0  0.0
 0.0  0.0  0.0
3-element Vector{Float64}:
 0.7496181335349893
 0.125
 0.3330467266618793
6×7 Matrix{Float64}:
 0.0  0.0  0.0  0.0  0.0  1.0  0.0
 0.0  0.0  0.0  1.0  0.0  0.0  1.0
 0.0  0.0  0.0  0.0  0.0  0.0  0.0
 0.0  0.0  0.0  0.0  0.0  0.0  0.0
 0.0  0.0  0.0  0.0  0.0  0.0  0.0
 0.0  0.0  0.0  0.0  1.0  0.0  0.0
3-element Vector{Float64}:
 1.0
 1.0
 1.0
comparison (CRT and Glb)on prediction: Dict{Bool, Int64}(0 => 11, 1 => 43)
Dataname	 time	 objv	 lb	 gap	 train_w	 train_g	 test_w	 test_g
glass_465.glass	 1060.12	 137.35	 137.155	 0.0014	 64.744	 68.59	 57.407	 59.259
